-10    0.00823822
-9.999    0.00824046
-9.998    0.0082427
-9.997    0.00824495
-9.996    0.00824719
-9.995    0.00824944
-9.994    0.00825168
-9.993    0.00825393
-9.992    0.00825618
-9.991    0.00825842
-9.99    0.00826067
-9.989    0.00826293
-9.988    0.00826518
-9.987    0.00826743
-9.986    0.00826968
-9.985    0.00827194
-9.984    0.00827419
-9.983    0.00827645
-9.982    0.00827871
-9.981    0.00828096
-9.98    0.00828322
-9.979    0.00828548
-9.978    0.00828774
-9.977    0.00829001
-9.976    0.00829227
-9.975    0.00829453
-9.974    0.0082968
-9.973    0.00829906
-9.972    0.00830133
-9.971    0.0083036
-9.97    0.00830587
-9.969    0.00830814
-9.968    0.00831041
-9.967    0.00831268
-9.966    0.00831495
-9.965    0.00831722
-9.964    0.0083195
-9.963    0.00832177
-9.962    0.00832405
-9.961    0.00832633
-9.96    0.0083286
-9.959    0.00833088
-9.958    0.00833316
-9.957    0.00833545
-9.956    0.00833773
-9.955    0.00834001
-9.954    0.00834229
-9.953    0.00834458
-9.952    0.00834687
-9.951    0.00834915
-9.95    0.00835144
-9.949    0.00835373
-9.948    0.00835602
-9.947    0.00835831
-9.946    0.0083606
-9.945    0.00836289
-9.944    0.00836519
-9.943    0.00836748
-9.942    0.00836978
-9.941    0.00837208
-9.94    0.00837437
-9.939    0.00837667
-9.938    0.00837897
-9.937    0.00838127
-9.936    0.00838357
-9.935    0.00838588
-9.934    0.00838818
-9.933    0.00839048
-9.932    0.00839279
-9.931    0.0083951
-9.93    0.0083974
-9.929    0.00839971
-9.928    0.00840202
-9.927    0.00840433
-9.926    0.00840664
-9.925    0.00840895
-9.924    0.00841127
-9.923    0.00841358
-9.922    0.0084159
-9.921    0.00841821
-9.92    0.00842053
-9.919    0.00842285
-9.918    0.00842517
-9.917    0.00842749
-9.916    0.00842981
-9.915    0.00843213
-9.914    0.00843445
-9.913    0.00843678
-9.912    0.0084391
-9.911    0.00844143
-9.91    0.00844376
-9.909    0.00844609
-9.908    0.00844841
-9.907    0.00845074
-9.906    0.00845308
-9.905    0.00845541
-9.904    0.00845774
-9.903    0.00846007
-9.902    0.00846241
-9.901    0.00846475
-9.9    0.00846708
-9.899    0.00846942
-9.898    0.00847176
-9.897    0.0084741
-9.896    0.00847644
-9.895    0.00847878
-9.894    0.00848113
-9.893    0.00848347
-9.892    0.00848582
-9.891    0.00848816
-9.89    0.00849051
-9.889    0.00849286
-9.888    0.00849521
-9.887    0.00849756
-9.886    0.00849991
-9.885    0.00850226
-9.884    0.00850461
-9.883    0.00850697
-9.882    0.00850932
-9.881    0.00851168
-9.88    0.00851403
-9.879    0.00851639
-9.878    0.00851875
-9.877    0.00852111
-9.876    0.00852347
-9.875    0.00852584
-9.874    0.0085282
-9.873    0.00853056
-9.872    0.00853293
-9.871    0.00853529
-9.87    0.00853766
-9.869    0.00854003
-9.868    0.0085424
-9.867    0.00854477
-9.866    0.00854714
-9.865    0.00854951
-9.864    0.00855189
-9.863    0.00855426
-9.862    0.00855664
-9.861    0.00855901
-9.86    0.00856139
-9.859    0.00856377
-9.858    0.00856615
-9.857    0.00856853
-9.856    0.00857091
-9.855    0.00857329
-9.854    0.00857568
-9.853    0.00857806
-9.852    0.00858045
-9.851    0.00858283
-9.85    0.00858522
-9.849    0.00858761
-9.848    0.00859
-9.847    0.00859239
-9.846    0.00859478
-9.845    0.00859717
-9.844    0.00859957
-9.843    0.00860196
-9.842    0.00860436
-9.841    0.00860676
-9.84    0.00860915
-9.839    0.00861155
-9.838    0.00861395
-9.837    0.00861635
-9.836    0.00861876
-9.835    0.00862116
-9.834    0.00862356
-9.833    0.00862597
-9.832    0.00862838
-9.831    0.00863078
-9.83    0.00863319
-9.829    0.0086356
-9.828    0.00863801
-9.827    0.00864042
-9.826    0.00864284
-9.825    0.00864525
-9.824    0.00864766
-9.823    0.00865008
-9.822    0.0086525
-9.821    0.00865491
-9.82    0.00865733
-9.819    0.00865975
-9.818    0.00866217
-9.817    0.00866459
-9.816    0.00866702
-9.815    0.00866944
-9.814    0.00867187
-9.813    0.00867429
-9.812    0.00867672
-9.811    0.00867915
-9.81    0.00868158
-9.809    0.00868401
-9.808    0.00868644
-9.807    0.00868887
-9.806    0.00869131
-9.805    0.00869374
-9.804    0.00869618
-9.803    0.00869861
-9.802    0.00870105
-9.801    0.00870349
-9.8    0.00870593
-9.799    0.00870837
-9.798    0.00871081
-9.797    0.00871325
-9.796    0.0087157
-9.795    0.00871814
-9.794    0.00872059
-9.793    0.00872304
-9.792    0.00872548
-9.791    0.00872793
-9.79    0.00873038
-9.789    0.00873284
-9.788    0.00873529
-9.787    0.00873774
-9.786    0.0087402
-9.785    0.00874265
-9.784    0.00874511
-9.783    0.00874757
-9.782    0.00875003
-9.781    0.00875249
-9.78    0.00875495
-9.779    0.00875741
-9.778    0.00875987
-9.777    0.00876234
-9.776    0.0087648
-9.775    0.00876727
-9.774    0.00876974
-9.773    0.0087722
-9.772    0.00877467
-9.771    0.00877715
-9.77    0.00877962
-9.769    0.00878209
-9.768    0.00878456
-9.767    0.00878704
-9.766    0.00878952
-9.765    0.00879199
-9.764    0.00879447
-9.763    0.00879695
-9.762    0.00879943
-9.761    0.00880191
-9.76    0.00880439
-9.759    0.00880688
-9.758    0.00880936
-9.757    0.00881185
-9.756    0.00881434
-9.755    0.00881682
-9.754    0.00881931
-9.753    0.0088218
-9.752    0.00882429
-9.751    0.00882679
-9.75    0.00882928
-9.749    0.00883178
-9.748    0.00883427
-9.747    0.00883677
-9.746    0.00883927
-9.745    0.00884176
-9.744    0.00884426
-9.743    0.00884677
-9.742    0.00884927
-9.741    0.00885177
-9.74    0.00885428
-9.739    0.00885678
-9.738    0.00885929
-9.737    0.0088618
-9.736    0.0088643
-9.735    0.00886681
-9.734    0.00886933
-9.733    0.00887184
-9.732    0.00887435
-9.731    0.00887687
-9.73    0.00887938
-9.729    0.0088819
-9.728    0.00888441
-9.727    0.00888693
-9.726    0.00888945
-9.725    0.00889197
-9.724    0.0088945
-9.723    0.00889702
-9.722    0.00889954
-9.721    0.00890207
-9.72    0.0089046
-9.719    0.00890712
-9.718    0.00890965
-9.717    0.00891218
-9.716    0.00891471
-9.715    0.00891724
-9.714    0.00891978
-9.713    0.00892231
-9.712    0.00892485
-9.711    0.00892738
-9.71    0.00892992
-9.709    0.00893246
-9.708    0.008935
-9.707    0.00893754
-9.706    0.00894008
-9.705    0.00894263
-9.704    0.00894517
-9.703    0.00894772
-9.702    0.00895026
-9.701    0.00895281
-9.7    0.00895536
-9.699    0.00895791
-9.698    0.00896046
-9.697    0.00896301
-9.696    0.00896557
-9.695    0.00896812
-9.694    0.00897068
-9.693    0.00897323
-9.692    0.00897579
-9.691    0.00897835
-9.69    0.00898091
-9.689    0.00898347
-9.688    0.00898603
-9.687    0.0089886
-9.686    0.00899116
-9.685    0.00899373
-9.684    0.00899629
-9.683    0.00899886
-9.682    0.00900143
-9.681    0.009004
-9.68    0.00900657
-9.679    0.00900914
-9.678    0.00901172
-9.677    0.00901429
-9.676    0.00901687
-9.675    0.00901945
-9.674    0.00902202
-9.673    0.0090246
-9.672    0.00902718
-9.671    0.00902977
-9.67    0.00903235
-9.669    0.00903493
-9.668    0.00903752
-9.667    0.0090401
-9.666    0.00904269
-9.665    0.00904528
-9.664    0.00904787
-9.663    0.00905046
-9.662    0.00905305
-9.661    0.00905565
-9.66    0.00905824
-9.659    0.00906084
-9.658    0.00906343
-9.657    0.00906603
-9.656    0.00906863
-9.655    0.00907123
-9.654    0.00907383
-9.653    0.00907643
-9.652    0.00907904
-9.651    0.00908164
-9.65    0.00908425
-9.649    0.00908685
-9.648    0.00908946
-9.647    0.00909207
-9.646    0.00909468
-9.645    0.00909729
-9.644    0.00909991
-9.643    0.00910252
-9.642    0.00910513
-9.641    0.00910775
-9.64    0.00911037
-9.639    0.00911299
-9.638    0.00911561
-9.637    0.00911823
-9.636    0.00912085
-9.635    0.00912347
-9.634    0.0091261
-9.633    0.00912872
-9.632    0.00913135
-9.631    0.00913398
-9.63    0.00913661
-9.629    0.00913924
-9.628    0.00914187
-9.627    0.0091445
-9.626    0.00914713
-9.625    0.00914977
-9.624    0.00915241
-9.623    0.00915504
-9.622    0.00915768
-9.621    0.00916032
-9.62    0.00916296
-9.619    0.0091656
-9.618    0.00916825
-9.617    0.00917089
-9.616    0.00917354
-9.615    0.00917618
-9.614    0.00917883
-9.613    0.00918148
-9.612    0.00918413
-9.611    0.00918678
-9.61    0.00918943
-9.609    0.00919209
-9.608    0.00919474
-9.607    0.0091974
-9.606    0.00920006
-9.605    0.00920272
-9.604    0.00920538
-9.603    0.00920804
-9.602    0.0092107
-9.601    0.00921336
-9.6    0.00921603
-9.599    0.00921869
-9.598    0.00922136
-9.597    0.00922403
-9.596    0.0092267
-9.595    0.00922937
-9.594    0.00923204
-9.593    0.00923471
-9.592    0.00923739
-9.591    0.00924006
-9.59    0.00924274
-9.589    0.00924542
-9.588    0.00924809
-9.587    0.00925077
-9.586    0.00925346
-9.585    0.00925614
-9.584    0.00925882
-9.583    0.00926151
-9.582    0.00926419
-9.581    0.00926688
-9.58    0.00926957
-9.579    0.00927226
-9.578    0.00927495
-9.577    0.00927764
-9.576    0.00928034
-9.575    0.00928303
-9.574    0.00928573
-9.573    0.00928842
-9.572    0.00929112
-9.571    0.00929382
-9.57    0.00929652
-9.569    0.00929922
-9.568    0.00930193
-9.567    0.00930463
-9.566    0.00930734
-9.565    0.00931004
-9.564    0.00931275
-9.563    0.00931546
-9.562    0.00931817
-9.561    0.00932088
-9.56    0.0093236
-9.559    0.00932631
-9.558    0.00932902
-9.557    0.00933174
-9.556    0.00933446
-9.555    0.00933718
-9.554    0.0093399
-9.553    0.00934262
-9.552    0.00934534
-9.551    0.00934807
-9.55    0.00935079
-9.549    0.00935352
-9.548    0.00935625
-9.547    0.00935897
-9.546    0.0093617
-9.545    0.00936444
-9.544    0.00936717
-9.543    0.0093699
-9.542    0.00937264
-9.541    0.00937537
-9.54    0.00937811
-9.539    0.00938085
-9.538    0.00938359
-9.537    0.00938633
-9.536    0.00938907
-9.535    0.00939182
-9.534    0.00939456
-9.533    0.00939731
-9.532    0.00940005
-9.531    0.0094028
-9.53    0.00940555
-9.529    0.0094083
-9.528    0.00941106
-9.527    0.00941381
-9.526    0.00941657
-9.525    0.00941932
-9.524    0.00942208
-9.523    0.00942484
-9.522    0.0094276
-9.521    0.00943036
-9.52    0.00943312
-9.519    0.00943588
-9.518    0.00943865
-9.517    0.00944142
-9.516    0.00944418
-9.515    0.00944695
-9.514    0.00944972
-9.513    0.00945249
-9.512    0.00945526
-9.511    0.00945804
-9.51    0.00946081
-9.509    0.00946359
-9.508    0.00946637
-9.507    0.00946915
-9.506    0.00947193
-9.505    0.00947471
-9.504    0.00947749
-9.503    0.00948027
-9.502    0.00948306
-9.501    0.00948584
-9.5    0.00948863
-9.499    0.00949142
-9.498    0.00949421
-9.497    0.009497
-9.496    0.0094998
-9.495    0.00950259
-9.494    0.00950538
-9.493    0.00950818
-9.492    0.00951098
-9.491    0.00951378
-9.49    0.00951658
-9.489    0.00951938
-9.488    0.00952218
-9.487    0.00952499
-9.486    0.00952779
-9.485    0.0095306
-9.484    0.00953341
-9.483    0.00953622
-9.482    0.00953903
-9.481    0.00954184
-9.48    0.00954465
-9.479    0.00954747
-9.478    0.00955028
-9.477    0.0095531
-9.476    0.00955592
-9.475    0.00955874
-9.474    0.00956156
-9.473    0.00956438
-9.472    0.0095672
-9.471    0.00957003
-9.47    0.00957285
-9.469    0.00957568
-9.468    0.00957851
-9.467    0.00958134
-9.466    0.00958417
-9.465    0.009587
-9.464    0.00958984
-9.463    0.00959267
-9.462    0.00959551
-9.461    0.00959835
-9.46    0.00960118
-9.459    0.00960403
-9.458    0.00960687
-9.457    0.00960971
-9.456    0.00961255
-9.455    0.0096154
-9.454    0.00961825
-9.453    0.00962109
-9.452    0.00962394
-9.451    0.00962679
-9.45    0.00962965
-9.449    0.0096325
-9.448    0.00963535
-9.447    0.00963821
-9.446    0.00964107
-9.445    0.00964393
-9.444    0.00964679
-9.443    0.00964965
-9.442    0.00965251
-9.441    0.00965537
-9.44    0.00965824
-9.439    0.00966111
-9.438    0.00966397
-9.437    0.00966684
-9.436    0.00966971
-9.435    0.00967258
-9.434    0.00967546
-9.433    0.00967833
-9.432    0.00968121
-9.431    0.00968408
-9.43    0.00968696
-9.429    0.00968984
-9.428    0.00969272
-9.427    0.00969561
-9.426    0.00969849
-9.425    0.00970137
-9.424    0.00970426
-9.423    0.00970715
-9.422    0.00971004
-9.421    0.00971293
-9.42    0.00971582
-9.419    0.00971871
-9.418    0.00972161
-9.417    0.0097245
-9.416    0.0097274
-9.415    0.0097303
-9.414    0.0097332
-9.413    0.0097361
-9.412    0.009739
-9.411    0.0097419
-9.41    0.00974481
-9.409    0.00974772
-9.408    0.00975062
-9.407    0.00975353
-9.406    0.00975644
-9.405    0.00975935
-9.404    0.00976227
-9.403    0.00976518
-9.402    0.0097681
-9.401    0.00977102
-9.4    0.00977393
-9.399    0.00977685
-9.398    0.00977977
-9.397    0.0097827
-9.396    0.00978562
-9.395    0.00978855
-9.394    0.00979147
-9.393    0.0097944
-9.392    0.00979733
-9.391    0.00980026
-9.39    0.00980319
-9.389    0.00980613
-9.388    0.00980906
-9.387    0.009812
-9.386    0.00981494
-9.385    0.00981787
-9.384    0.00982081
-9.383    0.00982376
-9.382    0.0098267
-9.381    0.00982964
-9.38    0.00983259
-9.379    0.00983554
-9.378    0.00983848
-9.377    0.00984143
-9.376    0.00984439
-9.375    0.00984734
-9.374    0.00985029
-9.373    0.00985325
-9.372    0.0098562
-9.371    0.00985916
-9.37    0.00986212
-9.369    0.00986508
-9.368    0.00986804
-9.367    0.00987101
-9.366    0.00987397
-9.365    0.00987694
-9.364    0.00987991
-9.363    0.00988288
-9.362    0.00988585
-9.361    0.00988882
-9.36    0.00989179
-9.359    0.00989477
-9.358    0.00989774
-9.357    0.00990072
-9.356    0.0099037
-9.355    0.00990668
-9.354    0.00990966
-9.353    0.00991264
-9.352    0.00991563
-9.351    0.00991861
-9.35    0.0099216
-9.349    0.00992459
-9.348    0.00992758
-9.347    0.00993057
-9.346    0.00993356
-9.345    0.00993656
-9.344    0.00993955
-9.343    0.00994255
-9.342    0.00994555
-9.341    0.00994855
-9.34    0.00995155
-9.339    0.00995455
-9.338    0.00995755
-9.337    0.00996056
-9.336    0.00996357
-9.335    0.00996657
-9.334    0.00996958
-9.333    0.00997259
-9.332    0.00997561
-9.331    0.00997862
-9.33    0.00998164
-9.329    0.00998465
-9.328    0.00998767
-9.327    0.00999069
-9.326    0.00999371
-9.325    0.00999673
-9.324    0.00999976
-9.323    0.0100028
-9.322    0.0100058
-9.321    0.0100088
-9.32    0.0100119
-9.319    0.0100149
-9.318    0.0100179
-9.317    0.010021
-9.316    0.010024
-9.315    0.010027
-9.314    0.0100301
-9.313    0.0100331
-9.312    0.0100362
-9.311    0.0100392
-9.31    0.0100422
-9.309    0.0100453
-9.308    0.0100483
-9.307    0.0100514
-9.306    0.0100544
-9.305    0.0100575
-9.304    0.0100605
-9.303    0.0100636
-9.302    0.0100666
-9.301    0.0100697
-9.3    0.0100728
-9.299    0.0100758
-9.298    0.0100789
-9.297    0.0100819
-9.296    0.010085
-9.295    0.0100881
-9.294    0.0100911
-9.293    0.0100942
-9.292    0.0100973
-9.291    0.0101003
-9.29    0.0101034
-9.289    0.0101065
-9.288    0.0101096
-9.287    0.0101126
-9.286    0.0101157
-9.285    0.0101188
-9.284    0.0101219
-9.283    0.010125
-9.282    0.010128
-9.281    0.0101311
-9.28    0.0101342
-9.279    0.0101373
-9.278    0.0101404
-9.277    0.0101435
-9.276    0.0101466
-9.275    0.0101497
-9.274    0.0101528
-9.273    0.0101559
-9.272    0.010159
-9.271    0.0101621
-9.27    0.0101652
-9.269    0.0101683
-9.268    0.0101714
-9.267    0.0101745
-9.266    0.0101776
-9.265    0.0101807
-9.264    0.0101838
-9.263    0.0101869
-9.262    0.01019
-9.261    0.0101931
-9.26    0.0101963
-9.259    0.0101994
-9.258    0.0102025
-9.257    0.0102056
-9.256    0.0102087
-9.255    0.0102119
-9.254    0.010215
-9.253    0.0102181
-9.252    0.0102212
-9.251    0.0102244
-9.25    0.0102275
-9.249    0.0102306
-9.248    0.0102338
-9.247    0.0102369
-9.246    0.01024
-9.245    0.0102432
-9.244    0.0102463
-9.243    0.0102495
-9.242    0.0102526
-9.241    0.0102558
-9.24    0.0102589
-9.239    0.010262
-9.238    0.0102652
-9.237    0.0102683
-9.236    0.0102715
-9.235    0.0102747
-9.234    0.0102778
-9.233    0.010281
-9.232    0.0102841
-9.231    0.0102873
-9.23    0.0102904
-9.229    0.0102936
-9.228    0.0102968
-9.227    0.0102999
-9.226    0.0103031
-9.225    0.0103063
-9.224    0.0103094
-9.223    0.0103126
-9.222    0.0103158
-9.221    0.010319
-9.22    0.0103221
-9.219    0.0103253
-9.218    0.0103285
-9.217    0.0103317
-9.216    0.0103349
-9.215    0.010338
-9.214    0.0103412
-9.213    0.0103444
-9.212    0.0103476
-9.211    0.0103508
-9.21    0.010354
-9.209    0.0103572
-9.208    0.0103604
-9.207    0.0103636
-9.206    0.0103668
-9.205    0.01037
-9.204    0.0103732
-9.203    0.0103764
-9.202    0.0103796
-9.201    0.0103828
-9.2    0.010386
-9.199    0.0103892
-9.198    0.0103924
-9.197    0.0103956
-9.196    0.0103988
-9.195    0.010402
-9.194    0.0104052
-9.193    0.0104085
-9.192    0.0104117
-9.191    0.0104149
-9.19    0.0104181
-9.189    0.0104214
-9.188    0.0104246
-9.187    0.0104278
-9.186    0.010431
-9.185    0.0104343
-9.184    0.0104375
-9.183    0.0104407
-9.182    0.010444
-9.181    0.0104472
-9.18    0.0104504
-9.179    0.0104537
-9.178    0.0104569
-9.177    0.0104602
-9.176    0.0104634
-9.175    0.0104666
-9.174    0.0104699
-9.173    0.0104731
-9.172    0.0104764
-9.171    0.0104796
-9.17    0.0104829
-9.169    0.0104861
-9.168    0.0104894
-9.167    0.0104927
-9.166    0.0104959
-9.165    0.0104992
-9.164    0.0105024
-9.163    0.0105057
-9.162    0.010509
-9.161    0.0105122
-9.16    0.0105155
-9.159    0.0105188
-9.158    0.0105221
-9.157    0.0105253
-9.156    0.0105286
-9.155    0.0105319
-9.154    0.0105352
-9.153    0.0105384
-9.152    0.0105417
-9.151    0.010545
-9.15    0.0105483
-9.149    0.0105516
-9.148    0.0105549
-9.147    0.0105582
-9.146    0.0105614
-9.145    0.0105647
-9.144    0.010568
-9.143    0.0105713
-9.142    0.0105746
-9.141    0.0105779
-9.14    0.0105812
-9.139    0.0105845
-9.138    0.0105878
-9.137    0.0105911
-9.136    0.0105944
-9.135    0.0105977
-9.134    0.0106011
-9.133    0.0106044
-9.132    0.0106077
-9.131    0.010611
-9.13    0.0106143
-9.129    0.0106176
-9.128    0.010621
-9.127    0.0106243
-9.126    0.0106276
-9.125    0.0106309
-9.124    0.0106343
-9.123    0.0106376
-9.122    0.0106409
-9.121    0.0106442
-9.12    0.0106476
-9.119    0.0106509
-9.118    0.0106542
-9.117    0.0106576
-9.116    0.0106609
-9.115    0.0106643
-9.114    0.0106676
-9.113    0.0106709
-9.112    0.0106743
-9.111    0.0106776
-9.11    0.010681
-9.109    0.0106843
-9.108    0.0106877
-9.107    0.010691
-9.106    0.0106944
-9.105    0.0106978
-9.104    0.0107011
-9.103    0.0107045
-9.102    0.0107078
-9.101    0.0107112
-9.1    0.0107146
-9.099    0.0107179
-9.098    0.0107213
-9.097    0.0107247
-9.096    0.010728
-9.095    0.0107314
-9.094    0.0107348
-9.093    0.0107382
-9.092    0.0107416
-9.091    0.0107449
-9.09    0.0107483
-9.089    0.0107517
-9.088    0.0107551
-9.087    0.0107585
-9.086    0.0107619
-9.085    0.0107652
-9.084    0.0107686
-9.083    0.010772
-9.082    0.0107754
-9.081    0.0107788
-9.08    0.0107822
-9.079    0.0107856
-9.078    0.010789
-9.077    0.0107924
-9.076    0.0107958
-9.075    0.0107992
-9.074    0.0108026
-9.073    0.0108061
-9.072    0.0108095
-9.071    0.0108129
-9.07    0.0108163
-9.069    0.0108197
-9.068    0.0108231
-9.067    0.0108266
-9.066    0.01083
-9.065    0.0108334
-9.064    0.0108368
-9.063    0.0108403
-9.062    0.0108437
-9.061    0.0108471
-9.06    0.0108505
-9.059    0.010854
-9.058    0.0108574
-9.057    0.0108608
-9.056    0.0108643
-9.055    0.0108677
-9.054    0.0108712
-9.053    0.0108746
-9.052    0.0108781
-9.051    0.0108815
-9.05    0.010885
-9.049    0.0108884
-9.048    0.0108919
-9.047    0.0108953
-9.046    0.0108988
-9.045    0.0109022
-9.044    0.0109057
-9.043    0.0109091
-9.042    0.0109126
-9.041    0.0109161
-9.04    0.0109195
-9.039    0.010923
-9.038    0.0109265
-9.037    0.0109299
-9.036    0.0109334
-9.035    0.0109369
-9.034    0.0109404
-9.033    0.0109438
-9.032    0.0109473
-9.031    0.0109508
-9.03    0.0109543
-9.029    0.0109578
-9.028    0.0109613
-9.027    0.0109647
-9.026    0.0109682
-9.025    0.0109717
-9.024    0.0109752
-9.023    0.0109787
-9.022    0.0109822
-9.021    0.0109857
-9.02    0.0109892
-9.019    0.0109927
-9.018    0.0109962
-9.017    0.0109997
-9.016    0.0110032
-9.015    0.0110067
-9.014    0.0110102
-9.013    0.0110138
-9.012    0.0110173
-9.011    0.0110208
-9.01    0.0110243
-9.009    0.0110278
-9.008    0.0110313
-9.007    0.0110349
-9.006    0.0110384
-9.005    0.0110419
-9.004    0.0110455
-9.003    0.011049
-9.002    0.0110525
-9.001    0.011056
-9    0.0110596
-8.999    0.0110631
-8.998    0.0110667
-8.997    0.0110702
-8.996    0.0110737
-8.995    0.0110773
-8.994    0.0110808
-8.993    0.0110844
-8.992    0.0110879
-8.991    0.0110915
-8.99    0.011095
-8.989    0.0110986
-8.988    0.0111021
-8.987    0.0111057
-8.986    0.0111093
-8.985    0.0111128
-8.984    0.0111164
-8.983    0.0111199
-8.982    0.0111235
-8.981    0.0111271
-8.98    0.0111307
-8.979    0.0111342
-8.978    0.0111378
-8.977    0.0111414
-8.976    0.011145
-8.975    0.0111485
-8.974    0.0111521
-8.973    0.0111557
-8.972    0.0111593
-8.971    0.0111629
-8.97    0.0111665
-8.969    0.01117
-8.968    0.0111736
-8.967    0.0111772
-8.966    0.0111808
-8.965    0.0111844
-8.964    0.011188
-8.963    0.0111916
-8.962    0.0111952
-8.961    0.0111988
-8.96    0.0112024
-8.959    0.011206
-8.958    0.0112097
-8.957    0.0112133
-8.956    0.0112169
-8.955    0.0112205
-8.954    0.0112241
-8.953    0.0112277
-8.952    0.0112313
-8.951    0.011235
-8.95    0.0112386
-8.949    0.0112422
-8.948    0.0112458
-8.947    0.0112495
-8.946    0.0112531
-8.945    0.0112567
-8.944    0.0112604
-8.943    0.011264
-8.942    0.0112677
-8.941    0.0112713
-8.94    0.0112749
-8.939    0.0112786
-8.938    0.0112822
-8.937    0.0112859
-8.936    0.0112895
-8.935    0.0112932
-8.934    0.0112968
-8.933    0.0113005
-8.932    0.0113041
-8.931    0.0113078
-8.93    0.0113115
-8.929    0.0113151
-8.928    0.0113188
-8.927    0.0113225
-8.926    0.0113261
-8.925    0.0113298
-8.924    0.0113335
-8.923    0.0113371
-8.922    0.0113408
-8.921    0.0113445
-8.92    0.0113482
-8.919    0.0113519
-8.918    0.0113555
-8.917    0.0113592
-8.916    0.0113629
-8.915    0.0113666
-8.914    0.0113703
-8.913    0.011374
-8.912    0.0113777
-8.911    0.0113814
-8.91    0.0113851
-8.909    0.0113888
-8.908    0.0113925
-8.907    0.0113962
-8.906    0.0113999
-8.905    0.0114036
-8.904    0.0114073
-8.903    0.011411
-8.902    0.0114147
-8.901    0.0114184
-8.9    0.0114222
-8.899    0.0114259
-8.898    0.0114296
-8.897    0.0114333
-8.896    0.011437
-8.895    0.0114408
-8.894    0.0114445
-8.893    0.0114482
-8.892    0.011452
-8.891    0.0114557
-8.89    0.0114594
-8.889    0.0114632
-8.888    0.0114669
-8.887    0.0114706
-8.886    0.0114744
-8.885    0.0114781
-8.884    0.0114819
-8.883    0.0114856
-8.882    0.0114894
-8.881    0.0114931
-8.88    0.0114969
-8.879    0.0115006
-8.878    0.0115044
-8.877    0.0115082
-8.876    0.0115119
-8.875    0.0115157
-8.874    0.0115194
-8.873    0.0115232
-8.872    0.011527
-8.871    0.0115308
-8.87    0.0115345
-8.869    0.0115383
-8.868    0.0115421
-8.867    0.0115459
-8.866    0.0115496
-8.865    0.0115534
-8.864    0.0115572
-8.863    0.011561
-8.862    0.0115648
-8.861    0.0115686
-8.86    0.0115724
-8.859    0.0115762
-8.858    0.01158
-8.857    0.0115838
-8.856    0.0115876
-8.855    0.0115914
-8.854    0.0115952
-8.853    0.011599
-8.852    0.0116028
-8.851    0.0116066
-8.85    0.0116104
-8.849    0.0116142
-8.848    0.011618
-8.847    0.0116219
-8.846    0.0116257
-8.845    0.0116295
-8.844    0.0116333
-8.843    0.0116371
-8.842    0.011641
-8.841    0.0116448
-8.84    0.0116486
-8.839    0.0116525
-8.838    0.0116563
-8.837    0.0116601
-8.836    0.011664
-8.835    0.0116678
-8.834    0.0116717
-8.833    0.0116755
-8.832    0.0116794
-8.831    0.0116832
-8.83    0.0116871
-8.829    0.0116909
-8.828    0.0116948
-8.827    0.0116986
-8.826    0.0117025
-8.825    0.0117063
-8.824    0.0117102
-8.823    0.0117141
-8.822    0.0117179
-8.821    0.0117218
-8.82    0.0117257
-8.819    0.0117296
-8.818    0.0117334
-8.817    0.0117373
-8.816    0.0117412
-8.815    0.0117451
-8.814    0.0117489
-8.813    0.0117528
-8.812    0.0117567
-8.811    0.0117606
-8.81    0.0117645
-8.809    0.0117684
-8.808    0.0117723
-8.807    0.0117762
-8.806    0.0117801
-8.805    0.011784
-8.804    0.0117879
-8.803    0.0117918
-8.802    0.0117957
-8.801    0.0117996
-8.8    0.0118035
-8.799    0.0118074
-8.798    0.0118114
-8.797    0.0118153
-8.796    0.0118192
-8.795    0.0118231
-8.794    0.011827
-8.793    0.011831
-8.792    0.0118349
-8.791    0.0118388
-8.79    0.0118427
-8.789    0.0118467
-8.788    0.0118506
-8.787    0.0118546
-8.786    0.0118585
-8.785    0.0118624
-8.784    0.0118664
-8.783    0.0118703
-8.782    0.0118743
-8.781    0.0118782
-8.78    0.0118822
-8.779    0.0118861
-8.778    0.0118901
-8.777    0.011894
-8.776    0.011898
-8.775    0.011902
-8.774    0.0119059
-8.773    0.0119099
-8.772    0.0119139
-8.771    0.0119178
-8.77    0.0119218
-8.769    0.0119258
-8.768    0.0119298
-8.767    0.0119337
-8.766    0.0119377
-8.765    0.0119417
-8.764    0.0119457
-8.763    0.0119497
-8.762    0.0119537
-8.761    0.0119576
-8.76    0.0119616
-8.759    0.0119656
-8.758    0.0119696
-8.757    0.0119736
-8.756    0.0119776
-8.755    0.0119816
-8.754    0.0119856
-8.753    0.0119896
-8.752    0.0119937
-8.751    0.0119977
-8.75    0.0120017
-8.749    0.0120057
-8.748    0.0120097
-8.747    0.0120137
-8.746    0.0120178
-8.745    0.0120218
-8.744    0.0120258
-8.743    0.0120298
-8.742    0.0120339
-8.741    0.0120379
-8.74    0.0120419
-8.739    0.012046
-8.738    0.01205
-8.737    0.012054
-8.736    0.0120581
-8.735    0.0120621
-8.734    0.0120662
-8.733    0.0120702
-8.732    0.0120743
-8.731    0.0120783
-8.73    0.0120824
-8.729    0.0120864
-8.728    0.0120905
-8.727    0.0120946
-8.726    0.0120986
-8.725    0.0121027
-8.724    0.0121068
-8.723    0.0121108
-8.722    0.0121149
-8.721    0.012119
-8.72    0.0121231
-8.719    0.0121271
-8.718    0.0121312
-8.717    0.0121353
-8.716    0.0121394
-8.715    0.0121435
-8.714    0.0121476
-8.713    0.0121517
-8.712    0.0121558
-8.711    0.0121599
-8.71    0.012164
-8.709    0.0121681
-8.708    0.0121722
-8.707    0.0121763
-8.706    0.0121804
-8.705    0.0121845
-8.704    0.0121886
-8.703    0.0121927
-8.702    0.0121968
-8.701    0.0122009
-8.7    0.0122051
-8.699    0.0122092
-8.698    0.0122133
-8.697    0.0122174
-8.696    0.0122216
-8.695    0.0122257
-8.694    0.0122298
-8.693    0.012234
-8.692    0.0122381
-8.691    0.0122422
-8.69    0.0122464
-8.689    0.0122505
-8.688    0.0122547
-8.687    0.0122588
-8.686    0.012263
-8.685    0.0122671
-8.684    0.0122713
-8.683    0.0122754
-8.682    0.0122796
-8.681    0.0122837
-8.68    0.0122879
-8.679    0.0122921
-8.678    0.0122962
-8.677    0.0123004
-8.676    0.0123046
-8.675    0.0123088
-8.674    0.0123129
-8.673    0.0123171
-8.672    0.0123213
-8.671    0.0123255
-8.67    0.0123297
-8.669    0.0123338
-8.668    0.012338
-8.667    0.0123422
-8.666    0.0123464
-8.665    0.0123506
-8.664    0.0123548
-8.663    0.012359
-8.662    0.0123632
-8.661    0.0123674
-8.66    0.0123716
-8.659    0.0123758
-8.658    0.0123801
-8.657    0.0123843
-8.656    0.0123885
-8.655    0.0123927
-8.654    0.0123969
-8.653    0.0124012
-8.652    0.0124054
-8.651    0.0124096
-8.65    0.0124138
-8.649    0.0124181
-8.648    0.0124223
-8.647    0.0124265
-8.646    0.0124308
-8.645    0.012435
-8.644    0.0124393
-8.643    0.0124435
-8.642    0.0124478
-8.641    0.012452
-8.64    0.0124563
-8.639    0.0124605
-8.638    0.0124648
-8.637    0.012469
-8.636    0.0124733
-8.635    0.0124776
-8.634    0.0124818
-8.633    0.0124861
-8.632    0.0124904
-8.631    0.0124946
-8.63    0.0124989
-8.629    0.0125032
-8.628    0.0125075
-8.627    0.0125117
-8.626    0.012516
-8.625    0.0125203
-8.624    0.0125246
-8.623    0.0125289
-8.622    0.0125332
-8.621    0.0125375
-8.62    0.0125418
-8.619    0.0125461
-8.618    0.0125504
-8.617    0.0125547
-8.616    0.012559
-8.615    0.0125633
-8.614    0.0125676
-8.613    0.0125719
-8.612    0.0125762
-8.611    0.0125806
-8.61    0.0125849
-8.609    0.0125892
-8.608    0.0125935
-8.607    0.0125979
-8.606    0.0126022
-8.605    0.0126065
-8.604    0.0126109
-8.603    0.0126152
-8.602    0.0126195
-8.601    0.0126239
-8.6    0.0126282
-8.599    0.0126326
-8.598    0.0126369
-8.597    0.0126413
-8.596    0.0126456
-8.595    0.01265
-8.594    0.0126543
-8.593    0.0126587
-8.592    0.0126631
-8.591    0.0126674
-8.59    0.0126718
-8.589    0.0126762
-8.588    0.0126805
-8.587    0.0126849
-8.586    0.0126893
-8.585    0.0126937
-8.584    0.012698
-8.583    0.0127024
-8.582    0.0127068
-8.581    0.0127112
-8.58    0.0127156
-8.579    0.01272
-8.578    0.0127244
-8.577    0.0127288
-8.576    0.0127332
-8.575    0.0127376
-8.574    0.012742
-8.573    0.0127464
-8.572    0.0127508
-8.571    0.0127552
-8.57    0.0127596
-8.569    0.0127641
-8.568    0.0127685
-8.567    0.0127729
-8.566    0.0127773
-8.565    0.0127817
-8.564    0.0127862
-8.563    0.0127906
-8.562    0.012795
-8.561    0.0127995
-8.56    0.0128039
-8.559    0.0128084
-8.558    0.0128128
-8.557    0.0128172
-8.556    0.0128217
-8.555    0.0128261
-8.554    0.0128306
-8.553    0.0128351
-8.552    0.0128395
-8.551    0.012844
-8.55    0.0128484
-8.549    0.0128529
-8.548    0.0128574
-8.547    0.0128618
-8.546    0.0128663
-8.545    0.0128708
-8.544    0.0128753
-8.543    0.0128797
-8.542    0.0128842
-8.541    0.0128887
-8.54    0.0128932
-8.539    0.0128977
-8.538    0.0129022
-8.537    0.0129067
-8.536    0.0129112
-8.535    0.0129157
-8.534    0.0129202
-8.533    0.0129247
-8.532    0.0129292
-8.531    0.0129337
-8.53    0.0129382
-8.529    0.0129427
-8.528    0.0129472
-8.527    0.0129517
-8.526    0.0129563
-8.525    0.0129608
-8.524    0.0129653
-8.523    0.0129698
-8.522    0.0129744
-8.521    0.0129789
-8.52    0.0129834
-8.519    0.012988
-8.518    0.0129925
-8.517    0.0129971
-8.516    0.0130016
-8.515    0.0130061
-8.514    0.0130107
-8.513    0.0130153
-8.512    0.0130198
-8.511    0.0130244
-8.51    0.0130289
-8.509    0.0130335
-8.508    0.0130381
-8.507    0.0130426
-8.506    0.0130472
-8.505    0.0130518
-8.504    0.0130563
-8.503    0.0130609
-8.502    0.0130655
-8.501    0.0130701
-8.5    0.0130747
-8.499    0.0130793
-8.498    0.0130838
-8.497    0.0130884
-8.496    0.013093
-8.495    0.0130976
-8.494    0.0131022
-8.493    0.0131068
-8.492    0.0131114
-8.491    0.013116
-8.49    0.0131207
-8.489    0.0131253
-8.488    0.0131299
-8.487    0.0131345
-8.486    0.0131391
-8.485    0.0131437
-8.484    0.0131484
-8.483    0.013153
-8.482    0.0131576
-8.481    0.0131623
-8.48    0.0131669
-8.479    0.0131715
-8.478    0.0131762
-8.477    0.0131808
-8.476    0.0131855
-8.475    0.0131901
-8.474    0.0131948
-8.473    0.0131994
-8.472    0.0132041
-8.471    0.0132087
-8.47    0.0132134
-8.469    0.0132181
-8.468    0.0132227
-8.467    0.0132274
-8.466    0.0132321
-8.465    0.0132367
-8.464    0.0132414
-8.463    0.0132461
-8.462    0.0132508
-8.461    0.0132555
-8.46    0.0132602
-8.459    0.0132648
-8.458    0.0132695
-8.457    0.0132742
-8.456    0.0132789
-8.455    0.0132836
-8.454    0.0132883
-8.453    0.013293
-8.452    0.0132977
-8.451    0.0133025
-8.45    0.0133072
-8.449    0.0133119
-8.448    0.0133166
-8.447    0.0133213
-8.446    0.013326
-8.445    0.0133308
-8.444    0.0133355
-8.443    0.0133402
-8.442    0.013345
-8.441    0.0133497
-8.44    0.0133544
-8.439    0.0133592
-8.438    0.0133639
-8.437    0.0133687
-8.436    0.0133734
-8.435    0.0133782
-8.434    0.0133829
-8.433    0.0133877
-8.432    0.0133924
-8.431    0.0133972
-8.43    0.013402
-8.429    0.0134067
-8.428    0.0134115
-8.427    0.0134163
-8.426    0.0134211
-8.425    0.0134258
-8.424    0.0134306
-8.423    0.0134354
-8.422    0.0134402
-8.421    0.013445
-8.42    0.0134498
-8.419    0.0134546
-8.418    0.0134594
-8.417    0.0134642
-8.416    0.013469
-8.415    0.0134738
-8.414    0.0134786
-8.413    0.0134834
-8.412    0.0134882
-8.411    0.013493
-8.41    0.0134978
-8.409    0.0135027
-8.408    0.0135075
-8.407    0.0135123
-8.406    0.0135171
-8.405    0.013522
-8.404    0.0135268
-8.403    0.0135316
-8.402    0.0135365
-8.401    0.0135413
-8.4    0.0135462
-8.399    0.013551
-8.398    0.0135559
-8.397    0.0135607
-8.396    0.0135656
-8.395    0.0135704
-8.394    0.0135753
-8.393    0.0135802
-8.392    0.013585
-8.391    0.0135899
-8.39    0.0135948
-8.389    0.0135996
-8.388    0.0136045
-8.387    0.0136094
-8.386    0.0136143
-8.385    0.0136192
-8.384    0.0136241
-8.383    0.0136289
-8.382    0.0136338
-8.381    0.0136387
-8.38    0.0136436
-8.379    0.0136485
-8.378    0.0136534
-8.377    0.0136584
-8.376    0.0136633
-8.375    0.0136682
-8.374    0.0136731
-8.373    0.013678
-8.372    0.0136829
-8.371    0.0136879
-8.37    0.0136928
-8.369    0.0136977
-8.368    0.0137026
-8.367    0.0137076
-8.366    0.0137125
-8.365    0.0137175
-8.364    0.0137224
-8.363    0.0137274
-8.362    0.0137323
-8.361    0.0137373
-8.36    0.0137422
-8.359    0.0137472
-8.358    0.0137521
-8.357    0.0137571
-8.356    0.0137621
-8.355    0.013767
-8.354    0.013772
-8.353    0.013777
-8.352    0.0137819
-8.351    0.0137869
-8.35    0.0137919
-8.349    0.0137969
-8.348    0.0138019
-8.347    0.0138069
-8.346    0.0138119
-8.345    0.0138169
-8.344    0.0138219
-8.343    0.0138269
-8.342    0.0138319
-8.341    0.0138369
-8.34    0.0138419
-8.339    0.0138469
-8.338    0.0138519
-8.337    0.0138569
-8.336    0.013862
-8.335    0.013867
-8.334    0.013872
-8.333    0.013877
-8.332    0.0138821
-8.331    0.0138871
-8.33    0.0138922
-8.329    0.0138972
-8.328    0.0139022
-8.327    0.0139073
-8.326    0.0139123
-8.325    0.0139174
-8.324    0.0139225
-8.323    0.0139275
-8.322    0.0139326
-8.321    0.0139376
-8.32    0.0139427
-8.319    0.0139478
-8.318    0.0139529
-8.317    0.0139579
-8.316    0.013963
-8.315    0.0139681
-8.314    0.0139732
-8.313    0.0139783
-8.312    0.0139834
-8.311    0.0139884
-8.31    0.0139935
-8.309    0.0139986
-8.308    0.0140037
-8.307    0.0140089
-8.306    0.014014
-8.305    0.0140191
-8.304    0.0140242
-8.303    0.0140293
-8.302    0.0140344
-8.301    0.0140395
-8.3    0.0140447
-8.299    0.0140498
-8.298    0.0140549
-8.297    0.0140601
-8.296    0.0140652
-8.295    0.0140703
-8.294    0.0140755
-8.293    0.0140806
-8.292    0.0140858
-8.291    0.0140909
-8.29    0.0140961
-8.289    0.0141012
-8.288    0.0141064
-8.287    0.0141116
-8.286    0.0141167
-8.285    0.0141219
-8.284    0.0141271
-8.283    0.0141323
-8.282    0.0141374
-8.281    0.0141426
-8.28    0.0141478
-8.279    0.014153
-8.278    0.0141582
-8.277    0.0141634
-8.276    0.0141686
-8.275    0.0141738
-8.274    0.014179
-8.273    0.0141842
-8.272    0.0141894
-8.271    0.0141946
-8.27    0.0141998
-8.269    0.014205
-8.268    0.0142102
-8.267    0.0142155
-8.266    0.0142207
-8.265    0.0142259
-8.264    0.0142312
-8.263    0.0142364
-8.262    0.0142416
-8.261    0.0142469
-8.26    0.0142521
-8.259    0.0142574
-8.258    0.0142626
-8.257    0.0142679
-8.256    0.0142731
-8.255    0.0142784
-8.254    0.0142836
-8.253    0.0142889
-8.252    0.0142942
-8.251    0.0142994
-8.25    0.0143047
-8.249    0.01431
-8.248    0.0143153
-8.247    0.0143206
-8.246    0.0143258
-8.245    0.0143311
-8.244    0.0143364
-8.243    0.0143417
-8.242    0.014347
-8.241    0.0143523
-8.24    0.0143576
-8.239    0.0143629
-8.238    0.0143683
-8.237    0.0143736
-8.236    0.0143789
-8.235    0.0143842
-8.234    0.0143895
-8.233    0.0143949
-8.232    0.0144002
-8.231    0.0144055
-8.23    0.0144108
-8.229    0.0144162
-8.228    0.0144215
-8.227    0.0144269
-8.226    0.0144322
-8.225    0.0144376
-8.224    0.0144429
-8.223    0.0144483
-8.222    0.0144536
-8.221    0.014459
-8.22    0.0144644
-8.219    0.0144697
-8.218    0.0144751
-8.217    0.0144805
-8.216    0.0144859
-8.215    0.0144913
-8.214    0.0144966
-8.213    0.014502
-8.212    0.0145074
-8.211    0.0145128
-8.21    0.0145182
-8.209    0.0145236
-8.208    0.014529
-8.207    0.0145344
-8.206    0.0145398
-8.205    0.0145452
-8.204    0.0145507
-8.203    0.0145561
-8.202    0.0145615
-8.201    0.0145669
-8.2    0.0145724
-8.199    0.0145778
-8.198    0.0145832
-8.197    0.0145887
-8.196    0.0145941
-8.195    0.0145995
-8.194    0.014605
-8.193    0.0146104
-8.192    0.0146159
-8.191    0.0146214
-8.19    0.0146268
-8.189    0.0146323
-8.188    0.0146377
-8.187    0.0146432
-8.186    0.0146487
-8.185    0.0146542
-8.184    0.0146596
-8.183    0.0146651
-8.182    0.0146706
-8.181    0.0146761
-8.18    0.0146816
-8.179    0.0146871
-8.178    0.0146926
-8.177    0.0146981
-8.176    0.0147036
-8.175    0.0147091
-8.174    0.0147146
-8.173    0.0147201
-8.172    0.0147257
-8.171    0.0147312
-8.17    0.0147367
-8.169    0.0147422
-8.168    0.0147478
-8.167    0.0147533
-8.166    0.0147588
-8.165    0.0147644
-8.164    0.0147699
-8.163    0.0147755
-8.162    0.014781
-8.161    0.0147866
-8.16    0.0147921
-8.159    0.0147977
-8.158    0.0148032
-8.157    0.0148088
-8.156    0.0148144
-8.155    0.01482
-8.154    0.0148255
-8.153    0.0148311
-8.152    0.0148367
-8.151    0.0148423
-8.15    0.0148479
-8.149    0.0148535
-8.148    0.0148591
-8.147    0.0148647
-8.146    0.0148703
-8.145    0.0148759
-8.144    0.0148815
-8.143    0.0148871
-8.142    0.0148927
-8.141    0.0148983
-8.14    0.014904
-8.139    0.0149096
-8.138    0.0149152
-8.137    0.0149208
-8.136    0.0149265
-8.135    0.0149321
-8.134    0.0149378
-8.133    0.0149434
-8.132    0.0149491
-8.131    0.0149547
-8.13    0.0149604
-8.129    0.014966
-8.128    0.0149717
-8.127    0.0149773
-8.126    0.014983
-8.125    0.0149887
-8.124    0.0149944
-8.123    0.015
-8.122    0.0150057
-8.121    0.0150114
-8.12    0.0150171
-8.119    0.0150228
-8.118    0.0150285
-8.117    0.0150342
-8.116    0.0150399
-8.115    0.0150456
-8.114    0.0150513
-8.113    0.015057
-8.112    0.0150627
-8.111    0.0150685
-8.11    0.0150742
-8.109    0.0150799
-8.108    0.0150856
-8.107    0.0150914
-8.106    0.0150971
-8.105    0.0151028
-8.104    0.0151086
-8.103    0.0151143
-8.102    0.0151201
-8.101    0.0151258
-8.1    0.0151316
-8.099    0.0151374
-8.098    0.0151431
-8.097    0.0151489
-8.096    0.0151547
-8.095    0.0151604
-8.094    0.0151662
-8.093    0.015172
-8.092    0.0151778
-8.091    0.0151836
-8.09    0.0151894
-8.089    0.0151952
-8.088    0.015201
-8.087    0.0152068
-8.086    0.0152126
-8.085    0.0152184
-8.084    0.0152242
-8.083    0.01523
-8.082    0.0152358
-8.081    0.0152416
-8.08    0.0152475
-8.079    0.0152533
-8.078    0.0152591
-8.077    0.015265
-8.076    0.0152708
-8.075    0.0152766
-8.074    0.0152825
-8.073    0.0152883
-8.072    0.0152942
-8.071    0.0153001
-8.07    0.0153059
-8.069    0.0153118
-8.068    0.0153176
-8.067    0.0153235
-8.066    0.0153294
-8.065    0.0153353
-8.064    0.0153412
-8.063    0.015347
-8.062    0.0153529
-8.061    0.0153588
-8.06    0.0153647
-8.059    0.0153706
-8.058    0.0153765
-8.057    0.0153824
-8.056    0.0153883
-8.055    0.0153943
-8.054    0.0154002
-8.053    0.0154061
-8.052    0.015412
-8.051    0.0154179
-8.05    0.0154239
-8.049    0.0154298
-8.048    0.0154357
-8.047    0.0154417
-8.046    0.0154476
-8.045    0.0154536
-8.044    0.0154595
-8.043    0.0154655
-8.042    0.0154715
-8.041    0.0154774
-8.04    0.0154834
-8.039    0.0154894
-8.038    0.0154953
-8.037    0.0155013
-8.036    0.0155073
-8.035    0.0155133
-8.034    0.0155193
-8.033    0.0155253
-8.032    0.0155313
-8.031    0.0155372
-8.03    0.0155433
-8.029    0.0155493
-8.028    0.0155553
-8.027    0.0155613
-8.026    0.0155673
-8.025    0.0155733
-8.024    0.0155793
-8.023    0.0155854
-8.022    0.0155914
-8.021    0.0155974
-8.02    0.0156035
-8.019    0.0156095
-8.018    0.0156156
-8.017    0.0156216
-8.016    0.0156277
-8.015    0.0156337
-8.014    0.0156398
-8.013    0.0156459
-8.012    0.0156519
-8.011    0.015658
-8.01    0.0156641
-8.009    0.0156702
-8.008    0.0156762
-8.007    0.0156823
-8.006    0.0156884
-8.005    0.0156945
-8.004    0.0157006
-8.003    0.0157067
-8.002    0.0157128
-8.001    0.0157189
-8    0.015725
-7.999    0.0157312
-7.998    0.0157373
-7.997    0.0157434
-7.996    0.0157495
-7.995    0.0157557
-7.994    0.0157618
-7.993    0.0157679
-7.992    0.0157741
-7.991    0.0157802
-7.99    0.0157864
-7.989    0.0157925
-7.988    0.0157987
-7.987    0.0158049
-7.986    0.015811
-7.985    0.0158172
-7.984    0.0158234
-7.983    0.0158295
-7.982    0.0158357
-7.981    0.0158419
-7.98    0.0158481
-7.979    0.0158543
-7.978    0.0158605
-7.977    0.0158667
-7.976    0.0158729
-7.975    0.0158791
-7.974    0.0158853
-7.973    0.0158915
-7.972    0.0158977
-7.971    0.015904
-7.97    0.0159102
-7.969    0.0159164
-7.968    0.0159226
-7.967    0.0159289
-7.966    0.0159351
-7.965    0.0159414
-7.964    0.0159476
-7.963    0.0159539
-7.962    0.0159601
-7.961    0.0159664
-7.96    0.0159726
-7.959    0.0159789
-7.958    0.0159852
-7.957    0.0159915
-7.956    0.0159977
-7.955    0.016004
-7.954    0.0160103
-7.953    0.0160166
-7.952    0.0160229
-7.951    0.0160292
-7.95    0.0160355
-7.949    0.0160418
-7.948    0.0160481
-7.947    0.0160544
-7.946    0.0160607
-7.945    0.0160671
-7.944    0.0160734
-7.943    0.0160797
-7.942    0.0160861
-7.941    0.0160924
-7.94    0.0160987
-7.939    0.0161051
-7.938    0.0161114
-7.937    0.0161178
-7.936    0.0161241
-7.935    0.0161305
-7.934    0.0161369
-7.933    0.0161432
-7.932    0.0161496
-7.931    0.016156
-7.93    0.0161624
-7.929    0.0161687
-7.928    0.0161751
-7.927    0.0161815
-7.926    0.0161879
-7.925    0.0161943
-7.924    0.0162007
-7.923    0.0162071
-7.922    0.0162135
-7.921    0.01622
-7.92    0.0162264
-7.919    0.0162328
-7.918    0.0162392
-7.917    0.0162457
-7.916    0.0162521
-7.915    0.0162585
-7.914    0.016265
-7.913    0.0162714
-7.912    0.0162779
-7.911    0.0162843
-7.91    0.0162908
-7.909    0.0162973
-7.908    0.0163037
-7.907    0.0163102
-7.906    0.0163167
-7.905    0.0163232
-7.904    0.0163296
-7.903    0.0163361
-7.902    0.0163426
-7.901    0.0163491
-7.9    0.0163556
-7.899    0.0163621
-7.898    0.0163686
-7.897    0.0163751
-7.896    0.0163817
-7.895    0.0163882
-7.894    0.0163947
-7.893    0.0164012
-7.892    0.0164078
-7.891    0.0164143
-7.89    0.0164208
-7.889    0.0164274
-7.888    0.0164339
-7.887    0.0164405
-7.886    0.016447
-7.885    0.0164536
-7.884    0.0164602
-7.883    0.0164667
-7.882    0.0164733
-7.881    0.0164799
-7.88    0.0164865
-7.879    0.0164931
-7.878    0.0164996
-7.877    0.0165062
-7.876    0.0165128
-7.875    0.0165194
-7.874    0.016526
-7.873    0.0165327
-7.872    0.0165393
-7.871    0.0165459
-7.87    0.0165525
-7.869    0.0165591
-7.868    0.0165658
-7.867    0.0165724
-7.866    0.016579
-7.865    0.0165857
-7.864    0.0165923
-7.863    0.016599
-7.862    0.0166056
-7.861    0.0166123
-7.86    0.016619
-7.859    0.0166256
-7.858    0.0166323
-7.857    0.016639
-7.856    0.0166457
-7.855    0.0166523
-7.854    0.016659
-7.853    0.0166657
-7.852    0.0166724
-7.851    0.0166791
-7.85    0.0166858
-7.849    0.0166925
-7.848    0.0166993
-7.847    0.016706
-7.846    0.0167127
-7.845    0.0167194
-7.844    0.0167262
-7.843    0.0167329
-7.842    0.0167396
-7.841    0.0167464
-7.84    0.0167531
-7.839    0.0167599
-7.838    0.0167666
-7.837    0.0167734
-7.836    0.0167802
-7.835    0.0167869
-7.834    0.0167937
-7.833    0.0168005
-7.832    0.0168073
-7.831    0.016814
-7.83    0.0168208
-7.829    0.0168276
-7.828    0.0168344
-7.827    0.0168412
-7.826    0.016848
-7.825    0.0168549
-7.824    0.0168617
-7.823    0.0168685
-7.822    0.0168753
-7.821    0.0168821
-7.82    0.016889
-7.819    0.0168958
-7.818    0.0169027
-7.817    0.0169095
-7.816    0.0169164
-7.815    0.0169232
-7.814    0.0169301
-7.813    0.0169369
-7.812    0.0169438
-7.811    0.0169507
-7.81    0.0169576
-7.809    0.0169644
-7.808    0.0169713
-7.807    0.0169782
-7.806    0.0169851
-7.805    0.016992
-7.804    0.0169989
-7.803    0.0170058
-7.802    0.0170127
-7.801    0.0170196
-7.8    0.0170266
-7.799    0.0170335
-7.798    0.0170404
-7.797    0.0170474
-7.796    0.0170543
-7.795    0.0170612
-7.794    0.0170682
-7.793    0.0170751
-7.792    0.0170821
-7.791    0.0170891
-7.79    0.017096
-7.789    0.017103
-7.788    0.01711
-7.787    0.0171169
-7.786    0.0171239
-7.785    0.0171309
-7.784    0.0171379
-7.783    0.0171449
-7.782    0.0171519
-7.781    0.0171589
-7.78    0.0171659
-7.779    0.0171729
-7.778    0.01718
-7.777    0.017187
-7.776    0.017194
-7.775    0.017201
-7.774    0.0172081
-7.773    0.0172151
-7.772    0.0172222
-7.771    0.0172292
-7.77    0.0172363
-7.769    0.0172433
-7.768    0.0172504
-7.767    0.0172575
-7.766    0.0172645
-7.765    0.0172716
-7.764    0.0172787
-7.763    0.0172858
-7.762    0.0172929
-7.761    0.0173
-7.76    0.0173071
-7.759    0.0173142
-7.758    0.0173213
-7.757    0.0173284
-7.756    0.0173355
-7.755    0.0173426
-7.754    0.0173498
-7.753    0.0173569
-7.752    0.017364
-7.751    0.0173712
-7.75    0.0173783
-7.749    0.0173855
-7.748    0.0173926
-7.747    0.0173998
-7.746    0.0174069
-7.745    0.0174141
-7.744    0.0174213
-7.743    0.0174285
-7.742    0.0174356
-7.741    0.0174428
-7.74    0.01745
-7.739    0.0174572
-7.738    0.0174644
-7.737    0.0174716
-7.736    0.0174788
-7.735    0.017486
-7.734    0.0174933
-7.733    0.0175005
-7.732    0.0175077
-7.731    0.0175149
-7.73    0.0175222
-7.729    0.0175294
-7.728    0.0175367
-7.727    0.0175439
-7.726    0.0175512
-7.725    0.0175584
-7.724    0.0175657
-7.723    0.017573
-7.722    0.0175803
-7.721    0.0175875
-7.72    0.0175948
-7.719    0.0176021
-7.718    0.0176094
-7.717    0.0176167
-7.716    0.017624
-7.715    0.0176313
-7.714    0.0176386
-7.713    0.017646
-7.712    0.0176533
-7.711    0.0176606
-7.71    0.0176679
-7.709    0.0176753
-7.708    0.0176826
-7.707    0.01769
-7.706    0.0176973
-7.705    0.0177047
-7.704    0.017712
-7.703    0.0177194
-7.702    0.0177268
-7.701    0.0177341
-7.7    0.0177415
-7.699    0.0177489
-7.698    0.0177563
-7.697    0.0177637
-7.696    0.0177711
-7.695    0.0177785
-7.694    0.0177859
-7.693    0.0177933
-7.692    0.0178007
-7.691    0.0178082
-7.69    0.0178156
-7.689    0.017823
-7.688    0.0178305
-7.687    0.0178379
-7.686    0.0178454
-7.685    0.0178528
-7.684    0.0178603
-7.683    0.0178677
-7.682    0.0178752
-7.681    0.0178827
-7.68    0.0178901
-7.679    0.0178976
-7.678    0.0179051
-7.677    0.0179126
-7.676    0.0179201
-7.675    0.0179276
-7.674    0.0179351
-7.673    0.0179426
-7.672    0.0179501
-7.671    0.0179577
-7.67    0.0179652
-7.669    0.0179727
-7.668    0.0179803
-7.667    0.0179878
-7.666    0.0179953
-7.665    0.0180029
-7.664    0.0180104
-7.663    0.018018
-7.662    0.0180256
-7.661    0.0180331
-7.66    0.0180407
-7.659    0.0180483
-7.658    0.0180559
-7.657    0.0180635
-7.656    0.0180711
-7.655    0.0180787
-7.654    0.0180863
-7.653    0.0180939
-7.652    0.0181015
-7.651    0.0181091
-7.65    0.0181167
-7.649    0.0181244
-7.648    0.018132
-7.647    0.0181397
-7.646    0.0181473
-7.645    0.018155
-7.644    0.0181626
-7.643    0.0181703
-7.642    0.0181779
-7.641    0.0181856
-7.64    0.0181933
-7.639    0.018201
-7.638    0.0182086
-7.637    0.0182163
-7.636    0.018224
-7.635    0.0182317
-7.634    0.0182394
-7.633    0.0182472
-7.632    0.0182549
-7.631    0.0182626
-7.63    0.0182703
-7.629    0.0182781
-7.628    0.0182858
-7.627    0.0182935
-7.626    0.0183013
-7.625    0.018309
-7.624    0.0183168
-7.623    0.0183246
-7.622    0.0183323
-7.621    0.0183401
-7.62    0.0183479
-7.619    0.0183557
-7.618    0.0183634
-7.617    0.0183712
-7.616    0.018379
-7.615    0.0183868
-7.614    0.0183947
-7.613    0.0184025
-7.612    0.0184103
-7.611    0.0184181
-7.61    0.0184259
-7.609    0.0184338
-7.608    0.0184416
-7.607    0.0184495
-7.606    0.0184573
-7.605    0.0184652
-7.604    0.018473
-7.603    0.0184809
-7.602    0.0184888
-7.601    0.0184966
-7.6    0.0185045
-7.599    0.0185124
-7.598    0.0185203
-7.597    0.0185282
-7.596    0.0185361
-7.595    0.018544
-7.594    0.0185519
-7.593    0.0185599
-7.592    0.0185678
-7.591    0.0185757
-7.59    0.0185836
-7.589    0.0185916
-7.588    0.0185995
-7.587    0.0186075
-7.586    0.0186154
-7.585    0.0186234
-7.584    0.0186314
-7.583    0.0186393
-7.582    0.0186473
-7.581    0.0186553
-7.58    0.0186633
-7.579    0.0186713
-7.578    0.0186793
-7.577    0.0186873
-7.576    0.0186953
-7.575    0.0187033
-7.574    0.0187113
-7.573    0.0187194
-7.572    0.0187274
-7.571    0.0187354
-7.57    0.0187435
-7.569    0.0187515
-7.568    0.0187596
-7.567    0.0187676
-7.566    0.0187757
-7.565    0.0187838
-7.564    0.0187918
-7.563    0.0187999
-7.562    0.018808
-7.561    0.0188161
-7.56    0.0188242
-7.559    0.0188323
-7.558    0.0188404
-7.557    0.0188485
-7.556    0.0188566
-7.555    0.0188647
-7.554    0.0188729
-7.553    0.018881
-7.552    0.0188891
-7.551    0.0188973
-7.55    0.0189054
-7.549    0.0189136
-7.548    0.0189218
-7.547    0.0189299
-7.546    0.0189381
-7.545    0.0189463
-7.544    0.0189545
-7.543    0.0189627
-7.542    0.0189708
-7.541    0.0189791
-7.54    0.0189873
-7.539    0.0189955
-7.538    0.0190037
-7.537    0.0190119
-7.536    0.0190201
-7.535    0.0190284
-7.534    0.0190366
-7.533    0.0190449
-7.532    0.0190531
-7.531    0.0190614
-7.53    0.0190696
-7.529    0.0190779
-7.528    0.0190862
-7.527    0.0190944
-7.526    0.0191027
-7.525    0.019111
-7.524    0.0191193
-7.523    0.0191276
-7.522    0.0191359
-7.521    0.0191442
-7.52    0.0191526
-7.519    0.0191609
-7.518    0.0191692
-7.517    0.0191775
-7.516    0.0191859
-7.515    0.0191942
-7.514    0.0192026
-7.513    0.0192109
-7.512    0.0192193
-7.511    0.0192277
-7.51    0.019236
-7.509    0.0192444
-7.508    0.0192528
-7.507    0.0192612
-7.506    0.0192696
-7.505    0.019278
-7.504    0.0192864
-7.503    0.0192948
-7.502    0.0193033
-7.501    0.0193117
-7.5    0.0193201
-7.499    0.0193286
-7.498    0.019337
-7.497    0.0193454
-7.496    0.0193539
-7.495    0.0193624
-7.494    0.0193708
-7.493    0.0193793
-7.492    0.0193878
-7.491    0.0193963
-7.49    0.0194048
-7.489    0.0194132
-7.488    0.0194218
-7.487    0.0194303
-7.486    0.0194388
-7.485    0.0194473
-7.484    0.0194558
-7.483    0.0194643
-7.482    0.0194729
-7.481    0.0194814
-7.48    0.01949
-7.479    0.0194985
-7.478    0.0195071
-7.477    0.0195157
-7.476    0.0195242
-7.475    0.0195328
-7.474    0.0195414
-7.473    0.01955
-7.472    0.0195586
-7.471    0.0195672
-7.47    0.0195758
-7.469    0.0195844
-7.468    0.019593
-7.467    0.0196016
-7.466    0.0196103
-7.465    0.0196189
-7.464    0.0196276
-7.463    0.0196362
-7.462    0.0196449
-7.461    0.0196535
-7.46    0.0196622
-7.459    0.0196709
-7.458    0.0196795
-7.457    0.0196882
-7.456    0.0196969
-7.455    0.0197056
-7.454    0.0197143
-7.453    0.019723
-7.452    0.0197317
-7.451    0.0197405
-7.45    0.0197492
-7.449    0.0197579
-7.448    0.0197667
-7.447    0.0197754
-7.446    0.0197842
-7.445    0.0197929
-7.444    0.0198017
-7.443    0.0198104
-7.442    0.0198192
-7.441    0.019828
-7.44    0.0198368
-7.439    0.0198456
-7.438    0.0198544
-7.437    0.0198632
-7.436    0.019872
-7.435    0.0198808
-7.434    0.0198896
-7.433    0.0198985
-7.432    0.0199073
-7.431    0.0199162
-7.43    0.019925
-7.429    0.0199339
-7.428    0.0199427
-7.427    0.0199516
-7.426    0.0199605
-7.425    0.0199693
-7.424    0.0199782
-7.423    0.0199871
-7.422    0.019996
-7.421    0.0200049
-7.42    0.0200138
-7.419    0.0200228
-7.418    0.0200317
-7.417    0.0200406
-7.416    0.0200495
-7.415    0.0200585
-7.414    0.0200674
-7.413    0.0200764
-7.412    0.0200854
-7.411    0.0200943
-7.41    0.0201033
-7.409    0.0201123
-7.408    0.0201213
-7.407    0.0201302
-7.406    0.0201392
-7.405    0.0201483
-7.404    0.0201573
-7.403    0.0201663
-7.402    0.0201753
-7.401    0.0201843
-7.4    0.0201934
-7.399    0.0202024
-7.398    0.0202115
-7.397    0.0202205
-7.396    0.0202296
-7.395    0.0202386
-7.394    0.0202477
-7.393    0.0202568
-7.392    0.0202659
-7.391    0.020275
-7.39    0.0202841
-7.389    0.0202932
-7.388    0.0203023
-7.387    0.0203114
-7.386    0.0203205
-7.385    0.0203297
-7.384    0.0203388
-7.383    0.020348
-7.382    0.0203571
-7.381    0.0203663
-7.38    0.0203754
-7.379    0.0203846
-7.378    0.0203938
-7.377    0.020403
-7.376    0.0204122
-7.375    0.0204214
-7.374    0.0204306
-7.373    0.0204398
-7.372    0.020449
-7.371    0.0204582
-7.37    0.0204674
-7.369    0.0204767
-7.368    0.0204859
-7.367    0.0204952
-7.366    0.0205044
-7.365    0.0205137
-7.364    0.0205229
-7.363    0.0205322
-7.362    0.0205415
-7.361    0.0205508
-7.36    0.0205601
-7.359    0.0205694
-7.358    0.0205787
-7.357    0.020588
-7.356    0.0205973
-7.355    0.0206067
-7.354    0.020616
-7.353    0.0206253
-7.352    0.0206347
-7.351    0.020644
-7.35    0.0206534
-7.349    0.0206628
-7.348    0.0206721
-7.347    0.0206815
-7.346    0.0206909
-7.345    0.0207003
-7.344    0.0207097
-7.343    0.0207191
-7.342    0.0207285
-7.341    0.0207379
-7.34    0.0207474
-7.339    0.0207568
-7.338    0.0207662
-7.337    0.0207757
-7.336    0.0207851
-7.335    0.0207946
-7.334    0.0208041
-7.333    0.0208135
-7.332    0.020823
-7.331    0.0208325
-7.33    0.020842
-7.329    0.0208515
-7.328    0.020861
-7.327    0.0208705
-7.326    0.0208801
-7.325    0.0208896
-7.324    0.0208991
-7.323    0.0209087
-7.322    0.0209182
-7.321    0.0209278
-7.32    0.0209373
-7.319    0.0209469
-7.318    0.0209565
-7.317    0.0209661
-7.316    0.0209756
-7.315    0.0209852
-7.314    0.0209948
-7.313    0.0210045
-7.312    0.0210141
-7.311    0.0210237
-7.31    0.0210333
-7.309    0.021043
-7.308    0.0210526
-7.307    0.0210623
-7.306    0.0210719
-7.305    0.0210816
-7.304    0.0210913
-7.303    0.0211009
-7.302    0.0211106
-7.301    0.0211203
-7.3    0.02113
-7.299    0.0211397
-7.298    0.0211495
-7.297    0.0211592
-7.296    0.0211689
-7.295    0.0211786
-7.294    0.0211884
-7.293    0.0211981
-7.292    0.0212079
-7.291    0.0212177
-7.29    0.0212274
-7.289    0.0212372
-7.288    0.021247
-7.287    0.0212568
-7.286    0.0212666
-7.285    0.0212764
-7.284    0.0212862
-7.283    0.021296
-7.282    0.0213059
-7.281    0.0213157
-7.28    0.0213255
-7.279    0.0213354
-7.278    0.0213452
-7.277    0.0213551
-7.276    0.021365
-7.275    0.0213748
-7.274    0.0213847
-7.273    0.0213946
-7.272    0.0214045
-7.271    0.0214144
-7.27    0.0214243
-7.269    0.0214343
-7.268    0.0214442
-7.267    0.0214541
-7.266    0.0214641
-7.265    0.021474
-7.264    0.021484
-7.263    0.0214939
-7.262    0.0215039
-7.261    0.0215139
-7.26    0.0215239
-7.259    0.0215339
-7.258    0.0215439
-7.257    0.0215539
-7.256    0.0215639
-7.255    0.0215739
-7.254    0.0215839
-7.253    0.021594
-7.252    0.021604
-7.251    0.0216141
-7.25    0.0216241
-7.249    0.0216342
-7.248    0.0216443
-7.247    0.0216544
-7.246    0.0216644
-7.245    0.0216745
-7.244    0.0216846
-7.243    0.0216947
-7.242    0.0217049
-7.241    0.021715
-7.24    0.0217251
-7.239    0.0217353
-7.238    0.0217454
-7.237    0.0217556
-7.236    0.0217657
-7.235    0.0217759
-7.234    0.0217861
-7.233    0.0217963
-7.232    0.0218065
-7.231    0.0218167
-7.23    0.0218269
-7.229    0.0218371
-7.228    0.0218473
-7.227    0.0218575
-7.226    0.0218678
-7.225    0.021878
-7.224    0.0218883
-7.223    0.0218985
-7.222    0.0219088
-7.221    0.0219191
-7.22    0.0219293
-7.219    0.0219396
-7.218    0.0219499
-7.217    0.0219602
-7.216    0.0219705
-7.215    0.0219809
-7.214    0.0219912
-7.213    0.0220015
-7.212    0.0220119
-7.211    0.0220222
-7.21    0.0220326
-7.209    0.0220429
-7.208    0.0220533
-7.207    0.0220637
-7.206    0.0220741
-7.205    0.0220845
-7.204    0.0220949
-7.203    0.0221053
-7.202    0.0221157
-7.201    0.0221261
-7.2    0.0221366
-7.199    0.022147
-7.198    0.0221575
-7.197    0.0221679
-7.196    0.0221784
-7.195    0.0221889
-7.194    0.0221993
-7.193    0.0222098
-7.192    0.0222203
-7.191    0.0222308
-7.19    0.0222414
-7.189    0.0222519
-7.188    0.0222624
-7.187    0.0222729
-7.186    0.0222835
-7.185    0.022294
-7.184    0.0223046
-7.183    0.0223152
-7.182    0.0223257
-7.181    0.0223363
-7.18    0.0223469
-7.179    0.0223575
-7.178    0.0223681
-7.177    0.0223787
-7.176    0.0223893
-7.175    0.0224
-7.174    0.0224106
-7.173    0.0224213
-7.172    0.0224319
-7.171    0.0224426
-7.17    0.0224532
-7.169    0.0224639
-7.168    0.0224746
-7.167    0.0224853
-7.166    0.022496
-7.165    0.0225067
-7.164    0.0225174
-7.163    0.0225282
-7.162    0.0225389
-7.161    0.0225496
-7.16    0.0225604
-7.159    0.0225711
-7.158    0.0225819
-7.157    0.0225927
-7.156    0.0226035
-7.155    0.0226142
-7.154    0.022625
-7.153    0.0226358
-7.152    0.0226467
-7.151    0.0226575
-7.15    0.0226683
-7.149    0.0226792
-7.148    0.02269
-7.147    0.0227009
-7.146    0.0227117
-7.145    0.0227226
-7.144    0.0227335
-7.143    0.0227444
-7.142    0.0227553
-7.141    0.0227662
-7.14    0.0227771
-7.139    0.022788
-7.138    0.0227989
-7.137    0.0228099
-7.136    0.0228208
-7.135    0.0228317
-7.134    0.0228427
-7.133    0.0228537
-7.132    0.0228647
-7.131    0.0228756
-7.13    0.0228866
-7.129    0.0228976
-7.128    0.0229086
-7.127    0.0229197
-7.126    0.0229307
-7.125    0.0229417
-7.124    0.0229528
-7.123    0.0229638
-7.122    0.0229749
-7.121    0.022986
-7.12    0.022997
-7.119    0.0230081
-7.118    0.0230192
-7.117    0.0230303
-7.116    0.0230414
-7.115    0.0230525
-7.114    0.0230637
-7.113    0.0230748
-7.112    0.023086
-7.111    0.0230971
-7.11    0.0231083
-7.109    0.0231194
-7.108    0.0231306
-7.107    0.0231418
-7.106    0.023153
-7.105    0.0231642
-7.104    0.0231754
-7.103    0.0231866
-7.102    0.0231979
-7.101    0.0232091
-7.1    0.0232204
-7.099    0.0232316
-7.098    0.0232429
-7.097    0.0232541
-7.096    0.0232654
-7.095    0.0232767
-7.094    0.023288
-7.093    0.0232993
-7.092    0.0233106
-7.091    0.023322
-7.09    0.0233333
-7.089    0.0233446
-7.088    0.023356
-7.087    0.0233673
-7.086    0.0233787
-7.085    0.0233901
-7.084    0.0234015
-7.083    0.0234129
-7.082    0.0234243
-7.081    0.0234357
-7.08    0.0234471
-7.079    0.0234585
-7.078    0.02347
-7.077    0.0234814
-7.076    0.0234929
-7.075    0.0235043
-7.074    0.0235158
-7.073    0.0235273
-7.072    0.0235388
-7.071    0.0235503
-7.07    0.0235618
-7.069    0.0235733
-7.068    0.0235848
-7.067    0.0235963
-7.066    0.0236079
-7.065    0.0236194
-7.064    0.023631
-7.063    0.0236426
-7.062    0.0236541
-7.061    0.0236657
-7.06    0.0236773
-7.059    0.0236889
-7.058    0.0237005
-7.057    0.0237122
-7.056    0.0237238
-7.055    0.0237354
-7.054    0.0237471
-7.053    0.0237587
-7.052    0.0237704
-7.051    0.0237821
-7.05    0.0237938
-7.049    0.0238055
-7.048    0.0238172
-7.047    0.0238289
-7.046    0.0238406
-7.045    0.0238523
-7.044    0.0238641
-7.043    0.0238758
-7.042    0.0238876
-7.041    0.0238993
-7.04    0.0239111
-7.039    0.0239229
-7.038    0.0239347
-7.037    0.0239465
-7.036    0.0239583
-7.035    0.0239701
-7.034    0.023982
-7.033    0.0239938
-7.032    0.0240057
-7.031    0.0240175
-7.03    0.0240294
-7.029    0.0240413
-7.028    0.0240531
-7.027    0.024065
-7.026    0.0240769
-7.025    0.0240889
-7.024    0.0241008
-7.023    0.0241127
-7.022    0.0241246
-7.021    0.0241366
-7.02    0.0241486
-7.019    0.0241605
-7.018    0.0241725
-7.017    0.0241845
-7.016    0.0241965
-7.015    0.0242085
-7.014    0.0242205
-7.013    0.0242325
-7.012    0.0242446
-7.011    0.0242566
-7.01    0.0242687
-7.009    0.0242807
-7.008    0.0242928
-7.007    0.0243049
-7.006    0.024317
-7.005    0.0243291
-7.004    0.0243412
-7.003    0.0243533
-7.002    0.0243654
-7.001    0.0243776
-7    0.0243897
-6.999    0.0244019
-6.998    0.024414
-6.997    0.0244262
-6.996    0.0244384
-6.995    0.0244506
-6.994    0.0244628
-6.993    0.024475
-6.992    0.0244872
-6.991    0.0244995
-6.99    0.0245117
-6.989    0.024524
-6.988    0.0245362
-6.987    0.0245485
-6.986    0.0245608
-6.985    0.0245731
-6.984    0.0245854
-6.983    0.0245977
-6.982    0.02461
-6.981    0.0246223
-6.98    0.0246347
-6.979    0.024647
-6.978    0.0246594
-6.977    0.0246718
-6.976    0.0246841
-6.975    0.0246965
-6.974    0.0247089
-6.973    0.0247213
-6.972    0.0247337
-6.971    0.0247462
-6.97    0.0247586
-6.969    0.0247711
-6.968    0.0247835
-6.967    0.024796
-6.966    0.0248085
-6.965    0.0248209
-6.964    0.0248334
-6.963    0.0248459
-6.962    0.0248585
-6.961    0.024871
-6.96    0.0248835
-6.959    0.0248961
-6.958    0.0249086
-6.957    0.0249212
-6.956    0.0249338
-6.955    0.0249463
-6.954    0.0249589
-6.953    0.0249715
-6.952    0.0249842
-6.951    0.0249968
-6.95    0.0250094
-6.949    0.0250221
-6.948    0.0250347
-6.947    0.0250474
-6.946    0.0250601
-6.945    0.0250727
-6.944    0.0250854
-6.943    0.0250981
-6.942    0.0251109
-6.941    0.0251236
-6.94    0.0251363
-6.939    0.0251491
-6.938    0.0251618
-6.937    0.0251746
-6.936    0.0251874
-6.935    0.0252002
-6.934    0.025213
-6.933    0.0252258
-6.932    0.0252386
-6.931    0.0252514
-6.93    0.0252642
-6.929    0.0252771
-6.928    0.02529
-6.927    0.0253028
-6.926    0.0253157
-6.925    0.0253286
-6.924    0.0253415
-6.923    0.0253544
-6.922    0.0253673
-6.921    0.0253803
-6.92    0.0253932
-6.919    0.0254061
-6.918    0.0254191
-6.917    0.0254321
-6.916    0.0254451
-6.915    0.0254581
-6.914    0.0254711
-6.913    0.0254841
-6.912    0.0254971
-6.911    0.0255101
-6.91    0.0255232
-6.909    0.0255362
-6.908    0.0255493
-6.907    0.0255624
-6.906    0.0255755
-6.905    0.0255886
-6.904    0.0256017
-6.903    0.0256148
-6.902    0.0256279
-6.901    0.0256411
-6.9    0.0256542
-6.899    0.0256674
-6.898    0.0256805
-6.897    0.0256937
-6.896    0.0257069
-6.895    0.0257201
-6.894    0.0257333
-6.893    0.0257466
-6.892    0.0257598
-6.891    0.025773
-6.89    0.0257863
-6.889    0.0257996
-6.888    0.0258128
-6.887    0.0258261
-6.886    0.0258394
-6.885    0.0258527
-6.884    0.0258661
-6.883    0.0258794
-6.882    0.0258927
-6.881    0.0259061
-6.88    0.0259194
-6.879    0.0259328
-6.878    0.0259462
-6.877    0.0259596
-6.876    0.025973
-6.875    0.0259864
-6.874    0.0259999
-6.873    0.0260133
-6.872    0.0260268
-6.871    0.0260402
-6.87    0.0260537
-6.869    0.0260672
-6.868    0.0260807
-6.867    0.0260942
-6.866    0.0261077
-6.865    0.0261212
-6.864    0.0261348
-6.863    0.0261483
-6.862    0.0261619
-6.861    0.0261754
-6.86    0.026189
-6.859    0.0262026
-6.858    0.0262162
-6.857    0.0262298
-6.856    0.0262435
-6.855    0.0262571
-6.854    0.0262708
-6.853    0.0262844
-6.852    0.0262981
-6.851    0.0263118
-6.85    0.0263255
-6.849    0.0263392
-6.848    0.0263529
-6.847    0.0263666
-6.846    0.0263804
-6.845    0.0263941
-6.844    0.0264079
-6.843    0.0264217
-6.842    0.0264354
-6.841    0.0264492
-6.84    0.026463
-6.839    0.0264769
-6.838    0.0264907
-6.837    0.0265045
-6.836    0.0265184
-6.835    0.0265322
-6.834    0.0265461
-6.833    0.02656
-6.832    0.0265739
-6.831    0.0265878
-6.83    0.0266017
-6.829    0.0266157
-6.828    0.0266296
-6.827    0.0266436
-6.826    0.0266575
-6.825    0.0266715
-6.824    0.0266855
-6.823    0.0266995
-6.822    0.0267135
-6.821    0.0267275
-6.82    0.0267416
-6.819    0.0267556
-6.818    0.0267697
-6.817    0.0267838
-6.816    0.0267978
-6.815    0.0268119
-6.814    0.026826
-6.813    0.0268402
-6.812    0.0268543
-6.811    0.0268684
-6.81    0.0268826
-6.809    0.0268967
-6.808    0.0269109
-6.807    0.0269251
-6.806    0.0269393
-6.805    0.0269535
-6.804    0.0269677
-6.803    0.026982
-6.802    0.0269962
-6.801    0.0270105
-6.8    0.0270247
-6.799    0.027039
-6.798    0.0270533
-6.797    0.0270676
-6.796    0.0270819
-6.795    0.0270963
-6.794    0.0271106
-6.793    0.027125
-6.792    0.0271393
-6.791    0.0271537
-6.79    0.0271681
-6.789    0.0271825
-6.788    0.0271969
-6.787    0.0272113
-6.786    0.0272258
-6.785    0.0272402
-6.784    0.0272547
-6.783    0.0272692
-6.782    0.0272837
-6.781    0.0272982
-6.78    0.0273127
-6.779    0.0273272
-6.778    0.0273417
-6.777    0.0273563
-6.776    0.0273708
-6.775    0.0273854
-6.774    0.0274
-6.773    0.0274146
-6.772    0.0274292
-6.771    0.0274438
-6.77    0.0274584
-6.769    0.0274731
-6.768    0.0274877
-6.767    0.0275024
-6.766    0.0275171
-6.765    0.0275318
-6.764    0.0275465
-6.763    0.0275612
-6.762    0.0275759
-6.761    0.0275907
-6.76    0.0276054
-6.759    0.0276202
-6.758    0.027635
-6.757    0.0276498
-6.756    0.0276646
-6.755    0.0276794
-6.754    0.0276942
-6.753    0.0277091
-6.752    0.0277239
-6.751    0.0277388
-6.75    0.0277537
-6.749    0.0277686
-6.748    0.0277835
-6.747    0.0277984
-6.746    0.0278133
-6.745    0.0278282
-6.744    0.0278432
-6.743    0.0278582
-6.742    0.0278731
-6.741    0.0278881
-6.74    0.0279031
-6.739    0.0279182
-6.738    0.0279332
-6.737    0.0279482
-6.736    0.0279633
-6.735    0.0279784
-6.734    0.0279934
-6.733    0.0280085
-6.732    0.0280237
-6.731    0.0280388
-6.73    0.0280539
-6.729    0.0280691
-6.728    0.0280842
-6.727    0.0280994
-6.726    0.0281146
-6.725    0.0281298
-6.724    0.028145
-6.723    0.0281602
-6.722    0.0281754
-6.721    0.0281907
-6.72    0.0282059
-6.719    0.0282212
-6.718    0.0282365
-6.717    0.0282518
-6.716    0.0282671
-6.715    0.0282825
-6.714    0.0282978
-6.713    0.0283132
-6.712    0.0283285
-6.711    0.0283439
-6.71    0.0283593
-6.709    0.0283747
-6.708    0.0283901
-6.707    0.0284055
-6.706    0.028421
-6.705    0.0284365
-6.704    0.0284519
-6.703    0.0284674
-6.702    0.0284829
-6.701    0.0284984
-6.7    0.0285139
-6.699    0.0285295
-6.698    0.028545
-6.697    0.0285606
-6.696    0.0285762
-6.695    0.0285918
-6.694    0.0286074
-6.693    0.028623
-6.692    0.0286386
-6.691    0.0286543
-6.69    0.0286699
-6.689    0.0286856
-6.688    0.0287013
-6.687    0.028717
-6.686    0.0287327
-6.685    0.0287484
-6.684    0.0287642
-6.683    0.0287799
-6.682    0.0287957
-6.681    0.0288115
-6.68    0.0288273
-6.679    0.0288431
-6.678    0.0288589
-6.677    0.0288747
-6.676    0.0288906
-6.675    0.0289064
-6.674    0.0289223
-6.673    0.0289382
-6.672    0.0289541
-6.671    0.02897
-6.67    0.028986
-6.669    0.0290019
-6.668    0.0290179
-6.667    0.0290338
-6.666    0.0290498
-6.665    0.0290658
-6.664    0.0290818
-6.663    0.0290979
-6.662    0.0291139
-6.661    0.02913
-6.66    0.029146
-6.659    0.0291621
-6.658    0.0291782
-6.657    0.0291943
-6.656    0.0292105
-6.655    0.0292266
-6.654    0.0292427
-6.653    0.0292589
-6.652    0.0292751
-6.651    0.0292913
-6.65    0.0293075
-6.649    0.0293237
-6.648    0.02934
-6.647    0.0293562
-6.646    0.0293725
-6.645    0.0293888
-6.644    0.0294051
-6.643    0.0294214
-6.642    0.0294377
-6.641    0.029454
-6.64    0.0294704
-6.639    0.0294867
-6.638    0.0295031
-6.637    0.0295195
-6.636    0.0295359
-6.635    0.0295524
-6.634    0.0295688
-6.633    0.0295852
-6.632    0.0296017
-6.631    0.0296182
-6.63    0.0296347
-6.629    0.0296512
-6.628    0.0296677
-6.627    0.0296843
-6.626    0.0297008
-6.625    0.0297174
-6.624    0.029734
-6.623    0.0297506
-6.622    0.0297672
-6.621    0.0297838
-6.62    0.0298004
-6.619    0.0298171
-6.618    0.0298338
-6.617    0.0298504
-6.616    0.0298671
-6.615    0.0298839
-6.614    0.0299006
-6.613    0.0299173
-6.612    0.0299341
-6.611    0.0299509
-6.61    0.0299676
-6.609    0.0299845
-6.608    0.0300013
-6.607    0.0300181
-6.606    0.0300349
-6.605    0.0300518
-6.604    0.0300687
-6.603    0.0300856
-6.602    0.0301025
-6.601    0.0301194
-6.6    0.0301363
-6.599    0.0301533
-6.598    0.0301703
-6.597    0.0301872
-6.596    0.0302042
-6.595    0.0302213
-6.594    0.0302383
-6.593    0.0302553
-6.592    0.0302724
-6.591    0.0302895
-6.59    0.0303065
-6.589    0.0303236
-6.588    0.0303408
-6.587    0.0303579
-6.586    0.030375
-6.585    0.0303922
-6.584    0.0304094
-6.583    0.0304266
-6.582    0.0304438
-6.581    0.030461
-6.58    0.0304782
-6.579    0.0304955
-6.578    0.0305128
-6.577    0.0305301
-6.576    0.0305474
-6.575    0.0305647
-6.574    0.030582
-6.573    0.0305994
-6.572    0.0306167
-6.571    0.0306341
-6.57    0.0306515
-6.569    0.0306689
-6.568    0.0306863
-6.567    0.0307038
-6.566    0.0307212
-6.565    0.0307387
-6.564    0.0307562
-6.563    0.0307737
-6.562    0.0307912
-6.561    0.0308087
-6.56    0.0308263
-6.559    0.0308439
-6.558    0.0308614
-6.557    0.030879
-6.556    0.0308967
-6.555    0.0309143
-6.554    0.0309319
-6.553    0.0309496
-6.552    0.0309673
-6.551    0.030985
-6.55    0.0310027
-6.549    0.0310204
-6.548    0.0310381
-6.547    0.0310559
-6.546    0.0310737
-6.545    0.0310915
-6.544    0.0311093
-6.543    0.0311271
-6.542    0.0311449
-6.541    0.0311628
-6.54    0.0311806
-6.539    0.0311985
-6.538    0.0312164
-6.537    0.0312343
-6.536    0.0312523
-6.535    0.0312702
-6.534    0.0312882
-6.533    0.0313062
-6.532    0.0313242
-6.531    0.0313422
-6.53    0.0313602
-6.529    0.0313783
-6.528    0.0313963
-6.527    0.0314144
-6.526    0.0314325
-6.525    0.0314506
-6.524    0.0314688
-6.523    0.0314869
-6.522    0.0315051
-6.521    0.0315232
-6.52    0.0315414
-6.519    0.0315596
-6.518    0.0315779
-6.517    0.0315961
-6.516    0.0316144
-6.515    0.0316327
-6.514    0.031651
-6.513    0.0316693
-6.512    0.0316876
-6.511    0.0317059
-6.51    0.0317243
-6.509    0.0317427
-6.508    0.0317611
-6.507    0.0317795
-6.506    0.0317979
-6.505    0.0318164
-6.504    0.0318348
-6.503    0.0318533
-6.502    0.0318718
-6.501    0.0318903
-6.5    0.0319088
-6.499    0.0319274
-6.498    0.031946
-6.497    0.0319645
-6.496    0.0319831
-6.495    0.0320018
-6.494    0.0320204
-6.493    0.032039
-6.492    0.0320577
-6.491    0.0320764
-6.49    0.0320951
-6.489    0.0321138
-6.488    0.0321325
-6.487    0.0321513
-6.486    0.0321701
-6.485    0.0321888
-6.484    0.0322076
-6.483    0.0322265
-6.482    0.0322453
-6.481    0.0322642
-6.48    0.032283
-6.479    0.0323019
-6.478    0.0323208
-6.477    0.0323398
-6.476    0.0323587
-6.475    0.0323777
-6.474    0.0323966
-6.473    0.0324156
-6.472    0.0324347
-6.471    0.0324537
-6.47    0.0324727
-6.469    0.0324918
-6.468    0.0325109
-6.467    0.03253
-6.466    0.0325491
-6.465    0.0325682
-6.464    0.0325874
-6.463    0.0326066
-6.462    0.0326258
-6.461    0.032645
-6.46    0.0326642
-6.459    0.0326834
-6.458    0.0327027
-6.457    0.032722
-6.456    0.0327413
-6.455    0.0327606
-6.454    0.0327799
-6.453    0.0327993
-6.452    0.0328186
-6.451    0.032838
-6.45    0.0328574
-6.449    0.0328768
-6.448    0.0328963
-6.447    0.0329157
-6.446    0.0329352
-6.445    0.0329547
-6.444    0.0329742
-6.443    0.0329938
-6.442    0.0330133
-6.441    0.0330329
-6.44    0.0330525
-6.439    0.0330721
-6.438    0.0330917
-6.437    0.0331113
-6.436    0.033131
-6.435    0.0331507
-6.434    0.0331704
-6.433    0.0331901
-6.432    0.0332098
-6.431    0.0332296
-6.43    0.0332493
-6.429    0.0332691
-6.428    0.0332889
-6.427    0.0333088
-6.426    0.0333286
-6.425    0.0333485
-6.424    0.0333684
-6.423    0.0333883
-6.422    0.0334082
-6.421    0.0334281
-6.42    0.0334481
-6.419    0.033468
-6.418    0.033488
-6.417    0.0335081
-6.416    0.0335281
-6.415    0.0335481
-6.414    0.0335682
-6.413    0.0335883
-6.412    0.0336084
-6.411    0.0336285
-6.41    0.0336487
-6.409    0.0336688
-6.408    0.033689
-6.407    0.0337092
-6.406    0.0337294
-6.405    0.0337497
-6.404    0.0337699
-6.403    0.0337902
-6.402    0.0338105
-6.401    0.0338308
-6.4    0.0338512
-6.399    0.0338715
-6.398    0.0338919
-6.397    0.0339123
-6.396    0.0339327
-6.395    0.0339532
-6.394    0.0339736
-6.393    0.0339941
-6.392    0.0340146
-6.391    0.0340351
-6.39    0.0340556
-6.389    0.0340762
-6.388    0.0340967
-6.387    0.0341173
-6.386    0.0341379
-6.385    0.0341586
-6.384    0.0341792
-6.383    0.0341999
-6.382    0.0342206
-6.381    0.0342413
-6.38    0.034262
-6.379    0.0342827
-6.378    0.0343035
-6.377    0.0343243
-6.376    0.0343451
-6.375    0.0343659
-6.374    0.0343868
-6.373    0.0344076
-6.372    0.0344285
-6.371    0.0344494
-6.37    0.0344704
-6.369    0.0344913
-6.368    0.0345123
-6.367    0.0345333
-6.366    0.0345543
-6.365    0.0345753
-6.364    0.0345963
-6.363    0.0346174
-6.362    0.0346385
-6.361    0.0346596
-6.36    0.0346807
-6.359    0.0347019
-6.358    0.034723
-6.357    0.0347442
-6.356    0.0347654
-6.355    0.0347867
-6.354    0.0348079
-6.353    0.0348292
-6.352    0.0348505
-6.351    0.0348718
-6.35    0.0348931
-6.349    0.0349145
-6.348    0.0349358
-6.347    0.0349572
-6.346    0.0349786
-6.345    0.0350001
-6.344    0.0350215
-6.343    0.035043
-6.342    0.0350645
-6.341    0.035086
-6.34    0.0351076
-6.339    0.0351291
-6.338    0.0351507
-6.337    0.0351723
-6.336    0.0351939
-6.335    0.0352156
-6.334    0.0352372
-6.333    0.0352589
-6.332    0.0352806
-6.331    0.0353024
-6.33    0.0353241
-6.329    0.0353459
-6.328    0.0353677
-6.327    0.0353895
-6.326    0.0354113
-6.325    0.0354332
-6.324    0.035455
-6.323    0.0354769
-6.322    0.0354988
-6.321    0.0355208
-6.32    0.0355427
-6.319    0.0355647
-6.318    0.0355867
-6.317    0.0356088
-6.316    0.0356308
-6.315    0.0356529
-6.314    0.035675
-6.313    0.0356971
-6.312    0.0357192
-6.311    0.0357414
-6.31    0.0357635
-6.309    0.0357857
-6.308    0.035808
-6.307    0.0358302
-6.306    0.0358525
-6.305    0.0358747
-6.304    0.035897
-6.303    0.0359194
-6.302    0.0359417
-6.301    0.0359641
-6.3    0.0359865
-6.299    0.0360089
-6.298    0.0360313
-6.297    0.0360538
-6.296    0.0360763
-6.295    0.0360988
-6.294    0.0361213
-6.293    0.0361439
-6.292    0.0361664
-6.291    0.036189
-6.29    0.0362117
-6.289    0.0362343
-6.288    0.0362569
-6.287    0.0362796
-6.286    0.0363023
-6.285    0.0363251
-6.284    0.0363478
-6.283    0.0363706
-6.282    0.0363934
-6.281    0.0364162
-6.28    0.036439
-6.279    0.0364619
-6.278    0.0364848
-6.277    0.0365077
-6.276    0.0365306
-6.275    0.0365536
-6.274    0.0365766
-6.273    0.0365995
-6.272    0.0366226
-6.271    0.0366456
-6.27    0.0366687
-6.269    0.0366918
-6.268    0.0367149
-6.267    0.036738
-6.266    0.0367612
-6.265    0.0367844
-6.264    0.0368076
-6.263    0.0368308
-6.262    0.036854
-6.261    0.0368773
-6.26    0.0369006
-6.259    0.0369239
-6.258    0.0369473
-6.257    0.0369706
-6.256    0.036994
-6.255    0.0370175
-6.254    0.0370409
-6.253    0.0370644
-6.252    0.0370878
-6.251    0.0371113
-6.25    0.0371349
-6.249    0.0371584
-6.248    0.037182
-6.247    0.0372056
-6.246    0.0372292
-6.245    0.0372529
-6.244    0.0372766
-6.243    0.0373003
-6.242    0.037324
-6.241    0.0373477
-6.24    0.0373715
-6.239    0.0373953
-6.238    0.0374191
-6.237    0.0374429
-6.236    0.0374668
-6.235    0.0374907
-6.234    0.0375146
-6.233    0.0375385
-6.232    0.0375625
-6.231    0.0375865
-6.23    0.0376105
-6.229    0.0376345
-6.228    0.0376586
-6.227    0.0376827
-6.226    0.0377068
-6.225    0.0377309
-6.224    0.037755
-6.223    0.0377792
-6.222    0.0378034
-6.221    0.0378276
-6.22    0.0378519
-6.219    0.0378762
-6.218    0.0379005
-6.217    0.0379248
-6.216    0.0379491
-6.215    0.0379735
-6.214    0.0379979
-6.213    0.0380223
-6.212    0.0380468
-6.211    0.0380713
-6.21    0.0380958
-6.209    0.0381203
-6.208    0.0381448
-6.207    0.0381694
-6.206    0.038194
-6.205    0.0382186
-6.204    0.0382433
-6.203    0.038268
-6.202    0.0382927
-6.201    0.0383174
-6.2    0.0383421
-6.199    0.0383669
-6.198    0.0383917
-6.197    0.0384165
-6.196    0.0384414
-6.195    0.0384662
-6.194    0.0384911
-6.193    0.0385161
-6.192    0.038541
-6.191    0.038566
-6.19    0.038591
-6.189    0.038616
-6.188    0.0386411
-6.187    0.0386662
-6.186    0.0386913
-6.185    0.0387164
-6.184    0.0387416
-6.183    0.0387667
-6.182    0.0387919
-6.181    0.0388172
-6.18    0.0388424
-6.179    0.0388677
-6.178    0.038893
-6.177    0.0389184
-6.176    0.0389437
-6.175    0.0389691
-6.174    0.0389945
-6.173    0.03902
-6.172    0.0390455
-6.171    0.039071
-6.17    0.0390965
-6.169    0.039122
-6.168    0.0391476
-6.167    0.0391732
-6.166    0.0391988
-6.165    0.0392245
-6.164    0.0392502
-6.163    0.0392759
-6.162    0.0393016
-6.161    0.0393274
-6.16    0.0393531
-6.159    0.0393789
-6.158    0.0394048
-6.157    0.0394307
-6.156    0.0394565
-6.155    0.0394825
-6.154    0.0395084
-6.153    0.0395344
-6.152    0.0395604
-6.151    0.0395864
-6.15    0.0396125
-6.149    0.0396386
-6.148    0.0396647
-6.147    0.0396908
-6.146    0.039717
-6.145    0.0397431
-6.144    0.0397694
-6.143    0.0397956
-6.142    0.0398219
-6.141    0.0398482
-6.14    0.0398745
-6.139    0.0399009
-6.138    0.0399272
-6.137    0.0399537
-6.136    0.0399801
-6.135    0.0400066
-6.134    0.040033
-6.133    0.0400596
-6.132    0.0400861
-6.131    0.0401127
-6.13    0.0401393
-6.129    0.0401659
-6.128    0.0401926
-6.127    0.0402193
-6.126    0.040246
-6.125    0.0402727
-6.124    0.0402995
-6.123    0.0403263
-6.122    0.0403531
-6.121    0.04038
-6.12    0.0404069
-6.119    0.0404338
-6.118    0.0404607
-6.117    0.0404877
-6.116    0.0405147
-6.115    0.0405417
-6.114    0.0405688
-6.113    0.0405958
-6.112    0.040623
-6.111    0.0406501
-6.11    0.0406773
-6.109    0.0407045
-6.108    0.0407317
-6.107    0.0407589
-6.106    0.0407862
-6.105    0.0408135
-6.104    0.0408409
-6.103    0.0408682
-6.102    0.0408956
-6.101    0.0409231
-6.1    0.0409505
-6.099    0.040978
-6.098    0.0410055
-6.097    0.0410331
-6.096    0.0410606
-6.095    0.0410882
-6.094    0.0411159
-6.093    0.0411435
-6.092    0.0411712
-6.091    0.0411989
-6.09    0.0412267
-6.089    0.0412545
-6.088    0.0412823
-6.087    0.0413101
-6.086    0.041338
-6.085    0.0413659
-6.084    0.0413938
-6.083    0.0414218
-6.082    0.0414498
-6.081    0.0414778
-6.08    0.0415058
-6.079    0.0415339
-6.078    0.041562
-6.077    0.0415901
-6.076    0.0416183
-6.075    0.0416465
-6.074    0.0416747
-6.073    0.041703
-6.072    0.0417313
-6.071    0.0417596
-6.07    0.0417879
-6.069    0.0418163
-6.068    0.0418447
-6.067    0.0418732
-6.066    0.0419016
-6.065    0.0419301
-6.064    0.0419587
-6.063    0.0419872
-6.062    0.0420158
-6.061    0.0420445
-6.06    0.0420731
-6.059    0.0421018
-6.058    0.0421305
-6.057    0.0421593
-6.056    0.042188
-6.055    0.0422168
-6.054    0.0422457
-6.053    0.0422746
-6.052    0.0423035
-6.051    0.0423324
-6.05    0.0423614
-6.049    0.0423903
-6.048    0.0424194
-6.047    0.0424484
-6.046    0.0424775
-6.045    0.0425066
-6.044    0.0425358
-6.043    0.042565
-6.042    0.0425942
-6.041    0.0426234
-6.04    0.0426527
-6.039    0.042682
-6.038    0.0427114
-6.037    0.0427408
-6.036    0.0427702
-6.035    0.0427996
-6.034    0.0428291
-6.033    0.0428586
-6.032    0.0428881
-6.031    0.0429177
-6.03    0.0429473
-6.029    0.0429769
-6.028    0.0430066
-6.027    0.0430363
-6.026    0.043066
-6.025    0.0430958
-6.024    0.0431256
-6.023    0.0431554
-6.022    0.0431852
-6.021    0.0432151
-6.02    0.0432451
-6.019    0.043275
-6.018    0.043305
-6.017    0.043335
-6.016    0.0433651
-6.015    0.0433952
-6.014    0.0434253
-6.013    0.0434555
-6.012    0.0434856
-6.011    0.0435159
-6.01    0.0435461
-6.009    0.0435764
-6.008    0.0436067
-6.007    0.0436371
-6.006    0.0436675
-6.005    0.0436979
-6.004    0.0437283
-6.003    0.0437588
-6.002    0.0437894
-6.001    0.0438199
-6    0.0438505
-5.999    0.0438811
-5.998    0.0439118
-5.997    0.0439425
-5.996    0.0439732
-5.995    0.044004
-5.994    0.0440347
-5.993    0.0440656
-5.992    0.0440964
-5.991    0.0441273
-5.99    0.0441583
-5.989    0.0441892
-5.988    0.0442202
-5.987    0.0442512
-5.986    0.0442823
-5.985    0.0443134
-5.984    0.0443445
-5.983    0.0443757
-5.982    0.0444069
-5.981    0.0444382
-5.98    0.0444694
-5.979    0.0445007
-5.978    0.0445321
-5.977    0.0445635
-5.976    0.0445949
-5.975    0.0446263
-5.974    0.0446578
-5.973    0.0446893
-5.972    0.0447209
-5.971    0.0447525
-5.97    0.0447841
-5.969    0.0448158
-5.968    0.0448474
-5.967    0.0448792
-5.966    0.0449109
-5.965    0.0449427
-5.964    0.0449746
-5.963    0.0450065
-5.962    0.0450384
-5.961    0.0450703
-5.96    0.0451023
-5.959    0.0451343
-5.958    0.0451664
-5.957    0.0451984
-5.956    0.0452306
-5.955    0.0452627
-5.954    0.0452949
-5.953    0.0453272
-5.952    0.0453594
-5.951    0.0453917
-5.95    0.0454241
-5.949    0.0454564
-5.948    0.0454889
-5.947    0.0455213
-5.946    0.0455538
-5.945    0.0455863
-5.944    0.0456189
-5.943    0.0456515
-5.942    0.0456841
-5.941    0.0457168
-5.94    0.0457495
-5.939    0.0457822
-5.938    0.045815
-5.937    0.0458478
-5.936    0.0458807
-5.935    0.0459136
-5.934    0.0459465
-5.933    0.0459795
-5.932    0.0460125
-5.931    0.0460455
-5.93    0.0460786
-5.929    0.0461117
-5.928    0.0461449
-5.927    0.0461781
-5.926    0.0462113
-5.925    0.0462446
-5.924    0.0462779
-5.923    0.0463112
-5.922    0.0463446
-5.921    0.046378
-5.92    0.0464115
-5.919    0.046445
-5.918    0.0464785
-5.917    0.0465121
-5.916    0.0465457
-5.915    0.0465794
-5.914    0.0466131
-5.913    0.0466468
-5.912    0.0466805
-5.911    0.0467144
-5.91    0.0467482
-5.909    0.0467821
-5.908    0.046816
-5.907    0.04685
-5.906    0.046884
-5.905    0.046918
-5.904    0.0469521
-5.903    0.0469862
-5.902    0.0470203
-5.901    0.0470545
-5.9    0.0470888
-5.899    0.047123
-5.898    0.0471574
-5.897    0.0471917
-5.896    0.0472261
-5.895    0.0472605
-5.894    0.047295
-5.893    0.0473295
-5.892    0.0473641
-5.891    0.0473987
-5.89    0.0474333
-5.889    0.047468
-5.888    0.0475027
-5.887    0.0475374
-5.886    0.0475722
-5.885    0.047607
-5.884    0.0476419
-5.883    0.0476768
-5.882    0.0477118
-5.881    0.0477468
-5.88    0.0477818
-5.879    0.0478169
-5.878    0.047852
-5.877    0.0478872
-5.876    0.0479224
-5.875    0.0479576
-5.874    0.0479929
-5.873    0.0480282
-5.872    0.0480636
-5.871    0.048099
-5.87    0.0481344
-5.869    0.0481699
-5.868    0.0482054
-5.867    0.048241
-5.866    0.0482766
-5.865    0.0483122
-5.864    0.0483479
-5.863    0.0483837
-5.862    0.0484194
-5.861    0.0484553
-5.86    0.0484911
-5.859    0.048527
-5.858    0.048563
-5.857    0.048599
-5.856    0.048635
-5.855    0.0486711
-5.854    0.0487072
-5.853    0.0487433
-5.852    0.0487795
-5.851    0.0488158
-5.85    0.048852
-5.849    0.0488884
-5.848    0.0489247
-5.847    0.0489611
-5.846    0.0489976
-5.845    0.0490341
-5.844    0.0490706
-5.843    0.0491072
-5.842    0.0491438
-5.841    0.0491805
-5.84    0.0492172
-5.839    0.049254
-5.838    0.0492908
-5.837    0.0493276
-5.836    0.0493645
-5.835    0.0494014
-5.834    0.0494384
-5.833    0.0494754
-5.832    0.0495125
-5.831    0.0495496
-5.83    0.0495868
-5.829    0.0496239
-5.828    0.0496612
-5.827    0.0496985
-5.826    0.0497358
-5.825    0.0497732
-5.824    0.0498106
-5.823    0.049848
-5.822    0.0498855
-5.821    0.0499231
-5.82    0.0499607
-5.819    0.0499983
-5.818    0.050036
-5.817    0.0500737
-5.816    0.0501115
-5.815    0.0501493
-5.814    0.0501872
-5.813    0.0502251
-5.812    0.0502631
-5.811    0.0503011
-5.81    0.0503391
-5.809    0.0503772
-5.808    0.0504153
-5.807    0.0504535
-5.806    0.0504917
-5.805    0.05053
-5.804    0.0505683
-5.803    0.0506067
-5.802    0.0506451
-5.801    0.0506836
-5.8    0.0507221
-5.799    0.0507606
-5.798    0.0507992
-5.797    0.0508379
-5.796    0.0508765
-5.795    0.0509153
-5.794    0.0509541
-5.793    0.0509929
-5.792    0.0510318
-5.791    0.0510707
-5.79    0.0511097
-5.789    0.0511487
-5.788    0.0511877
-5.787    0.0512269
-5.786    0.051266
-5.785    0.0513052
-5.784    0.0513445
-5.783    0.0513838
-5.782    0.0514231
-5.781    0.0514625
-5.78    0.051502
-5.779    0.0515415
-5.778    0.051581
-5.777    0.0516206
-5.776    0.0516602
-5.775    0.0516999
-5.774    0.0517397
-5.773    0.0517794
-5.772    0.0518193
-5.771    0.0518591
-5.77    0.0518991
-5.769    0.051939
-5.768    0.0519791
-5.767    0.0520191
-5.766    0.0520593
-5.765    0.0520994
-5.764    0.0521397
-5.763    0.0521799
-5.762    0.0522203
-5.761    0.0522606
-5.76    0.052301
-5.759    0.0523415
-5.758    0.052382
-5.757    0.0524226
-5.756    0.0524632
-5.755    0.0525039
-5.754    0.0525446
-5.753    0.0525854
-5.752    0.0526262
-5.751    0.052667
-5.75    0.052708
-5.749    0.0527489
-5.748    0.0527899
-5.747    0.052831
-5.746    0.0528721
-5.745    0.0529133
-5.744    0.0529545
-5.743    0.0529958
-5.742    0.0530371
-5.741    0.0530785
-5.74    0.0531199
-5.739    0.0531614
-5.738    0.0532029
-5.737    0.0532445
-5.736    0.0532861
-5.735    0.0533278
-5.734    0.0533695
-5.733    0.0534113
-5.732    0.0534531
-5.731    0.053495
-5.73    0.053537
-5.729    0.053579
-5.728    0.053621
-5.727    0.0536631
-5.726    0.0537053
-5.725    0.0537475
-5.724    0.0537897
-5.723    0.053832
-5.722    0.0538744
-5.721    0.0539168
-5.72    0.0539593
-5.719    0.0540018
-5.718    0.0540443
-5.717    0.054087
-5.716    0.0541296
-5.715    0.0541724
-5.714    0.0542152
-5.713    0.054258
-5.712    0.0543009
-5.711    0.0543438
-5.71    0.0543868
-5.709    0.0544299
-5.708    0.054473
-5.707    0.0545162
-5.706    0.0545594
-5.705    0.0546026
-5.704    0.054646
-5.703    0.0546893
-5.702    0.0547328
-5.701    0.0547763
-5.7    0.0548198
-5.699    0.0548634
-5.698    0.0549071
-5.697    0.0549508
-5.696    0.0549945
-5.695    0.0550383
-5.694    0.0550822
-5.693    0.0551261
-5.692    0.0551701
-5.691    0.0552142
-5.69    0.0552583
-5.689    0.0553024
-5.688    0.0553466
-5.687    0.0553909
-5.686    0.0554352
-5.685    0.0554796
-5.684    0.055524
-5.683    0.0555685
-5.682    0.055613
-5.681    0.0556576
-5.68    0.0557023
-5.679    0.055747
-5.678    0.0557918
-5.677    0.0558366
-5.676    0.0558815
-5.675    0.0559264
-5.674    0.0559714
-5.673    0.0560165
-5.672    0.0560616
-5.671    0.0561068
-5.67    0.056152
-5.669    0.0561973
-5.668    0.0562426
-5.667    0.0562881
-5.666    0.0563335
-5.665    0.056379
-5.664    0.0564246
-5.663    0.0564702
-5.662    0.0565159
-5.661    0.0565617
-5.66    0.0566075
-5.659    0.0566534
-5.658    0.0566993
-5.657    0.0567453
-5.656    0.0567914
-5.655    0.0568375
-5.654    0.0568836
-5.653    0.0569299
-5.652    0.0569761
-5.651    0.0570225
-5.65    0.0570689
-5.649    0.0571154
-5.648    0.0571619
-5.647    0.0572085
-5.646    0.0572551
-5.645    0.0573018
-5.644    0.0573486
-5.643    0.0573954
-5.642    0.0574423
-5.641    0.0574892
-5.64    0.0575363
-5.639    0.0575833
-5.638    0.0576305
-5.637    0.0576776
-5.636    0.0577249
-5.635    0.0577722
-5.634    0.0578196
-5.633    0.057867
-5.632    0.0579145
-5.631    0.0579621
-5.63    0.0580097
-5.629    0.0580574
-5.628    0.0581052
-5.627    0.058153
-5.626    0.0582008
-5.625    0.0582488
-5.624    0.0582968
-5.623    0.0583448
-5.622    0.0583929
-5.621    0.0584411
-5.62    0.0584894
-5.619    0.0585377
-5.618    0.0585861
-5.617    0.0586345
-5.616    0.058683
-5.615    0.0587316
-5.614    0.0587802
-5.613    0.0588289
-5.612    0.0588777
-5.611    0.0589265
-5.61    0.0589754
-5.609    0.0590243
-5.608    0.0590733
-5.607    0.0591224
-5.606    0.0591716
-5.605    0.0592208
-5.604    0.05927
-5.603    0.0593194
-5.602    0.0593688
-5.601    0.0594183
-5.6    0.0594678
-5.599    0.0595174
-5.598    0.0595671
-5.597    0.0596168
-5.596    0.0596666
-5.595    0.0597164
-5.594    0.0597664
-5.593    0.0598164
-5.592    0.0598664
-5.591    0.0599166
-5.59    0.0599668
-5.589    0.060017
-5.588    0.0600673
-5.587    0.0601177
-5.586    0.0601682
-5.585    0.0602187
-5.584    0.0602693
-5.583    0.06032
-5.582    0.0603707
-5.581    0.0604215
-5.58    0.0604724
-5.579    0.0605233
-5.578    0.0605743
-5.577    0.0606254
-5.576    0.0606765
-5.575    0.0607278
-5.574    0.060779
-5.573    0.0608304
-5.572    0.0608818
-5.571    0.0609333
-5.57    0.0609848
-5.569    0.0610364
-5.568    0.0610881
-5.567    0.0611399
-5.566    0.0611917
-5.565    0.0612436
-5.564    0.0612956
-5.563    0.0613476
-5.562    0.0613998
-5.561    0.0614519
-5.56    0.0615042
-5.559    0.0615565
-5.558    0.0616089
-5.557    0.0616614
-5.556    0.0617139
-5.555    0.0617665
-5.554    0.0618192
-5.553    0.0618719
-5.552    0.0619247
-5.551    0.0619776
-5.55    0.0620306
-5.549    0.0620836
-5.548    0.0621367
-5.547    0.0621899
-5.546    0.0622432
-5.545    0.0622965
-5.544    0.0623499
-5.543    0.0624033
-5.542    0.0624569
-5.541    0.0625105
-5.54    0.0625642
-5.539    0.0626179
-5.538    0.0626718
-5.537    0.0627257
-5.536    0.0627797
-5.535    0.0628337
-5.534    0.0628878
-5.533    0.062942
-5.532    0.0629963
-5.531    0.0630507
-5.53    0.0631051
-5.529    0.0631596
-5.528    0.0632142
-5.527    0.0632688
-5.526    0.0633235
-5.525    0.0633783
-5.524    0.0634332
-5.523    0.0634881
-5.522    0.0635432
-5.521    0.0635983
-5.52    0.0636534
-5.519    0.0637087
-5.518    0.063764
-5.517    0.0638194
-5.516    0.0638749
-5.515    0.0639305
-5.514    0.0639861
-5.513    0.0640418
-5.512    0.0640976
-5.511    0.0641535
-5.51    0.0642094
-5.509    0.0642654
-5.508    0.0643215
-5.507    0.0643777
-5.506    0.064434
-5.505    0.0644903
-5.504    0.0645467
-5.503    0.0646032
-5.502    0.0646598
-5.501    0.0647164
-5.5    0.0647731
-5.499    0.0648299
-5.498    0.0648868
-5.497    0.0649438
-5.496    0.0650008
-5.495    0.0650579
-5.494    0.0651151
-5.493    0.0651724
-5.492    0.0652298
-5.491    0.0652872
-5.49    0.0653447
-5.489    0.0654023
-5.488    0.06546
-5.487    0.0655178
-5.486    0.0655756
-5.485    0.0656335
-5.484    0.0656916
-5.483    0.0657496
-5.482    0.0658078
-5.481    0.0658661
-5.48    0.0659244
-5.479    0.0659828
-5.478    0.0660413
-5.477    0.0660999
-5.476    0.0661585
-5.475    0.0662173
-5.474    0.0662761
-5.473    0.066335
-5.472    0.066394
-5.471    0.0664531
-5.47    0.0665123
-5.469    0.0665715
-5.468    0.0666308
-5.467    0.0666902
-5.466    0.0667497
-5.465    0.0668093
-5.464    0.066869
-5.463    0.0669287
-5.462    0.0669886
-5.461    0.0670485
-5.46    0.0671085
-5.459    0.0671686
-5.458    0.0672288
-5.457    0.067289
-5.456    0.0673494
-5.455    0.0674098
-5.454    0.0674703
-5.453    0.0675309
-5.452    0.0675916
-5.451    0.0676524
-5.45    0.0677132
-5.449    0.0677742
-5.448    0.0678352
-5.447    0.0678964
-5.446    0.0679576
-5.445    0.0680189
-5.444    0.0680803
-5.443    0.0681418
-5.442    0.0682033
-5.441    0.068265
-5.44    0.0683267
-5.439    0.0683885
-5.438    0.0684505
-5.437    0.0685125
-5.436    0.0685746
-5.435    0.0686368
-5.434    0.068699
-5.433    0.0687614
-5.432    0.0688239
-5.431    0.0688864
-5.43    0.0689491
-5.429    0.0690118
-5.428    0.0690746
-5.427    0.0691375
-5.426    0.0692005
-5.425    0.0692636
-5.424    0.0693268
-5.423    0.0693901
-5.422    0.0694534
-5.421    0.0695169
-5.42    0.0695804
-5.419    0.0696441
-5.418    0.0697078
-5.417    0.0697717
-5.416    0.0698356
-5.415    0.0698996
-5.414    0.0699637
-5.413    0.0700279
-5.412    0.0700922
-5.411    0.0701566
-5.41    0.0702211
-5.409    0.0702857
-5.408    0.0703503
-5.407    0.0704151
-5.406    0.07048
-5.405    0.0705449
-5.404    0.07061
-5.403    0.0706751
-5.402    0.0707404
-5.401    0.0708057
-5.4    0.0708711
-5.399    0.0709367
-5.398    0.0710023
-5.397    0.071068
-5.396    0.0711338
-5.395    0.0711997
-5.394    0.0712658
-5.393    0.0713319
-5.392    0.0713981
-5.391    0.0714644
-5.39    0.0715308
-5.389    0.0715973
-5.388    0.0716639
-5.387    0.0717306
-5.386    0.0717974
-5.385    0.0718643
-5.384    0.0719313
-5.383    0.0719984
-5.382    0.0720656
-5.381    0.0721329
-5.38    0.0722003
-5.379    0.0722678
-5.378    0.0723354
-5.377    0.0724031
-5.376    0.0724709
-5.375    0.0725388
-5.374    0.0726068
-5.373    0.0726749
-5.372    0.0727431
-5.371    0.0728114
-5.37    0.0728798
-5.369    0.0729483
-5.368    0.0730169
-5.367    0.0730856
-5.366    0.0731544
-5.365    0.0732233
-5.364    0.0732924
-5.363    0.0733615
-5.362    0.0734307
-5.361    0.0735
-5.36    0.0735695
-5.359    0.073639
-5.358    0.0737087
-5.357    0.0737784
-5.356    0.0738483
-5.355    0.0739182
-5.354    0.0739883
-5.353    0.0740585
-5.352    0.0741288
-5.351    0.0741991
-5.35    0.0742696
-5.349    0.0743402
-5.348    0.0744109
-5.347    0.0744818
-5.346    0.0745527
-5.345    0.0746237
-5.344    0.0746948
-5.343    0.0747661
-5.342    0.0748374
-5.341    0.0749089
-5.34    0.0749804
-5.339    0.0750521
-5.338    0.0751239
-5.337    0.0751958
-5.336    0.0752678
-5.335    0.0753399
-5.334    0.0754121
-5.333    0.0754845
-5.332    0.0755569
-5.331    0.0756295
-5.33    0.0757021
-5.329    0.0757749
-5.328    0.0758478
-5.327    0.0759208
-5.326    0.0759939
-5.325    0.0760671
-5.324    0.0761405
-5.323    0.0762139
-5.322    0.0762875
-5.321    0.0763612
-5.32    0.0764349
-5.319    0.0765088
-5.318    0.0765829
-5.317    0.076657
-5.316    0.0767312
-5.315    0.0768056
-5.314    0.0768801
-5.313    0.0769546
-5.312    0.0770293
-5.311    0.0771042
-5.31    0.0771791
-5.309    0.0772541
-5.308    0.0773293
-5.307    0.0774046
-5.306    0.07748
-5.305    0.0775555
-5.304    0.0776311
-5.303    0.0777069
-5.302    0.0777828
-5.301    0.0778587
-5.3    0.0779348
-5.299    0.0780111
-5.298    0.0780874
-5.297    0.0781639
-5.296    0.0782404
-5.295    0.0783171
-5.294    0.078394
-5.293    0.0784709
-5.292    0.078548
-5.291    0.0786251
-5.29    0.0787024
-5.289    0.0787799
-5.288    0.0788574
-5.287    0.0789351
-5.286    0.0790129
-5.285    0.0790908
-5.284    0.0791688
-5.283    0.0792469
-5.282    0.0793252
-5.281    0.0794036
-5.28    0.0794821
-5.279    0.0795608
-5.278    0.0796396
-5.277    0.0797184
-5.276    0.0797975
-5.275    0.0798766
-5.274    0.0799559
-5.273    0.0800353
-5.272    0.0801148
-5.271    0.0801944
-5.27    0.0802742
-5.269    0.0803541
-5.268    0.0804341
-5.267    0.0805143
-5.266    0.0805946
-5.265    0.080675
-5.264    0.0807555
-5.263    0.0808362
-5.262    0.0809169
-5.261    0.0809979
-5.26    0.0810789
-5.259    0.0811601
-5.258    0.0812414
-5.257    0.0813228
-5.256    0.0814044
-5.255    0.0814861
-5.254    0.0815679
-5.253    0.0816499
-5.252    0.081732
-5.251    0.0818142
-5.25    0.0818965
-5.249    0.081979
-5.248    0.0820616
-5.247    0.0821444
-5.246    0.0822273
-5.245    0.0823103
-5.244    0.0823934
-5.243    0.0824767
-5.242    0.0825601
-5.241    0.0826437
-5.24    0.0827274
-5.239    0.0828112
-5.238    0.0828952
-5.237    0.0829792
-5.236    0.0830635
-5.235    0.0831478
-5.234    0.0832323
-5.233    0.083317
-5.232    0.0834018
-5.231    0.0834867
-5.23    0.0835717
-5.229    0.0836569
-5.228    0.0837422
-5.227    0.0838277
-5.226    0.0839133
-5.225    0.0839991
-5.224    0.0840849
-5.223    0.084171
-5.222    0.0842571
-5.221    0.0843434
-5.22    0.0844299
-5.219    0.0845165
-5.218    0.0846032
-5.217    0.0846901
-5.216    0.0847771
-5.215    0.0848642
-5.214    0.0849515
-5.213    0.085039
-5.212    0.0851266
-5.211    0.0852143
-5.21    0.0853022
-5.209    0.0853902
-5.208    0.0854783
-5.207    0.0855667
-5.206    0.0856551
-5.205    0.0857437
-5.204    0.0858325
-5.203    0.0859213
-5.202    0.0860104
-5.201    0.0860996
-5.2    0.0861889
-5.199    0.0862784
-5.198    0.086368
-5.197    0.0864578
-5.196    0.0865477
-5.195    0.0866378
-5.194    0.086728
-5.193    0.0868184
-5.192    0.0869089
-5.191    0.0869996
-5.19    0.0870904
-5.189    0.0871814
-5.188    0.0872725
-5.187    0.0873638
-5.186    0.0874552
-5.185    0.0875468
-5.184    0.0876386
-5.183    0.0877305
-5.182    0.0878225
-5.181    0.0879147
-5.18    0.0880071
-5.179    0.0880996
-5.178    0.0881922
-5.177    0.0882851
-5.176    0.088378
-5.175    0.0884712
-5.174    0.0885645
-5.173    0.0886579
-5.172    0.0887515
-5.171    0.0888453
-5.17    0.0889392
-5.169    0.0890333
-5.168    0.0891275
-5.167    0.0892219
-5.166    0.0893165
-5.165    0.0894112
-5.164    0.089506
-5.163    0.0896011
-5.162    0.0896963
-5.161    0.0897916
-5.16    0.0898872
-5.159    0.0899828
-5.158    0.0900787
-5.157    0.0901747
-5.156    0.0902709
-5.155    0.0903672
-5.154    0.0904637
-5.153    0.0905604
-5.152    0.0906572
-5.151    0.0907542
-5.15    0.0908513
-5.149    0.0909487
-5.148    0.0910462
-5.147    0.0911438
-5.146    0.0912417
-5.145    0.0913396
-5.144    0.0914378
-5.143    0.0915361
-5.142    0.0916346
-5.141    0.0917333
-5.14    0.0918321
-5.139    0.0919312
-5.138    0.0920303
-5.137    0.0921297
-5.136    0.0922292
-5.135    0.0923289
-5.134    0.0924288
-5.133    0.0925288
-5.132    0.092629
-5.131    0.0927294
-5.13    0.0928299
-5.129    0.0929307
-5.128    0.0930316
-5.127    0.0931327
-5.126    0.0932339
-5.125    0.0933353
-5.124    0.093437
-5.123    0.0935387
-5.122    0.0936407
-5.121    0.0937428
-5.12    0.0938452
-5.119    0.0939477
-5.118    0.0940503
-5.117    0.0941532
-5.116    0.0942562
-5.115    0.0943594
-5.114    0.0944628
-5.113    0.0945664
-5.112    0.0946702
-5.111    0.0947741
-5.11    0.0948782
-5.109    0.0949825
-5.108    0.095087
-5.107    0.0951917
-5.106    0.0952965
-5.105    0.0954016
-5.104    0.0955068
-5.103    0.0956122
-5.102    0.0957178
-5.101    0.0958236
-5.1    0.0959295
-5.099    0.0960357
-5.098    0.096142
-5.097    0.0962486
-5.096    0.0963553
-5.095    0.0964622
-5.094    0.0965693
-5.093    0.0966766
-5.092    0.0967841
-5.091    0.0968917
-5.09    0.0969996
-5.089    0.0971077
-5.088    0.0972159
-5.087    0.0973243
-5.086    0.097433
-5.085    0.0975418
-5.084    0.0976508
-5.083    0.09776
-5.082    0.0978694
-5.081    0.0979791
-5.08    0.0980889
-5.079    0.0981989
-5.078    0.0983091
-5.077    0.0984194
-5.076    0.09853
-5.075    0.0986408
-5.074    0.0987518
-5.073    0.098863
-5.072    0.0989744
-5.071    0.099086
-5.07    0.0991978
-5.069    0.0993098
-5.068    0.099422
-5.067    0.0995344
-5.066    0.099647
-5.065    0.0997598
-5.064    0.0998728
-5.063    0.099986
-5.062    0.100099
-5.061    0.100213
-5.06    0.100327
-5.059    0.100441
-5.058    0.100555
-5.057    0.10067
-5.056    0.100784
-5.055    0.100899
-5.054    0.101014
-5.053    0.10113
-5.052    0.101245
-5.051    0.101361
-5.05    0.101477
-5.049    0.101593
-5.048    0.101709
-5.047    0.101826
-5.046    0.101942
-5.045    0.102059
-5.044    0.102177
-5.043    0.102294
-5.042    0.102412
-5.041    0.10253
-5.04    0.102648
-5.039    0.102766
-5.038    0.102884
-5.037    0.103003
-5.036    0.103122
-5.035    0.103241
-5.034    0.103361
-5.033    0.10348
-5.032    0.1036
-5.031    0.10372
-5.03    0.10384
-5.029    0.103961
-5.028    0.104082
-5.027    0.104203
-5.026    0.104324
-5.025    0.104445
-5.024    0.104567
-5.023    0.104689
-5.022    0.104811
-5.021    0.104933
-5.02    0.105055
-5.019    0.105178
-5.018    0.105301
-5.017    0.105424
-5.016    0.105548
-5.015    0.105672
-5.014    0.105795
-5.013    0.10592
-5.012    0.106044
-5.011    0.106169
-5.01    0.106293
-5.009    0.106419
-5.008    0.106544
-5.007    0.106669
-5.006    0.106795
-5.005    0.106921
-5.004    0.107047
-5.003    0.107174
-5.002    0.107301
-5.001    0.107428
-5    0.107555
-4.999    0.107682
-4.998    0.10781
-4.997    0.107938
-4.996    0.108066
-4.995    0.108195
-4.994    0.108323
-4.993    0.108452
-4.992    0.108581
-4.991    0.108711
-4.99    0.108841
-4.989    0.10897
-4.988    0.109101
-4.987    0.109231
-4.986    0.109362
-4.985    0.109493
-4.984    0.109624
-4.983    0.109755
-4.982    0.109887
-4.981    0.110019
-4.98    0.110151
-4.979    0.110283
-4.978    0.110416
-4.977    0.110549
-4.976    0.110682
-4.975    0.110816
-4.974    0.110949
-4.973    0.111083
-4.972    0.111218
-4.971    0.111352
-4.97    0.111487
-4.969    0.111622
-4.968    0.111757
-4.967    0.111893
-4.966    0.112028
-4.965    0.112164
-4.964    0.112301
-4.963    0.112437
-4.962    0.112574
-4.961    0.112711
-4.96    0.112849
-4.959    0.112986
-4.958    0.113124
-4.957    0.113263
-4.956    0.113401
-4.955    0.11354
-4.954    0.113679
-4.953    0.113818
-4.952    0.113958
-4.951    0.114098
-4.95    0.114238
-4.949    0.114378
-4.948    0.114519
-4.947    0.11466
-4.946    0.114801
-4.945    0.114942
-4.944    0.115084
-4.943    0.115226
-4.942    0.115369
-4.941    0.115511
-4.94    0.115654
-4.939    0.115797
-4.938    0.115941
-4.937    0.116085
-4.936    0.116229
-4.935    0.116373
-4.934    0.116518
-4.933    0.116662
-4.932    0.116808
-4.931    0.116953
-4.93    0.117099
-4.929    0.117245
-4.928    0.117391
-4.927    0.117538
-4.926    0.117685
-4.925    0.117832
-4.924    0.11798
-4.923    0.118128
-4.922    0.118276
-4.921    0.118424
-4.92    0.118573
-4.919    0.118722
-4.918    0.118871
-4.917    0.119021
-4.916    0.119171
-4.915    0.119321
-4.914    0.119472
-4.913    0.119622
-4.912    0.119774
-4.911    0.119925
-4.91    0.120077
-4.909    0.120229
-4.908    0.120381
-4.907    0.120534
-4.906    0.120687
-4.905    0.12084
-4.904    0.120994
-4.903    0.121148
-4.902    0.121302
-4.901    0.121457
-4.9    0.121612
-4.899    0.121767
-4.898    0.121922
-4.897    0.122078
-4.896    0.122234
-4.895    0.122391
-4.894    0.122548
-4.893    0.122705
-4.892    0.122862
-4.891    0.12302
-4.89    0.123178
-4.889    0.123337
-4.888    0.123495
-4.887    0.123655
-4.886    0.123814
-4.885    0.123974
-4.884    0.124134
-4.883    0.124294
-4.882    0.124455
-4.881    0.124616
-4.88    0.124777
-4.879    0.124939
-4.878    0.125101
-4.877    0.125264
-4.876    0.125427
-4.875    0.12559
-4.874    0.125753
-4.873    0.125917
-4.872    0.126081
-4.871    0.126246
-4.87    0.12641
-4.869    0.126575
-4.868    0.126741
-4.867    0.126907
-4.866    0.127073
-4.865    0.12724
-4.864    0.127407
-4.863    0.127574
-4.862    0.127741
-4.861    0.127909
-4.86    0.128078
-4.859    0.128246
-4.858    0.128415
-4.857    0.128585
-4.856    0.128755
-4.855    0.128925
-4.854    0.129095
-4.853    0.129266
-4.852    0.129437
-4.851    0.129609
-4.85    0.129781
-4.849    0.129953
-4.848    0.130126
-4.847    0.130299
-4.846    0.130472
-4.845    0.130646
-4.844    0.13082
-4.843    0.130995
-4.842    0.13117
-4.841    0.131345
-4.84    0.131521
-4.839    0.131697
-4.838    0.131873
-4.837    0.13205
-4.836    0.132227
-4.835    0.132405
-4.834    0.132583
-4.833    0.132761
-4.832    0.13294
-4.831    0.133119
-4.83    0.133298
-4.829    0.133478
-4.828    0.133658
-4.827    0.133839
-4.826    0.13402
-4.825    0.134202
-4.824    0.134383
-4.823    0.134566
-4.822    0.134748
-4.821    0.134931
-4.82    0.135115
-4.819    0.135299
-4.818    0.135483
-4.817    0.135668
-4.816    0.135853
-4.815    0.136038
-4.814    0.136224
-4.813    0.13641
-4.812    0.136597
-4.811    0.136784
-4.81    0.136972
-4.809    0.13716
-4.808    0.137348
-4.807    0.137537
-4.806    0.137726
-4.805    0.137915
-4.804    0.138105
-4.803    0.138296
-4.802    0.138487
-4.801    0.138678
-4.8    0.13887
-4.799    0.139062
-4.798    0.139255
-4.797    0.139448
-4.796    0.139641
-4.795    0.139835
-4.794    0.140029
-4.793    0.140224
-4.792    0.140419
-4.791    0.140615
-4.79    0.140811
-4.789    0.141007
-4.788    0.141204
-4.787    0.141402
-4.786    0.141599
-4.785    0.141798
-4.784    0.141996
-4.783    0.142196
-4.782    0.142395
-4.781    0.142595
-4.78    0.142796
-4.779    0.142997
-4.778    0.143198
-4.777    0.1434
-4.776    0.143602
-4.775    0.143805
-4.774    0.144009
-4.773    0.144212
-4.772    0.144417
-4.771    0.144621
-4.77    0.144826
-4.769    0.145032
-4.768    0.145238
-4.767    0.145445
-4.766    0.145652
-4.765    0.145859
-4.764    0.146067
-4.763    0.146276
-4.762    0.146485
-4.761    0.146694
-4.76    0.146904
-4.759    0.147114
-4.758    0.147325
-4.757    0.147537
-4.756    0.147748
-4.755    0.147961
-4.754    0.148174
-4.753    0.148387
-4.752    0.148601
-4.751    0.148815
-4.75    0.14903
-4.749    0.149245
-4.748    0.149461
-4.747    0.149678
-4.746    0.149894
-4.745    0.150112
-4.744    0.15033
-4.743    0.150548
-4.742    0.150767
-4.741    0.150986
-4.74    0.151206
-4.739    0.151427
-4.738    0.151648
-4.737    0.151869
-4.736    0.152091
-4.735    0.152314
-4.734    0.152537
-4.733    0.15276
-4.732    0.152984
-4.731    0.153209
-4.73    0.153434
-4.729    0.15366
-4.728    0.153886
-4.727    0.154113
-4.726    0.15434
-4.725    0.154568
-4.724    0.154797
-4.723    0.155025
-4.722    0.155255
-4.721    0.155485
-4.72    0.155716
-4.719    0.155947
-4.718    0.156179
-4.717    0.156411
-4.716    0.156644
-4.715    0.156877
-4.714    0.157111
-4.713    0.157346
-4.712    0.157581
-4.711    0.157816
-4.71    0.158053
-4.709    0.158289
-4.708    0.158527
-4.707    0.158765
-4.706    0.159003
-4.705    0.159242
-4.704    0.159482
-4.703    0.159722
-4.702    0.159963
-4.701    0.160205
-4.7    0.160447
-4.699    0.160689
-4.698    0.160933
-4.697    0.161176
-4.696    0.161421
-4.695    0.161666
-4.694    0.161912
-4.693    0.162158
-4.692    0.162405
-4.691    0.162652
-4.69    0.1629
-4.689    0.163149
-4.688    0.163398
-4.687    0.163648
-4.686    0.163899
-4.685    0.16415
-4.684    0.164401
-4.683    0.164654
-4.682    0.164907
-4.681    0.165161
-4.68    0.165415
-4.679    0.16567
-4.678    0.165925
-4.677    0.166182
-4.676    0.166438
-4.675    0.166696
-4.674    0.166954
-4.673    0.167213
-4.672    0.167472
-4.671    0.167732
-4.67    0.167993
-4.669    0.168255
-4.668    0.168517
-4.667    0.168779
-4.666    0.169043
-4.665    0.169307
-4.664    0.169571
-4.663    0.169837
-4.662    0.170103
-4.661    0.17037
-4.66    0.170637
-4.659    0.170905
-4.658    0.171174
-4.657    0.171444
-4.656    0.171714
-4.655    0.171985
-4.654    0.172256
-4.653    0.172528
-4.652    0.172801
-4.651    0.173075
-4.65    0.173349
-4.649    0.173624
-4.648    0.1739
-4.647    0.174177
-4.646    0.174454
-4.645    0.174732
-4.644    0.17501
-4.643    0.17529
-4.642    0.17557
-4.641    0.175851
-4.64    0.176132
-4.639    0.176415
-4.638    0.176698
-4.637    0.176981
-4.636    0.177266
-4.635    0.177551
-4.634    0.177837
-4.633    0.178124
-4.632    0.178411
-4.631    0.178699
-4.63    0.178988
-4.629    0.179278
-4.628    0.179569
-4.627    0.17986
-4.626    0.180152
-4.625    0.180445
-4.624    0.180738
-4.623    0.181033
-4.622    0.181328
-4.621    0.181624
-4.62    0.181921
-4.619    0.182218
-4.618    0.182517
-4.617    0.182816
-4.616    0.183116
-4.615    0.183416
-4.614    0.183718
-4.613    0.18402
-4.612    0.184323
-4.611    0.184627
-4.61    0.184932
-4.609    0.185237
-4.608    0.185544
-4.607    0.185851
-4.606    0.186159
-4.605    0.186468
-4.604    0.186778
-4.603    0.187088
-4.602    0.1874
-4.601    0.187712
-4.6    0.188025
-4.599    0.188339
-4.598    0.188654
-4.597    0.188969
-4.596    0.189286
-4.595    0.189603
-4.594    0.189922
-4.593    0.190241
-4.592    0.190561
-4.591    0.190882
-4.59    0.191203
-4.589    0.191526
-4.588    0.19185
-4.587    0.192174
-4.586    0.192499
-4.585    0.192826
-4.584    0.193153
-4.583    0.193481
-4.582    0.19381
-4.581    0.194139
-4.58    0.19447
-4.579    0.194802
-4.578    0.195135
-4.577    0.195468
-4.576    0.195803
-4.575    0.196138
-4.574    0.196474
-4.573    0.196812
-4.572    0.19715
-4.571    0.197489
-4.57    0.197829
-4.569    0.19817
-4.568    0.198512
-4.567    0.198855
-4.566    0.199199
-4.565    0.199544
-4.564    0.19989
-4.563    0.200237
-4.562    0.200585
-4.561    0.200934
-4.56    0.201284
-4.559    0.201635
-4.558    0.201987
-4.557    0.202339
-4.556    0.202693
-4.555    0.203048
-4.554    0.203404
-4.553    0.203761
-4.552    0.204119
-4.551    0.204478
-4.55    0.204838
-4.549    0.205199
-4.548    0.205561
-4.547    0.205925
-4.546    0.206289
-4.545    0.206654
-4.544    0.20702
-4.543    0.207388
-4.542    0.207756
-4.541    0.208126
-4.54    0.208496
-4.539    0.208868
-4.538    0.209241
-4.537    0.209615
-4.536    0.20999
-4.535    0.210366
-4.534    0.210743
-4.533    0.211121
-4.532    0.2115
-4.531    0.211881
-4.53    0.212263
-4.529    0.212645
-4.528    0.213029
-4.527    0.213414
-4.526    0.2138
-4.525    0.214188
-4.524    0.214576
-4.523    0.214966
-4.522    0.215357
-4.521    0.215749
-4.52    0.216142
-4.519    0.216536
-4.518    0.216931
-4.517    0.217328
-4.516    0.217726
-4.515    0.218125
-4.514    0.218525
-4.513    0.218927
-4.512    0.219329
-4.511    0.219733
-4.51    0.220138
-4.509    0.220545
-4.508    0.220952
-4.507    0.221361
-4.506    0.221771
-4.505    0.222182
-4.504    0.222595
-4.503    0.223009
-4.502    0.223424
-4.501    0.22384
-4.5    0.224258
-4.499    0.224677
-4.498    0.225097
-4.497    0.225518
-4.496    0.225941
-4.495    0.226365
-4.494    0.226791
-4.493    0.227217
-4.492    0.227645
-4.491    0.228075
-4.49    0.228506
-4.489    0.228938
-4.488    0.229371
-4.487    0.229806
-4.486    0.230242
-4.485    0.230679
-4.484    0.231118
-4.483    0.231558
-4.482    0.232
-4.481    0.232443
-4.48    0.232887
-4.479    0.233333
-4.478    0.23378
-4.477    0.234229
-4.476    0.234679
-4.475    0.23513
-4.474    0.235583
-4.473    0.236037
-4.472    0.236493
-4.471    0.23695
-4.47    0.237409
-4.469    0.237869
-4.468    0.238331
-4.467    0.238794
-4.466    0.239258
-4.465    0.239724
-4.464    0.240192
-4.463    0.240661
-4.462    0.241132
-4.461    0.241604
-4.46    0.242077
-4.459    0.242552
-4.458    0.243029
-4.457    0.243507
-4.456    0.243987
-4.455    0.244469
-4.454    0.244951
-4.453    0.245436
-4.452    0.245922
-4.451    0.24641
-4.45    0.246899
-4.449    0.24739
-4.448    0.247882
-4.447    0.248377
-4.446    0.248872
-4.445    0.24937
-4.444    0.249869
-4.443    0.25037
-4.442    0.250872
-4.441    0.251376
-4.44    0.251882
-4.439    0.252389
-4.438    0.252898
-4.437    0.253409
-4.436    0.253921
-4.435    0.254436
-4.434    0.254952
-4.433    0.255469
-4.432    0.255989
-4.431    0.25651
-4.43    0.257033
-4.429    0.257558
-4.428    0.258084
-4.427    0.258612
-4.426    0.259142
-4.425    0.259674
-4.424    0.260208
-4.423    0.260744
-4.422    0.261281
-4.421    0.26182
-4.42    0.262361
-4.419    0.262904
-4.418    0.263449
-4.417    0.263995
-4.416    0.264544
-4.415    0.265094
-4.414    0.265647
-4.413    0.266201
-4.412    0.266757
-4.411    0.267315
-4.41    0.267875
-4.409    0.268437
-4.408    0.269001
-4.407    0.269567
-4.406    0.270135
-4.405    0.270705
-4.404    0.271276
-4.403    0.27185
-4.402    0.272426
-4.401    0.273004
-4.4    0.273584
-4.399    0.274166
-4.398    0.27475
-4.397    0.275337
-4.396    0.275925
-4.395    0.276515
-4.394    0.277108
-4.393    0.277702
-4.392    0.278299
-4.391    0.278898
-4.39    0.279499
-4.389    0.280102
-4.388    0.280707
-4.387    0.281315
-4.386    0.281925
-4.385    0.282536
-4.384    0.283151
-4.383    0.283767
-4.382    0.284386
-4.381    0.285006
-4.38    0.28563
-4.379    0.286255
-4.378    0.286883
-4.377    0.287513
-4.376    0.288145
-4.375    0.28878
-4.374    0.289417
-4.373    0.290056
-4.372    0.290698
-4.371    0.291342
-4.37    0.291988
-4.369    0.292637
-4.368    0.293288
-4.367    0.293942
-4.366    0.294598
-4.365    0.295257
-4.364    0.295918
-4.363    0.296582
-4.362    0.297248
-4.361    0.297916
-4.36    0.298587
-4.359    0.299261
-4.358    0.299937
-4.357    0.300616
-4.356    0.301297
-4.355    0.301981
-4.354    0.302667
-4.353    0.303357
-4.352    0.304048
-4.351    0.304743
-4.35    0.30544
-4.349    0.30614
-4.348    0.306842
-4.347    0.307547
-4.346    0.308255
-4.345    0.308966
-4.344    0.309679
-4.343    0.310395
-4.342    0.311114
-4.341    0.311836
-4.34    0.312561
-4.339    0.313288
-4.338    0.314018
-4.337    0.314751
-4.336    0.315487
-4.335    0.316226
-4.334    0.316968
-4.333    0.317713
-4.332    0.318461
-4.331    0.319211
-4.33    0.319965
-4.329    0.320722
-4.328    0.321481
-4.327    0.322244
-4.326    0.32301
-4.325    0.323779
-4.324    0.324551
-4.323    0.325326
-4.322    0.326104
-4.321    0.326885
-4.32    0.32767
-4.319    0.328457
-4.318    0.329248
-4.317    0.330042
-4.316    0.33084
-4.315    0.33164
-4.314    0.332444
-4.313    0.333251
-4.312    0.334062
-4.311    0.334876
-4.31    0.335693
-4.309    0.336514
-4.308    0.337338
-4.307    0.338165
-4.306    0.338996
-4.305    0.33983
-4.304    0.340668
-4.303    0.341509
-4.302    0.342354
-4.301    0.343202
-4.3    0.344054
-4.299    0.34491
-4.298    0.345769
-4.297    0.346632
-4.296    0.347498
-4.295    0.348368
-4.294    0.349242
-4.293    0.35012
-4.292    0.351001
-4.291    0.351886
-4.29    0.352775
-4.289    0.353668
-4.288    0.354565
-4.287    0.355465
-4.286    0.356369
-4.285    0.357278
-4.284    0.35819
-4.283    0.359106
-4.282    0.360026
-4.281    0.36095
-4.28    0.361879
-4.279    0.362811
-4.278    0.363747
-4.277    0.364688
-4.276    0.365633
-4.275    0.366581
-4.274    0.367535
-4.273    0.368492
-4.272    0.369454
-4.271    0.370419
-4.27    0.37139
-4.269    0.372364
-4.268    0.373343
-4.267    0.374327
-4.266    0.375314
-4.265    0.376307
-4.264    0.377303
-4.263    0.378305
-4.262    0.37931
-4.261    0.380321
-4.26    0.381336
-4.259    0.382356
-4.258    0.38338
-4.257    0.384409
-4.256    0.385443
-4.255    0.386482
-4.254    0.387525
-4.253    0.388573
-4.252    0.389626
-4.251    0.390684
-4.25    0.391747
-4.249    0.392815
-4.248    0.393888
-4.247    0.394966
-4.246    0.39605
-4.245    0.397138
-4.244    0.398231
-4.243    0.39933
-4.242    0.400434
-4.241    0.401543
-4.24    0.402657
-4.239    0.403777
-4.238    0.404902
-4.237    0.406032
-4.236    0.407168
-4.235    0.40831
-4.234    0.409457
-4.233    0.410609
-4.232    0.411768
-4.231    0.412932
-4.23    0.414101
-4.229    0.415276
-4.228    0.416457
-4.227    0.417644
-4.226    0.418837
-4.225    0.420036
-4.224    0.42124
-4.223    0.422451
-4.222    0.423668
-4.221    0.42489
-4.22    0.426119
-4.219    0.427354
-4.218    0.428595
-4.217    0.429843
-4.216    0.431097
-4.215    0.432357
-4.214    0.433624
-4.213    0.434897
-4.212    0.436176
-4.211    0.437463
-4.21    0.438755
-4.209    0.440055
-4.208    0.441361
-4.207    0.442674
-4.206    0.443994
-4.205    0.44532
-4.204    0.446654
-4.203    0.447994
-4.202    0.449342
-4.201    0.450696
-4.2    0.452058
-4.199    0.453427
-4.198    0.454803
-4.197    0.456187
-4.196    0.457578
-4.195    0.458976
-4.194    0.460382
-4.193    0.461796
-4.192    0.463217
-4.191    0.464645
-4.19    0.466082
-4.189    0.467526
-4.188    0.468978
-4.187    0.470438
-4.186    0.471906
-4.185    0.473382
-4.184    0.474867
-4.183    0.476359
-4.182    0.47786
-4.181    0.479369
-4.18    0.480886
-4.179    0.482412
-4.178    0.483946
-4.177    0.48549
-4.176    0.487041
-4.175    0.488602
-4.174    0.490171
-4.173    0.491749
-4.172    0.493337
-4.171    0.494933
-4.17    0.496538
-4.169    0.498153
-4.168    0.499777
-4.167    0.501411
-4.166    0.503053
-4.165    0.504706
-4.164    0.506368
-4.163    0.50804
-4.162    0.509721
-4.161    0.511413
-4.16    0.513114
-4.159    0.514826
-4.158    0.516547
-4.157    0.518279
-4.156    0.520021
-4.155    0.521774
-4.154    0.523537
-4.153    0.525311
-4.152    0.527096
-4.151    0.528891
-4.15    0.530698
-4.149    0.532515
-4.148    0.534343
-4.147    0.536183
-4.146    0.538034
-4.145    0.539897
-4.144    0.541771
-4.143    0.543656
-4.142    0.545554
-4.141    0.547463
-4.14    0.549385
-4.139    0.551318
-4.138    0.553264
-4.137    0.555222
-4.136    0.557192
-4.135    0.559175
-4.134    0.561171
-4.133    0.56318
-4.132    0.565201
-4.131    0.567236
-4.13    0.569284
-4.129    0.571345
-4.128    0.57342
-4.127    0.575508
-4.126    0.57761
-4.125    0.579726
-4.124    0.581856
-4.123    0.584
-4.122    0.586158
-4.121    0.588331
-4.12    0.590518
-4.119    0.592721
-4.118    0.594938
-4.117    0.59717
-4.116    0.599417
-4.115    0.60168
-4.114    0.603958
-4.113    0.606252
-4.112    0.608562
-4.111    0.610888
-4.11    0.61323
-4.109    0.615588
-4.108    0.617963
-4.107    0.620355
-4.106    0.622763
-4.105    0.625189
-4.104    0.627632
-4.103    0.630092
-4.102    0.632571
-4.101    0.635066
-4.1    0.63758
-4.099    0.640113
-4.098    0.642663
-4.097    0.645233
-4.096    0.647821
-4.095    0.650428
-4.094    0.653055
-4.093    0.655701
-4.092    0.658366
-4.091    0.661052
-4.09    0.663758
-4.089    0.666484
-4.088    0.669231
-4.087    0.671999
-4.086    0.674788
-4.085    0.677599
-4.084    0.680431
-4.083    0.683285
-4.082    0.686161
-4.081    0.68906
-4.08    0.691981
-4.079    0.694925
-4.078    0.697893
-4.077    0.700884
-4.076    0.703898
-4.075    0.706937
-4.074    0.710001
-4.073    0.713089
-4.072    0.716202
-4.071    0.71934
-4.07    0.722504
-4.069    0.725694
-4.068    0.72891
-4.067    0.732153
-4.066    0.735423
-4.065    0.73872
-4.064    0.742045
-4.063    0.745398
-4.062    0.748779
-4.061    0.752189
-4.06    0.755628
-4.059    0.759097
-4.058    0.762595
-4.057    0.766124
-4.056    0.769683
-4.055    0.773274
-4.054    0.776896
-4.053    0.78055
-4.052    0.784237
-4.051    0.787956
-4.05    0.791708
-4.049    0.795495
-4.048    0.799315
-4.047    0.803171
-4.046    0.807061
-4.045    0.810987
-4.044    0.814949
-4.043    0.818948
-4.042    0.822984
-4.041    0.827058
-4.04    0.831171
-4.039    0.835322
-4.038    0.839512
-4.037    0.843742
-4.036    0.848013
-4.035    0.852326
-4.034    0.85668
-4.033    0.861076
-4.032    0.865515
-4.031    0.869998
-4.03    0.874526
-4.029    0.879098
-4.028    0.883716
-4.027    0.888381
-4.026    0.893093
-4.025    0.897852
-4.024    0.90266
-4.023    0.907518
-4.022    0.912426
-4.021    0.917384
-4.02    0.922395
-4.019    0.927458
-4.018    0.932575
-4.017    0.937745
-4.016    0.942971
-4.015    0.948254
-4.014    0.953593
-4.013    0.95899
-4.012    0.964446
-4.011    0.969962
-4.01    0.975539
-4.009    0.981178
-4.008    0.98688
-4.007    0.992646
-4.006    0.998478
-4.005    1.00438
-4.004    1.01034
-4.003    1.01637
-4.002    1.02248
-4.001    1.02865
-4    1.0349
-3.999    1.04122
-3.998    1.04762
-3.997    1.05409
-3.996    1.06064
-3.995    1.06727
-3.994    1.07398
-3.993    1.08077
-3.992    1.08765
-3.991    1.09461
-3.99    1.10166
-3.989    1.1088
-3.988    1.11602
-3.987    1.12334
-3.986    1.13076
-3.985    1.13827
-3.984    1.14587
-3.983    1.15358
-3.982    1.16138
-3.981    1.1693
-3.98    1.17731
-3.979    1.18544
-3.978    1.19367
-3.977    1.20201
-3.976    1.21047
-3.975    1.21905
-3.974    1.22775
-3.973    1.23656
-3.972    1.24551
-3.971    1.25458
-3.97    1.26377
-3.969    1.27311
-3.968    1.28257
-3.967    1.29218
-3.966    1.30192
-3.965    1.31181
-3.964    1.32185
-3.963    1.33204
-3.962    1.34239
-3.961    1.35289
-3.96    1.36355
-3.959    1.37438
-3.958    1.38538
-3.957    1.39655
-3.956    1.4079
-3.955    1.41943
-3.954    1.43114
-3.953    1.44305
-3.952    1.45515
-3.951    1.46745
-3.95    1.47995
-3.949    1.49267
-3.948    1.50559
-3.947    1.51874
-3.946    1.53212
-3.945    1.54572
-3.944    1.55956
-3.943    1.57365
-3.942    1.58799
-3.941    1.60258
-3.94    1.61744
-3.939    1.63256
-3.938    1.64797
-3.937    1.66365
-3.936    1.67963
-3.935    1.69592
-3.934    1.71251
-3.933    1.72941
-3.932    1.74665
-3.931    1.76422
-3.93    1.78213
-3.929    1.80041
-3.928    1.81904
-3.927    1.83805
-3.926    1.85745
-3.925    1.87725
-3.924    1.89746
-3.923    1.91809
-3.922    1.93916
-3.921    1.96067
-3.92    1.98265
-3.919    2.00511
-3.918    2.02806
-3.917    2.05151
-3.916    2.07549
-3.915    2.10001
-3.914    2.12509
-3.913    2.15075
-3.912    2.177
-3.911    2.20387
-3.91    2.23137
-3.909    2.25953
-3.908    2.28837
-3.907    2.31791
-3.906    2.34818
-3.905    2.3792
-3.904    2.411
-3.903    2.44361
-3.902    2.47706
-3.901    2.51137
-3.9    2.54658
-3.899    2.58272
-3.898    2.61982
-3.897    2.65793
-3.896    2.69708
-3.895    2.7373
-3.894    2.77865
-3.893    2.82116
-3.892    2.86488
-3.891    2.90986
-3.89    2.95615
-3.889    3.00379
-3.888    3.05285
-3.887    3.10339
-3.886    3.15546
-3.885    3.20913
-3.884    3.26447
-3.883    3.32154
-3.882    3.38042
-3.881    3.4412
-3.88    3.50394
-3.879    3.56875
-3.878    3.6357
-3.877    3.7049
-3.876    3.77645
-3.875    3.85046
-3.874    3.92704
-3.873    4.0063
-3.872    4.08838
-3.871    4.17341
-3.87    4.26152
-3.869    4.35288
-3.868    4.44762
-3.867    4.54593
-3.866    4.64797
-3.865    4.75394
-3.864    4.86402
-3.863    4.97842
-3.862    5.09737
-3.861    5.2211
-3.86    5.34986
-3.859    5.4839
-3.858    5.62349
-3.857    5.76894
-3.856    5.92055
-3.855    6.07865
-3.854    6.24358
-3.853    6.4157
-3.852    6.59541
-3.851    6.78311
-3.85    6.97922
-3.849    7.1842
-3.848    7.39852
-3.847    7.62268
-3.846    7.85721
-3.845    8.10265
-3.844    8.35958
-3.843    8.62859
-3.842    8.91029
-3.841    9.20534
-3.84    9.51437
-3.839    9.83807
-3.838    10.1771
-3.837    10.5322
-3.836    10.904
-3.835    11.2931
-3.834    11.7004
-3.833    12.1262
-3.832    12.5712
-3.831    13.036
-3.83    13.5208
-3.829    14.0259
-3.828    14.5514
-3.827    15.0973
-3.826    15.6631
-3.825    16.2484
-3.824    16.8522
-3.823    17.473
-3.822    18.1093
-3.821    18.7587
-3.82    19.4184
-3.819    20.0851
-3.818    20.7548
-3.817    21.4226
-3.816    22.0835
-3.815    22.7312
-3.814    23.3595
-3.813    23.9611
-3.812    24.5289
-3.811    25.0551
-3.81    25.5322
-3.809    25.9531
-3.808    26.3108
-3.807    26.5993
-3.806    26.8136
-3.805    26.95
-3.804    27.006
-3.803    26.9808
-3.802    26.8749
-3.801    26.6907
-3.8    26.4317
-3.799    26.1027
-3.798    25.7097
-3.797    25.2593
-3.796    24.7588
-3.795    24.2158
-3.794    23.6378
-3.793    23.0322
-3.792    22.4061
-3.791    21.766
-3.79    21.1182
-3.789    20.4679
-3.788    19.8199
-3.787    19.1784
-3.786    18.5469
-3.785    17.9281
-3.784    17.3245
-3.783    16.7379
-3.782    16.1696
-3.781    15.6207
-3.78    15.0918
-3.779    14.5832
-3.778    14.0952
-3.777    13.6276
-3.776    13.1801
-3.775    12.7525
-3.774    12.3442
-3.773    11.9548
-3.772    11.5836
-3.771    11.2299
-3.77    10.8931
-3.769    10.5726
-3.768    10.2676
-3.767    9.97751
-3.766    9.7016
-3.765    9.43923
-3.764    9.18977
-3.763    8.9526
-3.762    8.72712
-3.761    8.51277
-3.76    8.30899
-3.759    8.11526
-3.758    7.93109
-3.757    7.756
-3.756    7.58953
-3.755    7.43127
-3.754    7.2808
-3.753    7.13775
-3.752    7.00174
-3.751    6.87244
-3.75    6.74952
-3.749    6.63268
-3.748    6.52162
-3.747    6.41607
-3.746    6.31578
-3.745    6.22049
-3.744    6.12999
-3.743    6.04406
-3.742    5.96249
-3.741    5.88508
-3.74    5.81166
-3.739    5.74206
-3.738    5.67611
-3.737    5.61366
-3.736    5.55457
-3.735    5.4987
-3.734    5.44592
-3.733    5.39612
-3.732    5.34918
-3.731    5.30499
-3.73    5.26344
-3.729    5.22446
-3.728    5.18794
-3.727    5.15379
-3.726    5.12195
-3.725    5.09233
-3.724    5.06487
-3.723    5.03949
-3.722    5.01613
-3.721    4.99474
-3.72    4.97526
-3.719    4.95763
-3.718    4.9418
-3.717    4.92773
-3.716    4.91538
-3.715    4.90471
-3.714    4.89567
-3.713    4.88823
-3.712    4.88235
-3.711    4.87802
-3.71    4.87519
-3.709    4.87384
-3.708    4.87395
-3.707    4.87549
-3.706    4.87845
-3.705    4.88279
-3.704    4.88852
-3.703    4.8956
-3.702    4.90403
-3.701    4.91379
-3.7    4.92487
-3.699    4.93727
-3.698    4.95097
-3.697    4.96597
-3.696    4.98227
-3.695    4.99985
-3.694    5.01871
-3.693    5.03887
-3.692    5.06031
-3.691    5.08303
-3.69    5.10705
-3.689    5.13235
-3.688    5.15896
-3.687    5.18687
-3.686    5.2161
-3.685    5.24664
-3.684    5.27852
-3.683    5.31174
-3.682    5.34632
-3.681    5.38227
-3.68    5.4196
-3.679    5.45834
-3.678    5.49849
-3.677    5.54009
-3.676    5.58315
-3.675    5.62769
-3.674    5.67373
-3.673    5.72131
-3.672    5.77045
-3.671    5.82118
-3.67    5.87352
-3.669    5.9275
-3.668    5.98317
-3.667    6.04056
-3.666    6.0997
-3.665    6.16063
-3.664    6.22339
-3.663    6.28803
-3.662    6.35458
-3.661    6.4231
-3.66    6.49364
-3.659    6.56623
-3.658    6.64095
-3.657    6.71785
-3.656    6.79697
-3.655    6.87839
-3.654    6.96217
-3.653    7.04838
-3.652    7.13708
-3.651    7.22836
-3.65    7.32228
-3.649    7.41892
-3.648    7.51838
-3.647    7.62074
-3.646    7.72609
-3.645    7.83452
-3.644    7.94615
-3.643    8.06106
-3.642    8.17938
-3.641    8.30122
-3.64    8.4267
-3.639    8.55594
-3.638    8.68908
-3.637    8.82626
-3.636    8.96762
-3.635    9.11331
-3.634    9.2635
-3.633    9.41835
-3.632    9.57804
-3.631    9.74276
-3.63    9.91269
-3.629    10.088
-3.628    10.269
-3.627    10.4559
-3.626    10.6488
-3.625    10.8481
-3.624    11.0539
-3.623    11.2667
-3.622    11.4866
-3.621    11.714
-3.62    11.9491
-3.619    12.1924
-3.618    12.4442
-3.617    12.7048
-3.616    12.9746
-3.615    13.2541
-3.614    13.5438
-3.613    13.8439
-3.612    14.1552
-3.611    14.4779
-3.61    14.8128
-3.609    15.1604
-3.608    15.5213
-3.607    15.8961
-3.606    16.2855
-3.605    16.6902
-3.604    17.1111
-3.603    17.5488
-3.602    18.0043
-3.601    18.4784
-3.6    18.9722
-3.599    19.4865
-3.598    20.0225
-3.597    20.5813
-3.596    21.1642
-3.595    21.7722
-3.594    22.4069
-3.593    23.0696
-3.592    23.7618
-3.591    24.4851
-3.59    25.2411
-3.589    26.0316
-3.588    26.8584
-3.587    27.7236
-3.586    28.629
-3.585    29.5769
-3.584    30.5695
-3.583    31.6091
-3.582    32.6981
-3.581    33.839
-3.58    35.0345
-3.579    36.2872
-3.578    37.5997
-3.577    38.9749
-3.576    40.4155
-3.575    41.9241
-3.574    43.5036
-3.573    45.1563
-3.572    46.8847
-3.571    48.6909
-3.57    50.5767
-3.569    52.5434
-3.568    54.5919
-3.567    56.7223
-3.566    58.9339
-3.565    61.2251
-3.564    63.5928
-3.563    66.0327
-3.562    68.5391
-3.561    71.104
-3.56    73.7177
-3.559    76.3681
-3.558    79.0408
-3.557    81.7185
-3.556    84.3817
-3.555    87.008
-3.554    89.5727
-3.553    92.049
-3.552    94.408
-3.551    96.62
-3.55    98.6546
-3.549    100.482
-3.548    102.074
-3.547    103.404
-3.546    104.449
-3.545    105.192
-3.544    105.618
-3.543    105.722
-3.542    105.502
-3.541    104.962
-3.54    104.115
-3.539    102.976
-3.538    101.566
-3.537    99.9114
-3.536    98.0388
-3.535    95.9782
-3.534    93.7597
-3.533    91.4136
-3.532    88.9692
-3.531    86.454
-3.53    83.8938
-3.529    81.3118
-3.528    78.7286
-3.527    76.1625
-3.526    73.6289
-3.525    71.1408
-3.524    68.7089
-3.523    66.3418
-3.522    64.046
-3.521    61.8266
-3.52    59.687
-3.519    57.6293
-3.518    55.6548
-3.517    53.7636
-3.516    51.9553
-3.515    50.2287
-3.514    48.5823
-3.513    47.0141
-3.512    45.5219
-3.511    44.1033
-3.51    42.7559
-3.509    41.4769
-3.508    40.2638
-3.507    39.1139
-3.506    38.0245
-3.505    36.9932
-3.504    36.0173
-3.503    35.0946
-3.502    34.2226
-3.501    33.3991
-3.5    32.622
-3.499    31.8892
-3.498    31.1988
-3.497    30.5491
-3.496    29.9382
-3.495    29.3645
-3.494    28.8266
-3.493    28.3229
-3.492    27.8523
-3.491    27.4133
-3.49    27.0048
-3.489    26.6258
-3.488    26.2753
-3.487    25.9524
-3.486    25.6561
-3.485    25.3858
-3.484    25.1407
-3.483    24.9203
-3.482    24.7238
-3.481    24.551
-3.48    24.4011
-3.479    24.274
-3.478    24.1693
-3.477    24.0867
-3.476    24.0259
-3.475    23.9869
-3.474    23.9696
-3.473    23.9738
-3.472    23.9996
-3.471    24.0471
-3.47    24.1163
-3.469    24.2075
-3.468    24.3208
-3.467    24.4566
-3.466    24.6152
-3.465    24.797
-3.464    25.0024
-3.463    25.232
-3.462    25.4863
-3.461    25.7661
-3.46    26.0719
-3.459    26.4047
-3.458    26.7653
-3.457    27.1545
-3.456    27.5735
-3.455    28.0233
-3.454    28.5051
-3.453    29.0202
-3.452    29.5699
-3.451    30.1557
-3.45    30.7791
-3.449    31.4418
-3.448    32.1455
-3.447    32.8921
-3.446    33.6836
-3.445    34.5219
-3.444    35.4093
-3.443    36.348
-3.442    37.3403
-3.441    38.3888
-3.44    39.4959
-3.439    40.6642
-3.438    41.8964
-3.437    43.195
-3.436    44.5628
-3.435    46.0023
-3.434    47.516
-3.433    49.1064
-3.432    50.7754
-3.431    52.5251
-3.43    54.3568
-3.429    56.2715
-3.428    58.2696
-3.427    60.3506
-3.426    62.5132
-3.425    64.7549
-3.424    67.0718
-3.423    69.4587
-3.422    71.9085
-3.421    74.412
-3.42    76.9581
-3.419    79.5332
-3.418    82.1211
-3.417    84.7031
-3.416    87.2579
-3.415    89.7615
-3.414    92.1879
-3.413    94.5089
-3.412    96.695
-3.411    98.7159
-3.41    100.541
-3.409    102.142
-3.408    103.491
-3.407    104.564
-3.406    105.341
-3.405    105.807
-3.404    105.952
-3.403    105.773
-3.402    105.271
-3.401    104.457
-3.4    103.343
-3.399    101.951
-3.398    100.302
-3.397    98.4251
-3.396    96.3478
-3.395    94.1005
-3.394    91.7136
-3.393    89.2166
-3.392    86.6378
-3.391    84.0037
-3.39    81.3384
-3.389    78.6636
-3.388    75.9983
-3.387    73.359
-3.386    70.7596
-3.385    68.2115
-3.384    65.7242
-3.383    63.3047
-3.382    60.9588
-3.381    58.6903
-3.38    56.5018
-3.379    54.3948
-3.378    52.3697
-3.377    50.4263
-3.376    48.5635
-3.375    46.7799
-3.374    45.0736
-3.373    43.4424
-3.372    41.884
-3.371    40.3956
-3.37    38.9747
-3.369    37.6186
-3.368    36.3243
-3.367    35.0893
-3.366    33.9109
-3.365    32.7863
-3.364    31.7131
-3.363    30.6886
-3.362    29.7107
-3.361    28.7768
-3.36    27.8849
-3.359    27.0328
-3.358    26.2185
-3.357    25.44
-3.356    24.6957
-3.355    23.9836
-3.354    23.3022
-3.353    22.65
-3.352    22.0254
-3.351    21.4271
-3.35    20.8538
-3.349    20.3041
-3.348    19.777
-3.347    19.2713
-3.346    18.7859
-3.345    18.3199
-3.344    17.8723
-3.343    17.4422
-3.342    17.0288
-3.341    16.6314
-3.34    16.249
-3.339    15.8812
-3.338    15.527
-3.337    15.186
-3.336    14.8576
-3.335    14.5411
-3.334    14.2361
-3.333    13.9419
-3.332    13.6582
-3.331    13.3845
-3.33    13.1203
-3.329    12.8653
-3.328    12.619
-3.327    12.381
-3.326    12.1511
-3.325    11.9289
-3.324    11.7141
-3.323    11.5063
-3.322    11.3054
-3.321    11.1109
-3.32    10.9227
-3.319    10.7406
-3.318    10.5642
-3.317    10.3933
-3.316    10.2278
-3.315    10.0675
-3.314    9.9121
-3.313    9.76147
-3.312    9.61543
-3.311    9.47382
-3.31    9.33647
-3.309    9.20324
-3.308    9.07398
-3.307    8.94854
-3.306    8.8268
-3.305    8.70863
-3.304    8.59391
-3.303    8.48252
-3.302    8.37436
-3.301    8.26931
-3.3    8.16727
-3.299    8.06815
-3.298    7.97185
-3.297    7.87829
-3.296    7.78738
-3.295    7.69903
-3.294    7.61317
-3.293    7.52972
-3.292    7.44861
-3.291    7.36977
-3.29    7.29314
-3.289    7.21865
-3.288    7.14623
-3.287    7.07584
-3.286    7.0074
-3.285    6.94088
-3.284    6.87621
-3.283    6.81335
-3.282    6.75225
-3.281    6.69286
-3.28    6.63513
-3.279    6.57903
-3.278    6.52451
-3.277    6.47153
-3.276    6.42006
-3.275    6.37006
-3.274    6.32149
-3.273    6.27431
-3.272    6.2285
-3.271    6.18403
-3.27    6.14086
-3.269    6.09897
-3.268    6.05832
-3.267    6.01889
-3.266    5.98066
-3.265    5.94359
-3.264    5.90767
-3.263    5.87287
-3.262    5.83917
-3.261    5.80655
-3.26    5.77498
-3.259    5.74445
-3.258    5.71494
-3.257    5.68643
-3.256    5.6589
-3.255    5.63234
-3.254    5.60672
-3.253    5.58204
-3.252    5.55827
-3.251    5.53541
-3.25    5.51344
-3.249    5.49235
-3.248    5.47211
-3.247    5.45274
-3.246    5.4342
-3.245    5.41649
-3.244    5.39959
-3.243    5.38351
-3.242    5.36822
-3.241    5.35373
-3.24    5.34001
-3.239    5.32707
-3.238    5.31489
-3.237    5.30346
-3.236    5.29279
-3.235    5.28286
-3.234    5.27366
-3.233    5.2652
-3.232    5.25746
-3.231    5.25044
-3.23    5.24414
-3.229    5.23854
-3.228    5.23365
-3.227    5.22947
-3.226    5.22598
-3.225    5.22319
-3.224    5.22109
-3.223    5.21969
-3.222    5.21897
-3.221    5.21894
-3.22    5.2196
-3.219    5.22093
-3.218    5.22296
-3.217    5.22566
-3.216    5.22905
-3.215    5.23313
-3.214    5.23788
-3.213    5.24332
-3.212    5.24945
-3.211    5.25626
-3.21    5.26376
-3.209    5.27195
-3.208    5.28083
-3.207    5.29041
-3.206    5.30069
-3.205    5.31166
-3.204    5.32335
-3.203    5.33574
-3.202    5.34884
-3.201    5.36266
-3.2    5.37721
-3.199    5.39248
-3.198    5.40849
-3.197    5.42523
-3.196    5.44272
-3.195    5.46096
-3.194    5.47997
-3.193    5.49973
-3.192    5.52028
-3.191    5.5416
-3.19    5.56371
-3.189    5.58663
-3.188    5.61035
-3.187    5.63489
-3.186    5.66026
-3.185    5.68647
-3.184    5.71353
-3.183    5.74145
-3.182    5.77025
-3.181    5.79993
-3.18    5.8305
-3.179    5.86199
-3.178    5.89441
-3.177    5.92776
-3.176    5.96207
-3.175    5.99735
-3.174    6.03362
-3.173    6.07089
-3.172    6.10918
-3.171    6.1485
-3.17    6.18888
-3.169    6.23034
-3.168    6.27289
-3.167    6.31655
-3.166    6.36135
-3.165    6.40731
-3.164    6.45445
-3.163    6.5028
-3.162    6.55237
-3.161    6.60319
-3.16    6.65529
-3.159    6.7087
-3.158    6.76344
-3.157    6.81955
-3.156    6.87704
-3.155    6.93595
-3.154    6.99632
-3.153    7.05818
-3.152    7.12156
-3.151    7.18649
-3.15    7.25301
-3.149    7.32116
-3.148    7.39098
-3.147    7.46251
-3.146    7.53579
-3.145    7.61086
-3.144    7.68777
-3.143    7.76656
-3.142    7.84729
-3.141    7.92999
-3.14    8.01473
-3.139    8.10155
-3.138    8.19052
-3.137    8.28168
-3.136    8.3751
-3.135    8.47084
-3.134    8.56896
-3.133    8.66953
-3.132    8.77262
-3.131    8.87829
-3.13    8.98662
-3.129    9.0977
-3.128    9.21159
-3.127    9.32838
-3.126    9.44816
-3.125    9.57101
-3.124    9.69702
-3.123    9.8263
-3.122    9.95895
-3.121    10.0951
-3.12    10.2347
-3.119    10.3781
-3.118    10.5253
-3.117    10.6764
-3.116    10.8315
-3.115    10.9909
-3.114    11.1545
-3.113    11.3226
-3.112    11.4954
-3.111    11.6729
-3.11    11.8553
-3.109    12.0428
-3.108    12.2356
-3.107    12.4338
-3.106    12.6378
-3.105    12.8475
-3.104    13.0633
-3.103    13.2854
-3.102    13.514
-3.101    13.7494
-3.1    13.9917
-3.099    14.2413
-3.098    14.4984
-3.097    14.7633
-3.096    15.0364
-3.095    15.3179
-3.094    15.6081
-3.093    15.9075
-3.092    16.2163
-3.091    16.5349
-3.09    16.8638
-3.089    17.2034
-3.088    17.554
-3.087    17.9162
-3.086    18.2905
-3.085    18.6773
-3.084    19.0772
-3.083    19.4907
-3.082    19.9185
-3.081    20.3611
-3.08    20.8193
-3.079    21.2937
-3.078    21.785
-3.077    22.294
-3.076    22.8216
-3.075    23.3685
-3.074    23.9357
-3.073    24.5241
-3.072    25.1347
-3.071    25.7687
-3.07    26.427
-3.069    27.111
-3.068    27.8218
-3.067    28.5607
-3.066    29.3293
-3.065    30.1289
-3.064    30.9611
-3.063    31.8276
-3.062    32.7301
-3.061    33.6705
-3.06    34.6507
-3.059    35.6729
-3.058    36.7392
-3.057    37.852
-3.056    39.0137
-3.055    40.2269
-3.054    41.4944
-3.053    42.8192
-3.052    44.2041
-3.051    45.6526
-3.05    47.1681
-3.049    48.7541
-3.048    50.4144
-3.047    52.1531
-3.046    53.9743
-3.045    55.8823
-3.044    57.8818
-3.043    59.9776
-3.042    62.1744
-3.041    64.4776
-3.04    66.8922
-3.039    69.4237
-3.038    72.0774
-3.037    74.859
-3.036    77.7738
-3.035    80.8272
-3.034    84.0244
-3.033    87.3702
-3.032    90.8691
-3.031    94.5249
-3.03    98.3407
-3.029    102.319
-3.028    106.459
-3.027    110.762
-3.026    115.225
-3.025    119.842
-3.024    124.606
-3.023    129.506
-3.022    134.53
-3.021    139.658
-3.02    144.867
-3.019    150.132
-3.018    155.42
-3.017    160.693
-3.016    165.909
-3.015    171.02
-3.014    175.975
-3.013    180.715
-3.012    185.184
-3.011    189.32
-3.01    193.063
-3.009    196.354
-3.008    199.14
-3.007    201.372
-3.006    203.009
-3.005    204.022
-3.004    204.392
-3.003    204.11
-3.002    203.183
-3.001    201.628
-3    199.474
-2.999    196.76
-2.998    193.532
-2.997    189.845
-2.996    185.756
-2.995    181.326
-2.994    176.615
-2.993    171.682
-2.992    166.585
-2.991    161.375
-2.99    156.102
-2.989    150.808
-2.988    145.532
-2.987    140.307
-2.986    135.16
-2.985    130.115
-2.984    125.19
-2.983    120.4
-2.982    115.755
-2.981    111.265
-2.98    106.933
-2.979    102.763
-2.978    98.7562
-2.977    94.9114
-2.976    91.227
-2.975    87.7
-2.974    84.3267
-2.973    81.1026
-2.972    78.0231
-2.971    75.0828
-2.97    72.2766
-2.969    69.599
-2.968    67.0444
-2.967    64.6075
-2.966    62.2827
-2.965    60.065
-2.964    57.9492
-2.963    55.9302
-2.962    54.0033
-2.961    52.164
-2.96    50.4077
-2.959    48.7304
-2.958    47.128
-2.957    45.5966
-2.956    44.1326
-2.955    42.7327
-2.954    41.3934
-2.953    40.1118
-2.952    38.8848
-2.951    37.7097
-2.95    36.5839
-2.949    35.5049
-2.948    34.4703
-2.947    33.4779
-2.946    32.5257
-2.945    31.6116
-2.944    30.7337
-2.943    29.8904
-2.942    29.0799
-2.941    28.3006
-2.94    27.5511
-2.939    26.8299
-2.938    26.1358
-2.937    25.4673
-2.936    24.8235
-2.935    24.203
-2.934    23.6049
-2.933    23.0282
-2.932    22.4718
-2.931    21.9349
-2.93    21.4166
-2.929    20.916
-2.928    20.4325
-2.927    19.9653
-2.926    19.5137
-2.925    19.077
-2.924    18.6546
-2.923    18.2459
-2.922    17.8503
-2.921    17.4673
-2.92    17.0964
-2.919    16.7371
-2.918    16.3889
-2.917    16.0513
-2.916    15.7241
-2.915    15.4067
-2.914    15.0988
-2.913    14.8
-2.912    14.5099
-2.911    14.2283
-2.91    13.9548
-2.909    13.6892
-2.908    13.431
-2.907    13.1801
-2.906    12.9362
-2.905    12.699
-2.904    12.4683
-2.903    12.2439
-2.902    12.0255
-2.901    11.813
-2.9    11.606
-2.899    11.4046
-2.898    11.2083
-2.897    11.0171
-2.896    10.8309
-2.895    10.6493
-2.894    10.4724
-2.893    10.2998
-2.892    10.1316
-2.891    9.96746
-2.89    9.80737
-2.889    9.65116
-2.888    9.49871
-2.887    9.3499
-2.886    9.20461
-2.885    9.06275
-2.884    8.92419
-2.883    8.78885
-2.882    8.65662
-2.881    8.52741
-2.88    8.40113
-2.879    8.2777
-2.878    8.15702
-2.877    8.03902
-2.876    7.92361
-2.875    7.81073
-2.874    7.7003
-2.873    7.59226
-2.872    7.48652
-2.871    7.38304
-2.87    7.28174
-2.869    7.18256
-2.868    7.08546
-2.867    6.99036
-2.866    6.89721
-2.865    6.80597
-2.864    6.71657
-2.863    6.62898
-2.862    6.54314
-2.861    6.45901
-2.86    6.37653
-2.859    6.29568
-2.858    6.2164
-2.857    6.13866
-2.856    6.06242
-2.855    5.98763
-2.854    5.91427
-2.853    5.84229
-2.852    5.77166
-2.851    5.70235
-2.85    5.63432
-2.849    5.56755
-2.848    5.502
-2.847    5.43764
-2.846    5.37445
-2.845    5.3124
-2.844    5.25145
-2.843    5.19159
-2.842    5.13278
-2.841    5.07501
-2.84    5.01825
-2.839    4.96247
-2.838    4.90765
-2.837    4.85378
-2.836    4.80082
-2.835    4.74876
-2.834    4.69758
-2.833    4.64726
-2.832    4.59778
-2.831    4.54912
-2.83    4.50126
-2.829    4.45419
-2.828    4.40788
-2.827    4.36232
-2.826    4.3175
-2.825    4.2734
-2.824    4.23
-2.823    4.1873
-2.822    4.14526
-2.821    4.10389
-2.82    4.06316
-2.819    4.02306
-2.818    3.98359
-2.817    3.94472
-2.816    3.90645
-2.815    3.86876
-2.814    3.83164
-2.813    3.79507
-2.812    3.75906
-2.811    3.72358
-2.81    3.68863
-2.809    3.6542
-2.808    3.62027
-2.807    3.58684
-2.806    3.55389
-2.805    3.52142
-2.804    3.48941
-2.803    3.45787
-2.802    3.42677
-2.801    3.39612
-2.8    3.3659
-2.799    3.3361
-2.798    3.30672
-2.797    3.27775
-2.796    3.24918
-2.795    3.22101
-2.794    3.19322
-2.793    3.16581
-2.792    3.13877
-2.791    3.1121
-2.79    3.08578
-2.789    3.05982
-2.788    3.03421
-2.787    3.00894
-2.786    2.984
-2.785    2.95939
-2.784    2.9351
-2.783    2.91113
-2.782    2.88746
-2.781    2.86411
-2.78    2.84106
-2.779    2.8183
-2.778    2.79583
-2.777    2.77364
-2.776    2.75174
-2.775    2.73011
-2.774    2.70876
-2.773    2.68767
-2.772    2.66684
-2.771    2.64627
-2.77    2.62596
-2.769    2.60589
-2.768    2.58607
-2.767    2.56649
-2.766    2.54714
-2.765    2.52803
-2.764    2.50915
-2.763    2.4905
-2.762    2.47206
-2.761    2.45385
-2.76    2.43585
-2.759    2.41807
-2.758    2.40049
-2.757    2.38311
-2.756    2.36594
-2.755    2.34897
-2.754    2.33219
-2.753    2.31561
-2.752    2.29922
-2.751    2.28301
-2.75    2.26699
-2.749    2.25114
-2.748    2.23548
-2.747    2.21999
-2.746    2.20468
-2.745    2.18953
-2.744    2.17456
-2.743    2.15975
-2.742    2.1451
-2.741    2.13061
-2.74    2.11628
-2.739    2.10211
-2.738    2.08809
-2.737    2.07422
-2.736    2.0605
-2.735    2.04693
-2.734    2.0335
-2.733    2.02022
-2.732    2.00707
-2.731    1.99407
-2.73    1.9812
-2.729    1.96847
-2.728    1.95587
-2.727    1.9434
-2.726    1.93106
-2.725    1.91885
-2.724    1.90676
-2.723    1.8948
-2.722    1.88296
-2.721    1.87124
-2.72    1.85964
-2.719    1.84816
-2.718    1.83679
-2.717    1.82554
-2.716    1.8144
-2.715    1.80337
-2.714    1.79245
-2.713    1.78164
-2.712    1.77093
-2.711    1.76033
-2.71    1.74984
-2.709    1.73944
-2.708    1.72915
-2.707    1.71896
-2.706    1.70886
-2.705    1.69887
-2.704    1.68897
-2.703    1.67916
-2.702    1.66945
-2.701    1.65983
-2.7    1.6503
-2.699    1.64087
-2.698    1.63152
-2.697    1.62226
-2.696    1.61308
-2.695    1.60399
-2.694    1.59499
-2.693    1.58607
-2.692    1.57723
-2.691    1.56847
-2.69    1.55979
-2.689    1.5512
-2.688    1.54268
-2.687    1.53424
-2.686    1.52587
-2.685    1.51758
-2.684    1.50937
-2.683    1.50122
-2.682    1.49316
-2.681    1.48516
-2.68    1.47724
-2.679    1.46938
-2.678    1.4616
-2.677    1.45388
-2.676    1.44623
-2.675    1.43865
-2.674    1.43113
-2.673    1.42368
-2.672    1.4163
-2.671    1.40898
-2.67    1.40172
-2.669    1.39452
-2.668    1.38739
-2.667    1.38032
-2.666    1.37331
-2.665    1.36635
-2.664    1.35946
-2.663    1.35262
-2.662    1.34585
-2.661    1.33913
-2.66    1.33246
-2.659    1.32585
-2.658    1.3193
-2.657    1.3128
-2.656    1.30636
-2.655    1.29996
-2.654    1.29362
-2.653    1.28734
-2.652    1.2811
-2.651    1.27492
-2.65    1.26878
-2.649    1.2627
-2.648    1.25666
-2.647    1.25068
-2.646    1.24474
-2.645    1.23885
-2.644    1.23301
-2.643    1.22721
-2.642    1.22146
-2.641    1.21576
-2.64    1.2101
-2.639    1.20449
-2.638    1.19892
-2.637    1.19339
-2.636    1.18791
-2.635    1.18247
-2.634    1.17707
-2.633    1.17172
-2.632    1.1664
-2.631    1.16113
-2.63    1.1559
-2.629    1.15071
-2.628    1.14556
-2.627    1.14045
-2.626    1.13537
-2.625    1.13034
-2.624    1.12534
-2.623    1.12039
-2.622    1.11547
-2.621    1.11058
-2.62    1.10574
-2.619    1.10093
-2.618    1.09616
-2.617    1.09142
-2.616    1.08672
-2.615    1.08205
-2.614    1.07742
-2.613    1.07282
-2.612    1.06825
-2.611    1.06372
-2.61    1.05922
-2.609    1.05476
-2.608    1.05033
-2.607    1.04593
-2.606    1.04156
-2.605    1.03722
-2.604    1.03292
-2.603    1.02865
-2.602    1.02441
-2.601    1.02019
-2.6    1.01601
-2.599    1.01186
-2.598    1.00774
-2.597    1.00365
-2.596    0.999583
-2.595    0.995549
-2.594    0.991543
-2.593    0.987565
-2.592    0.983616
-2.591    0.979694
-2.59    0.9758
-2.589    0.971933
-2.588    0.968093
-2.587    0.96428
-2.586    0.960494
-2.585    0.956733
-2.584    0.952999
-2.583    0.949291
-2.582    0.945608
-2.581    0.941951
-2.58    0.938319
-2.579    0.934711
-2.578    0.931128
-2.577    0.92757
-2.576    0.924036
-2.575    0.920526
-2.574    0.91704
-2.573    0.913577
-2.572    0.910138
-2.571    0.906722
-2.57    0.903329
-2.569    0.899959
-2.568    0.896611
-2.567    0.893286
-2.566    0.889983
-2.565    0.886702
-2.564    0.883442
-2.563    0.880205
-2.562    0.876989
-2.561    0.873794
-2.56    0.87062
-2.559    0.867466
-2.558    0.864334
-2.557    0.861222
-2.556    0.858131
-2.555    0.85506
-2.554    0.852008
-2.553    0.848977
-2.552    0.845965
-2.551    0.842973
-2.55    0.84
-2.549    0.837046
-2.548    0.834112
-2.547    0.831196
-2.546    0.828299
-2.545    0.82542
-2.544    0.82256
-2.543    0.819718
-2.542    0.816894
-2.541    0.814089
-2.54    0.811301
-2.539    0.80853
-2.538    0.805777
-2.537    0.803042
-2.536    0.800324
-2.535    0.797623
-2.534    0.794939
-2.533    0.792271
-2.532    0.789621
-2.531    0.786987
-2.53    0.784369
-2.529    0.781768
-2.528    0.779183
-2.527    0.776614
-2.526    0.77406
-2.525    0.771523
-2.524    0.769001
-2.523    0.766495
-2.522    0.764004
-2.521    0.761529
-2.52    0.759069
-2.519    0.756624
-2.518    0.754193
-2.517    0.751778
-2.516    0.749377
-2.515    0.746991
-2.514    0.74462
-2.513    0.742262
-2.512    0.73992
-2.511    0.737591
-2.51    0.735276
-2.509    0.732975
-2.508    0.730689
-2.507    0.728415
-2.506    0.726156
-2.505    0.72391
-2.504    0.721678
-2.503    0.719458
-2.502    0.717252
-2.501    0.71506
-2.5    0.71288
-2.499    0.710713
-2.498    0.708559
-2.497    0.706418
-2.496    0.704289
-2.495    0.702174
-2.494    0.70007
-2.493    0.697979
-2.492    0.6959
-2.491    0.693834
-2.49    0.691779
-2.489    0.689737
-2.488    0.687706
-2.487    0.685688
-2.486    0.683681
-2.485    0.681686
-2.484    0.679702
-2.483    0.67773
-2.482    0.67577
-2.481    0.673821
-2.48    0.671883
-2.479    0.669956
-2.478    0.668041
-2.477    0.666136
-2.476    0.664243
-2.475    0.66236
-2.474    0.660488
-2.473    0.658627
-2.472    0.656777
-2.471    0.654937
-2.47    0.653108
-2.469    0.651289
-2.468    0.64948
-2.467    0.647682
-2.466    0.645894
-2.465    0.644117
-2.464    0.642349
-2.463    0.640592
-2.462    0.638844
-2.461    0.637106
-2.46    0.635378
-2.459    0.63366
-2.458    0.631952
-2.457    0.630253
-2.456    0.628564
-2.455    0.626884
-2.454    0.625214
-2.453    0.623553
-2.452    0.621902
-2.451    0.62026
-2.45    0.618627
-2.449    0.617003
-2.448    0.615388
-2.447    0.613782
-2.446    0.612185
-2.445    0.610597
-2.444    0.609018
-2.443    0.607448
-2.442    0.605887
-2.441    0.604334
-2.44    0.60279
-2.439    0.601254
-2.438    0.599727
-2.437    0.598208
-2.436    0.596698
-2.435    0.595196
-2.434    0.593702
-2.433    0.592217
-2.432    0.59074
-2.431    0.589271
-2.43    0.58781
-2.429    0.586357
-2.428    0.584912
-2.427    0.583475
-2.426    0.582046
-2.425    0.580625
-2.424    0.579212
-2.423    0.577806
-2.422    0.576408
-2.421    0.575018
-2.42    0.573635
-2.419    0.57226
-2.418    0.570893
-2.417    0.569533
-2.416    0.56818
-2.415    0.566835
-2.414    0.565497
-2.413    0.564167
-2.412    0.562843
-2.411    0.561527
-2.41    0.560218
-2.409    0.558917
-2.408    0.557622
-2.407    0.556334
-2.406    0.555054
-2.405    0.55378
-2.404    0.552513
-2.403    0.551253
-2.402    0.55
-2.401    0.548754
-2.4    0.547515
-2.399    0.546282
-2.398    0.545056
-2.397    0.543837
-2.396    0.542624
-2.395    0.541418
-2.394    0.540218
-2.393    0.539025
-2.392    0.537839
-2.391    0.536658
-2.39    0.535485
-2.389    0.534317
-2.388    0.533156
-2.387    0.532001
-2.386    0.530853
-2.385    0.52971
-2.384    0.528574
-2.383    0.527444
-2.382    0.52632
-2.381    0.525202
-2.38    0.524091
-2.379    0.522985
-2.378    0.521885
-2.377    0.520791
-2.376    0.519704
-2.375    0.518622
-2.374    0.517545
-2.373    0.516475
-2.372    0.515411
-2.371    0.514352
-2.37    0.513299
-2.369    0.512252
-2.368    0.51121
-2.367    0.510174
-2.366    0.509144
-2.365    0.508119
-2.364    0.5071
-2.363    0.506087
-2.362    0.505079
-2.361    0.504076
-2.36    0.503079
-2.359    0.502087
-2.358    0.501101
-2.357    0.50012
-2.356    0.499144
-2.355    0.498174
-2.354    0.497209
-2.353    0.496249
-2.352    0.495295
-2.351    0.494346
-2.35    0.493402
-2.349    0.492463
-2.348    0.491529
-2.347    0.4906
-2.346    0.489677
-2.345    0.488758
-2.344    0.487845
-2.343    0.486936
-2.342    0.486033
-2.341    0.485134
-2.34    0.48424
-2.339    0.483352
-2.338    0.482468
-2.337    0.481589
-2.336    0.480715
-2.335    0.479846
-2.334    0.478982
-2.333    0.478122
-2.332    0.477267
-2.331    0.476417
-2.33    0.475572
-2.329    0.474731
-2.328    0.473895
-2.327    0.473064
-2.326    0.472237
-2.325    0.471415
-2.324    0.470597
-2.323    0.469784
-2.322    0.468976
-2.321    0.468172
-2.32    0.467373
-2.319    0.466578
-2.318    0.465788
-2.317    0.465002
-2.316    0.46422
-2.315    0.463443
-2.314    0.46267
-2.313    0.461902
-2.312    0.461138
-2.311    0.460379
-2.31    0.459623
-2.309    0.458872
-2.308    0.458126
-2.307    0.457383
-2.306    0.456645
-2.305    0.455911
-2.304    0.455182
-2.303    0.454456
-2.302    0.453735
-2.301    0.453018
-2.3    0.452305
-2.299    0.451596
-2.298    0.450891
-2.297    0.450191
-2.296    0.449494
-2.295    0.448802
-2.294    0.448113
-2.293    0.447429
-2.292    0.446749
-2.291    0.446072
-2.29    0.4454
-2.289    0.444732
-2.288    0.444067
-2.287    0.443407
-2.286    0.44275
-2.285    0.442098
-2.284    0.441449
-2.283    0.440804
-2.282    0.440163
-2.281    0.439526
-2.28    0.438893
-2.279    0.438264
-2.278    0.437638
-2.277    0.437017
-2.276    0.436399
-2.275    0.435784
-2.274    0.435174
-2.273    0.434567
-2.272    0.433965
-2.271    0.433365
-2.27    0.43277
-2.269    0.432178
-2.268    0.43159
-2.267    0.431006
-2.266    0.430425
-2.265    0.429848
-2.264    0.429275
-2.263    0.428705
-2.262    0.428139
-2.261    0.427576
-2.26    0.427017
-2.259    0.426462
-2.258    0.42591
-2.257    0.425362
-2.256    0.424817
-2.255    0.424276
-2.254    0.423739
-2.253    0.423205
-2.252    0.422674
-2.251    0.422147
-2.25    0.421623
-2.249    0.421103
-2.248    0.420587
-2.247    0.420073
-2.246    0.419564
-2.245    0.419057
-2.244    0.418555
-2.243    0.418055
-2.242    0.417559
-2.241    0.417067
-2.24    0.416577
-2.239    0.416092
-2.238    0.415609
-2.237    0.41513
-2.236    0.414654
-2.235    0.414182
-2.234    0.413713
-2.233    0.413247
-2.232    0.412785
-2.231    0.412326
-2.23    0.41187
-2.229    0.411417
-2.228    0.410968
-2.227    0.410522
-2.226    0.410079
-2.225    0.40964
-2.224    0.409204
-2.223    0.408771
-2.222    0.408341
-2.221    0.407915
-2.22    0.407492
-2.219    0.407072
-2.218    0.406655
-2.217    0.406242
-2.216    0.405831
-2.215    0.405424
-2.214    0.40502
-2.213    0.404619
-2.212    0.404222
-2.211    0.403827
-2.21    0.403436
-2.209    0.403048
-2.208    0.402663
-2.207    0.402281
-2.206    0.401903
-2.205    0.401527
-2.204    0.401155
-2.203    0.400785
-2.202    0.400419
-2.201    0.400056
-2.2    0.399696
-2.199    0.399339
-2.198    0.398985
-2.197    0.398635
-2.196    0.398287
-2.195    0.397942
-2.194    0.397601
-2.193    0.397263
-2.192    0.396927
-2.191    0.396595
-2.19    0.396266
-2.189    0.395939
-2.188    0.395616
-2.187    0.395296
-2.186    0.394979
-2.185    0.394665
-2.184    0.394354
-2.183    0.394046
-2.182    0.393741
-2.181    0.393439
-2.18    0.39314
-2.179    0.392844
-2.178    0.392551
-2.177    0.392261
-2.176    0.391974
-2.175    0.391691
-2.174    0.39141
-2.173    0.391132
-2.172    0.390857
-2.171    0.390585
-2.17    0.390316
-2.169    0.39005
-2.168    0.389787
-2.167    0.389527
-2.166    0.38927
-2.165    0.389015
-2.164    0.388764
-2.163    0.388516
-2.162    0.388271
-2.161    0.388029
-2.16    0.387789
-2.159    0.387553
-2.158    0.38732
-2.157    0.387089
-2.156    0.386862
-2.155    0.386637
-2.154    0.386416
-2.153    0.386197
-2.152    0.385981
-2.151    0.385768
-2.15    0.385559
-2.149    0.385352
-2.148    0.385148
-2.147    0.384947
-2.146    0.384749
-2.145    0.384554
-2.144    0.384362
-2.143    0.384172
-2.142    0.383986
-2.141    0.383803
-2.14    0.383622
-2.139    0.383445
-2.138    0.38327
-2.137    0.383099
-2.136    0.38293
-2.135    0.382764
-2.134    0.382602
-2.133    0.382442
-2.132    0.382285
-2.131    0.382131
-2.13    0.38198
-2.129    0.381832
-2.128    0.381687
-2.127    0.381545
-2.126    0.381405
-2.125    0.381269
-2.124    0.381136
-2.123    0.381005
-2.122    0.380878
-2.121    0.380753
-2.12    0.380632
-2.119    0.380513
-2.118    0.380398
-2.117    0.380285
-2.116    0.380175
-2.115    0.380068
-2.114    0.379965
-2.113    0.379864
-2.112    0.379766
-2.111    0.379671
-2.11    0.379579
-2.109    0.37949
-2.108    0.379404
-2.107    0.379321
-2.106    0.379241
-2.105    0.379164
-2.104    0.37909
-2.103    0.379019
-2.102    0.378951
-2.101    0.378886
-2.1    0.378824
-2.099    0.378765
-2.098    0.378709
-2.097    0.378656
-2.096    0.378607
-2.095    0.37856
-2.094    0.378516
-2.093    0.378475
-2.092    0.378437
-2.091    0.378402
-2.09    0.37837
-2.089    0.378342
-2.088    0.378316
-2.087    0.378294
-2.086    0.378274
-2.085    0.378258
-2.084    0.378244
-2.083    0.378234
-2.082    0.378227
-2.081    0.378223
-2.08    0.378221
-2.079    0.378224
-2.078    0.378229
-2.077    0.378237
-2.076    0.378248
-2.075    0.378263
-2.074    0.378281
-2.073    0.378301
-2.072    0.378325
-2.071    0.378352
-2.07    0.378383
-2.069    0.378416
-2.068    0.378453
-2.067    0.378492
-2.066    0.378535
-2.065    0.378581
-2.064    0.378631
-2.063    0.378683
-2.062    0.378739
-2.061    0.378798
-2.06    0.37886
-2.059    0.378925
-2.058    0.378994
-2.057    0.379066
-2.056    0.379141
-2.055    0.379219
-2.054    0.379301
-2.053    0.379386
-2.052    0.379474
-2.051    0.379566
-2.05    0.379661
-2.049    0.379759
-2.048    0.37986
-2.047    0.379965
-2.046    0.380073
-2.045    0.380185
-2.044    0.3803
-2.043    0.380418
-2.042    0.38054
-2.041    0.380665
-2.04    0.380793
-2.039    0.380925
-2.038    0.381061
-2.037    0.381199
-2.036    0.381342
-2.035    0.381487
-2.034    0.381636
-2.033    0.381789
-2.032    0.381945
-2.031    0.382105
-2.03    0.382268
-2.029    0.382435
-2.028    0.382605
-2.027    0.382778
-2.026    0.382956
-2.025    0.383137
-2.024    0.383321
-2.023    0.383509
-2.022    0.383701
-2.021    0.383896
-2.02    0.384095
-2.019    0.384298
-2.018    0.384504
-2.017    0.384714
-2.016    0.384928
-2.015    0.385145
-2.014    0.385366
-2.013    0.385591
-2.012    0.385819
-2.011    0.386052
-2.01    0.386288
-2.009    0.386528
-2.008    0.386771
-2.007    0.387019
-2.006    0.38727
-2.005    0.387525
-2.004    0.387784
-2.003    0.388047
-2.002    0.388314
-2.001    0.388585
-2    0.38886
-1.999    0.389138
-1.998    0.389421
-1.997    0.389708
-1.996    0.389998
-1.995    0.390293
-1.994    0.390591
-1.993    0.390894
-1.992    0.391201
-1.991    0.391512
-1.99    0.391827
-1.989    0.392146
-1.988    0.392469
-1.987    0.392797
-1.986    0.393128
-1.985    0.393464
-1.984    0.393804
-1.983    0.394149
-1.982    0.394497
-1.981    0.39485
-1.98    0.395207
-1.979    0.395569
-1.978    0.395934
-1.977    0.396304
-1.976    0.396679
-1.975    0.397058
-1.974    0.397441
-1.973    0.397829
-1.972    0.398222
-1.971    0.398618
-1.97    0.39902
-1.969    0.399426
-1.968    0.399836
-1.967    0.400251
-1.966    0.400671
-1.965    0.401095
-1.964    0.401524
-1.963    0.401958
-1.962    0.402396
-1.961    0.402839
-1.96    0.403287
-1.959    0.40374
-1.958    0.404197
-1.957    0.404659
-1.956    0.405126
-1.955    0.405598
-1.954    0.406075
-1.953    0.406557
-1.952    0.407044
-1.951    0.407536
-1.95    0.408033
-1.949    0.408535
-1.948    0.409042
-1.947    0.409554
-1.946    0.410071
-1.945    0.410594
-1.944    0.411122
-1.943    0.411654
-1.942    0.412193
-1.941    0.412736
-1.94    0.413285
-1.939    0.413839
-1.938    0.414398
-1.937    0.414963
-1.936    0.415534
-1.935    0.41611
-1.934    0.416691
-1.933    0.417278
-1.932    0.417871
-1.931    0.418469
-1.93    0.419072
-1.929    0.419682
-1.928    0.420297
-1.927    0.420918
-1.926    0.421545
-1.925    0.422177
-1.924    0.422816
-1.923    0.42346
-1.922    0.424111
-1.921    0.424767
-1.92    0.425429
-1.919    0.426098
-1.918    0.426772
-1.917    0.427453
-1.916    0.428139
-1.915    0.428832
-1.914    0.429532
-1.913    0.430237
-1.912    0.430949
-1.911    0.431667
-1.91    0.432392
-1.909    0.433123
-1.908    0.433861
-1.907    0.434605
-1.906    0.435356
-1.905    0.436113
-1.904    0.436878
-1.903    0.437648
-1.902    0.438426
-1.901    0.439211
-1.9    0.440002
-1.899    0.4408
-1.898    0.441605
-1.897    0.442418
-1.896    0.443237
-1.895    0.444064
-1.894    0.444897
-1.893    0.445738
-1.892    0.446586
-1.891    0.447442
-1.89    0.448305
-1.889    0.449175
-1.888    0.450053
-1.887    0.450938
-1.886    0.451831
-1.885    0.452731
-1.884    0.45364
-1.883    0.454556
-1.882    0.455479
-1.881    0.456411
-1.88    0.457351
-1.879    0.458298
-1.878    0.459254
-1.877    0.460218
-1.876    0.46119
-1.875    0.46217
-1.874    0.463159
-1.873    0.464155
-1.872    0.465161
-1.871    0.466175
-1.87    0.467197
-1.869    0.468228
-1.868    0.469268
-1.867    0.470316
-1.866    0.471373
-1.865    0.47244
-1.864    0.473515
-1.863    0.474599
-1.862    0.475692
-1.861    0.476795
-1.86    0.477906
-1.859    0.479027
-1.858    0.480158
-1.857    0.481298
-1.856    0.482447
-1.855    0.483606
-1.854    0.484775
-1.853    0.485954
-1.852    0.487142
-1.851    0.488341
-1.85    0.489549
-1.849    0.490768
-1.848    0.491997
-1.847    0.493236
-1.846    0.494486
-1.845    0.495745
-1.844    0.497016
-1.843    0.498297
-1.842    0.499589
-1.841    0.500892
-1.84    0.502205
-1.839    0.50353
-1.838    0.504866
-1.837    0.506212
-1.836    0.507571
-1.835    0.50894
-1.834    0.510321
-1.833    0.511714
-1.832    0.513118
-1.831    0.514534
-1.83    0.515962
-1.829    0.517402
-1.828    0.518854
-1.827    0.520319
-1.826    0.521795
-1.825    0.523284
-1.824    0.524786
-1.823    0.5263
-1.822    0.527827
-1.821    0.529367
-1.82    0.53092
-1.819    0.532486
-1.818    0.534065
-1.817    0.535658
-1.816    0.537264
-1.815    0.538883
-1.814    0.540517
-1.813    0.542164
-1.812    0.543825
-1.811    0.545501
-1.81    0.54719
-1.809    0.548894
-1.808    0.550613
-1.807    0.552346
-1.806    0.554094
-1.805    0.555857
-1.804    0.557635
-1.803    0.559428
-1.802    0.561236
-1.801    0.56306
-1.8    0.5649
-1.799    0.566756
-1.798    0.568627
-1.797    0.570515
-1.796    0.572418
-1.795    0.574339
-1.794    0.576276
-1.793    0.578229
-1.792    0.5802
-1.791    0.582188
-1.79    0.584192
-1.789    0.586215
-1.788    0.588255
-1.787    0.590313
-1.786    0.592388
-1.785    0.594482
-1.784    0.596594
-1.783    0.598725
-1.782    0.600874
-1.781    0.603043
-1.78    0.60523
-1.779    0.607437
-1.778    0.609663
-1.777    0.611909
-1.776    0.614175
-1.775    0.61646
-1.774    0.618767
-1.773    0.621093
-1.772    0.623441
-1.771    0.625809
-1.77    0.628198
-1.769    0.630609
-1.768    0.633042
-1.767    0.635496
-1.766    0.637973
-1.765    0.640471
-1.764    0.642993
-1.763    0.645537
-1.762    0.648104
-1.761    0.650695
-1.76    0.653309
-1.759    0.655947
-1.758    0.658609
-1.757    0.661295
-1.756    0.664006
-1.755    0.666742
-1.754    0.669503
-1.753    0.672289
-1.752    0.675101
-1.751    0.677939
-1.75    0.680804
-1.749    0.683695
-1.748    0.686613
-1.747    0.689558
-1.746    0.692531
-1.745    0.695531
-1.744    0.69856
-1.743    0.701617
-1.742    0.704703
-1.741    0.707818
-1.74    0.710963
-1.739    0.714137
-1.738    0.717341
-1.737    0.720576
-1.736    0.723842
-1.735    0.72714
-1.734    0.730468
-1.733    0.733829
-1.732    0.737222
-1.731    0.740648
-1.73    0.744107
-1.729    0.7476
-1.728    0.751126
-1.727    0.754687
-1.726    0.758283
-1.725    0.761913
-1.724    0.76558
-1.723    0.769282
-1.722    0.773021
-1.721    0.776797
-1.72    0.780611
-1.719    0.784462
-1.718    0.788352
-1.717    0.79228
-1.716    0.796248
-1.715    0.800256
-1.714    0.804304
-1.713    0.808392
-1.712    0.812523
-1.711    0.816695
-1.71    0.820909
-1.709    0.825166
-1.708    0.829467
-1.707    0.833812
-1.706    0.838202
-1.705    0.842637
-1.704    0.847117
-1.703    0.851644
-1.702    0.856218
-1.701    0.86084
-1.7    0.86551
-1.699    0.870229
-1.698    0.874998
-1.697    0.879816
-1.696    0.884686
-1.695    0.889607
-1.694    0.894581
-1.693    0.899608
-1.692    0.904688
-1.691    0.909823
-1.69    0.915013
-1.689    0.920259
-1.688    0.925561
-1.687    0.930922
-1.686    0.93634
-1.685    0.941818
-1.684    0.947356
-1.683    0.952954
-1.682    0.958615
-1.681    0.964337
-1.68    0.970124
-1.679    0.975974
-1.678    0.98189
-1.677    0.987872
-1.676    0.993921
-1.675    1.00004
-1.674    1.00623
-1.673    1.01248
-1.672    1.01881
-1.671    1.02521
-1.67    1.03168
-1.669    1.03823
-1.668    1.04485
-1.667    1.05155
-1.666    1.05833
-1.665    1.06519
-1.664    1.07212
-1.663    1.07914
-1.662    1.08624
-1.661    1.09343
-1.66    1.1007
-1.659    1.10805
-1.658    1.11549
-1.657    1.12303
-1.656    1.13065
-1.655    1.13837
-1.654    1.14617
-1.653    1.15408
-1.652    1.16208
-1.651    1.17017
-1.65    1.17837
-1.649    1.18667
-1.648    1.19507
-1.647    1.20357
-1.646    1.21218
-1.645    1.2209
-1.644    1.22973
-1.643    1.23867
-1.642    1.24772
-1.641    1.25689
-1.64    1.26617
-1.639    1.27558
-1.638    1.2851
-1.637    1.29475
-1.636    1.30452
-1.635    1.31442
-1.634    1.32444
-1.633    1.3346
-1.632    1.34489
-1.631    1.35532
-1.63    1.36589
-1.629    1.3766
-1.628    1.38745
-1.627    1.39845
-1.626    1.40959
-1.625    1.42089
-1.624    1.43234
-1.623    1.44394
-1.622    1.45571
-1.621    1.46764
-1.62    1.47973
-1.619    1.49199
-1.618    1.50442
-1.617    1.51702
-1.616    1.52981
-1.615    1.54277
-1.614    1.55592
-1.613    1.56925
-1.612    1.58278
-1.611    1.5965
-1.61    1.61042
-1.609    1.62454
-1.608    1.63886
-1.607    1.6534
-1.606    1.66815
-1.605    1.68312
-1.604    1.69831
-1.603    1.71373
-1.602    1.72937
-1.601    1.74526
-1.6    1.76138
-1.599    1.77775
-1.598    1.79437
-1.597    1.81125
-1.596    1.82838
-1.595    1.84579
-1.594    1.86346
-1.593    1.88141
-1.592    1.89964
-1.591    1.91816
-1.59    1.93697
-1.589    1.95609
-1.588    1.97551
-1.587    1.99524
-1.586    2.0153
-1.585    2.03568
-1.584    2.0564
-1.583    2.07745
-1.582    2.09886
-1.581    2.12062
-1.58    2.14274
-1.579    2.16524
-1.578    2.18812
-1.577    2.21139
-1.576    2.23505
-1.575    2.25912
-1.574    2.28361
-1.573    2.30852
-1.572    2.33387
-1.571    2.35966
-1.57    2.38591
-1.569    2.41263
-1.568    2.43982
-1.567    2.4675
-1.566    2.49568
-1.565    2.52438
-1.564    2.55359
-1.563    2.58335
-1.562    2.61365
-1.561    2.64452
-1.56    2.67597
-1.559    2.70801
-1.558    2.74065
-1.557    2.77392
-1.556    2.80782
-1.555    2.84238
-1.554    2.87761
-1.553    2.91352
-1.552    2.95014
-1.551    2.98749
-1.55    3.02558
-1.549    3.06443
-1.548    3.10406
-1.547    3.14449
-1.546    3.18575
-1.545    3.22786
-1.544    3.27084
-1.543    3.31471
-1.542    3.3595
-1.541    3.40523
-1.54    3.45194
-1.539    3.49964
-1.538    3.54836
-1.537    3.59815
-1.536    3.64901
-1.535    3.701
-1.534    3.75413
-1.533    3.80845
-1.532    3.86398
-1.531    3.92077
-1.53    3.97884
-1.529    4.03825
-1.528    4.09902
-1.527    4.16121
-1.526    4.22485
-1.525    4.29
-1.524    4.35668
-1.523    4.42497
-1.522    4.4949
-1.521    4.56652
-1.52    4.6399
-1.519    4.71509
-1.518    4.79215
-1.517    4.87113
-1.516    4.95211
-1.515    5.03514
-1.514    5.12031
-1.513    5.20767
-1.512    5.29731
-1.511    5.3893
-1.51    5.48372
-1.509    5.58066
-1.508    5.68021
-1.507    5.78246
-1.506    5.88751
-1.505    5.99545
-1.504    6.10639
-1.503    6.22044
-1.502    6.33772
-1.501    6.45834
-1.5    6.58244
-1.499    6.71013
-1.498    6.84157
-1.497    6.97688
-1.496    7.11623
-1.495    7.25976
-1.494    7.40765
-1.493    7.56007
-1.492    7.71719
-1.491    7.87922
-1.49    8.04633
-1.489    8.21876
-1.488    8.39671
-1.487    8.58041
-1.486    8.77012
-1.485    8.96608
-1.484    9.16856
-1.483    9.37784
-1.482    9.59422
-1.481    9.81801
-1.48    10.0495
-1.479    10.2892
-1.478    10.5372
-1.477    10.7941
-1.476    11.0603
-1.475    11.3361
-1.474    11.622
-1.473    11.9185
-1.472    12.2261
-1.471    12.5453
-1.47    12.8768
-1.469    13.221
-1.468    13.5786
-1.467    13.9502
-1.466    14.3367
-1.465    14.7386
-1.464    15.1569
-1.463    15.5922
-1.462    16.0456
-1.461    16.5179
-1.46    17.0101
-1.459    17.5232
-1.458    18.0584
-1.457    18.6168
-1.456    19.1997
-1.455    19.8083
-1.454    20.444
-1.453    21.1083
-1.452    21.8027
-1.451    22.5289
-1.45    23.2885
-1.449    24.0834
-1.448    24.9155
-1.447    25.7867
-1.446    26.6991
-1.445    27.655
-1.444    28.6565
-1.443    29.7062
-1.442    30.8064
-1.441    31.9598
-1.44    33.1688
-1.439    34.4363
-1.438    35.765
-1.437    37.1575
-1.436    38.6166
-1.435    40.145
-1.434    41.7452
-1.433    43.4198
-1.432    45.1709
-1.431    47.0005
-1.43    48.91
-1.429    50.9006
-1.428    52.9725
-1.427    55.1256
-1.426    57.3583
-1.425    59.6684
-1.424    62.0521
-1.423    64.504
-1.422    67.0172
-1.421    69.5826
-1.42    72.1891
-1.419    74.823
-1.418    77.4684
-1.417    80.1064
-1.416    82.7159
-1.415    85.273
-1.414    87.7515
-1.413    90.1233
-1.412    92.3591
-1.411    94.4285
-1.41    96.3014
-1.409    97.9485
-1.408    99.3428
-1.407    100.46
-1.406    101.28
-1.405    101.788
-1.404    101.974
-1.403    101.835
-1.402    101.372
-1.401    100.596
-1.4    99.5205
-1.399    98.1646
-1.398    96.5521
-1.397    94.7098
-1.396    92.6668
-1.395    90.4529
-1.394    88.0987
-1.393    85.6336
-1.392    83.0861
-1.391    80.4825
-1.39    77.847
-1.389    75.2014
-1.388    72.5646
-1.387    69.9532
-1.386    67.381
-1.385    64.8596
-1.384    62.3983
-1.383    60.0043
-1.382    57.6833
-1.381    55.4391
-1.38    53.2744
-1.379    51.1906
-1.378    49.1882
-1.377    47.267
-1.376    45.4259
-1.375    43.6635
-1.374    41.9779
-1.373    40.367
-1.372    38.8283
-1.371    37.3592
-1.37    35.9572
-1.369    34.6194
-1.368    33.3432
-1.367    32.1258
-1.366    30.9645
-1.365    29.8566
-1.364    28.7997
-1.363    27.7913
-1.362    26.8289
-1.361    25.9102
-1.36    25.0331
-1.359    24.1954
-1.358    23.3952
-1.357    22.6305
-1.356    21.8995
-1.355    21.2005
-1.354    20.5318
-1.353    19.8919
-1.352    19.2794
-1.351    18.6928
-1.35    18.1308
-1.349    17.5923
-1.348    17.0759
-1.347    16.5806
-1.346    16.1054
-1.345    15.6493
-1.344    15.2113
-1.343    14.7905
-1.342    14.3861
-1.341    13.9974
-1.34    13.6235
-1.339    13.2638
-1.338    12.9176
-1.337    12.5843
-1.336    12.2632
-1.335    11.9538
-1.334    11.6556
-1.333    11.3681
-1.332    11.0908
-1.331    10.8231
-1.33    10.5648
-1.329    10.3154
-1.328    10.0745
-1.327    9.84166
-1.326    9.61666
-1.325    9.39911
-1.324    9.18871
-1.323    8.98515
-1.322    8.78815
-1.321    8.59744
-1.32    8.41277
-1.319    8.23388
-1.318    8.06056
-1.317    7.89257
-1.316    7.72971
-1.315    7.57177
-1.314    7.41857
-1.313    7.26991
-1.312    7.12564
-1.311    6.98558
-1.31    6.84958
-1.309    6.71747
-1.308    6.58913
-1.307    6.4644
-1.306    6.34317
-1.305    6.2253
-1.304    6.11066
-1.303    5.99916
-1.302    5.89067
-1.301    5.7851
-1.3    5.68233
-1.299    5.58228
-1.298    5.48484
-1.297    5.38994
-1.296    5.29748
-1.295    5.20739
-1.294    5.11958
-1.293    5.03399
-1.292    4.95053
-1.291    4.86914
-1.29    4.78975
-1.289    4.7123
-1.288    4.63672
-1.287    4.56297
-1.286    4.49097
-1.285    4.42068
-1.284    4.35204
-1.283    4.285
-1.282    4.21952
-1.281    4.15554
-1.28    4.09302
-1.279    4.03192
-1.278    3.9722
-1.277    3.91381
-1.276    3.85672
-1.275    3.80089
-1.274    3.74627
-1.273    3.69285
-1.272    3.64058
-1.271    3.58943
-1.27    3.53937
-1.269    3.49037
-1.268    3.4424
-1.267    3.39543
-1.266    3.34944
-1.265    3.30439
-1.264    3.26026
-1.263    3.21704
-1.262    3.17468
-1.261    3.13318
-1.26    3.0925
-1.259    3.05263
-1.258    3.01354
-1.257    2.97522
-1.256    2.93765
-1.255    2.9008
-1.254    2.86466
-1.253    2.82921
-1.252    2.79443
-1.251    2.76031
-1.25    2.72683
-1.249    2.69397
-1.248    2.66172
-1.247    2.63007
-1.246    2.59899
-1.245    2.56848
-1.244    2.53852
-1.243    2.5091
-1.242    2.48021
-1.241    2.45183
-1.24    2.42395
-1.239    2.39657
-1.238    2.36966
-1.237    2.34322
-1.236    2.31723
-1.235    2.29169
-1.234    2.26659
-1.233    2.24192
-1.232    2.21766
-1.231    2.19381
-1.23    2.17036
-1.229    2.1473
-1.228    2.12462
-1.227    2.10232
-1.226    2.08038
-1.225    2.0588
-1.224    2.03756
-1.223    2.01667
-1.222    1.99611
-1.221    1.97589
-1.22    1.95598
-1.219    1.93638
-1.218    1.9171
-1.217    1.89811
-1.216    1.87942
-1.215    1.86102
-1.214    1.84291
-1.213    1.82507
-1.212    1.8075
-1.211    1.7902
-1.21    1.77316
-1.209    1.75637
-1.208    1.73984
-1.207    1.72355
-1.206    1.7075
-1.205    1.69169
-1.204    1.67611
-1.203    1.66076
-1.202    1.64563
-1.201    1.63072
-1.2    1.61602
-1.199    1.60153
-1.198    1.58726
-1.197    1.57318
-1.196    1.5593
-1.195    1.54562
-1.194    1.53212
-1.193    1.51882
-1.192    1.5057
-1.191    1.49276
-1.19    1.48
-1.189    1.46741
-1.188    1.455
-1.187    1.44275
-1.186    1.43067
-1.185    1.41875
-1.184    1.40699
-1.183    1.39539
-1.182    1.38394
-1.181    1.37264
-1.18    1.36149
-1.179    1.35048
-1.178    1.33962
-1.177    1.3289
-1.176    1.31832
-1.175    1.30788
-1.174    1.29757
-1.173    1.28739
-1.172    1.27734
-1.171    1.26742
-1.17    1.25762
-1.169    1.24794
-1.168    1.23839
-1.167    1.22896
-1.166    1.21964
-1.165    1.21044
-1.164    1.20135
-1.163    1.19237
-1.162    1.1835
-1.161    1.17474
-1.16    1.16608
-1.159    1.15753
-1.158    1.14909
-1.157    1.14074
-1.156    1.13249
-1.155    1.12435
-1.154    1.11629
-1.153    1.10834
-1.152    1.10047
-1.151    1.0927
-1.15    1.08502
-1.149    1.07743
-1.148    1.06992
-1.147    1.0625
-1.146    1.05517
-1.145    1.04792
-1.144    1.04076
-1.143    1.03367
-1.142    1.02667
-1.141    1.01974
-1.14    1.01289
-1.139    1.00612
-1.138    0.999423
-1.137    0.992802
-1.136    0.986253
-1.135    0.979777
-1.134    0.973371
-1.133    0.967036
-1.132    0.96077
-1.131    0.954573
-1.13    0.948442
-1.129    0.942377
-1.128    0.936378
-1.127    0.930443
-1.126    0.924572
-1.125    0.918763
-1.124    0.913015
-1.123    0.907329
-1.122    0.901702
-1.121    0.896135
-1.12    0.890625
-1.119    0.885173
-1.118    0.879778
-1.117    0.874439
-1.116    0.869155
-1.115    0.863926
-1.114    0.85875
-1.113    0.853627
-1.112    0.848556
-1.111    0.843537
-1.11    0.838568
-1.109    0.83365
-1.108    0.828781
-1.107    0.823961
-1.106    0.819189
-1.105    0.814465
-1.104    0.809788
-1.103    0.805157
-1.102    0.800572
-1.101    0.796032
-1.1    0.791536
-1.099    0.787085
-1.098    0.782677
-1.097    0.778311
-1.096    0.773988
-1.095    0.769707
-1.094    0.765467
-1.093    0.761268
-1.092    0.757109
-1.091    0.75299
-1.09    0.748909
-1.089    0.744868
-1.088    0.740865
-1.087    0.736899
-1.086    0.732971
-1.085    0.72908
-1.084    0.725225
-1.083    0.721406
-1.082    0.717622
-1.081    0.713874
-1.08    0.71016
-1.079    0.70648
-1.078    0.702834
-1.077    0.699222
-1.076    0.695643
-1.075    0.692096
-1.074    0.688581
-1.073    0.685098
-1.072    0.681647
-1.071    0.678227
-1.07    0.674837
-1.069    0.671478
-1.068    0.668149
-1.067    0.66485
-1.066    0.661579
-1.065    0.658338
-1.064    0.655126
-1.063    0.651941
-1.062    0.648785
-1.061    0.645656
-1.06    0.642555
-1.059    0.639481
-1.058    0.636433
-1.057    0.633412
-1.056    0.630417
-1.055    0.627448
-1.054    0.624504
-1.053    0.621586
-1.052    0.618693
-1.051    0.615824
-1.05    0.61298
-1.049    0.61016
-1.048    0.607364
-1.047    0.604591
-1.046    0.601842
-1.045    0.599116
-1.044    0.596412
-1.043    0.593732
-1.042    0.591073
-1.041    0.588437
-1.04    0.585823
-1.039    0.58323
-1.038    0.580659
-1.037    0.578109
-1.036    0.57558
-1.035    0.573072
-1.034    0.570584
-1.033    0.568116
-1.032    0.565669
-1.031    0.563241
-1.03    0.560834
-1.029    0.558445
-1.028    0.556076
-1.027    0.553726
-1.026    0.551395
-1.025    0.549082
-1.024    0.546788
-1.023    0.544513
-1.022    0.542255
-1.021    0.540015
-1.02    0.537793
-1.019    0.535589
-1.018    0.533402
-1.017    0.531232
-1.016    0.529079
-1.015    0.526943
-1.014    0.524824
-1.013    0.522721
-1.012    0.520634
-1.011    0.518564
-1.01    0.51651
-1.009    0.514471
-1.008    0.512449
-1.007    0.510442
-1.006    0.50845
-1.005    0.506474
-1.004    0.504512
-1.003    0.502566
-1.002    0.500635
-1.001    0.498718
-1    0.496815
-0.999    0.494927
-0.998    0.493054
-0.997    0.491194
-0.996    0.489349
-0.995    0.487517
-0.994    0.485699
-0.993    0.483895
-0.992    0.482104
-0.991    0.480326
-0.99    0.478562
-0.989    0.47681
-0.988    0.475072
-0.987    0.473346
-0.986    0.471634
-0.985    0.469933
-0.984    0.468246
-0.983    0.46657
-0.982    0.464907
-0.981    0.463256
-0.98    0.461617
-0.979    0.45999
-0.978    0.458375
-0.977    0.456772
-0.976    0.45518
-0.975    0.453599
-0.974    0.45203
-0.973    0.450473
-0.972    0.448926
-0.971    0.447391
-0.97    0.445866
-0.969    0.444353
-0.968    0.44285
-0.967    0.441358
-0.966    0.439876
-0.965    0.438406
-0.964    0.436945
-0.963    0.435495
-0.962    0.434055
-0.961    0.432625
-0.96    0.431205
-0.959    0.429796
-0.958    0.428396
-0.957    0.427006
-0.956    0.425625
-0.955    0.424254
-0.954    0.422893
-0.953    0.421541
-0.952    0.420199
-0.951    0.418866
-0.95    0.417542
-0.949    0.416228
-0.948    0.414922
-0.947    0.413625
-0.946    0.412338
-0.945    0.411059
-0.944    0.409789
-0.943    0.408528
-0.942    0.407275
-0.941    0.406031
-0.94    0.404795
-0.939    0.403568
-0.938    0.402349
-0.937    0.401138
-0.936    0.399936
-0.935    0.398741
-0.934    0.397555
-0.933    0.396377
-0.932    0.395207
-0.931    0.394044
-0.93    0.39289
-0.929    0.391743
-0.928    0.390604
-0.927    0.389473
-0.926    0.388349
-0.925    0.387232
-0.924    0.386123
-0.923    0.385022
-0.922    0.383928
-0.921    0.382841
-0.92    0.381761
-0.919    0.380688
-0.918    0.379623
-0.917    0.378564
-0.916    0.377513
-0.915    0.376469
-0.914    0.375431
-0.913    0.3744
-0.912    0.373376
-0.911    0.372359
-0.91    0.371348
-0.909    0.370345
-0.908    0.369347
-0.907    0.368356
-0.906    0.367372
-0.905    0.366394
-0.904    0.365423
-0.903    0.364457
-0.902    0.363498
-0.901    0.362546
-0.9    0.361599
-0.899    0.360659
-0.898    0.359725
-0.897    0.358796
-0.896    0.357874
-0.895    0.356958
-0.894    0.356048
-0.893    0.355143
-0.892    0.354245
-0.891    0.353352
-0.89    0.352465
-0.889    0.351583
-0.888    0.350708
-0.887    0.349838
-0.886    0.348973
-0.885    0.348114
-0.884    0.347261
-0.883    0.346413
-0.882    0.345571
-0.881    0.344733
-0.88    0.343902
-0.879    0.343075
-0.878    0.342254
-0.877    0.341438
-0.876    0.340627
-0.875    0.339822
-0.874    0.339021
-0.873    0.338226
-0.872    0.337436
-0.871    0.33665
-0.87    0.33587
-0.869    0.335095
-0.868    0.334324
-0.867    0.333559
-0.866    0.332798
-0.865    0.332042
-0.864    0.331291
-0.863    0.330545
-0.862    0.329803
-0.861    0.329066
-0.86    0.328334
-0.859    0.327607
-0.858    0.326884
-0.857    0.326165
-0.856    0.325451
-0.855    0.324742
-0.854    0.324037
-0.853    0.323336
-0.852    0.32264
-0.851    0.321949
-0.85    0.321261
-0.849    0.320578
-0.848    0.3199
-0.847    0.319225
-0.846    0.318555
-0.845    0.317889
-0.844    0.317228
-0.843    0.31657
-0.842    0.315917
-0.841    0.315267
-0.84    0.314622
-0.839    0.313981
-0.838    0.313344
-0.837    0.312711
-0.836    0.312082
-0.835    0.311457
-0.834    0.310835
-0.833    0.310218
-0.832    0.309605
-0.831    0.308995
-0.83    0.30839
-0.829    0.307788
-0.828    0.30719
-0.827    0.306595
-0.826    0.306005
-0.825    0.305418
-0.824    0.304835
-0.823    0.304255
-0.822    0.30368
-0.821    0.303107
-0.82    0.302539
-0.819    0.301974
-0.818    0.301413
-0.817    0.300855
-0.816    0.3003
-0.815    0.29975
-0.814    0.299202
-0.813    0.298659
-0.812    0.298118
-0.811    0.297581
-0.81    0.297048
-0.809    0.296517
-0.808    0.295991
-0.807    0.295467
-0.806    0.294947
-0.805    0.29443
-0.804    0.293917
-0.803    0.293407
-0.802    0.2929
-0.801    0.292396
-0.8    0.291895
-0.799    0.291398
-0.798    0.290904
-0.797    0.290413
-0.796    0.289925
-0.795    0.289441
-0.794    0.288959
-0.793    0.288481
-0.792    0.288005
-0.791    0.287533
-0.79    0.287064
-0.789    0.286597
-0.788    0.286134
-0.787    0.285674
-0.786    0.285217
-0.785    0.284762
-0.784    0.284311
-0.783    0.283863
-0.782    0.283417
-0.781    0.282975
-0.78    0.282535
-0.779    0.282098
-0.778    0.281664
-0.777    0.281233
-0.776    0.280805
-0.775    0.280379
-0.774    0.279957
-0.773    0.279537
-0.772    0.27912
-0.771    0.278705
-0.77    0.278294
-0.769    0.277885
-0.768    0.277479
-0.767    0.277075
-0.766    0.276675
-0.765    0.276277
-0.764    0.275881
-0.763    0.275488
-0.762    0.275098
-0.761    0.274711
-0.76    0.274326
-0.759    0.273944
-0.758    0.273564
-0.757    0.273187
-0.756    0.272812
-0.755    0.27244
-0.754    0.272071
-0.753    0.271704
-0.752    0.27134
-0.751    0.270978
-0.75    0.270618
-0.749    0.270261
-0.748    0.269907
-0.747    0.269555
-0.746    0.269206
-0.745    0.268858
-0.744    0.268514
-0.743    0.268171
-0.742    0.267832
-0.741    0.267494
-0.74    0.267159
-0.739    0.266826
-0.738    0.266496
-0.737    0.266168
-0.736    0.265842
-0.735    0.265519
-0.734    0.265198
-0.733    0.264879
-0.732    0.264563
-0.731    0.264249
-0.73    0.263937
-0.729    0.263628
-0.728    0.26332
-0.727    0.263015
-0.726    0.262713
-0.725    0.262412
-0.724    0.262114
-0.723    0.261818
-0.722    0.261524
-0.721    0.261232
-0.72    0.260943
-0.719    0.260655
-0.718    0.26037
-0.717    0.260087
-0.716    0.259806
-0.715    0.259528
-0.714    0.259251
-0.713    0.258977
-0.712    0.258704
-0.711    0.258434
-0.71    0.258166
-0.709    0.2579
-0.708    0.257637
-0.707    0.257375
-0.706    0.257115
-0.705    0.256857
-0.704    0.256602
-0.703    0.256348
-0.702    0.256097
-0.701    0.255848
-0.7    0.2556
-0.699    0.255355
-0.698    0.255112
-0.697    0.25487
-0.696    0.254631
-0.695    0.254394
-0.694    0.254158
-0.693    0.253925
-0.692    0.253694
-0.691    0.253464
-0.69    0.253237
-0.689    0.253011
-0.688    0.252788
-0.687    0.252566
-0.686    0.252346
-0.685    0.252129
-0.684    0.251913
-0.683    0.251699
-0.682    0.251487
-0.681    0.251277
-0.68    0.251069
-0.679    0.250863
-0.678    0.250658
-0.677    0.250456
-0.676    0.250255
-0.675    0.250057
-0.674    0.24986
-0.673    0.249665
-0.672    0.249472
-0.671    0.249281
-0.67    0.249091
-0.669    0.248904
-0.668    0.248718
-0.667    0.248534
-0.666    0.248352
-0.665    0.248172
-0.664    0.247993
-0.663    0.247817
-0.662    0.247642
-0.661    0.247469
-0.66    0.247298
-0.659    0.247128
-0.658    0.246961
-0.657    0.246795
-0.656    0.246631
-0.655    0.246468
-0.654    0.246308
-0.653    0.246149
-0.652    0.245992
-0.651    0.245837
-0.65    0.245683
-0.649    0.245532
-0.648    0.245382
-0.647    0.245233
-0.646    0.245087
-0.645    0.244942
-0.644    0.244799
-0.643    0.244658
-0.642    0.244518
-0.641    0.24438
-0.64    0.244244
-0.639    0.24411
-0.638    0.243977
-0.637    0.243846
-0.636    0.243717
-0.635    0.243589
-0.634    0.243463
-0.633    0.243339
-0.632    0.243217
-0.631    0.243096
-0.63    0.242977
-0.629    0.242859
-0.628    0.242743
-0.627    0.242629
-0.626    0.242517
-0.625    0.242406
-0.624    0.242297
-0.623    0.242189
-0.622    0.242084
-0.621    0.241979
-0.62    0.241877
-0.619    0.241776
-0.618    0.241677
-0.617    0.241579
-0.616    0.241484
-0.615    0.241389
-0.614    0.241297
-0.613    0.241206
-0.612    0.241116
-0.611    0.241029
-0.61    0.240943
-0.609    0.240858
-0.608    0.240775
-0.607    0.240694
-0.606    0.240615
-0.605    0.240537
-0.604    0.240461
-0.603    0.240386
-0.602    0.240313
-0.601    0.240241
-0.6    0.240171
-0.599    0.240103
-0.598    0.240037
-0.597    0.239972
-0.596    0.239908
-0.595    0.239846
-0.594    0.239786
-0.593    0.239728
-0.592    0.239671
-0.591    0.239615
-0.59    0.239562
-0.589    0.239509
-0.588    0.239459
-0.587    0.23941
-0.586    0.239362
-0.585    0.239317
-0.584    0.239272
-0.583    0.23923
-0.582    0.239189
-0.581    0.239149
-0.58    0.239111
-0.579    0.239075
-0.578    0.239041
-0.577    0.239007
-0.576    0.238976
-0.575    0.238946
-0.574    0.238918
-0.573    0.238891
-0.572    0.238866
-0.571    0.238842
-0.57    0.23882
-0.569    0.2388
-0.568    0.238781
-0.567    0.238764
-0.566    0.238748
-0.565    0.238734
-0.564    0.238722
-0.563    0.238711
-0.562    0.238702
-0.561    0.238694
-0.56    0.238688
-0.559    0.238683
-0.558    0.238681
-0.557    0.238679
-0.556    0.238679
-0.555    0.238681
-0.554    0.238685
-0.553    0.23869
-0.552    0.238696
-0.551    0.238704
-0.55    0.238714
-0.549    0.238725
-0.548    0.238738
-0.547    0.238753
-0.546    0.238769
-0.545    0.238787
-0.544    0.238806
-0.543    0.238827
-0.542    0.238849
-0.541    0.238873
-0.54    0.238899
-0.539    0.238926
-0.538    0.238955
-0.537    0.238986
-0.536    0.239018
-0.535    0.239052
-0.534    0.239087
-0.533    0.239124
-0.532    0.239162
-0.531    0.239202
-0.53    0.239244
-0.529    0.239288
-0.528    0.239332
-0.527    0.239379
-0.526    0.239427
-0.525    0.239477
-0.524    0.239528
-0.523    0.239581
-0.522    0.239636
-0.521    0.239692
-0.52    0.23975
-0.519    0.23981
-0.518    0.239871
-0.517    0.239934
-0.516    0.239998
-0.515    0.240065
-0.514    0.240132
-0.513    0.240202
-0.512    0.240273
-0.511    0.240345
-0.51    0.24042
-0.509    0.240496
-0.508    0.240573
-0.507    0.240653
-0.506    0.240734
-0.505    0.240816
-0.504    0.2409
-0.503    0.240986
-0.502    0.241074
-0.501    0.241163
-0.5    0.241254
-0.499    0.241347
-0.498    0.241441
-0.497    0.241537
-0.496    0.241635
-0.495    0.241734
-0.494    0.241836
-0.493    0.241938
-0.492    0.242043
-0.491    0.242149
-0.49    0.242257
-0.489    0.242367
-0.488    0.242478
-0.487    0.242591
-0.486    0.242706
-0.485    0.242823
-0.484    0.242941
-0.483    0.243061
-0.482    0.243183
-0.481    0.243306
-0.48    0.243431
-0.479    0.243558
-0.478    0.243687
-0.477    0.243818
-0.476    0.24395
-0.475    0.244084
-0.474    0.24422
-0.473    0.244357
-0.472    0.244497
-0.471    0.244638
-0.47    0.244781
-0.469    0.244926
-0.468    0.245072
-0.467    0.245221
-0.466    0.245371
-0.465    0.245523
-0.464    0.245677
-0.463    0.245832
-0.462    0.24599
-0.461    0.246149
-0.46    0.24631
-0.459    0.246473
-0.458    0.246638
-0.457    0.246805
-0.456    0.246973
-0.455    0.247144
-0.454    0.247316
-0.453    0.24749
-0.452    0.247666
-0.451    0.247844
-0.45    0.248024
-0.449    0.248206
-0.448    0.24839
-0.447    0.248575
-0.446    0.248763
-0.445    0.248952
-0.444    0.249144
-0.443    0.249337
-0.442    0.249532
-0.441    0.24973
-0.44    0.249929
-0.439    0.25013
-0.438    0.250333
-0.437    0.250538
-0.436    0.250745
-0.435    0.250955
-0.434    0.251166
-0.433    0.251379
-0.432    0.251594
-0.431    0.251811
-0.43    0.25203
-0.429    0.252251
-0.428    0.252475
-0.427    0.2527
-0.426    0.252927
-0.425    0.253157
-0.424    0.253388
-0.423    0.253622
-0.422    0.253858
-0.421    0.254095
-0.42    0.254335
-0.419    0.254577
-0.418    0.254822
-0.417    0.255068
-0.416    0.255316
-0.415    0.255567
-0.414    0.25582
-0.413    0.256074
-0.412    0.256331
-0.411    0.256591
-0.41    0.256852
-0.409    0.257116
-0.408    0.257382
-0.407    0.25765
-0.406    0.25792
-0.405    0.258193
-0.404    0.258468
-0.403    0.258745
-0.402    0.259024
-0.401    0.259306
-0.4    0.259589
-0.399    0.259876
-0.398    0.260164
-0.397    0.260455
-0.396    0.260748
-0.395    0.261044
-0.394    0.261342
-0.393    0.261642
-0.392    0.261944
-0.391    0.262249
-0.39    0.262557
-0.389    0.262867
-0.388    0.263179
-0.387    0.263493
-0.386    0.26381
-0.385    0.26413
-0.384    0.264452
-0.383    0.264776
-0.382    0.265103
-0.381    0.265433
-0.38    0.265765
-0.379    0.266099
-0.378    0.266436
-0.377    0.266776
-0.376    0.267118
-0.375    0.267463
-0.374    0.26781
-0.373    0.26816
-0.372    0.268512
-0.371    0.268867
-0.37    0.269225
-0.369    0.269585
-0.368    0.269948
-0.367    0.270314
-0.366    0.270683
-0.365    0.271054
-0.364    0.271428
-0.363    0.271804
-0.362    0.272184
-0.361    0.272566
-0.36    0.272951
-0.359    0.273338
-0.358    0.273729
-0.357    0.274122
-0.356    0.274518
-0.355    0.274917
-0.354    0.275319
-0.353    0.275724
-0.352    0.276131
-0.351    0.276542
-0.35    0.276956
-0.349    0.277372
-0.348    0.277791
-0.347    0.278214
-0.346    0.278639
-0.345    0.279068
-0.344    0.279499
-0.343    0.279934
-0.342    0.280371
-0.341    0.280812
-0.34    0.281256
-0.339    0.281702
-0.338    0.282152
-0.337    0.282606
-0.336    0.283062
-0.335    0.283522
-0.334    0.283984
-0.333    0.28445
-0.332    0.28492
-0.331    0.285392
-0.33    0.285868
-0.329    0.286347
-0.328    0.286829
-0.327    0.287315
-0.326    0.287804
-0.325    0.288297
-0.324    0.288793
-0.323    0.289292
-0.322    0.289795
-0.321    0.290302
-0.32    0.290811
-0.319    0.291325
-0.318    0.291842
-0.317    0.292362
-0.316    0.292886
-0.315    0.293414
-0.314    0.293945
-0.313    0.29448
-0.312    0.295019
-0.311    0.295561
-0.31    0.296107
-0.309    0.296657
-0.308    0.297211
-0.307    0.297768
-0.306    0.298329
-0.305    0.298894
-0.304    0.299463
-0.303    0.300036
-0.302    0.300613
-0.301    0.301193
-0.3    0.301778
-0.299    0.302367
-0.298    0.30296
-0.297    0.303556
-0.296    0.304157
-0.295    0.304762
-0.294    0.305371
-0.293    0.305985
-0.292    0.306602
-0.291    0.307224
-0.29    0.30785
-0.289    0.30848
-0.288    0.309115
-0.287    0.309754
-0.286    0.310397
-0.285    0.311045
-0.284    0.311697
-0.283    0.312354
-0.282    0.313015
-0.281    0.31368
-0.28    0.314351
-0.279    0.315026
-0.278    0.315705
-0.277    0.316389
-0.276    0.317078
-0.275    0.317772
-0.274    0.31847
-0.273    0.319173
-0.272    0.319881
-0.271    0.320594
-0.27    0.321312
-0.269    0.322034
-0.268    0.322762
-0.267    0.323495
-0.266    0.324233
-0.265    0.324976
-0.264    0.325724
-0.263    0.326477
-0.262    0.327235
-0.261    0.327999
-0.26    0.328768
-0.259    0.329542
-0.258    0.330322
-0.257    0.331107
-0.256    0.331897
-0.255    0.332693
-0.254    0.333495
-0.253    0.334302
-0.252    0.335115
-0.251    0.335933
-0.25    0.336757
-0.249    0.337587
-0.248    0.338423
-0.247    0.339265
-0.246    0.340112
-0.245    0.340966
-0.244    0.341825
-0.243    0.34269
-0.242    0.343562
-0.241    0.34444
-0.24    0.345324
-0.239    0.346214
-0.238    0.34711
-0.237    0.348013
-0.236    0.348922
-0.235    0.349838
-0.234    0.35076
-0.233    0.351688
-0.232    0.352624
-0.231    0.353566
-0.23    0.354514
-0.229    0.35547
-0.228    0.356432
-0.227    0.357401
-0.226    0.358377
-0.225    0.359361
-0.224    0.360351
-0.223    0.361348
-0.222    0.362353
-0.221    0.363364
-0.22    0.364383
-0.219    0.36541
-0.218    0.366444
-0.217    0.367485
-0.216    0.368534
-0.215    0.369591
-0.214    0.370655
-0.213    0.371727
-0.212    0.372807
-0.211    0.373895
-0.21    0.374991
-0.209    0.376095
-0.208    0.377207
-0.207    0.378327
-0.206    0.379456
-0.205    0.380593
-0.204    0.381738
-0.203    0.382892
-0.202    0.384054
-0.201    0.385225
-0.2    0.386405
-0.199    0.387593
-0.198    0.388791
-0.197    0.389997
-0.196    0.391213
-0.195    0.392437
-0.194    0.393671
-0.193    0.394915
-0.192    0.396167
-0.191    0.397429
-0.19    0.398701
-0.189    0.399982
-0.188    0.401274
-0.187    0.402575
-0.186    0.403886
-0.185    0.405207
-0.184    0.406538
-0.183    0.407879
-0.182    0.409231
-0.181    0.410593
-0.18    0.411966
-0.179    0.41335
-0.178    0.414744
-0.177    0.416149
-0.176    0.417565
-0.175    0.418992
-0.174    0.420431
-0.173    0.42188
-0.172    0.423341
-0.171    0.424814
-0.17    0.426298
-0.169    0.427794
-0.168    0.429302
-0.167    0.430822
-0.166    0.432354
-0.165    0.433898
-0.164    0.435455
-0.163    0.437024
-0.162    0.438606
-0.161    0.440201
-0.16    0.441808
-0.159    0.443429
-0.158    0.445063
-0.157    0.44671
-0.156    0.44837
-0.155    0.450045
-0.154    0.451732
-0.153    0.453434
-0.152    0.45515
-0.151    0.45688
-0.15    0.458624
-0.149    0.460383
-0.148    0.462157
-0.147    0.463945
-0.146    0.465748
-0.145    0.467567
-0.144    0.4694
-0.143    0.47125
-0.142    0.473114
-0.141    0.474995
-0.14    0.476892
-0.139    0.478805
-0.138    0.480734
-0.137    0.482679
-0.136    0.484642
-0.135    0.486621
-0.134    0.488618
-0.133    0.490631
-0.132    0.492663
-0.131    0.494712
-0.13    0.496779
-0.129    0.498864
-0.128    0.500967
-0.127    0.503089
-0.126    0.505229
-0.125    0.507389
-0.124    0.509568
-0.123    0.511766
-0.122    0.513984
-0.121    0.516221
-0.12    0.518479
-0.119    0.520757
-0.118    0.523056
-0.117    0.525376
-0.116    0.527716
-0.115    0.530078
-0.114    0.532462
-0.113    0.534868
-0.112    0.537295
-0.111    0.539746
-0.11    0.542218
-0.109    0.544714
-0.108    0.547233
-0.107    0.549776
-0.106    0.552342
-0.105    0.554933
-0.104    0.557548
-0.103    0.560188
-0.102    0.562853
-0.101    0.565543
-0.1    0.568259
-0.099    0.571002
-0.098    0.57377
-0.097    0.576565
-0.096    0.579388
-0.095    0.582237
-0.094    0.585115
-0.093    0.588021
-0.092    0.590955
-0.091    0.593918
-0.09    0.59691
-0.089    0.599933
-0.088    0.602985
-0.087    0.606067
-0.086    0.609181
-0.085    0.612326
-0.084    0.615502
-0.083    0.618711
-0.082    0.621952
-0.081    0.625227
-0.08    0.628535
-0.079    0.631876
-0.078    0.635253
-0.077    0.638664
-0.076    0.642111
-0.075    0.645593
-0.074    0.649112
-0.073    0.652668
-0.072    0.656261
-0.071    0.659892
-0.07    0.663562
-0.069    0.667271
-0.068    0.67102
-0.067    0.674809
-0.066    0.678638
-0.065    0.682509
-0.064    0.686422
-0.063    0.690378
-0.062    0.694377
-0.061    0.69842
-0.06    0.702507
-0.059    0.70664
-0.058    0.710818
-0.057    0.715044
-0.056    0.719316
-0.055    0.723637
-0.054    0.728006
-0.053    0.732425
-0.052    0.736894
-0.051    0.741414
-0.05    0.745986
-0.049    0.75061
-0.048    0.755289
-0.047    0.760021
-0.046    0.764809
-0.045    0.769652
-0.044    0.774553
-0.043    0.779512
-0.042    0.784529
-0.041    0.789606
-0.04    0.794744
-0.039    0.799943
-0.038    0.805205
-0.037    0.810531
-0.036    0.815922
-0.035    0.821379
-0.034    0.826903
-0.033    0.832494
-0.032    0.838155
-0.031    0.843887
-0.03    0.84969
-0.029    0.855565
-0.028    0.861515
-0.027    0.86754
-0.026    0.873642
-0.025    0.879822
-0.024    0.886081
-0.023    0.892421
-0.022    0.898843
-0.021    0.905349
-0.02    0.911939
-0.019    0.918617
-0.018    0.925382
-0.017    0.932237
-0.016    0.939184
-0.015    0.946223
-0.014    0.953357
-0.013    0.960588
-0.012    0.967917
-0.011    0.975346
-0.01    0.982877
-0.009    0.990511
-0.008    0.998252
-0.007    1.0061
-0.006    1.01406
-0.005    1.02213
-0.004    1.03031
-0.003    1.03861
-0.002    1.04703
-0.001    1.05557
0    1.06423
0.001    1.07302
0.002    1.08194
0.003    1.09098
0.004    1.10016
0.005    1.10948
0.006    1.11894
0.007    1.12853
0.008    1.13827
0.009    1.14816
0.01    1.1582
0.011    1.16839
0.012    1.17874
0.013    1.18925
0.014    1.19992
0.015    1.21076
0.016    1.22176
0.017    1.23295
0.018    1.24431
0.019    1.25585
0.02    1.26757
0.021    1.27949
0.022    1.2916
0.023    1.30391
0.024    1.31642
0.025    1.32914
0.026    1.34206
0.027    1.35521
0.028    1.36858
0.029    1.38217
0.03    1.39599
0.031    1.41005
0.032    1.42436
0.033    1.43891
0.034    1.45371
0.035    1.46878
0.036    1.48411
0.037    1.49971
0.038    1.51559
0.039    1.53176
0.04    1.54822
0.041    1.56498
0.042    1.58205
0.043    1.59943
0.044    1.61714
0.045    1.63517
0.046    1.65355
0.047    1.67227
0.048    1.69135
0.049    1.7108
0.05    1.73062
0.051    1.75083
0.052    1.77143
0.053    1.79244
0.054    1.81386
0.055    1.83572
0.056    1.85801
0.057    1.88075
0.058    1.90396
0.059    1.92765
0.06    1.95182
0.061    1.9765
0.062    2.00169
0.063    2.02742
0.064    2.05369
0.065    2.08053
0.066    2.10795
0.067    2.13596
0.068    2.16458
0.069    2.19384
0.07    2.22375
0.071    2.25433
0.072    2.28559
0.073    2.31757
0.074    2.35028
0.075    2.38375
0.076    2.41799
0.077    2.45304
0.078    2.48891
0.079    2.52564
0.08    2.56325
0.081    2.60177
0.082    2.64123
0.083    2.68166
0.084    2.72309
0.085    2.76555
0.086    2.80909
0.087    2.85373
0.088    2.89951
0.089    2.94648
0.09    2.99466
0.091    3.04412
0.092    3.09488
0.093    3.14699
0.094    3.20052
0.095    3.25549
0.096    3.31197
0.097    3.37002
0.098    3.42968
0.099    3.49102
0.1    3.5541
0.101    3.61899
0.102    3.68575
0.103    3.75447
0.104    3.8252
0.105    3.89803
0.106    3.97305
0.107    4.05034
0.108    4.12999
0.109    4.21209
0.11    4.29675
0.111    4.38407
0.112    4.47416
0.113    4.56713
0.114    4.66311
0.115    4.76222
0.116    4.86461
0.117    4.97039
0.118    5.07974
0.119    5.1928
0.12    5.30973
0.121    5.43072
0.122    5.55593
0.123    5.68558
0.124    5.81984
0.125    5.95895
0.126    6.10313
0.127    6.25261
0.128    6.40764
0.129    6.5685
0.13    6.73546
0.131    6.90881
0.132    7.08888
0.133    7.27598
0.134    7.47048
0.135    7.67274
0.136    7.88316
0.137    8.10214
0.138    8.33014
0.139    8.5676
0.14    8.81503
0.141    9.07294
0.142    9.34188
0.143    9.62244
0.144    9.91523
0.145    10.2209
0.146    10.5401
0.147    10.8737
0.148    11.2223
0.149    11.5868
0.15    11.968
0.151    12.3669
0.152    12.7844
0.153    13.2214
0.154    13.6791
0.155    14.1585
0.156    14.6608
0.157    15.1871
0.158    15.7387
0.159    16.3169
0.16    16.9229
0.161    17.5582
0.162    18.2241
0.163    18.9219
0.164    19.653
0.165    20.4188
0.166    21.2205
0.167    22.0594
0.168    22.9365
0.169    23.8529
0.17    24.8093
0.171    25.8062
0.172    26.8439
0.173    27.922
0.174    29.0401
0.175    30.1968
0.176    31.3904
0.177    32.618
0.178    33.8763
0.179    35.1608
0.18    36.4658
0.181    37.7845
0.182    39.109
0.183    40.4298
0.184    41.7363
0.185    43.0167
0.186    44.2577
0.187    45.4455
0.188    46.5652
0.189    47.6018
0.19    48.5401
0.191    49.3656
0.192    50.0646
0.193    50.6251
0.194    51.0372
0.195    51.293
0.196    51.388
0.197    51.3203
0.198    51.0912
0.199    50.7051
0.2    50.1693
0.201    49.4934
0.202    48.6892
0.203    47.7701
0.204    46.7506
0.205    45.6458
0.206    44.4708
0.207    43.2404
0.208    41.9688
0.209    40.6692
0.21    39.3536
0.211    38.033
0.212    36.7169
0.213    35.4134
0.214    34.1295
0.215    32.8711
0.216    31.6427
0.217    30.4481
0.218    29.2899
0.219    28.1701
0.22    27.0901
0.221    26.0506
0.222    25.0518
0.223    24.0936
0.224    23.1755
0.225    22.2967
0.226    21.4564
0.227    20.6535
0.228    19.8866
0.229    19.1547
0.23    18.4562
0.231    17.7899
0.232    17.1544
0.233    16.5483
0.234    15.9703
0.235    15.419
0.236    14.8933
0.237    14.3917
0.238    13.9133
0.239    13.4567
0.24    13.0209
0.241    12.6049
0.242    12.2076
0.243    11.8281
0.244    11.4655
0.245    11.1189
0.246    10.7874
0.247    10.4705
0.248    10.1672
0.249    9.87687
0.25    9.59892
0.251    9.33268
0.252    9.07757
0.253    8.83305
0.254    8.59858
0.255    8.37366
0.256    8.15784
0.257    7.95067
0.258    7.75173
0.259    7.56063
0.26    7.377
0.261    7.20047
0.262    7.03073
0.263    6.86744
0.264    6.71033
0.265    6.5591
0.266    6.41348
0.267    6.27323
0.268    6.1381
0.269    6.00786
0.27    5.88231
0.271    5.76124
0.272    5.64445
0.273    5.53177
0.274    5.42301
0.275    5.31802
0.276    5.21663
0.277    5.11871
0.278    5.02409
0.279    4.93266
0.28    4.84429
0.281    4.75884
0.282    4.67622
0.283    4.5963
0.284    4.51898
0.285    4.44416
0.286    4.37175
0.287    4.30166
0.288    4.2338
0.289    4.16809
0.29    4.10444
0.291    4.04279
0.292    3.98306
0.293    3.92518
0.294    3.8691
0.295    3.81474
0.296    3.76204
0.297    3.71096
0.298    3.66143
0.299    3.6134
0.3    3.56683
0.301    3.52166
0.302    3.47785
0.303    3.43535
0.304    3.39413
0.305    3.35414
0.306    3.31535
0.307    3.27772
0.308    3.2412
0.309    3.20578
0.31    3.17141
0.311    3.13806
0.312    3.10571
0.313    3.07433
0.314    3.04388
0.315    3.01435
0.316    2.9857
0.317    2.95791
0.318    2.93096
0.319    2.90483
0.32    2.87949
0.321    2.85492
0.322    2.8311
0.323    2.80802
0.324    2.78565
0.325    2.76398
0.326    2.74299
0.327    2.72267
0.328    2.70299
0.329    2.68394
0.33    2.66551
0.331    2.64769
0.332    2.63045
0.333    2.61379
0.334    2.5977
0.335    2.58216
0.336    2.56716
0.337    2.55268
0.338    2.53873
0.339    2.52529
0.34    2.51234
0.341    2.49989
0.342    2.48791
0.343    2.47641
0.344    2.46537
0.345    2.45478
0.346    2.44464
0.347    2.43494
0.348    2.42567
0.349    2.41683
0.35    2.4084
0.351    2.40039
0.352    2.39279
0.353    2.38558
0.354    2.37877
0.355    2.37236
0.356    2.36632
0.357    2.36067
0.358    2.35539
0.359    2.35049
0.36    2.34595
0.361    2.34177
0.362    2.33796
0.363    2.3345
0.364    2.3314
0.365    2.32864
0.366    2.32623
0.367    2.32417
0.368    2.32245
0.369    2.32107
0.37    2.32002
0.371    2.31931
0.372    2.31894
0.373    2.31889
0.374    2.31918
0.375    2.3198
0.376    2.32074
0.377    2.32201
0.378    2.32361
0.379    2.32553
0.38    2.32778
0.381    2.33035
0.382    2.33325
0.383    2.33647
0.384    2.34002
0.385    2.34389
0.386    2.34809
0.387    2.35261
0.388    2.35746
0.389    2.36263
0.39    2.36814
0.391    2.37397
0.392    2.38014
0.393    2.38663
0.394    2.39347
0.395    2.40063
0.396    2.40814
0.397    2.41599
0.398    2.42417
0.399    2.43271
0.4    2.44159
0.401    2.45082
0.402    2.4604
0.403    2.47034
0.404    2.48064
0.405    2.4913
0.406    2.50232
0.407    2.51372
0.408    2.52549
0.409    2.53765
0.41    2.55018
0.411    2.5631
0.412    2.57641
0.413    2.59012
0.414    2.60424
0.415    2.61876
0.416    2.63369
0.417    2.64904
0.418    2.66482
0.419    2.68103
0.42    2.69768
0.421    2.71477
0.422    2.73232
0.423    2.75032
0.424    2.76879
0.425    2.78773
0.426    2.80716
0.427    2.82708
0.428    2.8475
0.429    2.86842
0.43    2.88987
0.431    2.91184
0.432    2.93435
0.433    2.9574
0.434    2.98102
0.435    3.0052
0.436    3.02997
0.437    3.05532
0.438    3.08129
0.439    3.10787
0.44    3.13508
0.441    3.16293
0.442    3.19144
0.443    3.22062
0.444    3.25049
0.445    3.28107
0.446    3.31236
0.447    3.34438
0.448    3.37716
0.449    3.41071
0.45    3.44504
0.451    3.48018
0.452    3.51615
0.453    3.55296
0.454    3.59064
0.455    3.62921
0.456    3.66869
0.457    3.70911
0.458    3.75048
0.459    3.79284
0.46    3.8362
0.461    3.8806
0.462    3.92606
0.463    3.97262
0.464    4.0203
0.465    4.06913
0.466    4.11914
0.467    4.17037
0.468    4.22285
0.469    4.27662
0.47    4.33171
0.471    4.38817
0.472    4.44603
0.473    4.50533
0.474    4.56612
0.475    4.62843
0.476    4.69233
0.477    4.75785
0.478    4.82505
0.479    4.89397
0.48    4.96467
0.481    5.03721
0.482    5.11165
0.483    5.18804
0.484    5.26645
0.485    5.34695
0.486    5.42961
0.487    5.51448
0.488    5.60166
0.489    5.69122
0.49    5.78324
0.491    5.8778
0.492    5.97499
0.493    6.0749
0.494    6.17764
0.495    6.28329
0.496    6.39197
0.497    6.50378
0.498    6.61884
0.499    6.73727
0.5    6.85919
0.501    6.98473
0.502    7.11403
0.503    7.24723
0.504    7.38449
0.505    7.52596
0.506    7.6718
0.507    7.82219
0.508    7.97731
0.509    8.13734
0.51    8.30249
0.511    8.47296
0.512    8.64898
0.513    8.83077
0.514    9.01858
0.515    9.21267
0.516    9.41329
0.517    9.62073
0.518    9.83528
0.519    10.0573
0.52    10.287
0.521    10.5248
0.522    10.7712
0.523    11.0263
0.524    11.2907
0.525    11.5648
0.526    11.8491
0.527    12.1439
0.528    12.4498
0.529    12.7674
0.53    13.0972
0.531    13.4398
0.532    13.7958
0.533    14.1659
0.534    14.5508
0.535    14.9512
0.536    15.3679
0.537    15.8017
0.538    16.2535
0.539    16.7243
0.54    17.215
0.541    17.7267
0.542    18.2604
0.543    18.8174
0.544    19.3988
0.545    20.006
0.546    20.6403
0.547    21.3032
0.548    21.9963
0.549    22.7211
0.55    23.4793
0.551    24.2729
0.552    25.1036
0.553    25.9734
0.554    26.8846
0.555    27.8391
0.556    28.8394
0.557    29.8878
0.558    30.9867
0.559    32.1388
0.56    33.3466
0.561    34.6129
0.562    35.9403
0.563    37.3316
0.564    38.7895
0.565    40.3167
0.566    41.9158
0.567    43.5892
0.568    45.3391
0.569    47.1675
0.57    49.0759
0.571    51.0653
0.572    53.1361
0.573    55.288
0.574    57.5197
0.575    59.8287
0.576    62.2112
0.577    64.6621
0.578    67.1742
0.579    69.7385
0.58    72.3439
0.581    74.9768
0.582    77.6212
0.583    80.2582
0.584    82.8666
0.585    85.4227
0.586    87.9002
0.587    90.2711
0.588    92.5058
0.589    94.5742
0.59    96.4461
0.591    98.0923
0.592    99.4856
0.593    100.602
0.594    101.421
0.595    101.928
0.596    102.113
0.597    101.973
0.598    101.51
0.599    100.733
0.6    99.6559
0.601    98.2991
0.602    96.6857
0.603    94.8426
0.604    92.7986
0.605    90.5839
0.606    88.2288
0.607    85.7629
0.608    83.2145
0.609    80.6101
0.61    77.9738
0.611    75.3273
0.612    72.6897
0.613    70.0775
0.614    67.5045
0.615    64.9822
0.616    62.5201
0.617    60.1254
0.618    57.8035
0.619    55.5586
0.62    53.3931
0.621    51.3085
0.622    49.3053
0.623    47.3833
0.624    45.5415
0.625    43.7783
0.626    42.092
0.627    40.4804
0.628    38.9409
0.629    37.4712
0.63    36.0684
0.631    34.7299
0.632    33.453
0.633    32.2349
0.634    31.0728
0.635    29.9643
0.636    28.9067
0.637    27.8976
0.638    26.9345
0.639    26.0151
0.64    25.1373
0.641    24.299
0.642    23.4981
0.643    22.7327
0.644    22.0011
0.645    21.3014
0.646    20.6321
0.647    19.9916
0.648    19.3784
0.649    18.7912
0.65    18.2286
0.651    17.6894
0.652    17.1724
0.653    16.6766
0.654    16.2008
0.655    15.744
0.656    15.3054
0.657    14.884
0.658    14.4791
0.659    14.0897
0.66    13.7153
0.661    13.355
0.662    13.0082
0.663    12.6743
0.664    12.3526
0.665    12.0427
0.666    11.7439
0.667    11.4559
0.668    11.1779
0.669    10.9098
0.67    10.6509
0.671    10.4009
0.672    10.1595
0.673    9.92613
0.674    9.7006
0.675    9.48252
0.676    9.27159
0.677    9.06751
0.678    8.86999
0.679    8.67877
0.68    8.49358
0.681    8.31419
0.682    8.14035
0.683    7.97186
0.684    7.8085
0.685    7.65007
0.686    7.49637
0.687    7.34723
0.688    7.20247
0.689    7.06193
0.69    6.92544
0.691    6.79286
0.692    6.66404
0.693    6.53884
0.694    6.41714
0.695    6.2988
0.696    6.18371
0.697    6.07174
0.698    5.9628
0.699    5.85677
0.7    5.75355
0.701    5.65305
0.702    5.55517
0.703    5.45982
0.704    5.36693
0.705    5.2764
0.706    5.18816
0.707    5.10213
0.708    5.01824
0.709    4.93642
0.71    4.85661
0.711    4.77874
0.712    4.70274
0.713    4.62857
0.714    4.55616
0.715    4.48545
0.716    4.41641
0.717    4.34896
0.718    4.28307
0.719    4.21869
0.72    4.15578
0.721    4.09428
0.722    4.03417
0.723    3.97539
0.724    3.9179
0.725    3.86168
0.726    3.80669
0.727    3.75288
0.728    3.70023
0.729    3.6487
0.73    3.59827
0.731    3.5489
0.732    3.50055
0.733    3.45321
0.734    3.40685
0.735    3.36144
0.736    3.31695
0.737    3.27336
0.738    3.23065
0.739    3.18879
0.74    3.14776
0.741    3.10754
0.742    3.0681
0.743    3.02943
0.744    2.99151
0.745    2.95432
0.746    2.91784
0.747    2.88205
0.748    2.84693
0.749    2.81247
0.75    2.77866
0.751    2.74547
0.752    2.71289
0.753    2.6809
0.754    2.6495
0.755    2.61866
0.756    2.58838
0.757    2.55864
0.758    2.52943
0.759    2.50073
0.76    2.47254
0.761    2.44484
0.762    2.41762
0.763    2.39086
0.764    2.36457
0.765    2.33873
0.766    2.31332
0.767    2.28834
0.768    2.26378
0.769    2.23963
0.77    2.21588
0.771    2.19253
0.772    2.16955
0.773    2.14695
0.774    2.12472
0.775    2.10285
0.776    2.08132
0.777    2.06015
0.778    2.0393
0.779    2.01879
0.78    1.9986
0.781    1.97872
0.782    1.95916
0.783    1.9399
0.784    1.92093
0.785    1.90225
0.786    1.88386
0.787    1.86575
0.788    1.84791
0.789    1.83034
0.79    1.81303
0.791    1.79598
0.792    1.77918
0.793    1.76263
0.794    1.74632
0.795    1.73024
0.796    1.71441
0.797    1.69879
0.798    1.68341
0.799    1.66824
0.8    1.65329
0.801    1.63855
0.802    1.62402
0.803    1.60969
0.804    1.59556
0.805    1.58163
0.806    1.56789
0.807    1.55435
0.808    1.54098
0.809    1.5278
0.81    1.5148
0.811    1.50197
0.812    1.48932
0.813    1.47683
0.814    1.46451
0.815    1.45236
0.816    1.44036
0.817    1.42853
0.818    1.41685
0.819    1.40532
0.82    1.39394
0.821    1.38271
0.822    1.37162
0.823    1.36067
0.824    1.34987
0.825    1.3392
0.826    1.32866
0.827    1.31826
0.828    1.30799
0.829    1.29785
0.83    1.28784
0.831    1.27794
0.832    1.26817
0.833    1.25852
0.834    1.24899
0.835    1.23958
0.836    1.23028
0.837    1.22109
0.838    1.21201
0.839    1.20304
0.84    1.19418
0.841    1.18542
0.842    1.17677
0.843    1.16822
0.844    1.15977
0.845    1.15142
0.846    1.14316
0.847    1.135
0.848    1.12694
0.849    1.11897
0.85    1.11109
0.851    1.1033
0.852    1.0956
0.853    1.08799
0.854    1.08046
0.855    1.07302
0.856    1.06566
0.857    1.05838
0.858    1.05119
0.859    1.04407
0.86    1.03703
0.861    1.03007
0.862    1.02319
0.863    1.01638
0.864    1.00965
0.865    1.00299
0.866    0.996398
0.867    0.98988
0.868    0.983432
0.869    0.977053
0.87    0.970742
0.871    0.964498
0.872    0.958321
0.873    0.952208
0.874    0.946159
0.875    0.940174
0.876    0.934252
0.877    0.92839
0.878    0.92259
0.879    0.91685
0.88    0.911168
0.881    0.905545
0.882    0.899979
0.883    0.89447
0.884    0.889017
0.885    0.883619
0.886    0.878275
0.887    0.872986
0.888    0.867749
0.889    0.862564
0.89    0.857431
0.891    0.852349
0.892    0.847317
0.893    0.842334
0.894    0.837401
0.895    0.832516
0.896    0.827678
0.897    0.822888
0.898    0.818143
0.899    0.813445
0.9    0.808792
0.901    0.804184
0.902    0.799619
0.903    0.795099
0.904    0.790621
0.905    0.786185
0.906    0.781792
0.907    0.77744
0.908    0.773128
0.909    0.768858
0.91    0.764627
0.911    0.760435
0.912    0.756282
0.913    0.752167
0.914    0.748091
0.915    0.744052
0.916    0.74005
0.917    0.736084
0.918    0.732155
0.919    0.728261
0.92    0.724403
0.921    0.720579
0.922    0.71679
0.923    0.713034
0.924    0.709313
0.925    0.705624
0.926    0.701968
0.927    0.698345
0.928    0.694754
0.929    0.691194
0.93    0.687666
0.931    0.684168
0.932    0.680702
0.933    0.677265
0.934    0.673858
0.935    0.670481
0.936    0.667133
0.937    0.663814
0.938    0.660523
0.939    0.657261
0.94    0.654026
0.941    0.650819
0.942    0.647639
0.943    0.644486
0.944    0.64136
0.945    0.638261
0.946    0.635187
0.947    0.632139
0.948    0.629116
0.949    0.626119
0.95    0.623147
0.951    0.620199
0.952    0.617276
0.953    0.614376
0.954    0.611501
0.955    0.608649
0.956    0.605821
0.957    0.603015
0.958    0.600233
0.959    0.597473
0.96    0.594736
0.961    0.59202
0.962    0.589327
0.963    0.586655
0.964    0.584004
0.965    0.581375
0.966    0.578767
0.967    0.576179
0.968    0.573612
0.969    0.571066
0.97    0.568539
0.971    0.566033
0.972    0.563546
0.973    0.561078
0.974    0.55863
0.975    0.556201
0.976    0.553791
0.977    0.5514
0.978    0.549027
0.979    0.546672
0.98    0.544336
0.981    0.542018
0.982    0.539717
0.983    0.537434
0.984    0.535168
0.985    0.53292
0.986    0.530689
0.987    0.528475
0.988    0.526277
0.989    0.524096
0.99    0.521932
0.991    0.519783
0.992    0.517651
0.993    0.515535
0.994    0.513435
0.995    0.51135
0.996    0.50928
0.997    0.507226
0.998    0.505188
0.999    0.503164
1    0.501155
1.001    0.499161
1.002    0.497182
1.003    0.495217
1.004    0.493266
1.005    0.49133
1.006    0.489408
1.007    0.487499
1.008    0.485605
1.009    0.483724
1.01    0.481856
1.011    0.480002
1.012    0.478162
1.013    0.476334
1.014    0.47452
1.015    0.472719
1.016    0.47093
1.017    0.469154
1.018    0.467391
1.019    0.46564
1.02    0.463902
1.021    0.462175
1.022    0.460461
1.023    0.458759
1.024    0.457069
1.025    0.455391
1.026    0.453724
1.027    0.452069
1.028    0.450426
1.029    0.448794
1.03    0.447173
1.031    0.445563
1.032    0.443965
1.033    0.442377
1.034    0.440801
1.035    0.439235
1.036    0.43768
1.037    0.436135
1.038    0.434601
1.039    0.433078
1.04    0.431565
1.041    0.430062
1.042    0.428569
1.043    0.427086
1.044    0.425614
1.045    0.424151
1.046    0.422698
1.047    0.421255
1.048    0.419822
1.049    0.418398
1.05    0.416983
1.051    0.415578
1.052    0.414183
1.053    0.412796
1.054    0.411419
1.055    0.410051
1.056    0.408692
1.057    0.407342
1.058    0.406001
1.059    0.404668
1.06    0.403345
1.061    0.40203
1.062    0.400723
1.063    0.399425
1.064    0.398136
1.065    0.396855
1.066    0.395582
1.067    0.394318
1.068    0.393062
1.069    0.391814
1.07    0.390574
1.071    0.389341
1.072    0.388117
1.073    0.386901
1.074    0.385693
1.075    0.384492
1.076    0.383299
1.077    0.382113
1.078    0.380936
1.079    0.379765
1.08    0.378602
1.081    0.377447
1.082    0.376299
1.083    0.375158
1.084    0.374024
1.085    0.372897
1.086    0.371778
1.087    0.370665
1.088    0.36956
1.089    0.368462
1.09    0.36737
1.091    0.366285
1.092    0.365207
1.093    0.364136
1.094    0.363071
1.095    0.362013
1.096    0.360962
1.097    0.359917
1.098    0.358879
1.099    0.357847
1.1    0.356822
1.101    0.355802
1.102    0.35479
1.103    0.353783
1.104    0.352782
1.105    0.351788
1.106    0.3508
1.107    0.349818
1.108    0.348842
1.109    0.347872
1.11    0.346908
1.111    0.345949
1.112    0.344997
1.113    0.34405
1.114    0.343109
1.115    0.342174
1.116    0.341245
1.117    0.340321
1.118    0.339403
1.119    0.33849
1.12    0.337583
1.121    0.336681
1.122    0.335785
1.123    0.334894
1.124    0.334009
1.125    0.333129
1.126    0.332254
1.127    0.331384
1.128    0.33052
1.129    0.329661
1.13    0.328807
1.131    0.327958
1.132    0.327114
1.133    0.326275
1.134    0.325441
1.135    0.324613
1.136    0.323789
1.137    0.32297
1.138    0.322156
1.139    0.321346
1.14    0.320542
1.141    0.319742
1.142    0.318947
1.143    0.318157
1.144    0.317372
1.145    0.316591
1.146    0.315814
1.147    0.315043
1.148    0.314276
1.149    0.313513
1.15    0.312755
1.151    0.312001
1.152    0.311252
1.153    0.310507
1.154    0.309767
1.155    0.309031
1.156    0.308299
1.157    0.307572
1.158    0.306849
1.159    0.30613
1.16    0.305415
1.161    0.304704
1.162    0.303998
1.163    0.303296
1.164    0.302598
1.165    0.301904
1.166    0.301214
1.167    0.300528
1.168    0.299846
1.169    0.299168
1.17    0.298494
1.171    0.297824
1.172    0.297158
1.173    0.296495
1.174    0.295837
1.175    0.295182
1.176    0.294531
1.177    0.293884
1.178    0.293241
1.179    0.292602
1.18    0.291966
1.181    0.291334
1.182    0.290705
1.183    0.290081
1.184    0.28946
1.185    0.288842
1.186    0.288228
1.187    0.287618
1.188    0.287011
1.189    0.286408
1.19    0.285808
1.191    0.285212
1.192    0.284619
1.193    0.284029
1.194    0.283443
1.195    0.282861
1.196    0.282282
1.197    0.281706
1.198    0.281133
1.199    0.280564
1.2    0.279998
1.201    0.279436
1.202    0.278876
1.203    0.27832
1.204    0.277768
1.205    0.277218
1.206    0.276671
1.207    0.276128
1.208    0.275588
1.209    0.275051
1.21    0.274517
1.211    0.273987
1.212    0.273459
1.213    0.272934
1.214    0.272413
1.215    0.271894
1.216    0.271379
1.217    0.270867
1.218    0.270357
1.219    0.269851
1.22    0.269347
1.221    0.268847
1.222    0.268349
1.223    0.267854
1.224    0.267362
1.225    0.266873
1.226    0.266387
1.227    0.265904
1.228    0.265423
1.229    0.264946
1.23    0.264471
1.231    0.263999
1.232    0.26353
1.233    0.263063
1.234    0.2626
1.235    0.262138
1.236    0.26168
1.237    0.261225
1.238    0.260772
1.239    0.260321
1.24    0.259874
1.241    0.259429
1.242    0.258987
1.243    0.258547
1.244    0.25811
1.245    0.257675
1.246    0.257244
1.247    0.256814
1.248    0.256388
1.249    0.255963
1.25    0.255542
1.251    0.255123
1.252    0.254706
1.253    0.254292
1.254    0.25388
1.255    0.253471
1.256    0.253064
1.257    0.25266
1.258    0.252258
1.259    0.251859
1.26    0.251462
1.261    0.251067
1.262    0.250675
1.263    0.250285
1.264    0.249898
1.265    0.249513
1.266    0.24913
1.267    0.248749
1.268    0.248371
1.269    0.247996
1.27    0.247622
1.271    0.247251
1.272    0.246882
1.273    0.246515
1.274    0.246151
1.275    0.245789
1.276    0.245429
1.277    0.245072
1.278    0.244716
1.279    0.244363
1.28    0.244012
1.281    0.243663
1.282    0.243317
1.283    0.242972
1.284    0.24263
1.285    0.24229
1.286    0.241952
1.287    0.241616
1.288    0.241283
1.289    0.240951
1.29    0.240622
1.291    0.240294
1.292    0.239969
1.293    0.239646
1.294    0.239325
1.295    0.239006
1.296    0.238689
1.297    0.238374
1.298    0.238062
1.299    0.237751
1.3    0.237442
1.301    0.237135
1.302    0.236831
1.303    0.236528
1.304    0.236227
1.305    0.235928
1.306    0.235632
1.307    0.235337
1.308    0.235044
1.309    0.234753
1.31    0.234464
1.311    0.234177
1.312    0.233892
1.313    0.233609
1.314    0.233328
1.315    0.233049
1.316    0.232772
1.317    0.232496
1.318    0.232223
1.319    0.231951
1.32    0.231681
1.321    0.231414
1.322    0.231148
1.323    0.230883
1.324    0.230621
1.325    0.230361
1.326    0.230102
1.327    0.229845
1.328    0.22959
1.329    0.229337
1.33    0.229086
1.331    0.228837
1.332    0.228589
1.333    0.228343
1.334    0.228099
1.335    0.227857
1.336    0.227616
1.337    0.227377
1.338    0.22714
1.339    0.226905
1.34    0.226672
1.341    0.22644
1.342    0.22621
1.343    0.225982
1.344    0.225756
1.345    0.225531
1.346    0.225308
1.347    0.225087
1.348    0.224867
1.349    0.224649
1.35    0.224433
1.351    0.224219
1.352    0.224006
1.353    0.223795
1.354    0.223585
1.355    0.223378
1.356    0.223172
1.357    0.222967
1.358    0.222765
1.359    0.222564
1.36    0.222364
1.361    0.222167
1.362    0.221971
1.363    0.221776
1.364    0.221584
1.365    0.221392
1.366    0.221203
1.367    0.221015
1.368    0.220829
1.369    0.220644
1.37    0.220461
1.371    0.22028
1.372    0.2201
1.373    0.219922
1.374    0.219745
1.375    0.21957
1.376    0.219397
1.377    0.219225
1.378    0.219055
1.379    0.218886
1.38    0.218719
1.381    0.218554
1.382    0.21839
1.383    0.218228
1.384    0.218067
1.385    0.217908
1.386    0.21775
1.387    0.217594
1.388    0.217439
1.389    0.217286
1.39    0.217135
1.391    0.216985
1.392    0.216837
1.393    0.21669
1.394    0.216544
1.395    0.216401
1.396    0.216258
1.397    0.216118
1.398    0.215978
1.399    0.215841
1.4    0.215704
1.401    0.21557
1.402    0.215437
1.403    0.215305
1.404    0.215175
1.405    0.215046
1.406    0.214919
1.407    0.214793
1.408    0.214669
1.409    0.214546
1.41    0.214425
1.411    0.214305
1.412    0.214187
1.413    0.21407
1.414    0.213955
1.415    0.213841
1.416    0.213729
1.417    0.213618
1.418    0.213509
1.419    0.213401
1.42    0.213294
1.421    0.213189
1.422    0.213086
1.423    0.212984
1.424    0.212883
1.425    0.212784
1.426    0.212686
1.427    0.21259
1.428    0.212495
1.429    0.212402
1.43    0.21231
1.431    0.21222
1.432    0.212131
1.433    0.212043
1.434    0.211957
1.435    0.211873
1.436    0.211789
1.437    0.211708
1.438    0.211627
1.439    0.211548
1.44    0.211471
1.441    0.211395
1.442    0.21132
1.443    0.211247
1.444    0.211175
1.445    0.211105
1.446    0.211036
1.447    0.210969
1.448    0.210903
1.449    0.210838
1.45    0.210775
1.451    0.210713
1.452    0.210653
1.453    0.210594
1.454    0.210537
1.455    0.21048
1.456    0.210426
1.457    0.210373
1.458    0.210321
1.459    0.21027
1.46    0.210221
1.461    0.210174
1.462    0.210128
1.463    0.210083
1.464    0.21004
1.465    0.209998
1.466    0.209957
1.467    0.209918
1.468    0.209881
1.469    0.209845
1.47    0.20981
1.471    0.209776
1.472    0.209744
1.473    0.209714
1.474    0.209685
1.475    0.209657
1.476    0.209631
1.477    0.209606
1.478    0.209582
1.479    0.20956
1.48    0.20954
1.481    0.20952
1.482    0.209503
1.483    0.209486
1.484    0.209471
1.485    0.209458
1.486    0.209445
1.487    0.209435
1.488    0.209425
1.489    0.209418
1.49    0.209411
1.491    0.209406
1.492    0.209402
1.493    0.2094
1.494    0.209399
1.495    0.2094
1.496    0.209402
1.497    0.209406
1.498    0.20941
1.499    0.209417
1.5    0.209425
1.501    0.209434
1.502    0.209444
1.503    0.209456
1.504    0.20947
1.505    0.209485
1.506    0.209501
1.507    0.209519
1.508    0.209538
1.509    0.209559
1.51    0.209581
1.511    0.209605
1.512    0.20963
1.513    0.209656
1.514    0.209684
1.515    0.209713
1.516    0.209744
1.517    0.209776
1.518    0.20981
1.519    0.209845
1.52    0.209882
1.521    0.20992
1.522    0.209959
1.523    0.21
1.524    0.210042
1.525    0.210086
1.526    0.210132
1.527    0.210179
1.528    0.210227
1.529    0.210277
1.53    0.210328
1.531    0.21038
1.532    0.210435
1.533    0.21049
1.534    0.210547
1.535    0.210606
1.536    0.210666
1.537    0.210728
1.538    0.210791
1.539    0.210856
1.54    0.210922
1.541    0.210989
1.542    0.211058
1.543    0.211129
1.544    0.211201
1.545    0.211275
1.546    0.21135
1.547    0.211426
1.548    0.211505
1.549    0.211584
1.55    0.211665
1.551    0.211748
1.552    0.211832
1.553    0.211918
1.554    0.212006
1.555    0.212094
1.556    0.212185
1.557    0.212277
1.558    0.21237
1.559    0.212465
1.56    0.212562
1.561    0.21266
1.562    0.21276
1.563    0.212861
1.564    0.212964
1.565    0.213069
1.566    0.213175
1.567    0.213282
1.568    0.213391
1.569    0.213502
1.57    0.213615
1.571    0.213729
1.572    0.213844
1.573    0.213961
1.574    0.21408
1.575    0.2142
1.576    0.214322
1.577    0.214446
1.578    0.214571
1.579    0.214698
1.58    0.214827
1.581    0.214957
1.582    0.215089
1.583    0.215222
1.584    0.215357
1.585    0.215494
1.586    0.215632
1.587    0.215772
1.588    0.215914
1.589    0.216058
1.59    0.216203
1.591    0.216349
1.592    0.216498
1.593    0.216648
1.594    0.2168
1.595    0.216953
1.596    0.217109
1.597    0.217266
1.598    0.217424
1.599    0.217585
1.6    0.217747
1.601    0.217911
1.602    0.218076
1.603    0.218244
1.604    0.218413
1.605    0.218584
1.606    0.218756
1.607    0.218931
1.608    0.219107
1.609    0.219285
1.61    0.219465
1.611    0.219646
1.612    0.21983
1.613    0.220015
1.614    0.220202
1.615    0.22039
1.616    0.220581
1.617    0.220773
1.618    0.220968
1.619    0.221164
1.62    0.221362
1.621    0.221562
1.622    0.221763
1.623    0.221967
1.624    0.222172
1.625    0.222379
1.626    0.222589
1.627    0.2228
1.628    0.223013
1.629    0.223227
1.63    0.223444
1.631    0.223663
1.632    0.223884
1.633    0.224106
1.634    0.224331
1.635    0.224557
1.636    0.224786
1.637    0.225016
1.638    0.225248
1.639    0.225483
1.64    0.225719
1.641    0.225958
1.642    0.226198
1.643    0.22644
1.644    0.226685
1.645    0.226931
1.646    0.22718
1.647    0.22743
1.648    0.227683
1.649    0.227938
1.65    0.228194
1.651    0.228453
1.652    0.228714
1.653    0.228977
1.654    0.229242
1.655    0.229509
1.656    0.229779
1.657    0.23005
1.658    0.230324
1.659    0.2306
1.66    0.230878
1.661    0.231158
1.662    0.23144
1.663    0.231725
1.664    0.232012
1.665    0.232301
1.666    0.232592
1.667    0.232885
1.668    0.233181
1.669    0.233479
1.67    0.233779
1.671    0.234081
1.672    0.234386
1.673    0.234693
1.674    0.235003
1.675    0.235314
1.676    0.235628
1.677    0.235945
1.678    0.236263
1.679    0.236584
1.68    0.236908
1.681    0.237233
1.682    0.237562
1.683    0.237892
1.684    0.238225
1.685    0.238561
1.686    0.238899
1.687    0.239239
1.688    0.239582
1.689    0.239927
1.69    0.240275
1.691    0.240625
1.692    0.240978
1.693    0.241333
1.694    0.241691
1.695    0.242052
1.696    0.242415
1.697    0.24278
1.698    0.243148
1.699    0.243519
1.7    0.243893
1.701    0.244269
1.702    0.244647
1.703    0.245029
1.704    0.245413
1.705    0.245799
1.706    0.246189
1.707    0.246581
1.708    0.246976
1.709    0.247373
1.71    0.247774
1.711    0.248177
1.712    0.248583
1.713    0.248992
1.714    0.249403
1.715    0.249818
1.716    0.250235
1.717    0.250655
1.718    0.251078
1.719    0.251504
1.72    0.251933
1.721    0.252364
1.722    0.252799
1.723    0.253237
1.724    0.253677
1.725    0.254121
1.726    0.254568
1.727    0.255017
1.728    0.25547
1.729    0.255926
1.73    0.256385
1.731    0.256847
1.732    0.257312
1.733    0.25778
1.734    0.258251
1.735    0.258726
1.736    0.259204
1.737    0.259685
1.738    0.260169
1.739    0.260656
1.74    0.261147
1.741    0.261641
1.742    0.262138
1.743    0.262639
1.744    0.263143
1.745    0.26365
1.746    0.264161
1.747    0.264675
1.748    0.265193
1.749    0.265714
1.75    0.266238
1.751    0.266766
1.752    0.267297
1.753    0.267832
1.754    0.268371
1.755    0.268913
1.756    0.269459
1.757    0.270008
1.758    0.270561
1.759    0.271118
1.76    0.271678
1.761    0.272242
1.762    0.27281
1.763    0.273381
1.764    0.273957
1.765    0.274536
1.766    0.275119
1.767    0.275706
1.768    0.276296
1.769    0.276891
1.77    0.277489
1.771    0.278092
1.772    0.278698
1.773    0.279309
1.774    0.279923
1.775    0.280542
1.776    0.281164
1.777    0.281791
1.778    0.282422
1.779    0.283057
1.78    0.283696
1.781    0.28434
1.782    0.284987
1.783    0.285639
1.784    0.286295
1.785    0.286956
1.786    0.287621
1.787    0.28829
1.788    0.288964
1.789    0.289642
1.79    0.290325
1.791    0.291012
1.792    0.291704
1.793    0.2924
1.794    0.293101
1.795    0.293807
1.796    0.294517
1.797    0.295232
1.798    0.295952
1.799    0.296676
1.8    0.297405
1.801    0.298139
1.802    0.298878
1.803    0.299622
1.804    0.300371
1.805    0.301124
1.806    0.301883
1.807    0.302647
1.808    0.303416
1.809    0.30419
1.81    0.304969
1.811    0.305753
1.812    0.306543
1.813    0.307337
1.814    0.308138
1.815    0.308943
1.816    0.309754
1.817    0.31057
1.818    0.311392
1.819    0.312219
1.82    0.313051
1.821    0.31389
1.822    0.314734
1.823    0.315583
1.824    0.316438
1.825    0.317299
1.826    0.318166
1.827    0.319039
1.828    0.319917
1.829    0.320802
1.83    0.321692
1.831    0.322588
1.832    0.323491
1.833    0.324399
1.834    0.325314
1.835    0.326235
1.836    0.327162
1.837    0.328095
1.838    0.329035
1.839    0.329981
1.84    0.330933
1.841    0.331892
1.842    0.332858
1.843    0.33383
1.844    0.334808
1.845    0.335794
1.846    0.336786
1.847    0.337785
1.848    0.338791
1.849    0.339803
1.85    0.340823
1.851    0.341849
1.852    0.342883
1.853    0.343924
1.854    0.344972
1.855    0.346027
1.856    0.347089
1.857    0.348159
1.858    0.349236
1.859    0.350321
1.86    0.351413
1.861    0.352513
1.862    0.353621
1.863    0.354736
1.864    0.355859
1.865    0.35699
1.866    0.358128
1.867    0.359275
1.868    0.36043
1.869    0.361593
1.87    0.362764
1.871    0.363943
1.872    0.36513
1.873    0.366326
1.874    0.367531
1.875    0.368743
1.876    0.369965
1.877    0.371195
1.878    0.372434
1.879    0.373682
1.88    0.374938
1.881    0.376204
1.882    0.377478
1.883    0.378762
1.884    0.380055
1.885    0.381357
1.886    0.382668
1.887    0.383989
1.888    0.38532
1.889    0.38666
1.89    0.388009
1.891    0.389369
1.892    0.390738
1.893    0.392118
1.894    0.393507
1.895    0.394906
1.896    0.396316
1.897    0.397736
1.898    0.399166
1.899    0.400607
1.9    0.402058
1.901    0.40352
1.902    0.404993
1.903    0.406477
1.904    0.407972
1.905    0.409477
1.906    0.410994
1.907    0.412522
1.908    0.414062
1.909    0.415613
1.91    0.417175
1.911    0.418749
1.912    0.420336
1.913    0.421933
1.914    0.423543
1.915    0.425165
1.916    0.4268
1.917    0.428446
1.918    0.430105
1.919    0.431777
1.92    0.433462
1.921    0.435159
1.922    0.436869
1.923    0.438592
1.924    0.440329
1.925    0.442078
1.926    0.443841
1.927    0.445618
1.928    0.447409
1.929    0.449213
1.93    0.451031
1.931    0.452864
1.932    0.45471
1.933    0.456571
1.934    0.458447
1.935    0.460337
1.936    0.462242
1.937    0.464162
1.938    0.466097
1.939    0.468047
1.94    0.470013
1.941    0.471994
1.942    0.473991
1.943    0.476004
1.944    0.478033
1.945    0.480078
1.946    0.482139
1.947    0.484217
1.948    0.486312
1.949    0.488423
1.95    0.490552
1.951    0.492698
1.952    0.494861
1.953    0.497041
1.954    0.49924
1.955    0.501456
1.956    0.503691
1.957    0.505943
1.958    0.508215
1.959    0.510505
1.96    0.512813
1.961    0.515141
1.962    0.517488
1.963    0.519855
1.964    0.522241
1.965    0.524648
1.966    0.527074
1.967    0.529521
1.968    0.531988
1.969    0.534476
1.97    0.536985
1.971    0.539515
1.972    0.542067
1.973    0.54464
1.974    0.547235
1.975    0.549853
1.976    0.552493
1.977    0.555155
1.978    0.55784
1.979    0.560549
1.98    0.563281
1.981    0.566036
1.982    0.568816
1.983    0.57162
1.984    0.574448
1.985    0.577301
1.986    0.580179
1.987    0.583082
1.988    0.586011
1.989    0.588966
1.99    0.591947
1.991    0.594954
1.992    0.597988
1.993    0.60105
1.994    0.604138
1.995    0.607255
1.996    0.610399
1.997    0.613572
1.998    0.616774
1.999    0.620004
2    0.623264
2.001    0.626554
2.002    0.629874
2.003    0.633224
2.004    0.636605
2.005    0.640018
2.006    0.643462
2.007    0.646937
2.008    0.650445
2.009    0.653986
2.01    0.65756
2.011    0.661167
2.012    0.664809
2.013    0.668484
2.014    0.672195
2.015    0.67594
2.016    0.679722
2.017    0.683539
2.018    0.687393
2.019    0.691283
2.02    0.695211
2.021    0.699177
2.022    0.703182
2.023    0.707225
2.024    0.711308
2.025    0.71543
2.026    0.719593
2.027    0.723797
2.028    0.728042
2.029    0.732329
2.03    0.736658
2.031    0.741031
2.032    0.745447
2.033    0.749907
2.034    0.754412
2.035    0.758962
2.036    0.763559
2.037    0.768201
2.038    0.772891
2.039    0.777629
2.04    0.782415
2.041    0.78725
2.042    0.792135
2.043    0.79707
2.044    0.802057
2.045    0.807095
2.046    0.812185
2.047    0.817329
2.048    0.822527
2.049    0.827779
2.05    0.833087
2.051    0.838451
2.052    0.843872
2.053    0.84935
2.054    0.854888
2.055    0.860484
2.056    0.866141
2.057    0.871859
2.058    0.877639
2.059    0.883482
2.06    0.889389
2.061    0.89536
2.062    0.901397
2.063    0.9075
2.064    0.913671
2.065    0.91991
2.066    0.926219
2.067    0.932598
2.068    0.939049
2.069    0.945573
2.07    0.95217
2.071    0.958842
2.072    0.96559
2.073    0.972415
2.074    0.979318
2.075    0.986301
2.076    0.993364
2.077    1.00051
2.078    1.00774
2.079    1.01505
2.08    1.02245
2.081    1.02993
2.082    1.03751
2.083    1.04517
2.084    1.05292
2.085    1.06077
2.086    1.06871
2.087    1.07675
2.088    1.08488
2.089    1.09311
2.09    1.10145
2.091    1.10988
2.092    1.11842
2.093    1.12706
2.094    1.13581
2.095    1.14467
2.096    1.15364
2.097    1.16272
2.098    1.17191
2.099    1.18122
2.1    1.19065
2.101    1.2002
2.102    1.20987
2.103    1.21966
2.104    1.22958
2.105    1.23963
2.106    1.2498
2.107    1.26011
2.108    1.27056
2.109    1.28114
2.11    1.29187
2.111    1.30273
2.112    1.31374
2.113    1.32489
2.114    1.3362
2.115    1.34766
2.116    1.35927
2.117    1.37104
2.118    1.38297
2.119    1.39507
2.12    1.40733
2.121    1.41976
2.122    1.43236
2.123    1.44514
2.124    1.4581
2.125    1.47124
2.126    1.48457
2.127    1.49809
2.128    1.5118
2.129    1.5257
2.13    1.53981
2.131    1.55412
2.132    1.56864
2.133    1.58337
2.134    1.59832
2.135    1.61349
2.136    1.62888
2.137    1.6445
2.138    1.66036
2.139    1.67645
2.14    1.69279
2.141    1.70937
2.142    1.72621
2.143    1.74331
2.144    1.76067
2.145    1.77829
2.146    1.7962
2.147    1.81438
2.148    1.83285
2.149    1.85161
2.15    1.87067
2.151    1.89003
2.152    1.9097
2.153    1.92969
2.154    1.95
2.155    1.97065
2.156    1.99163
2.157    2.01296
2.158    2.03464
2.159    2.05668
2.16    2.0791
2.161    2.10188
2.162    2.12506
2.163    2.14863
2.164    2.1726
2.165    2.19698
2.166    2.22178
2.167    2.24702
2.168    2.27269
2.169    2.29882
2.17    2.32541
2.171    2.35247
2.172    2.38002
2.173    2.40806
2.174    2.43661
2.175    2.46568
2.176    2.49528
2.177    2.52543
2.178    2.55613
2.179    2.5874
2.18    2.61927
2.181    2.65173
2.182    2.68481
2.183    2.71851
2.184    2.75287
2.185    2.78789
2.186    2.82359
2.187    2.85999
2.188    2.89711
2.189    2.93496
2.19    2.97356
2.191    3.01294
2.192    3.05311
2.193    3.0941
2.194    3.13593
2.195    3.17862
2.196    3.22219
2.197    3.26667
2.198    3.31209
2.199    3.35847
2.2    3.40583
2.201    3.45421
2.202    3.50363
2.203    3.55412
2.204    3.60572
2.205    3.65845
2.206    3.71235
2.207    3.76746
2.208    3.8238
2.209    3.88143
2.21    3.94036
2.211    4.00065
2.212    4.06233
2.213    4.12545
2.214    4.19006
2.215    4.25619
2.216    4.3239
2.217    4.39323
2.218    4.46424
2.219    4.53698
2.22    4.61151
2.221    4.68788
2.222    4.76615
2.223    4.8464
2.224    4.92867
2.225    5.01305
2.226    5.0996
2.227    5.18839
2.228    5.2795
2.229    5.37302
2.23    5.46902
2.231    5.56759
2.232    5.66883
2.233    5.77283
2.234    5.87968
2.235    5.98949
2.236    6.10236
2.237    6.21842
2.238    6.33778
2.239    6.46056
2.24    6.58688
2.241    6.71689
2.242    6.85073
2.243    6.98854
2.244    7.13047
2.245    7.2767
2.246    7.42738
2.247    7.5827
2.248    7.74284
2.249    7.908
2.25    8.07839
2.251    8.25421
2.252    8.4357
2.253    8.62309
2.254    8.81663
2.255    9.01659
2.256    9.22324
2.257    9.43687
2.258    9.65779
2.259    9.88632
2.26    10.1228
2.261    10.3676
2.262    10.6211
2.263    10.8836
2.264    11.1556
2.265    11.4376
2.266    11.73
2.267    12.0333
2.268    12.348
2.269    12.6747
2.27    13.0139
2.271    13.3662
2.272    13.7324
2.273    14.1131
2.274    14.509
2.275    14.9208
2.276    15.3495
2.277    15.7958
2.278    16.2607
2.279    16.7451
2.28    17.25
2.281    17.7766
2.282    18.3259
2.283    18.8991
2.284    19.4976
2.285    20.1227
2.286    20.7758
2.287    21.4584
2.288    22.1721
2.289    22.9186
2.29    23.6996
2.291    24.517
2.292    25.3729
2.293    26.2691
2.294    27.2079
2.295    28.1915
2.296    29.2223
2.297    30.3026
2.298    31.4351
2.299    32.6223
2.3    33.8668
2.301    35.1715
2.302    36.5389
2.303    37.9719
2.304    39.4732
2.305    41.0453
2.306    42.6908
2.307    44.412
2.308    46.211
2.309    48.0894
2.31    50.0485
2.311    52.089
2.312    54.2107
2.313    56.4128
2.314    58.6933
2.315    61.049
2.316    63.4752
2.317    65.9656
2.318    68.512
2.319    71.1041
2.32    73.7292
2.321    76.3722
2.322    79.0155
2.323    81.6388
2.324    84.2192
2.325    86.7314
2.326    89.1481
2.327    91.4403
2.328    93.5778
2.329    95.5304
2.33    97.2684
2.331    98.7638
2.332    99.9911
2.333    100.929
2.334    101.559
2.335    101.871
2.336    101.857
2.337    101.52
2.338    100.864
2.339    99.9022
2.34    98.6523
2.341    97.1363
2.342    95.3798
2.343    93.4111
2.344    91.2599
2.345    88.9565
2.346    86.531
2.347    84.0122
2.348    81.4274
2.349    78.8016
2.35    76.1575
2.351    73.5152
2.352    70.8922
2.353    68.3034
2.354    65.7611
2.355    63.2755
2.356    60.8547
2.357    58.5049
2.358    56.2305
2.359    54.0348
2.36    51.9195
2.361    49.8856
2.362    47.933
2.363    46.061
2.364    44.2683
2.365    42.5532
2.366    40.9137
2.367    39.3473
2.368    37.8516
2.369    36.4239
2.37    35.0616
2.371    33.7619
2.372    32.522
2.373    31.3392
2.374    30.211
2.375    29.1347
2.376    28.1078
2.377    27.1278
2.378    26.1925
2.379    25.2995
2.38    24.4468
2.381    23.6323
2.382    22.8541
2.383    22.1102
2.384    21.3991
2.385    20.7188
2.386    20.068
2.387    19.4451
2.388    18.8486
2.389    18.2772
2.39    17.7298
2.391    17.2049
2.392    16.7016
2.393    16.2188
2.394    15.7554
2.395    15.3105
2.396    14.8832
2.397    14.4725
2.398    14.0779
2.399    13.6983
2.4    13.3332
2.401    12.9819
2.402    12.6436
2.403    12.3179
2.404    12.0041
2.405    11.7016
2.406    11.41
2.407    11.1288
2.408    10.8575
2.409    10.5956
2.41    10.3428
2.411    10.0986
2.412    9.86276
2.413    9.6348
2.414    9.41441
2.415    9.20129
2.416    8.99513
2.417    8.79564
2.418    8.60254
2.419    8.41557
2.42    8.23448
2.421    8.05905
2.422    7.88903
2.423    7.72422
2.424    7.56441
2.425    7.40941
2.426    7.25903
2.427    7.11309
2.428    6.97143
2.429    6.83389
2.43    6.7003
2.431    6.57053
2.432    6.44443
2.433    6.32187
2.434    6.20273
2.435    6.08687
2.436    5.97418
2.437    5.86455
2.438    5.75787
2.439    5.65403
2.44    5.55295
2.441    5.45453
2.442    5.35867
2.443    5.26528
2.444    5.1743
2.445    5.08562
2.446    4.99919
2.447    4.91492
2.448    4.83275
2.449    4.7526
2.45    4.67442
2.451    4.59814
2.452    4.52369
2.453    4.45103
2.454    4.38009
2.455    4.31083
2.456    4.24319
2.457    4.17712
2.458    4.11257
2.459    4.0495
2.46    3.98787
2.461    3.92763
2.462    3.86873
2.463    3.81115
2.464    3.75485
2.465    3.69977
2.466    3.6459
2.467    3.5932
2.468    3.54163
2.469    3.49116
2.47    3.44176
2.471    3.3934
2.472    3.34605
2.473    3.29969
2.474    3.25429
2.475    3.20982
2.476    3.16625
2.477    3.12357
2.478    3.08174
2.479    3.04076
2.48    3.00058
2.481    2.9612
2.482    2.92259
2.483    2.88474
2.484    2.84762
2.485    2.81121
2.486    2.7755
2.487    2.74047
2.488    2.7061
2.489    2.67238
2.49    2.63929
2.491    2.60681
2.492    2.57493
2.493    2.54364
2.494    2.51291
2.495    2.48275
2.496    2.45313
2.497    2.42404
2.498    2.39546
2.499    2.3674
2.5    2.33982
2.501    2.31273
2.502    2.28612
2.503    2.25996
2.504    2.23426
2.505    2.20899
2.506    2.18415
2.507    2.15974
2.508    2.13574
2.509    2.11214
2.51    2.08893
2.511    2.0661
2.512    2.04366
2.513    2.02158
2.514    1.99986
2.515    1.97849
2.516    1.95747
2.517    1.93679
2.518    1.91644
2.519    1.89641
2.52    1.87669
2.521    1.85729
2.522    1.83819
2.523    1.81939
2.524    1.80088
2.525    1.78265
2.526    1.7647
2.527    1.74703
2.528    1.72963
2.529    1.71249
2.53    1.6956
2.531    1.67897
2.532    1.66259
2.533    1.64645
2.534    1.63054
2.535    1.61487
2.536    1.59943
2.537    1.58422
2.538    1.56922
2.539    1.55444
2.54    1.53987
2.541    1.52551
2.542    1.51135
2.543    1.49739
2.544    1.48363
2.545    1.47006
2.546    1.45668
2.547    1.44349
2.548    1.43048
2.549    1.41765
2.55    1.40499
2.551    1.39251
2.552    1.38019
2.553    1.36804
2.554    1.35606
2.555    1.34423
2.556    1.33256
2.557    1.32105
2.558    1.30969
2.559    1.29848
2.56    1.28741
2.561    1.27649
2.562    1.26571
2.563    1.25507
2.564    1.24457
2.565    1.2342
2.566    1.22397
2.567    1.21386
2.568    1.20389
2.569    1.19403
2.57    1.18431
2.571    1.1747
2.572    1.16521
2.573    1.15584
2.574    1.14659
2.575    1.13745
2.576    1.12842
2.577    1.1195
2.578    1.1107
2.579    1.10199
2.58    1.0934
2.581    1.0849
2.582    1.07651
2.583    1.06821
2.584    1.06002
2.585    1.05192
2.586    1.04392
2.587    1.03601
2.588    1.0282
2.589    1.02047
2.59    1.01283
2.591    1.00529
2.592    0.997827
2.593    0.990452
2.594    0.983161
2.595    0.975953
2.596    0.968826
2.597    0.961781
2.598    0.954814
2.599    0.947925
2.6    0.941114
2.601    0.934378
2.602    0.927717
2.603    0.921129
2.604    0.914614
2.605    0.90817
2.606    0.901796
2.607    0.895492
2.608    0.889256
2.609    0.883088
2.61    0.876986
2.611    0.87095
2.612    0.864978
2.613    0.859069
2.614    0.853224
2.615    0.84744
2.616    0.841717
2.617    0.836054
2.618    0.830451
2.619    0.824906
2.62    0.819418
2.621    0.813988
2.622    0.808613
2.623    0.803294
2.624    0.79803
2.625    0.792819
2.626    0.787661
2.627    0.782555
2.628    0.777502
2.629    0.772499
2.63    0.767546
2.631    0.762643
2.632    0.757789
2.633    0.752984
2.634    0.748225
2.635    0.743514
2.636    0.73885
2.637    0.734231
2.638    0.729657
2.639    0.725128
2.64    0.720643
2.641    0.716202
2.642    0.711803
2.643    0.707447
2.644    0.703132
2.645    0.698859
2.646    0.694627
2.647    0.690435
2.648    0.686282
2.649    0.682169
2.65    0.678095
2.651    0.674059
2.652    0.67006
2.653    0.666099
2.654    0.662175
2.655    0.658287
2.656    0.654435
2.657    0.650619
2.658    0.646838
2.659    0.643091
2.66    0.639378
2.661    0.6357
2.662    0.632055
2.663    0.628442
2.664    0.624863
2.665    0.621315
2.666    0.6178
2.667    0.614315
2.668    0.610862
2.669    0.60744
2.67    0.604048
2.671    0.600686
2.672    0.597353
2.673    0.59405
2.674    0.590776
2.675    0.58753
2.676    0.584313
2.677    0.581123
2.678    0.577962
2.679    0.574827
2.68    0.57172
2.681    0.568639
2.682    0.565584
2.683    0.562556
2.684    0.559554
2.685    0.556576
2.686    0.553625
2.687    0.550698
2.688    0.547795
2.689    0.544917
2.69    0.542063
2.691    0.539233
2.692    0.536427
2.693    0.533644
2.694    0.530884
2.695    0.528146
2.696    0.525431
2.697    0.522739
2.698    0.520068
2.699    0.51742
2.7    0.514793
2.701    0.512187
2.702    0.509602
2.703    0.507039
2.704    0.504495
2.705    0.501973
2.706    0.49947
2.707    0.496988
2.708    0.494525
2.709    0.492082
2.71    0.489659
2.711    0.487254
2.712    0.484869
2.713    0.482502
2.714    0.480154
2.715    0.477824
2.716    0.475512
2.717    0.473218
2.718    0.470943
2.719    0.468685
2.72    0.466444
2.721    0.46422
2.722    0.462014
2.723    0.459825
2.724    0.457652
2.725    0.455496
2.726    0.453356
2.727    0.451233
2.728    0.449125
2.729    0.447034
2.73    0.444958
2.731    0.442898
2.732    0.440853
2.733    0.438824
2.734    0.43681
2.735    0.43481
2.736    0.432826
2.737    0.430856
2.738    0.428901
2.739    0.42696
2.74    0.425034
2.741    0.423122
2.742    0.421223
2.743    0.419339
2.744    0.417468
2.745    0.415611
2.746    0.413767
2.747    0.411937
2.748    0.41012
2.749    0.408315
2.75    0.406524
2.751    0.404746
2.752    0.40298
2.753    0.401227
2.754    0.399487
2.755    0.397758
2.756    0.396042
2.757    0.394338
2.758    0.392647
2.759    0.390967
2.76    0.389298
2.761    0.387642
2.762    0.385997
2.763    0.384363
2.764    0.382741
2.765    0.38113
2.766    0.37953
2.767    0.377942
2.768    0.376364
2.769    0.374797
2.77    0.37324
2.771    0.371695
2.772    0.37016
2.773    0.368635
2.774    0.367121
2.775    0.365617
2.776    0.364123
2.777    0.362639
2.778    0.361166
2.779    0.359702
2.78    0.358248
2.781    0.356804
2.782    0.355369
2.783    0.353944
2.784    0.352528
2.785    0.351122
2.786    0.349725
2.787    0.348337
2.788    0.346959
2.789    0.345589
2.79    0.344229
2.791    0.342877
2.792    0.341534
2.793    0.3402
2.794    0.338875
2.795    0.337558
2.796    0.33625
2.797    0.33495
2.798    0.333659
2.799    0.332375
2.8    0.331101
2.801    0.329834
2.802    0.328575
2.803    0.327325
2.804    0.326082
2.805    0.324848
2.806    0.323621
2.807    0.322402
2.808    0.32119
2.809    0.319987
2.81    0.31879
2.811    0.317602
2.812    0.316421
2.813    0.315247
2.814    0.31408
2.815    0.312921
2.816    0.311769
2.817    0.310624
2.818    0.309487
2.819    0.308356
2.82    0.307232
2.821    0.306115
2.822    0.305005
2.823    0.303902
2.824    0.302806
2.825    0.301716
2.826    0.300633
2.827    0.299556
2.828    0.298486
2.829    0.297423
2.83    0.296366
2.831    0.295315
2.832    0.294271
2.833    0.293233
2.834    0.292201
2.835    0.291175
2.836    0.290156
2.837    0.289142
2.838    0.288135
2.839    0.287133
2.84    0.286138
2.841    0.285148
2.842    0.284165
2.843    0.283187
2.844    0.282215
2.845    0.281248
2.846    0.280287
2.847    0.279332
2.848    0.278383
2.849    0.277439
2.85    0.2765
2.851    0.275567
2.852    0.27464
2.853    0.273717
2.854    0.2728
2.855    0.271889
2.856    0.270982
2.857    0.270081
2.858    0.269185
2.859    0.268294
2.86    0.267409
2.861    0.266528
2.862    0.265652
2.863    0.264781
2.864    0.263916
2.865    0.263055
2.866    0.262199
2.867    0.261348
2.868    0.260501
2.869    0.25966
2.87    0.258823
2.871    0.257991
2.872    0.257163
2.873    0.25634
2.874    0.255522
2.875    0.254708
2.876    0.253899
2.877    0.253095
2.878    0.252294
2.879    0.251499
2.88    0.250707
2.881    0.24992
2.882    0.249137
2.883    0.248359
2.884    0.247585
2.885    0.246815
2.886    0.246049
2.887    0.245288
2.888    0.244531
2.889    0.243777
2.89    0.243028
2.891    0.242283
2.892    0.241542
2.893    0.240805
2.894    0.240072
2.895    0.239343
2.896    0.238618
2.897    0.237897
2.898    0.237179
2.899    0.236466
2.9    0.235756
2.901    0.23505
2.902    0.234348
2.903    0.233649
2.904    0.232955
2.905    0.232264
2.906    0.231576
2.907    0.230892
2.908    0.230212
2.909    0.229536
2.91    0.228863
2.911    0.228193
2.912    0.227527
2.913    0.226865
2.914    0.226206
2.915    0.22555
2.916    0.224898
2.917    0.224249
2.918    0.223604
2.919    0.222962
2.92    0.222323
2.921    0.221688
2.922    0.221056
2.923    0.220427
2.924    0.219802
2.925    0.219179
2.926    0.21856
2.927    0.217944
2.928    0.217331
2.929    0.216722
2.93    0.216115
2.931    0.215511
2.932    0.214911
2.933    0.214314
2.934    0.213719
2.935    0.213128
2.936    0.21254
2.937    0.211954
2.938    0.211372
2.939    0.210793
2.94    0.210216
2.941    0.209642
2.942    0.209072
2.943    0.208504
2.944    0.207939
2.945    0.207377
2.946    0.206817
2.947    0.206261
2.948    0.205707
2.949    0.205156
2.95    0.204607
2.951    0.204062
2.952    0.203519
2.953    0.202979
2.954    0.202441
2.955    0.201906
2.956    0.201374
2.957    0.200844
2.958    0.200317
2.959    0.199793
2.96    0.199271
2.961    0.198752
2.962    0.198235
2.963    0.19772
2.964    0.197209
2.965    0.196699
2.966    0.196193
2.967    0.195688
2.968    0.195187
2.969    0.194687
2.97    0.19419
2.971    0.193695
2.972    0.193203
2.973    0.192713
2.974    0.192226
2.975    0.191741
2.976    0.191258
2.977    0.190777
2.978    0.190299
2.979    0.189823
2.98    0.18935
2.981    0.188878
2.982    0.188409
2.983    0.187942
2.984    0.187478
2.985    0.187015
2.986    0.186555
2.987    0.186097
2.988    0.185641
2.989    0.185187
2.99    0.184736
2.991    0.184286
2.992    0.183839
2.993    0.183394
2.994    0.182951
2.995    0.182509
2.996    0.18207
2.997    0.181634
2.998    0.181199
2.999    0.180766
3    0.180335
3.001    0.179906
3.002    0.179479
3.003    0.179055
3.004    0.178632
3.005    0.178211
3.006    0.177792
3.007    0.177375
3.008    0.17696
3.009    0.176547
3.01    0.176136
3.011    0.175726
3.012    0.175319
3.013    0.174914
3.014    0.17451
3.015    0.174108
3.016    0.173708
3.017    0.17331
3.018    0.172914
3.019    0.172519
3.02    0.172127
3.021    0.171736
3.022    0.171347
3.023    0.170959
3.024    0.170574
3.025    0.17019
3.026    0.169808
3.027    0.169428
3.028    0.169049
3.029    0.168673
3.03    0.168297
3.031    0.167924
3.032    0.167552
3.033    0.167182
3.034    0.166814
3.035    0.166447
3.036    0.166082
3.037    0.165719
3.038    0.165357
3.039    0.164997
3.04    0.164638
3.041    0.164281
3.042    0.163926
3.043    0.163573
3.044    0.16322
3.045    0.16287
3.046    0.162521
3.047    0.162174
3.048    0.161828
3.049    0.161483
3.05    0.161141
3.051    0.160799
3.052    0.16046
3.053    0.160122
3.054    0.159785
3.055    0.15945
3.056    0.159116
3.057    0.158784
3.058    0.158453
3.059    0.158124
3.06    0.157796
3.061    0.15747
3.062    0.157145
3.063    0.156821
3.064    0.156499
3.065    0.156179
3.066    0.155859
3.067    0.155542
3.068    0.155225
3.069    0.15491
3.07    0.154597
3.071    0.154285
3.072    0.153974
3.073    0.153664
3.074    0.153356
3.075    0.153049
3.076    0.152744
3.077    0.15244
3.078    0.152137
3.079    0.151836
3.08    0.151536
3.081    0.151237
3.082    0.150939
3.083    0.150643
3.084    0.150348
3.085    0.150055
3.086    0.149762
3.087    0.149471
3.088    0.149182
3.089    0.148893
3.09    0.148606
3.091    0.14832
3.092    0.148035
3.093    0.147752
3.094    0.14747
3.095    0.147189
3.096    0.146909
3.097    0.14663
3.098    0.146353
3.099    0.146077
3.1    0.145802
3.101    0.145528
3.102    0.145255
3.103    0.144984
3.104    0.144714
3.105    0.144445
3.106    0.144177
3.107    0.14391
3.108    0.143644
3.109    0.14338
3.11    0.143117
3.111    0.142855
3.112    0.142594
3.113    0.142334
3.114    0.142075
3.115    0.141817
3.116    0.141561
3.117    0.141305
3.118    0.141051
3.119    0.140798
3.12    0.140546
3.121    0.140295
3.122    0.140045
3.123    0.139796
3.124    0.139548
3.125    0.139302
3.126    0.139056
3.127    0.138811
3.128    0.138568
3.129    0.138325
3.13    0.138084
3.131    0.137844
3.132    0.137604
3.133    0.137366
3.134    0.137129
3.135    0.136893
3.136    0.136657
3.137    0.136423
3.138    0.13619
3.139    0.135958
3.14    0.135727
3.141    0.135496
3.142    0.135267
3.143    0.135039
3.144    0.134812
3.145    0.134586
3.146    0.13436
3.147    0.134136
3.148    0.133913
3.149    0.13369
3.15    0.133469
3.151    0.133249
3.152    0.133029
3.153    0.132811
3.154    0.132593
3.155    0.132376
3.156    0.132161
3.157    0.131946
3.158    0.131732
3.159    0.131519
3.16    0.131307
3.161    0.131096
3.162    0.130886
3.163    0.130677
3.164    0.130468
3.165    0.130261
3.166    0.130055
3.167    0.129849
3.168    0.129644
3.169    0.12944
3.17    0.129237
3.171    0.129035
3.172    0.128834
3.173    0.128634
3.174    0.128434
3.175    0.128236
3.176    0.128038
3.177    0.127841
3.178    0.127645
3.179    0.12745
3.18    0.127256
3.181    0.127063
3.182    0.12687
3.183    0.126678
3.184    0.126488
3.185    0.126297
3.186    0.126108
3.187    0.12592
3.188    0.125732
3.189    0.125546
3.19    0.12536
3.191    0.125175
3.192    0.12499
3.193    0.124807
3.194    0.124624
3.195    0.124443
3.196    0.124262
3.197    0.124081
3.198    0.123902
3.199    0.123723
3.2    0.123546
3.201    0.123369
3.202    0.123192
3.203    0.123017
3.204    0.122842
3.205    0.122668
3.206    0.122495
3.207    0.122323
3.208    0.122151
3.209    0.12198
3.21    0.12181
3.211    0.121641
3.212    0.121473
3.213    0.121305
3.214    0.121138
3.215    0.120972
3.216    0.120806
3.217    0.120641
3.218    0.120477
3.219    0.120314
3.22    0.120152
3.221    0.11999
3.222    0.119829
3.223    0.119669
3.224    0.119509
3.225    0.11935
3.226    0.119192
3.227    0.119035
3.228    0.118878
3.229    0.118722
3.23    0.118567
3.231    0.118413
3.232    0.118259
3.233    0.118106
3.234    0.117953
3.235    0.117802
3.236    0.117651
3.237    0.1175
3.238    0.117351
3.239    0.117202
3.24    0.117054
3.241    0.116907
3.242    0.11676
3.243    0.116614
3.244    0.116468
3.245    0.116324
3.246    0.11618
3.247    0.116036
3.248    0.115894
3.249    0.115752
3.25    0.11561
3.251    0.11547
3.252    0.11533
3.253    0.115191
3.254    0.115052
3.255    0.114914
3.256    0.114777
3.257    0.11464
3.258    0.114504
3.259    0.114369
3.26    0.114234
3.261    0.1141
3.262    0.113967
3.263    0.113834
3.264    0.113702
3.265    0.113571
3.266    0.11344
3.267    0.11331
3.268    0.113181
3.269    0.113052
3.27    0.112924
3.271    0.112797
3.272    0.11267
3.273    0.112544
3.274    0.112418
3.275    0.112293
3.276    0.112169
3.277    0.112045
3.278    0.111922
3.279    0.1118
3.28    0.111678
3.281    0.111557
3.282    0.111436
3.283    0.111316
3.284    0.111197
3.285    0.111078
3.286    0.11096
3.287    0.110843
3.288    0.110726
3.289    0.11061
3.29    0.110494
3.291    0.110379
3.292    0.110265
3.293    0.110151
3.294    0.110038
3.295    0.109925
3.296    0.109813
3.297    0.109702
3.298    0.109591
3.299    0.109481
3.3    0.109371
3.301    0.109263
3.302    0.109154
3.303    0.109046
3.304    0.108939
3.305    0.108833
3.306    0.108727
3.307    0.108621
3.308    0.108517
3.309    0.108412
3.31    0.108309
3.311    0.108206
3.312    0.108103
3.313    0.108002
3.314    0.1079
3.315    0.1078
3.316    0.107699
3.317    0.1076
3.318    0.107501
3.319    0.107403
3.32    0.107305
3.321    0.107208
3.322    0.107111
3.323    0.107015
3.324    0.10692
3.325    0.106825
3.326    0.10673
3.327    0.106637
3.328    0.106543
3.329    0.106451
3.33    0.106359
3.331    0.106267
3.332    0.106176
3.333    0.106086
3.334    0.105996
3.335    0.105907
3.336    0.105819
3.337    0.10573
3.338    0.105643
3.339    0.105556
3.34    0.10547
3.341    0.105384
3.342    0.105299
3.343    0.105214
3.344    0.10513
3.345    0.105046
3.346    0.104963
3.347    0.104881
3.348    0.104799
3.349    0.104718
3.35    0.104637
3.351    0.104557
3.352    0.104477
3.353    0.104398
3.354    0.104319
3.355    0.104241
3.356    0.104164
3.357    0.104087
3.358    0.10401
3.359    0.103935
3.36    0.103859
3.361    0.103785
3.362    0.103711
3.363    0.103637
3.364    0.103564
3.365    0.103491
3.366    0.103419
3.367    0.103348
3.368    0.103277
3.369    0.103207
3.37    0.103137
3.371    0.103068
3.372    0.102999
3.373    0.102931
3.374    0.102864
3.375    0.102797
3.376    0.10273
3.377    0.102664
3.378    0.102599
3.379    0.102534
3.38    0.10247
3.381    0.102406
3.382    0.102343
3.383    0.10228
3.384    0.102218
3.385    0.102156
3.386    0.102095
3.387    0.102035
3.388    0.101975
3.389    0.101915
3.39    0.101857
3.391    0.101798
3.392    0.10174
3.393    0.101683
3.394    0.101627
3.395    0.10157
3.396    0.101515
3.397    0.10146
3.398    0.101405
3.399    0.101351
3.4    0.101298
3.401    0.101245
3.402    0.101193
3.403    0.101141
3.404    0.10109
3.405    0.101039
3.406    0.100989
3.407    0.100939
3.408    0.10089
3.409    0.100842
3.41    0.100794
3.411    0.100746
3.412    0.100699
3.413    0.100653
3.414    0.100607
3.415    0.100562
3.416    0.100517
3.417    0.100473
3.418    0.100429
3.419    0.100386
3.42    0.100344
3.421    0.100302
3.422    0.10026
3.423    0.100219
3.424    0.100179
3.425    0.100139
3.426    0.1001
3.427    0.100061
3.428    0.100023
3.429    0.0999856
3.43    0.0999485
3.431    0.0999121
3.432    0.0998761
3.433    0.0998407
3.434    0.0998059
3.435    0.0997716
3.436    0.0997379
3.437    0.0997047
3.438    0.0996721
3.439    0.09964
3.44    0.0996085
3.441    0.0995776
3.442    0.0995472
3.443    0.0995174
3.444    0.0994881
3.445    0.0994594
3.446    0.0994312
3.447    0.0994036
3.448    0.0993766
3.449    0.0993501
3.45    0.0993242
3.451    0.0992988
3.452    0.0992741
3.453    0.0992498
3.454    0.0992262
3.455    0.0992031
3.456    0.0991806
3.457    0.0991586
3.458    0.0991372
3.459    0.0991164
3.46    0.0990962
3.461    0.0990765
3.462    0.0990574
3.463    0.0990389
3.464    0.0990209
3.465    0.0990035
3.466    0.0989867
3.467    0.0989705
3.468    0.0989549
3.469    0.0989398
3.47    0.0989253
3.471    0.0989114
3.472    0.0988981
3.473    0.0988853
3.474    0.0988732
3.475    0.0988616
3.476    0.0988506
3.477    0.0988402
3.478    0.0988304
3.479    0.0988212
3.48    0.0988126
3.481    0.0988045
3.482    0.0987971
3.483    0.0987902
3.484    0.098784
3.485    0.0987783
3.486    0.0987733
3.487    0.0987688
3.488    0.098765
3.489    0.0987617
3.49    0.0987591
3.491    0.098757
3.492    0.0987556
3.493    0.0987548
3.494    0.0987546
3.495    0.098755
3.496    0.098756
3.497    0.0987576
3.498    0.0987599
3.499    0.0987627
3.5    0.0987662
3.501    0.0987703
3.502    0.098775
3.503    0.0987804
3.504    0.0987864
3.505    0.098793
3.506    0.0988002
3.507    0.098808
3.508    0.0988165
3.509    0.0988257
3.51    0.0988354
3.511    0.0988458
3.512    0.0988569
3.513    0.0988686
3.514    0.0988809
3.515    0.0988938
3.516    0.0989075
3.517    0.0989217
3.518    0.0989367
3.519    0.0989522
3.52    0.0989684
3.521    0.0989853
3.522    0.0990029
3.523    0.0990211
3.524    0.0990399
3.525    0.0990595
3.526    0.0990797
3.527    0.0991005
3.528    0.0991221
3.529    0.0991443
3.53    0.0991672
3.531    0.0991908
3.532    0.099215
3.533    0.0992399
3.534    0.0992655
3.535    0.0992919
3.536    0.0993188
3.537    0.0993465
3.538    0.0993749
3.539    0.099404
3.54    0.0994338
3.541    0.0994643
3.542    0.0994954
3.543    0.0995273
3.544    0.0995599
3.545    0.0995932
3.546    0.0996273
3.547    0.099662
3.548    0.0996975
3.549    0.0997337
3.55    0.0997706
3.551    0.0998082
3.552    0.0998466
3.553    0.0998857
3.554    0.0999256
3.555    0.0999662
3.556    0.100007
3.557    0.10005
3.558    0.100092
3.559    0.100136
3.56    0.10018
3.561    0.100225
3.562    0.100271
3.563    0.100318
3.564    0.100365
3.565    0.100413
3.566    0.100462
3.567    0.100512
3.568    0.100563
3.569    0.100614
3.57    0.100666
3.571    0.100719
3.572    0.100772
3.573    0.100827
3.574    0.100882
3.575    0.100938
3.576    0.100995
3.577    0.101053
3.578    0.101111
3.579    0.10117
3.58    0.10123
3.581    0.101291
3.582    0.101353
3.583    0.101416
3.584    0.101479
3.585    0.101543
3.586    0.101609
3.587    0.101675
3.588    0.101741
3.589    0.101809
3.59    0.101878
3.591    0.101947
3.592    0.102017
3.593    0.102088
3.594    0.10216
3.595    0.102233
3.596    0.102307
3.597    0.102382
3.598    0.102457
3.599    0.102534
3.6    0.102611
3.601    0.10269
3.602    0.102769
3.603    0.102849
3.604    0.10293
3.605    0.103012
3.606    0.103095
3.607    0.103179
3.608    0.103264
3.609    0.103349
3.61    0.103436
3.611    0.103524
3.612    0.103612
3.613    0.103702
3.614    0.103792
3.615    0.103884
3.616    0.103976
3.617    0.10407
3.618    0.104164
3.619    0.10426
3.62    0.104356
3.621    0.104454
3.622    0.104552
3.623    0.104652
3.624    0.104752
3.625    0.104854
3.626    0.104957
3.627    0.10506
3.628    0.105165
3.629    0.105271
3.63    0.105378
3.631    0.105485
3.632    0.105594
3.633    0.105705
3.634    0.105816
3.635    0.105928
3.636    0.106041
3.637    0.106156
3.638    0.106271
3.639    0.106388
3.64    0.106506
3.641    0.106625
3.642    0.106745
3.643    0.106866
3.644    0.106988
3.645    0.107112
3.646    0.107236
3.647    0.107362
3.648    0.107489
3.649    0.107617
3.65    0.107747
3.651    0.107877
3.652    0.108009
3.653    0.108142
3.654    0.108277
3.655    0.108412
3.656    0.108549
3.657    0.108687
3.658    0.108826
3.659    0.108966
3.66    0.109108
3.661    0.109251
3.662    0.109396
3.663    0.109541
3.664    0.109688
3.665    0.109836
3.666    0.109986
3.667    0.110137
3.668    0.110289
3.669    0.110443
3.67    0.110598
3.671    0.110754
3.672    0.110911
3.673    0.111071
3.674    0.111231
3.675    0.111393
3.676    0.111556
3.677    0.111721
3.678    0.111887
3.679    0.112054
3.68    0.112223
3.681    0.112394
3.682    0.112566
3.683    0.112739
3.684    0.112914
3.685    0.11309
3.686    0.113268
3.687    0.113448
3.688    0.113629
3.689    0.113811
3.69    0.113995
3.691    0.114181
3.692    0.114368
3.693    0.114557
3.694    0.114747
3.695    0.114939
3.696    0.115133
3.697    0.115328
3.698    0.115525
3.699    0.115723
3.7    0.115924
3.701    0.116126
3.702    0.116329
3.703    0.116534
3.704    0.116741
3.705    0.11695
3.706    0.117161
3.707    0.117373
3.708    0.117587
3.709    0.117803
3.71    0.11802
3.711    0.11824
3.712    0.118461
3.713    0.118684
3.714    0.118909
3.715    0.119135
3.716    0.119364
3.717    0.119595
3.718    0.119827
3.719    0.120061
3.72    0.120298
3.721    0.120536
3.722    0.120776
3.723    0.121018
3.724    0.121263
3.725    0.121509
3.726    0.121757
3.727    0.122007
3.728    0.12226
3.729    0.122514
3.73    0.122771
3.731    0.123029
3.732    0.12329
3.733    0.123553
3.734    0.123818
3.735    0.124085
3.736    0.124355
3.737    0.124626
3.738    0.1249
3.739    0.125176
3.74    0.125455
3.741    0.125736
3.742    0.126019
3.743    0.126304
3.744    0.126592
3.745    0.126882
3.746    0.127174
3.747    0.127469
3.748    0.127766
3.749    0.128066
3.75    0.128368
3.751    0.128673
3.752    0.12898
3.753    0.12929
3.754    0.129602
3.755    0.129917
3.756    0.130234
3.757    0.130555
3.758    0.130877
3.759    0.131203
3.76    0.131531
3.761    0.131861
3.762    0.132195
3.763    0.132531
3.764    0.13287
3.765    0.133212
3.766    0.133557
3.767    0.133904
3.768    0.134255
3.769    0.134608
3.77    0.134964
3.771    0.135324
3.772    0.135686
3.773    0.136051
3.774    0.136419
3.775    0.136791
3.776    0.137165
3.777    0.137543
3.778    0.137923
3.779    0.138307
3.78    0.138695
3.781    0.139085
3.782    0.139478
3.783    0.139875
3.784    0.140276
3.785    0.140679
3.786    0.141086
3.787    0.141497
3.788    0.141911
3.789    0.142328
3.79    0.142749
3.791    0.143174
3.792    0.143602
3.793    0.144033
3.794    0.144469
3.795    0.144908
3.796    0.145351
3.797    0.145797
3.798    0.146248
3.799    0.146702
3.8    0.14716
3.801    0.147622
3.802    0.148088
3.803    0.148558
3.804    0.149032
3.805    0.14951
3.806    0.149992
3.807    0.150479
3.808    0.150969
3.809    0.151464
3.81    0.151963
3.811    0.152466
3.812    0.152974
3.813    0.153486
3.814    0.154003
3.815    0.154524
3.816    0.15505
3.817    0.15558
3.818    0.156115
3.819    0.156655
3.82    0.157199
3.821    0.157748
3.822    0.158302
3.823    0.158861
3.824    0.159425
3.825    0.159994
3.826    0.160568
3.827    0.161147
3.828    0.161731
3.829    0.16232
3.83    0.162915
3.831    0.163515
3.832    0.16412
3.833    0.16473
3.834    0.165347
3.835    0.165968
3.836    0.166596
3.837    0.167229
3.838    0.167868
3.839    0.168512
3.84    0.169163
3.841    0.169819
3.842    0.170481
3.843    0.17115
3.844    0.171824
3.845    0.172505
3.846    0.173192
3.847    0.173885
3.848    0.174585
3.849    0.175291
3.85    0.176004
3.851    0.176723
3.852    0.177449
3.853    0.178182
3.854    0.178921
3.855    0.179668
3.856    0.180422
3.857    0.181182
3.858    0.18195
3.859    0.182725
3.86    0.183508
3.861    0.184298
3.862    0.185095
3.863    0.1859
3.864    0.186713
3.865    0.187533
3.866    0.188361
3.867    0.189198
3.868    0.190042
3.869    0.190895
3.87    0.191755
3.871    0.192625
3.872    0.193502
3.873    0.194388
3.874    0.195283
3.875    0.196187
3.876    0.197099
3.877    0.198021
3.878    0.198951
3.879    0.199891
3.88    0.20084
3.881    0.201799
3.882    0.202767
3.883    0.203745
3.884    0.204732
3.885    0.20573
3.886    0.206737
3.887    0.207755
3.888    0.208783
3.889    0.209822
3.89    0.210871
3.891    0.211931
3.892    0.213001
3.893    0.214083
3.894    0.215176
3.895    0.21628
3.896    0.217395
3.897    0.218523
3.898    0.219661
3.899    0.220812
3.9    0.221975
3.901    0.22315
3.902    0.224337
3.903    0.225537
3.904    0.22675
3.905    0.227975
3.906    0.229213
3.907    0.230465
3.908    0.23173
3.909    0.233009
3.91    0.234301
3.911    0.235608
3.912    0.236929
3.913    0.238264
3.914    0.239613
3.915    0.240977
3.916    0.242357
3.917    0.243751
3.918    0.245161
3.919    0.246586
3.92    0.248028
3.921    0.249485
3.922    0.250959
3.923    0.252449
3.924    0.253956
3.925    0.25548
3.926    0.257021
3.927    0.25858
3.928    0.260156
3.929    0.261751
3.93    0.263364
3.931    0.264995
3.932    0.266645
3.933    0.268315
3.934    0.270004
3.935    0.271712
3.936    0.273441
3.937    0.275189
3.938    0.276959
3.939    0.278749
3.94    0.280561
3.941    0.282394
3.942    0.284249
3.943    0.286126
3.944    0.288026
3.945    0.289949
3.946    0.291895
3.947    0.293865
3.948    0.295859
3.949    0.297878
3.95    0.299921
3.951    0.301989
3.952    0.304084
3.953    0.306204
3.954    0.30835
3.955    0.310524
3.956    0.312725
3.957    0.314953
3.958    0.31721
3.959    0.319496
3.96    0.321811
3.961    0.324155
3.962    0.32653
3.963    0.328935
3.964    0.331372
3.965    0.33384
3.966    0.336341
3.967    0.338874
3.968    0.341441
3.969    0.344042
3.97    0.346678
3.971    0.349348
3.972    0.352054
3.973    0.354797
3.974    0.357577
3.975    0.360394
3.976    0.36325
3.977    0.366145
3.978    0.36908
3.979    0.372055
3.98    0.375072
3.981    0.37813
3.982    0.381231
3.983    0.384376
3.984    0.387565
3.985    0.390799
3.986    0.394079
3.987    0.397406
3.988    0.40078
3.989    0.404204
3.99    0.407677
3.991    0.4112
3.992    0.414775
3.993    0.418402
3.994    0.422083
3.995    0.425818
3.996    0.429608
3.997    0.433456
3.998    0.437361
3.999    0.441325
4    0.445349
4.001    0.449435
4.002    0.453583
4.003    0.457794
4.004    0.462071
4.005    0.466414
4.006    0.470825
4.007    0.475306
4.008    0.479856
4.009    0.484479
4.01    0.489175
4.011    0.493947
4.012    0.498795
4.013    0.503721
4.014    0.508727
4.015    0.513816
4.016    0.518987
4.017    0.524244
4.018    0.529588
4.019    0.535021
4.02    0.540545
4.021    0.546162
4.022    0.551874
4.023    0.557683
4.024    0.563592
4.025    0.569602
4.026    0.575717
4.027    0.581937
4.028    0.588267
4.029    0.594707
4.03    0.601262
4.031    0.607933
4.032    0.614723
4.033    0.621636
4.034    0.628674
4.035    0.635839
4.036    0.643136
4.037    0.650567
4.038    0.658135
4.039    0.665845
4.04    0.673698
4.041    0.6817
4.042    0.689853
4.043    0.698162
4.044    0.70663
4.045    0.715262
4.046    0.724061
4.047    0.733032
4.048    0.742179
4.049    0.751507
4.05    0.761021
4.051    0.770725
4.052    0.780625
4.053    0.790726
4.054    0.801033
4.055    0.811552
4.056    0.822288
4.057    0.833248
4.058    0.844437
4.059    0.855862
4.06    0.86753
4.061    0.879447
4.062    0.891621
4.063    0.904058
4.064    0.916767
4.065    0.929754
4.066    0.943029
4.067    0.9566
4.068    0.970475
4.069    0.984663
4.07    0.999173
4.071    1.01402
4.072    1.0292
4.073    1.04474
4.074    1.06064
4.075    1.07692
4.076    1.09358
4.077    1.11065
4.078    1.12812
4.079    1.14602
4.08    1.16435
4.081    1.18314
4.082    1.2024
4.083    1.22214
4.084    1.24237
4.085    1.26312
4.086    1.2844
4.087    1.30623
4.088    1.32864
4.089    1.35162
4.09    1.37522
4.091    1.39945
4.092    1.42433
4.093    1.44988
4.094    1.47613
4.095    1.50311
4.096    1.53084
4.097    1.55934
4.098    1.58865
4.099    1.6188
4.1    1.64981
4.101    1.68173
4.102    1.71458
4.103    1.7484
4.104    1.78322
4.105    1.8191
4.106    1.85606
4.107    1.89416
4.108    1.93343
4.109    1.97393
4.11    2.0157
4.111    2.05879
4.112    2.10327
4.113    2.14919
4.114    2.19661
4.115    2.24559
4.116    2.2962
4.117    2.34851
4.118    2.40259
4.119    2.45853
4.12    2.5164
4.121    2.5763
4.122    2.63831
4.123    2.70252
4.124    2.76905
4.125    2.83799
4.126    2.90946
4.127    2.98358
4.128    3.06047
4.129    3.14027
4.13    3.22311
4.131    3.30916
4.132    3.39855
4.133    3.49146
4.134    3.58806
4.135    3.68853
4.136    3.79309
4.137    3.90192
4.138    4.01525
4.139    4.13331
4.14    4.25635
4.141    4.38462
4.142    4.51841
4.143    4.658
4.144    4.80371
4.145    4.95585
4.146    5.11477
4.147    5.28084
4.148    5.45443
4.149    5.63597
4.15    5.82587
4.151    6.02458
4.152    6.23258
4.153    6.45037
4.154    6.67847
4.155    6.91742
4.156    7.16781
4.157    7.43021
4.158    7.70526
4.159    7.99359
4.16    8.29584
4.161    8.61271
4.162    8.94485
4.163    9.29297
4.164    9.65774
4.165    10.0398
4.166    10.4399
4.167    10.8585
4.168    11.2963
4.169    11.7537
4.17    12.231
4.171    12.7287
4.172    13.2466
4.173    13.7849
4.174    14.3431
4.175    14.9206
4.176    15.5165
4.177    16.1295
4.178    16.7577
4.179    17.3991
4.18    18.0507
4.181    18.7092
4.182    19.3705
4.183    20.03
4.184    20.6824
4.185    21.3216
4.186    21.9412
4.187    22.5342
4.188    23.0931
4.189    23.6105
4.19    24.0787
4.191    24.4904
4.192    24.839
4.193    25.1183
4.194    25.3233
4.195    25.4503
4.196    25.4968
4.197    25.4619
4.198    25.3464
4.199    25.1523
4.2    24.8834
4.201    24.5444
4.202    24.1412
4.203    23.6806
4.204    23.1699
4.205    22.6164
4.206    22.0278
4.207    21.4115
4.208    20.7747
4.209    20.1237
4.21    19.4649
4.211    18.8034
4.212    18.1442
4.213    17.4914
4.214    16.8483
4.215    16.218
4.216    15.6026
4.217    15.0041
4.218    14.4238
4.219    13.8628
4.22    13.3216
4.221    12.8006
4.222    12.3
4.223    11.8197
4.224    11.3594
4.225    10.9188
4.226    10.4974
4.227    10.0947
4.228    9.70998
4.229    9.34271
4.23    8.99219
4.231    8.65774
4.232    8.33867
4.233    8.0343
4.234    7.74396
4.235    7.46699
4.236    7.20275
4.237    6.95063
4.238    6.71001
4.239    6.48033
4.24    6.26104
4.241    6.05161
4.242    5.85154
4.243    5.66036
4.244    5.4776
4.245    5.30283
4.246    5.13565
4.247    4.97567
4.248    4.82253
4.249    4.67587
4.25    4.53537
4.251    4.40071
4.252    4.27161
4.253    4.14778
4.254    4.02897
4.255    3.91492
4.256    3.80541
4.257    3.7002
4.258    3.5991
4.259    3.5019
4.26    3.40842
4.261    3.31848
4.262    3.23192
4.263    3.14857
4.264    3.06829
4.265    2.99094
4.266    2.91637
4.267    2.84448
4.268    2.77513
4.269    2.70821
4.27    2.64362
4.271    2.58125
4.272    2.52101
4.273    2.4628
4.274    2.40653
4.275    2.35213
4.276    2.29952
4.277    2.24862
4.278    2.19936
4.279    2.15167
4.28    2.10549
4.281    2.06075
4.282    2.01741
4.283    1.9754
4.284    1.93467
4.285    1.89518
4.286    1.85686
4.287    1.81969
4.288    1.78361
4.289    1.74858
4.29    1.71457
4.291    1.68153
4.292    1.64943
4.293    1.61824
4.294    1.58791
4.295    1.55843
4.296    1.52976
4.297    1.50187
4.298    1.47474
4.299    1.44833
4.3    1.42263
4.301    1.3976
4.302    1.37323
4.303    1.34949
4.304    1.32637
4.305    1.30383
4.306    1.28187
4.307    1.26045
4.308    1.23958
4.309    1.21922
4.31    1.19936
4.311    1.17998
4.312    1.16107
4.313    1.14262
4.314    1.12461
4.315    1.10702
4.316    1.08985
4.317    1.07308
4.318    1.05669
4.319    1.04069
4.32    1.02504
4.321    1.00976
4.322    0.994812
4.323    0.980202
4.324    0.965916
4.325    0.951945
4.326    0.938279
4.327    0.924909
4.328    0.911829
4.329    0.899028
4.33    0.8865
4.331    0.874236
4.332    0.86223
4.333    0.850475
4.334    0.838963
4.335    0.827687
4.336    0.816643
4.337    0.805822
4.338    0.79522
4.339    0.78483
4.34    0.774648
4.341    0.764667
4.342    0.754882
4.343    0.745288
4.344    0.735881
4.345    0.726655
4.346    0.717607
4.347    0.708731
4.348    0.700022
4.349    0.691478
4.35    0.683094
4.351    0.674866
4.352    0.66679
4.353    0.658862
4.354    0.651079
4.355    0.643438
4.356    0.635935
4.357    0.628566
4.358    0.621329
4.359    0.61422
4.36    0.607237
4.361    0.600376
4.362    0.593635
4.363    0.58701
4.364    0.5805
4.365    0.574102
4.366    0.567813
4.367    0.56163
4.368    0.555552
4.369    0.549575
4.37    0.543699
4.371    0.537919
4.372    0.532236
4.373    0.526645
4.374    0.521146
4.375    0.515736
4.376    0.510413
4.377    0.505176
4.378    0.500022
4.379    0.494951
4.38    0.48996
4.381    0.485047
4.382    0.480211
4.383    0.47545
4.384    0.470763
4.385    0.466149
4.386    0.461605
4.387    0.45713
4.388    0.452724
4.389    0.448384
4.39    0.444109
4.391    0.439898
4.392    0.43575
4.393    0.431663
4.394    0.427636
4.395    0.423669
4.396    0.419759
4.397    0.415906
4.398    0.412109
4.399    0.408367
4.4    0.404678
4.401    0.401041
4.402    0.397456
4.403    0.393922
4.404    0.390438
4.405    0.387002
4.406    0.383614
4.407    0.380273
4.408    0.376978
4.409    0.373728
4.41    0.370522
4.411    0.367361
4.412    0.364242
4.413    0.361165
4.414    0.358129
4.415    0.355134
4.416    0.352179
4.417    0.349263
4.418    0.346385
4.419    0.343545
4.42    0.340742
4.421    0.337976
4.422    0.335245
4.423    0.33255
4.424    0.329889
4.425    0.327263
4.426    0.32467
4.427    0.322109
4.428    0.319581
4.429    0.317085
4.43    0.31462
4.431    0.312186
4.432    0.309782
4.433    0.307407
4.434    0.305062
4.435    0.302746
4.436    0.300458
4.437    0.298198
4.438    0.295965
4.439    0.293759
4.44    0.291579
4.441    0.289426
4.442    0.287298
4.443    0.285196
4.444    0.283118
4.445    0.281065
4.446    0.279036
4.447    0.277031
4.448    0.275049
4.449    0.27309
4.45    0.271153
4.451    0.269239
4.452    0.267347
4.453    0.265476
4.454    0.263626
4.455    0.261798
4.456    0.25999
4.457    0.258203
4.458    0.256435
4.459    0.254687
4.46    0.252959
4.461    0.251249
4.462    0.249559
4.463    0.247887
4.464    0.246233
4.465    0.244598
4.466    0.24298
4.467    0.24138
4.468    0.239796
4.469    0.23823
4.47    0.236681
4.471    0.235148
4.472    0.233632
4.473    0.232131
4.474    0.230647
4.475    0.229178
4.476    0.227724
4.477    0.226285
4.478    0.224862
4.479    0.223453
4.48    0.222059
4.481    0.220679
4.482    0.219313
4.483    0.217961
4.484    0.216623
4.485    0.215299
4.486    0.213988
4.487    0.21269
4.488    0.211405
4.489    0.210133
4.49    0.208874
4.491    0.207627
4.492    0.206392
4.493    0.20517
4.494    0.20396
4.495    0.202761
4.496    0.201575
4.497    0.2004
4.498    0.199236
4.499    0.198083
4.5    0.196942
4.501    0.195812
4.502    0.194692
4.503    0.193583
4.504    0.192485
4.505    0.191397
4.506    0.190319
4.507    0.189251
4.508    0.188194
4.509    0.187146
4.51    0.186108
4.511    0.18508
4.512    0.184062
4.513    0.183052
4.514    0.182052
4.515    0.181062
4.516    0.18008
4.517    0.179107
4.518    0.178143
4.519    0.177188
4.52    0.176241
4.521    0.175303
4.522    0.174374
4.523    0.173452
4.524    0.172539
4.525    0.171634
4.526    0.170737
4.527    0.169848
4.528    0.168967
4.529    0.168093
4.53    0.167228
4.531    0.166369
4.532    0.165519
4.533    0.164675
4.534    0.163839
4.535    0.16301
4.536    0.162188
4.537    0.161374
4.538    0.160566
4.539    0.159765
4.54    0.158971
4.541    0.158184
4.542    0.157403
4.543    0.156629
4.544    0.155861
4.545    0.1551
4.546    0.154345
4.547    0.153596
4.548    0.152854
4.549    0.152118
4.55    0.151388
4.551    0.150663
4.552    0.149945
4.553    0.149233
4.554    0.148526
4.555    0.147826
4.556    0.14713
4.557    0.146441
4.558    0.145757
4.559    0.145079
4.56    0.144406
4.561    0.143738
4.562    0.143076
4.563    0.142419
4.564    0.141767
4.565    0.14112
4.566    0.140478
4.567    0.139842
4.568    0.13921
4.569    0.138584
4.57    0.137962
4.571    0.137345
4.572    0.136733
4.573    0.136125
4.574    0.135523
4.575    0.134925
4.576    0.134331
4.577    0.133742
4.578    0.133158
4.579    0.132577
4.58    0.132002
4.581    0.13143
4.582    0.130863
4.583    0.130301
4.584    0.129742
4.585    0.129188
4.586    0.128638
4.587    0.128092
4.588    0.127549
4.589    0.127011
4.59    0.126477
4.591    0.125947
4.592    0.125421
4.593    0.124899
4.594    0.12438
4.595    0.123865
4.596    0.123354
4.597    0.122847
4.598    0.122343
4.599    0.121843
4.6    0.121346
4.601    0.120853
4.602    0.120364
4.603    0.119878
4.604    0.119396
4.605    0.118917
4.606    0.118441
4.607    0.117969
4.608    0.1175
4.609    0.117034
4.61    0.116572
4.611    0.116112
4.612    0.115656
4.613    0.115204
4.614    0.114754
4.615    0.114307
4.616    0.113864
4.617    0.113423
4.618    0.112986
4.619    0.112552
4.62    0.11212
4.621    0.111692
4.622    0.111266
4.623    0.110843
4.624    0.110424
4.625    0.110007
4.626    0.109592
4.627    0.109181
4.628    0.108772
4.629    0.108366
4.63    0.107963
4.631    0.107562
4.632    0.107165
4.633    0.106769
4.634    0.106377
4.635    0.105987
4.636    0.105599
4.637    0.105214
4.638    0.104832
4.639    0.104452
4.64    0.104074
4.641    0.103699
4.642    0.103326
4.643    0.102956
4.644    0.102588
4.645    0.102223
4.646    0.10186
4.647    0.101499
4.648    0.10114
4.649    0.100784
4.65    0.10043
4.651    0.100079
4.652    0.0997291
4.653    0.0993818
4.654    0.0990367
4.655    0.0986938
4.656    0.098353
4.657    0.0980143
4.658    0.0976778
4.659    0.0973433
4.66    0.0970109
4.661    0.0966806
4.662    0.0963523
4.663    0.096026
4.664    0.0957018
4.665    0.0953795
4.666    0.0950592
4.667    0.0947409
4.668    0.0944245
4.669    0.09411
4.67    0.0937974
4.671    0.0934867
4.672    0.0931779
4.673    0.092871
4.674    0.0925659
4.675    0.0922626
4.676    0.0919611
4.677    0.0916615
4.678    0.0913636
4.679    0.0910675
4.68    0.0907731
4.681    0.0904805
4.682    0.0901897
4.683    0.0899005
4.684    0.089613
4.685    0.0893272
4.686    0.0890431
4.687    0.0887606
4.688    0.0884798
4.689    0.0882007
4.69    0.0879231
4.691    0.0876471
4.692    0.0873728
4.693    0.0871
4.694    0.0868288
4.695    0.0865591
4.696    0.086291
4.697    0.0860244
4.698    0.0857593
4.699    0.0854958
4.7    0.0852337
4.701    0.0849731
4.702    0.084714
4.703    0.0844564
4.704    0.0842002
4.705    0.0839454
4.706    0.0836921
4.707    0.0834401
4.708    0.0831896
4.709    0.0829405
4.71    0.0826928
4.711    0.0824464
4.712    0.0822014
4.713    0.0819577
4.714    0.0817154
4.715    0.0814745
4.716    0.0812348
4.717    0.0809964
4.718    0.0807594
4.719    0.0805236
4.72    0.0802892
4.721    0.080056
4.722    0.079824
4.723    0.0795933
4.724    0.0793639
4.725    0.0791357
4.726    0.0789087
4.727    0.0786829
4.728    0.0784584
4.729    0.078235
4.73    0.0780129
4.731    0.0777919
4.732    0.077572
4.733    0.0773534
4.734    0.0771359
4.735    0.0769195
4.736    0.0767043
4.737    0.0764902
4.738    0.0762773
4.739    0.0760654
4.74    0.0758547
4.741    0.075645
4.742    0.0754364
4.743    0.075229
4.744    0.0750226
4.745    0.0748172
4.746    0.0746129
4.747    0.0744097
4.748    0.0742075
4.749    0.0740064
4.75    0.0738062
4.751    0.0736071
4.752    0.073409
4.753    0.0732119
4.754    0.0730159
4.755    0.0728208
4.756    0.0726267
4.757    0.0724335
4.758    0.0722414
4.759    0.0720502
4.76    0.07186
4.761    0.0716707
4.762    0.0714823
4.763    0.0712949
4.764    0.0711085
4.765    0.0709229
4.766    0.0707383
4.767    0.0705546
4.768    0.0703718
4.769    0.0701899
4.77    0.0700089
4.771    0.0698288
4.772    0.0696495
4.773    0.0694712
4.774    0.0692937
4.775    0.069117
4.776    0.0689413
4.777    0.0687663
4.778    0.0685923
4.779    0.068419
4.78    0.0682466
4.781    0.0680751
4.782    0.0679043
4.783    0.0677344
4.784    0.0675653
4.785    0.067397
4.786    0.0672295
4.787    0.0670628
4.788    0.0668969
4.789    0.0667317
4.79    0.0665674
4.791    0.0664038
4.792    0.066241
4.793    0.066079
4.794    0.0659177
4.795    0.0657572
4.796    0.0655974
4.797    0.0654384
4.798    0.0652801
4.799    0.0651225
4.8    0.0649657
4.801    0.0648096
4.802    0.0646543
4.803    0.0644996
4.804    0.0643457
4.805    0.0641924
4.806    0.0640399
4.807    0.0638881
4.808    0.0637369
4.809    0.0635865
4.81    0.0634367
4.811    0.0632876
4.812    0.0631392
4.813    0.0629915
4.814    0.0628444
4.815    0.062698
4.816    0.0625523
4.817    0.0624072
4.818    0.0622628
4.819    0.062119
4.82    0.0619759
4.821    0.0618334
4.822    0.0616915
4.823    0.0615503
4.824    0.0614096
4.825    0.0612697
4.826    0.0611303
4.827    0.0609915
4.828    0.0608534
4.829    0.0607159
4.83    0.0605789
4.831    0.0604426
4.832    0.0603069
4.833    0.0601717
4.834    0.0600372
4.835    0.0599032
4.836    0.0597698
4.837    0.059637
4.838    0.0595048
4.839    0.0593732
4.84    0.0592421
4.841    0.0591115
4.842    0.0589816
4.843    0.0588522
4.844    0.0587233
4.845    0.058595
4.846    0.0584673
4.847    0.0583401
4.848    0.0582134
4.849    0.0580873
4.85    0.0579617
4.851    0.0578366
4.852    0.0577121
4.853    0.0575881
4.854    0.0574646
4.855    0.0573416
4.856    0.0572192
4.857    0.0570972
4.858    0.0569758
4.859    0.0568549
4.86    0.0567344
4.861    0.0566145
4.862    0.0564951
4.863    0.0563762
4.864    0.0562577
4.865    0.0561398
4.866    0.0560223
4.867    0.0559054
4.868    0.0557889
4.869    0.0556728
4.87    0.0555573
4.871    0.0554422
4.872    0.0553276
4.873    0.0552135
4.874    0.0550998
4.875    0.0549866
4.876    0.0548739
4.877    0.0547616
4.878    0.0546497
4.879    0.0545383
4.88    0.0544274
4.881    0.0543169
4.882    0.0542069
4.883    0.0540972
4.884    0.0539881
4.885    0.0538793
4.886    0.053771
4.887    0.0536632
4.888    0.0535557
4.889    0.0534487
4.89    0.0533421
4.891    0.0532359
4.892    0.0531302
4.893    0.0530248
4.894    0.0529199
4.895    0.0528154
4.896    0.0527113
4.897    0.0526076
4.898    0.0525043
4.899    0.0524014
4.9    0.0522989
4.901    0.0521968
4.902    0.0520951
4.903    0.0519938
4.904    0.0518929
4.905    0.0517924
4.906    0.0516923
4.907    0.0515925
4.908    0.0514932
4.909    0.0513942
4.91    0.0512956
4.911    0.0511974
4.912    0.0510995
4.913    0.051002
4.914    0.0509049
4.915    0.0508082
4.916    0.0507118
4.917    0.0506158
4.918    0.0505201
4.919    0.0504249
4.92    0.0503299
4.921    0.0502354
4.922    0.0501412
4.923    0.0500473
4.924    0.0499538
4.925    0.0498606
4.926    0.0497678
4.927    0.0496753
4.928    0.0495832
4.929    0.0494914
4.93    0.0494
4.931    0.0493089
4.932    0.0492181
4.933    0.0491277
4.934    0.0490376
4.935    0.0489478
4.936    0.0488584
4.937    0.0487693
4.938    0.0486805
4.939    0.048592
4.94    0.0485039
4.941    0.0484161
4.942    0.0483286
4.943    0.0482414
4.944    0.0481546
4.945    0.048068
4.946    0.0479818
4.947    0.0478958
4.948    0.0478102
4.949    0.0477249
4.95    0.0476399
4.951    0.0475552
4.952    0.0474708
4.953    0.0473867
4.954    0.0473029
4.955    0.0472195
4.956    0.0471363
4.957    0.0470534
4.958    0.0469707
4.959    0.0468884
4.96    0.0468064
4.961    0.0467247
4.962    0.0466432
4.963    0.0465621
4.964    0.0464812
4.965    0.0464006
4.966    0.0463203
4.967    0.0462403
4.968    0.0461605
4.969    0.046081
4.97    0.0460019
4.971    0.0459229
4.972    0.0458443
4.973    0.0457659
4.974    0.0456878
4.975    0.04561
4.976    0.0455324
4.977    0.0454551
4.978    0.0453781
4.979    0.0453013
4.98    0.0452248
4.981    0.0451486
4.982    0.0450726
4.983    0.0449969
4.984    0.0449214
4.985    0.0448462
4.986    0.0447712
4.987    0.0446966
4.988    0.0446221
4.989    0.0445479
4.99    0.044474
4.991    0.0444003
4.992    0.0443268
4.993    0.0442536
4.994    0.0441807
4.995    0.044108
4.996    0.0440355
4.997    0.0439633
4.998    0.0438913
4.999    0.0438196
5    0.0437481
5.001    0.0436768
5.002    0.0436058
5.003    0.043535
5.004    0.0434644
5.005    0.0433941
5.006    0.043324
5.007    0.0432541
5.008    0.0431845
5.009    0.0431151
5.01    0.0430459
5.011    0.0429769
5.012    0.0429082
5.013    0.0428397
5.014    0.0427714
5.015    0.0427033
5.016    0.0426355
5.017    0.0425679
5.018    0.0425005
5.019    0.0424333
5.02    0.0423663
5.021    0.0422996
5.022    0.0422331
5.023    0.0421667
5.024    0.0421006
5.025    0.0420347
5.026    0.041969
5.027    0.0419036
5.028    0.0418383
5.029    0.0417732
5.03    0.0417084
5.031    0.0416437
5.032    0.0415793
5.033    0.0415151
5.034    0.041451
5.035    0.0413872
5.036    0.0413236
5.037    0.0412601
5.038    0.0411969
5.039    0.0411339
5.04    0.0410711
5.041    0.0410084
5.042    0.040946
5.043    0.0408837
5.044    0.0408217
5.045    0.0407598
5.046    0.0406981
5.047    0.0406367
5.048    0.0405754
5.049    0.0405143
5.05    0.0404534
5.051    0.0403927
5.052    0.0403321
5.053    0.0402718
5.054    0.0402116
5.055    0.0401517
5.056    0.0400919
5.057    0.0400323
5.058    0.0399728
5.059    0.0399136
5.06    0.0398545
5.061    0.0397956
5.062    0.0397369
5.063    0.0396784
5.064    0.0396201
5.065    0.0395619
5.066    0.0395039
5.067    0.0394461
5.068    0.0393884
5.069    0.0393309
5.07    0.0392736
5.071    0.0392165
5.072    0.0391596
5.073    0.0391028
5.074    0.0390461
5.075    0.0389897
5.076    0.0389334
5.077    0.0388773
5.078    0.0388214
5.079    0.0387656
5.08    0.03871
5.081    0.0386545
5.082    0.0385992
5.083    0.0385441
5.084    0.0384891
5.085    0.0384343
5.086    0.0383797
5.087    0.0383252
5.088    0.0382709
5.089    0.0382167
5.09    0.0381627
5.091    0.0381089
5.092    0.0380552
5.093    0.0380017
5.094    0.0379483
5.095    0.0378951
5.096    0.037842
5.097    0.0377891
5.098    0.0377363
5.099    0.0376837
5.1    0.0376313
5.101    0.037579
5.102    0.0375268
5.103    0.0374748
5.104    0.0374229
5.105    0.0373712
5.106    0.0373197
5.107    0.0372683
5.108    0.037217
5.109    0.0371659
5.11    0.0371149
5.111    0.0370641
5.112    0.0370134
5.113    0.0369629
5.114    0.0369125
5.115    0.0368622
5.116    0.0368121
5.117    0.0367621
5.118    0.0367123
5.119    0.0366626
5.12    0.036613
5.121    0.0365636
5.122    0.0365143
5.123    0.0364652
5.124    0.0364162
5.125    0.0363673
5.126    0.0363186
5.127    0.03627
5.128    0.0362216
5.129    0.0361732
5.13    0.036125
5.131    0.036077
5.132    0.0360291
5.133    0.0359813
5.134    0.0359336
5.135    0.0358861
5.136    0.0358387
5.137    0.0357914
5.138    0.0357443
5.139    0.0356973
5.14    0.0356504
5.141    0.0356036
5.142    0.035557
5.143    0.0355105
5.144    0.0354641
5.145    0.0354179
5.146    0.0353718
5.147    0.0353258
5.148    0.0352799
5.149    0.0352341
5.15    0.0351885
5.151    0.035143
5.152    0.0350976
5.153    0.0350524
5.154    0.0350072
5.155    0.0349622
5.156    0.0349173
5.157    0.0348725
5.158    0.0348279
5.159    0.0347834
5.16    0.0347389
5.161    0.0346946
5.162    0.0346505
5.163    0.0346064
5.164    0.0345624
5.165    0.0345186
5.166    0.0344749
5.167    0.0344313
5.168    0.0343878
5.169    0.0343444
5.17    0.0343012
5.171    0.034258
5.172    0.034215
5.173    0.0341721
5.174    0.0341293
5.175    0.0340866
5.176    0.034044
5.177    0.0340015
5.178    0.0339592
5.179    0.0339169
5.18    0.0338748
5.181    0.0338327
5.182    0.0337908
5.183    0.033749
5.184    0.0337073
5.185    0.0336657
5.186    0.0336242
5.187    0.0335828
5.188    0.0335415
5.189    0.0335003
5.19    0.0334593
5.191    0.0334183
5.192    0.0333774
5.193    0.0333367
5.194    0.033296
5.195    0.0332555
5.196    0.033215
5.197    0.0331747
5.198    0.0331345
5.199    0.0330943
5.2    0.0330543
5.201    0.0330143
5.202    0.0329745
5.203    0.0329348
5.204    0.0328951
5.205    0.0328556
5.206    0.0328162
5.207    0.0327768
5.208    0.0327376
5.209    0.0326985
5.21    0.0326594
5.211    0.0326205
5.212    0.0325816
5.213    0.0325429
5.214    0.0325042
5.215    0.0324657
5.216    0.0324272
5.217    0.0323888
5.218    0.0323506
5.219    0.0323124
5.22    0.0322743
5.221    0.0322363
5.222    0.0321984
5.223    0.0321606
5.224    0.0321229
5.225    0.0320853
5.226    0.0320478
5.227    0.0320103
5.228    0.031973
5.229    0.0319357
5.23    0.0318986
5.231    0.0318615
5.232    0.0318245
5.233    0.0317876
5.234    0.0317508
5.235    0.0317141
5.236    0.0316775
5.237    0.031641
5.238    0.0316045
5.239    0.0315682
5.24    0.0315319
5.241    0.0314957
5.242    0.0314596
5.243    0.0314236
5.244    0.0313877
5.245    0.0313518
5.246    0.0313161
5.247    0.0312804
5.248    0.0312448
5.249    0.0312093
5.25    0.0311739
5.251    0.0311386
5.252    0.0311034
5.253    0.0310682
5.254    0.0310331
5.255    0.0309981
5.256    0.0309632
5.257    0.0309284
5.258    0.0308936
5.259    0.030859
5.26    0.0308244
5.261    0.0307899
5.262    0.0307555
5.263    0.0307211
5.264    0.0306869
5.265    0.0306527
5.266    0.0306186
5.267    0.0305846
5.268    0.0305506
5.269    0.0305168
5.27    0.030483
5.271    0.0304493
5.272    0.0304156
5.273    0.0303821
5.274    0.0303486
5.275    0.0303152
5.276    0.0302819
5.277    0.0302487
5.278    0.0302155
5.279    0.0301824
5.28    0.0301494
5.281    0.0301165
5.282    0.0300836
5.283    0.0300508
5.284    0.0300181
5.285    0.0299855
5.286    0.0299529
5.287    0.0299204
5.288    0.029888
5.289    0.0298557
5.29    0.0298234
5.291    0.0297912
5.292    0.0297591
5.293    0.029727
5.294    0.0296951
5.295    0.0296632
5.296    0.0296313
5.297    0.0295996
5.298    0.0295679
5.299    0.0295363
5.3    0.0295047
5.301    0.0294732
5.302    0.0294418
5.303    0.0294105
5.304    0.0293792
5.305    0.029348
5.306    0.0293169
5.307    0.0292858
5.308    0.0292549
5.309    0.0292239
5.31    0.0291931
5.311    0.0291623
5.312    0.0291316
5.313    0.0291009
5.314    0.0290704
5.315    0.0290399
5.316    0.0290094
5.317    0.028979
5.318    0.0289487
5.319    0.0289185
5.32    0.0288883
5.321    0.0288582
5.322    0.0288281
5.323    0.0287982
5.324    0.0287683
5.325    0.0287384
5.326    0.0287086
5.327    0.0286789
5.328    0.0286492
5.329    0.0286197
5.33    0.0285901
5.331    0.0285607
5.332    0.0285313
5.333    0.0285019
5.334    0.0284727
5.335    0.0284435
5.336    0.0284143
5.337    0.0283852
5.338    0.0283562
5.339    0.0283272
5.34    0.0282983
5.341    0.0282695
5.342    0.0282407
5.343    0.028212
5.344    0.0281834
5.345    0.0281548
5.346    0.0281263
5.347    0.0280978
5.348    0.0280694
5.349    0.028041
5.35    0.0280128
5.351    0.0279845
5.352    0.0279564
5.353    0.0279283
5.354    0.0279002
5.355    0.0278722
5.356    0.0278443
5.357    0.0278164
5.358    0.0277886
5.359    0.0277608
5.36    0.0277332
5.361    0.0277055
5.362    0.0276779
5.363    0.0276504
5.364    0.0276229
5.365    0.0275955
5.366    0.0275682
5.367    0.0275409
5.368    0.0275137
5.369    0.0274865
5.37    0.0274594
5.371    0.0274323
5.372    0.0274053
5.373    0.0273783
5.374    0.0273514
5.375    0.0273246
5.376    0.0272978
5.377    0.027271
5.378    0.0272444
5.379    0.0272177
5.38    0.0271912
5.381    0.0271647
5.382    0.0271382
5.383    0.0271118
5.384    0.0270854
5.385    0.0270591
5.386    0.0270329
5.387    0.0270067
5.388    0.0269806
5.389    0.0269545
5.39    0.0269284
5.391    0.0269025
5.392    0.0268765
5.393    0.0268506
5.394    0.0268248
5.395    0.0267991
5.396    0.0267733
5.397    0.0267477
5.398    0.0267221
5.399    0.0266965
5.4    0.026671
5.401    0.0266455
5.402    0.0266201
5.403    0.0265947
5.404    0.0265694
5.405    0.0265442
5.406    0.026519
5.407    0.0264938
5.408    0.0264687
5.409    0.0264436
5.41    0.0264186
5.411    0.0263937
5.412    0.0263688
5.413    0.0263439
5.414    0.0263191
5.415    0.0262943
5.416    0.0262696
5.417    0.026245
5.418    0.0262203
5.419    0.0261958
5.42    0.0261713
5.421    0.0261468
5.422    0.0261224
5.423    0.026098
5.424    0.0260737
5.425    0.0260494
5.426    0.0260251
5.427    0.026001
5.428    0.0259768
5.429    0.0259527
5.43    0.0259287
5.431    0.0259047
5.432    0.0258807
5.433    0.0258568
5.434    0.025833
5.435    0.0258092
5.436    0.0257854
5.437    0.0257617
5.438    0.025738
5.439    0.0257144
5.44    0.0256908
5.441    0.0256673
5.442    0.0256438
5.443    0.0256203
5.444    0.0255969
5.445    0.0255736
5.446    0.0255502
5.447    0.025527
5.448    0.0255038
5.449    0.0254806
5.45    0.0254574
5.451    0.0254343
5.452    0.0254113
5.453    0.0253883
5.454    0.0253653
5.455    0.0253424
5.456    0.0253195
5.457    0.0252967
5.458    0.0252739
5.459    0.0252512
5.46    0.0252285
5.461    0.0252058
5.462    0.0251832
5.463    0.0251606
5.464    0.0251381
5.465    0.0251156
5.466    0.0250932
5.467    0.0250708
5.468    0.0250484
5.469    0.0250261
5.47    0.0250038
5.471    0.0249816
5.472    0.0249594
5.473    0.0249372
5.474    0.0249151
5.475    0.024893
5.476    0.024871
5.477    0.024849
5.478    0.0248271
5.479    0.0248051
5.48    0.0247833
5.481    0.0247614
5.482    0.0247397
5.483    0.0247179
5.484    0.0246962
5.485    0.0246745
5.486    0.0246529
5.487    0.0246313
5.488    0.0246098
5.489    0.0245883
5.49    0.0245668
5.491    0.0245454
5.492    0.024524
5.493    0.0245026
5.494    0.0244813
5.495    0.02446
5.496    0.0244388
5.497    0.0244176
5.498    0.0243964
5.499    0.0243753
5.5    0.0243542
5.501    0.0243332
5.502    0.0243122
5.503    0.0242912
5.504    0.0242703
5.505    0.0242494
5.506    0.0242285
5.507    0.0242077
5.508    0.0241869
5.509    0.0241662
5.51    0.0241455
5.511    0.0241248
5.512    0.0241042
5.513    0.0240836
5.514    0.024063
5.515    0.0240425
5.516    0.024022
5.517    0.0240016
5.518    0.0239812
5.519    0.0239608
5.52    0.0239404
5.521    0.0239201
5.522    0.0238999
5.523    0.0238796
5.524    0.0238594
5.525    0.0238393
5.526    0.0238192
5.527    0.0237991
5.528    0.023779
5.529    0.023759
5.53    0.023739
5.531    0.0237191
5.532    0.0236992
5.533    0.0236793
5.534    0.0236594
5.535    0.0236396
5.536    0.0236198
5.537    0.0236001
5.538    0.0235804
5.539    0.0235607
5.54    0.0235411
5.541    0.0235215
5.542    0.0235019
5.543    0.0234824
5.544    0.0234629
5.545    0.0234434
5.546    0.023424
5.547    0.0234046
5.548    0.0233852
5.549    0.0233659
5.55    0.0233466
5.551    0.0233273
5.552    0.0233081
5.553    0.0232889
5.554    0.0232697
5.555    0.0232506
5.556    0.0232315
5.557    0.0232124
5.558    0.0231934
5.559    0.0231744
5.56    0.0231554
5.561    0.0231365
5.562    0.0231176
5.563    0.0230987
5.564    0.0230799
5.565    0.0230611
5.566    0.0230423
5.567    0.0230235
5.568    0.0230048
5.569    0.0229861
5.57    0.0229675
5.571    0.0229489
5.572    0.0229303
5.573    0.0229117
5.574    0.0228932
5.575    0.0228747
5.576    0.0228562
5.577    0.0228378
5.578    0.0228194
5.579    0.022801
5.58    0.0227827
5.581    0.0227644
5.582    0.0227461
5.583    0.0227279
5.584    0.0227097
5.585    0.0226915
5.586    0.0226733
5.587    0.0226552
5.588    0.0226371
5.589    0.022619
5.59    0.022601
5.591    0.022583
5.592    0.022565
5.593    0.0225471
5.594    0.0225292
5.595    0.0225113
5.596    0.0224934
5.597    0.0224756
5.598    0.0224578
5.599    0.02244
5.6    0.0224223
5.601    0.0224046
5.602    0.0223869
5.603    0.0223692
5.604    0.0223516
5.605    0.022334
5.606    0.0223165
5.607    0.0222989
5.608    0.0222814
5.609    0.0222639
5.61    0.0222465
5.611    0.0222291
5.612    0.0222117
5.613    0.0221943
5.614    0.022177
5.615    0.0221597
5.616    0.0221424
5.617    0.0221251
5.618    0.0221079
5.619    0.0220907
5.62    0.0220735
5.621    0.0220564
5.622    0.0220393
5.623    0.0220222
5.624    0.0220051
5.625    0.0219881
5.626    0.0219711
5.627    0.0219541
5.628    0.0219372
5.629    0.0219203
5.63    0.0219034
5.631    0.0218865
5.632    0.0218696
5.633    0.0218528
5.634    0.021836
5.635    0.0218193
5.636    0.0218026
5.637    0.0217858
5.638    0.0217692
5.639    0.0217525
5.64    0.0217359
5.641    0.0217193
5.642    0.0217027
5.643    0.0216862
5.644    0.0216696
5.645    0.0216531
5.646    0.0216367
5.647    0.0216202
5.648    0.0216038
5.649    0.0215874
5.65    0.021571
5.651    0.0215547
5.652    0.0215384
5.653    0.0215221
5.654    0.0215058
5.655    0.0214896
5.656    0.0214734
5.657    0.0214572
5.658    0.021441
5.659    0.0214249
5.66    0.0214088
5.661    0.0213927
5.662    0.0213766
5.663    0.0213606
5.664    0.0213446
5.665    0.0213286
5.666    0.0213126
5.667    0.0212967
5.668    0.0212808
5.669    0.0212649
5.67    0.021249
5.671    0.0212332
5.672    0.0212174
5.673    0.0212016
5.674    0.0211858
5.675    0.0211701
5.676    0.0211543
5.677    0.0211387
5.678    0.021123
5.679    0.0211073
5.68    0.0210917
5.681    0.0210761
5.682    0.0210605
5.683    0.021045
5.684    0.0210295
5.685    0.021014
5.686    0.0209985
5.687    0.020983
5.688    0.0209676
5.689    0.0209522
5.69    0.0209368
5.691    0.0209214
5.692    0.0209061
5.693    0.0208908
5.694    0.0208755
5.695    0.0208602
5.696    0.020845
5.697    0.0208298
5.698    0.0208146
5.699    0.0207994
5.7    0.0207842
5.701    0.0207691
5.702    0.020754
5.703    0.0207389
5.704    0.0207238
5.705    0.0207088
5.706    0.0206938
5.707    0.0206788
5.708    0.0206638
5.709    0.0206489
5.71    0.0206339
5.711    0.020619
5.712    0.0206041
5.713    0.0205893
5.714    0.0205744
5.715    0.0205596
5.716    0.0205448
5.717    0.02053
5.718    0.0205153
5.719    0.0205006
5.72    0.0204859
5.721    0.0204712
5.722    0.0204565
5.723    0.0204419
5.724    0.0204272
5.725    0.0204126
5.726    0.0203981
5.727    0.0203835
5.728    0.020369
5.729    0.0203545
5.73    0.02034
5.731    0.0203255
5.732    0.020311
5.733    0.0202966
5.734    0.0202822
5.735    0.0202678
5.736    0.0202535
5.737    0.0202391
5.738    0.0202248
5.739    0.0202105
5.74    0.0201962
5.741    0.0201819
5.742    0.0201677
5.743    0.0201535
5.744    0.0201393
5.745    0.0201251
5.746    0.0201109
5.747    0.0200968
5.748    0.0200827
5.749    0.0200686
5.75    0.0200545
5.751    0.0200404
5.752    0.0200264
5.753    0.0200124
5.754    0.0199984
5.755    0.0199844
5.756    0.0199705
5.757    0.0199565
5.758    0.0199426
5.759    0.0199287
5.76    0.0199148
5.761    0.019901
5.762    0.0198872
5.763    0.0198733
5.764    0.0198595
5.765    0.0198458
5.766    0.019832
5.767    0.0198183
5.768    0.0198046
5.769    0.0197909
5.77    0.0197772
5.771    0.0197635
5.772    0.0197499
5.773    0.0197363
5.774    0.0197226
5.775    0.0197091
5.776    0.0196955
5.777    0.019682
5.778    0.0196684
5.779    0.0196549
5.78    0.0196414
5.781    0.019628
5.782    0.0196145
5.783    0.0196011
5.784    0.0195877
5.785    0.0195743
5.786    0.0195609
5.787    0.0195476
5.788    0.0195342
5.789    0.0195209
5.79    0.0195076
5.791    0.0194943
5.792    0.0194811
5.793    0.0194678
5.794    0.0194546
5.795    0.0194414
5.796    0.0194282
5.797    0.019415
5.798    0.0194019
5.799    0.0193887
5.8    0.0193756
5.801    0.0193625
5.802    0.0193495
5.803    0.0193364
5.804    0.0193233
5.805    0.0193103
5.806    0.0192973
5.807    0.0192843
5.808    0.0192714
5.809    0.0192584
5.81    0.0192455
5.811    0.0192326
5.812    0.0192197
5.813    0.0192068
5.814    0.0191939
5.815    0.0191811
5.816    0.0191682
5.817    0.0191554
5.818    0.0191426
5.819    0.0191298
5.82    0.0191171
5.821    0.0191043
5.822    0.0190916
5.823    0.0190789
5.824    0.0190662
5.825    0.0190535
5.826    0.0190409
5.827    0.0190283
5.828    0.0190156
5.829    0.019003
5.83    0.0189904
5.831    0.0189779
5.832    0.0189653
5.833    0.0189528
5.834    0.0189403
5.835    0.0189278
5.836    0.0189153
5.837    0.0189028
5.838    0.0188904
5.839    0.0188779
5.84    0.0188655
5.841    0.0188531
5.842    0.0188407
5.843    0.0188283
5.844    0.018816
5.845    0.0188037
5.846    0.0187913
5.847    0.018779
5.848    0.0187668
5.849    0.0187545
5.85    0.0187422
5.851    0.01873
5.852    0.0187178
5.853    0.0187056
5.854    0.0186934
5.855    0.0186812
5.856    0.018669
5.857    0.0186569
5.858    0.0186448
5.859    0.0186327
5.86    0.0186206
5.861    0.0186085
5.862    0.0185964
5.863    0.0185844
5.864    0.0185724
5.865    0.0185604
5.866    0.0185484
5.867    0.0185364
5.868    0.0185244
5.869    0.0185125
5.87    0.0185005
5.871    0.0184886
5.872    0.0184767
5.873    0.0184648
5.874    0.018453
5.875    0.0184411
5.876    0.0184293
5.877    0.0184174
5.878    0.0184056
5.879    0.0183938
5.88    0.0183821
5.881    0.0183703
5.882    0.0183586
5.883    0.0183468
5.884    0.0183351
5.885    0.0183234
5.886    0.0183117
5.887    0.0183
5.888    0.0182884
5.889    0.0182767
5.89    0.0182651
5.891    0.0182535
5.892    0.0182419
5.893    0.0182303
5.894    0.0182188
5.895    0.0182072
5.896    0.0181957
5.897    0.0181841
5.898    0.0181726
5.899    0.0181611
5.9    0.0181497
5.901    0.0181382
5.902    0.0181268
5.903    0.0181153
5.904    0.0181039
5.905    0.0180925
5.906    0.0180811
5.907    0.0180697
5.908    0.0180584
5.909    0.018047
5.91    0.0180357
5.911    0.0180244
5.912    0.0180131
5.913    0.0180018
5.914    0.0179905
5.915    0.0179793
5.916    0.017968
5.917    0.0179568
5.918    0.0179456
5.919    0.0179344
5.92    0.0179232
5.921    0.017912
5.922    0.0179008
5.923    0.0178897
5.924    0.0178786
5.925    0.0178674
5.926    0.0178563
5.927    0.0178452
5.928    0.0178342
5.929    0.0178231
5.93    0.017812
5.931    0.017801
5.932    0.01779
5.933    0.017779
5.934    0.017768
5.935    0.017757
5.936    0.017746
5.937    0.0177351
5.938    0.0177242
5.939    0.0177132
5.94    0.0177023
5.941    0.0176914
5.942    0.0176805
5.943    0.0176697
5.944    0.0176588
5.945    0.017648
5.946    0.0176371
5.947    0.0176263
5.948    0.0176155
5.949    0.0176047
5.95    0.0175939
5.951    0.0175832
5.952    0.0175724
5.953    0.0175617
5.954    0.017551
5.955    0.0175403
5.956    0.0175296
5.957    0.0175189
5.958    0.0175082
5.959    0.0174975
5.96    0.0174869
5.961    0.0174763
5.962    0.0174656
5.963    0.017455
5.964    0.0174445
5.965    0.0174339
5.966    0.0174233
5.967    0.0174127
5.968    0.0174022
5.969    0.0173917
5.97    0.0173812
5.971    0.0173707
5.972    0.0173602
5.973    0.0173497
5.974    0.0173392
5.975    0.0173288
5.976    0.0173183
5.977    0.0173079
5.978    0.0172975
5.979    0.0172871
5.98    0.0172767
5.981    0.0172663
5.982    0.017256
5.983    0.0172456
5.984    0.0172353
5.985    0.017225
5.986    0.0172146
5.987    0.0172043
5.988    0.0171941
5.989    0.0171838
5.99    0.0171735
5.991    0.0171633
5.992    0.017153
5.993    0.0171428
5.994    0.0171326
5.995    0.0171224
5.996    0.0171122
5.997    0.017102
5.998    0.0170918
5.999    0.0170817
6    0.0170715
6.001    0.0170614
6.002    0.0170513
6.003    0.0170412
6.004    0.0170311
6.005    0.017021
6.006    0.0170109
6.007    0.0170009
6.008    0.0169908
6.009    0.0169808
6.01    0.0169708
6.011    0.0169608
6.012    0.0169508
6.013    0.0169408
6.014    0.0169308
6.015    0.0169209
6.016    0.0169109
6.017    0.016901
6.018    0.016891
6.019    0.0168811
6.02    0.0168712
6.021    0.0168613
6.022    0.0168514
6.023    0.0168416
6.024    0.0168317
6.025    0.0168219
6.026    0.016812
6.027    0.0168022
6.028    0.0167924
6.029    0.0167826
6.03    0.0167728
6.031    0.016763
6.032    0.0167533
6.033    0.0167435
6.034    0.0167338
6.035    0.016724
6.036    0.0167143
6.037    0.0167046
6.038    0.0166949
6.039    0.0166852
6.04    0.0166756
6.041    0.0166659
6.042    0.0166562
6.043    0.0166466
6.044    0.016637
6.045    0.0166273
6.046    0.0166177
6.047    0.0166081
6.048    0.0165986
6.049    0.016589
6.05    0.0165794
6.051    0.0165699
6.052    0.0165603
6.053    0.0165508
6.054    0.0165413
6.055    0.0165318
6.056    0.0165223
6.057    0.0165128
6.058    0.0165033
6.059    0.0164938
6.06    0.0164844
6.061    0.0164749
6.062    0.0164655
6.063    0.0164561
6.064    0.0164467
6.065    0.0164373
6.066    0.0164279
6.067    0.0164185
6.068    0.0164091
6.069    0.0163998
6.07    0.0163904
6.071    0.0163811
6.072    0.0163718
6.073    0.0163624
6.074    0.0163531
6.075    0.0163438
6.076    0.0163346
6.077    0.0163253
6.078    0.016316
6.079    0.0163068
6.08    0.0162975
6.081    0.0162883
6.082    0.0162791
6.083    0.0162699
6.084    0.0162607
6.085    0.0162515
6.086    0.0162423
6.087    0.0162331
6.088    0.016224
6.089    0.0162148
6.09    0.0162057
6.091    0.0161966
6.092    0.0161874
6.093    0.0161783
6.094    0.0161692
6.095    0.0161601
6.096    0.0161511
6.097    0.016142
6.098    0.0161329
6.099    0.0161239
6.1    0.0161149
6.101    0.0161058
6.102    0.0160968
6.103    0.0160878
6.104    0.0160788
6.105    0.0160698
6.106    0.0160608
6.107    0.0160519
6.108    0.0160429
6.109    0.016034
6.11    0.016025
6.111    0.0160161
6.112    0.0160072
6.113    0.0159983
6.114    0.0159894
6.115    0.0159805
6.116    0.0159716
6.117    0.0159628
6.118    0.0159539
6.119    0.0159451
6.12    0.0159362
6.121    0.0159274
6.122    0.0159186
6.123    0.0159098
6.124    0.015901
6.125    0.0158922
6.126    0.0158834
6.127    0.0158746
6.128    0.0158659
6.129    0.0158571
6.13    0.0158484
6.131    0.0158396
6.132    0.0158309
6.133    0.0158222
6.134    0.0158135
6.135    0.0158048
6.136    0.0157961
6.137    0.0157874
6.138    0.0157788
6.139    0.0157701
6.14    0.0157615
6.141    0.0157528
6.142    0.0157442
6.143    0.0157356
6.144    0.015727
6.145    0.0157184
6.146    0.0157098
6.147    0.0157012
6.148    0.0156926
6.149    0.0156841
6.15    0.0156755
6.151    0.015667
6.152    0.0156584
6.153    0.0156499
6.154    0.0156414
6.155    0.0156329
6.156    0.0156244
6.157    0.0156159
6.158    0.0156074
6.159    0.0155989
6.16    0.0155905
6.161    0.015582
6.162    0.0155736
6.163    0.0155651
6.164    0.0155567
6.165    0.0155483
6.166    0.0155399
6.167    0.0155315
6.168    0.0155231
6.169    0.0155147
6.17    0.0155063
6.171    0.015498
6.172    0.0154896
6.173    0.0154813
6.174    0.0154729
6.175    0.0154646
6.176    0.0154563
6.177    0.015448
6.178    0.0154397
6.179    0.0154314
6.18    0.0154231
6.181    0.0154148
6.182    0.0154066
6.183    0.0153983
6.184    0.01539
6.185    0.0153818
6.186    0.0153736
6.187    0.0153654
6.188    0.0153571
6.189    0.0153489
6.19    0.0153407
6.191    0.0153325
6.192    0.0153244
6.193    0.0153162
6.194    0.015308
6.195    0.0152999
6.196    0.0152917
6.197    0.0152836
6.198    0.0152755
6.199    0.0152673
6.2    0.0152592
6.201    0.0152511
6.202    0.015243
6.203    0.015235
6.204    0.0152269
6.205    0.0152188
6.206    0.0152107
6.207    0.0152027
6.208    0.0151947
6.209    0.0151866
6.21    0.0151786
6.211    0.0151706
6.212    0.0151626
6.213    0.0151546
6.214    0.0151466
6.215    0.0151386
6.216    0.0151306
6.217    0.0151226
6.218    0.0151147
6.219    0.0151067
6.22    0.0150988
6.221    0.0150908
6.222    0.0150829
6.223    0.015075
6.224    0.0150671
6.225    0.0150592
6.226    0.0150513
6.227    0.0150434
6.228    0.0150355
6.229    0.0150276
6.23    0.0150198
6.231    0.0150119
6.232    0.0150041
6.233    0.0149962
6.234    0.0149884
6.235    0.0149806
6.236    0.0149728
6.237    0.014965
6.238    0.0149572
6.239    0.0149494
6.24    0.0149416
6.241    0.0149338
6.242    0.0149261
6.243    0.0149183
6.244    0.0149105
6.245    0.0149028
6.246    0.0148951
6.247    0.0148873
6.248    0.0148796
6.249    0.0148719
6.25    0.0148642
6.251    0.0148565
6.252    0.0148488
6.253    0.0148411
6.254    0.0148335
6.255    0.0148258
6.256    0.0148181
6.257    0.0148105
6.258    0.0148028
6.259    0.0147952
6.26    0.0147876
6.261    0.01478
6.262    0.0147724
6.263    0.0147648
6.264    0.0147572
6.265    0.0147496
6.266    0.014742
6.267    0.0147344
6.268    0.0147269
6.269    0.0147193
6.27    0.0147117
6.271    0.0147042
6.272    0.0146967
6.273    0.0146891
6.274    0.0146816
6.275    0.0146741
6.276    0.0146666
6.277    0.0146591
6.278    0.0146516
6.279    0.0146441
6.28    0.0146367
6.281    0.0146292
6.282    0.0146217
6.283    0.0146143
6.284    0.0146068
6.285    0.0145994
6.286    0.014592
6.287    0.0145845
6.288    0.0145771
6.289    0.0145697
6.29    0.0145623
6.291    0.0145549
6.292    0.0145475
6.293    0.0145402
6.294    0.0145328
6.295    0.0145254
6.296    0.0145181
6.297    0.0145107
6.298    0.0145034
6.299    0.014496
6.3    0.0144887
6.301    0.0144814
6.302    0.0144741
6.303    0.0144668
6.304    0.0144595
6.305    0.0144522
6.306    0.0144449
6.307    0.0144376
6.308    0.0144303
6.309    0.0144231
6.31    0.0144158
6.311    0.0144086
6.312    0.0144013
6.313    0.0143941
6.314    0.0143869
6.315    0.0143797
6.316    0.0143724
6.317    0.0143652
6.318    0.014358
6.319    0.0143508
6.32    0.0143437
6.321    0.0143365
6.322    0.0143293
6.323    0.0143221
6.324    0.014315
6.325    0.0143078
6.326    0.0143007
6.327    0.0142936
6.328    0.0142864
6.329    0.0142793
6.33    0.0142722
6.331    0.0142651
6.332    0.014258
6.333    0.0142509
6.334    0.0142438
6.335    0.0142367
6.336    0.0142296
6.337    0.0142226
6.338    0.0142155
6.339    0.0142084
6.34    0.0142014
6.341    0.0141944
6.342    0.0141873
6.343    0.0141803
6.344    0.0141733
6.345    0.0141663
6.346    0.0141593
6.347    0.0141523
6.348    0.0141453
6.349    0.0141383
6.35    0.0141313
6.351    0.0141243
6.352    0.0141173
6.353    0.0141104
6.354    0.0141034
6.355    0.0140965
6.356    0.0140895
6.357    0.0140826
6.358    0.0140757
6.359    0.0140688
6.36    0.0140619
6.361    0.0140549
6.362    0.014048
6.363    0.0140411
6.364    0.0140343
6.365    0.0140274
6.366    0.0140205
6.367    0.0140136
6.368    0.0140068
6.369    0.0139999
6.37    0.0139931
6.371    0.0139862
6.372    0.0139794
6.373    0.0139726
6.374    0.0139657
6.375    0.0139589
6.376    0.0139521
6.377    0.0139453
6.378    0.0139385
6.379    0.0139317
6.38    0.0139249
6.381    0.0139182
6.382    0.0139114
6.383    0.0139046
6.384    0.0138979
6.385    0.0138911
6.386    0.0138844
6.387    0.0138776
6.388    0.0138709
6.389    0.0138642
6.39    0.0138574
6.391    0.0138507
6.392    0.013844
6.393    0.0138373
6.394    0.0138306
6.395    0.0138239
6.396    0.0138173
6.397    0.0138106
6.398    0.0138039
6.399    0.0137972
6.4    0.0137906
6.401    0.0137839
6.402    0.0137773
6.403    0.0137706
6.404    0.013764
6.405    0.0137574
6.406    0.0137508
6.407    0.0137441
6.408    0.0137375
6.409    0.0137309
6.41    0.0137243
6.411    0.0137177
6.412    0.0137112
6.413    0.0137046
6.414    0.013698
6.415    0.0136914
6.416    0.0136849
6.417    0.0136783
6.418    0.0136718
6.419    0.0136652
6.42    0.0136587
6.421    0.0136522
6.422    0.0136457
6.423    0.0136391
6.424    0.0136326
6.425    0.0136261
6.426    0.0136196
6.427    0.0136131
6.428    0.0136066
6.429    0.0136002
6.43    0.0135937
6.431    0.0135872
6.432    0.0135807
6.433    0.0135743
6.434    0.0135678
6.435    0.0135614
6.436    0.0135549
6.437    0.0135485
6.438    0.0135421
6.439    0.0135357
6.44    0.0135292
6.441    0.0135228
6.442    0.0135164
6.443    0.01351
6.444    0.0135036
6.445    0.0134972
6.446    0.0134909
6.447    0.0134845
6.448    0.0134781
6.449    0.0134717
6.45    0.0134654
6.451    0.013459
6.452    0.0134527
6.453    0.0134463
6.454    0.01344
6.455    0.0134337
6.456    0.0134274
6.457    0.013421
6.458    0.0134147
6.459    0.0134084
6.46    0.0134021
6.461    0.0133958
6.462    0.0133895
6.463    0.0133832
6.464    0.013377
6.465    0.0133707
6.466    0.0133644
6.467    0.0133582
6.468    0.0133519
6.469    0.0133457
6.47    0.0133394
6.471    0.0133332
6.472    0.0133269
6.473    0.0133207
6.474    0.0133145
6.475    0.0133083
6.476    0.0133021
6.477    0.0132958
6.478    0.0132896
6.479    0.0132834
6.48    0.0132773
6.481    0.0132711
6.482    0.0132649
6.483    0.0132587
6.484    0.0132526
6.485    0.0132464
6.486    0.0132402
6.487    0.0132341
6.488    0.0132279
6.489    0.0132218
6.49    0.0132157
6.491    0.0132095
6.492    0.0132034
6.493    0.0131973
6.494    0.0131912
6.495    0.0131851
6.496    0.013179
6.497    0.0131729
6.498    0.0131668
6.499    0.0131607
6.5    0.0131546
6.501    0.0131485
6.502    0.0131425
6.503    0.0131364
6.504    0.0131303
6.505    0.0131243
6.506    0.0131182
6.507    0.0131122
6.508    0.0131062
6.509    0.0131001
6.51    0.0130941
6.511    0.0130881
6.512    0.0130821
6.513    0.013076
6.514    0.01307
6.515    0.013064
6.516    0.013058
6.517    0.0130521
6.518    0.0130461
6.519    0.0130401
6.52    0.0130341
6.521    0.0130281
6.522    0.0130222
6.523    0.0130162
6.524    0.0130103
6.525    0.0130043
6.526    0.0129984
6.527    0.0129924
6.528    0.0129865
6.529    0.0129806
6.53    0.0129747
6.531    0.0129687
6.532    0.0129628
6.533    0.0129569
6.534    0.012951
6.535    0.0129451
6.536    0.0129392
6.537    0.0129333
6.538    0.0129275
6.539    0.0129216
6.54    0.0129157
6.541    0.0129098
6.542    0.012904
6.543    0.0128981
6.544    0.0128923
6.545    0.0128864
6.546    0.0128806
6.547    0.0128747
6.548    0.0128689
6.549    0.0128631
6.55    0.0128573
6.551    0.0128515
6.552    0.0128456
6.553    0.0128398
6.554    0.012834
6.555    0.0128282
6.556    0.0128224
6.557    0.0128167
6.558    0.0128109
6.559    0.0128051
6.56    0.0127993
6.561    0.0127936
6.562    0.0127878
6.563    0.0127821
6.564    0.0127763
6.565    0.0127706
6.566    0.0127648
6.567    0.0127591
6.568    0.0127533
6.569    0.0127476
6.57    0.0127419
6.571    0.0127362
6.572    0.0127305
6.573    0.0127248
6.574    0.0127191
6.575    0.0127134
6.576    0.0127077
6.577    0.012702
6.578    0.0126963
6.579    0.0126906
6.58    0.0126849
6.581    0.0126793
6.582    0.0126736
6.583    0.0126679
6.584    0.0126623
6.585    0.0126566
6.586    0.012651
6.587    0.0126454
6.588    0.0126397
6.589    0.0126341
6.59    0.0126285
6.591    0.0126228
6.592    0.0126172
6.593    0.0126116
6.594    0.012606
6.595    0.0126004
6.596    0.0125948
6.597    0.0125892
6.598    0.0125836
6.599    0.012578
6.6    0.0125725
6.601    0.0125669
6.602    0.0125613
6.603    0.0125558
6.604    0.0125502
6.605    0.0125446
6.606    0.0125391
6.607    0.0125335
6.608    0.012528
6.609    0.0125225
6.61    0.0125169
6.611    0.0125114
6.612    0.0125059
6.613    0.0125004
6.614    0.0124949
6.615    0.0124893
6.616    0.0124838
6.617    0.0124783
6.618    0.0124728
6.619    0.0124674
6.62    0.0124619
6.621    0.0124564
6.622    0.0124509
6.623    0.0124454
6.624    0.01244
6.625    0.0124345
6.626    0.012429
6.627    0.0124236
6.628    0.0124181
6.629    0.0124127
6.63    0.0124073
6.631    0.0124018
6.632    0.0123964
6.633    0.012391
6.634    0.0123855
6.635    0.0123801
6.636    0.0123747
6.637    0.0123693
6.638    0.0123639
6.639    0.0123585
6.64    0.0123531
6.641    0.0123477
6.642    0.0123423
6.643    0.0123369
6.644    0.0123316
6.645    0.0123262
6.646    0.0123208
6.647    0.0123154
6.648    0.0123101
6.649    0.0123047
6.65    0.0122994
6.651    0.012294
6.652    0.0122887
6.653    0.0122834
6.654    0.012278
6.655    0.0122727
6.656    0.0122674
6.657    0.012262
6.658    0.0122567
6.659    0.0122514
6.66    0.0122461
6.661    0.0122408
6.662    0.0122355
6.663    0.0122302
6.664    0.0122249
6.665    0.0122196
6.666    0.0122143
6.667    0.0122091
6.668    0.0122038
6.669    0.0121985
6.67    0.0121933
6.671    0.012188
6.672    0.0121827
6.673    0.0121775
6.674    0.0121722
6.675    0.012167
6.676    0.0121618
6.677    0.0121565
6.678    0.0121513
6.679    0.0121461
6.68    0.0121408
6.681    0.0121356
6.682    0.0121304
6.683    0.0121252
6.684    0.01212
6.685    0.0121148
6.686    0.0121096
6.687    0.0121044
6.688    0.0120992
6.689    0.012094
6.69    0.0120889
6.691    0.0120837
6.692    0.0120785
6.693    0.0120733
6.694    0.0120682
6.695    0.012063
6.696    0.0120579
6.697    0.0120527
6.698    0.0120476
6.699    0.0120424
6.7    0.0120373
6.701    0.0120321
6.702    0.012027
6.703    0.0120219
6.704    0.0120168
6.705    0.0120116
6.706    0.0120065
6.707    0.0120014
6.708    0.0119963
6.709    0.0119912
6.71    0.0119861
6.711    0.011981
6.712    0.0119759
6.713    0.0119708
6.714    0.0119658
6.715    0.0119607
6.716    0.0119556
6.717    0.0119505
6.718    0.0119455
6.719    0.0119404
6.72    0.0119353
6.721    0.0119303
6.722    0.0119252
6.723    0.0119202
6.724    0.0119152
6.725    0.0119101
6.726    0.0119051
6.727    0.0119001
6.728    0.011895
6.729    0.01189
6.73    0.011885
6.731    0.01188
6.732    0.011875
6.733    0.01187
6.734    0.011865
6.735    0.01186
6.736    0.011855
6.737    0.01185
6.738    0.011845
6.739    0.01184
6.74    0.011835
6.741    0.0118301
6.742    0.0118251
6.743    0.0118201
6.744    0.0118152
6.745    0.0118102
6.746    0.0118052
6.747    0.0118003
6.748    0.0117953
6.749    0.0117904
6.75    0.0117855
6.751    0.0117805
6.752    0.0117756
6.753    0.0117707
6.754    0.0117657
6.755    0.0117608
6.756    0.0117559
6.757    0.011751
6.758    0.0117461
6.759    0.0117412
6.76    0.0117363
6.761    0.0117314
6.762    0.0117265
6.763    0.0117216
6.764    0.0117167
6.765    0.0117118
6.766    0.011707
6.767    0.0117021
6.768    0.0116972
6.769    0.0116923
6.77    0.0116875
6.771    0.0116826
6.772    0.0116778
6.773    0.0116729
6.774    0.0116681
6.775    0.0116632
6.776    0.0116584
6.777    0.0116535
6.778    0.0116487
6.779    0.0116439
6.78    0.0116391
6.781    0.0116342
6.782    0.0116294
6.783    0.0116246
6.784    0.0116198
6.785    0.011615
6.786    0.0116102
6.787    0.0116054
6.788    0.0116006
6.789    0.0115958
6.79    0.011591
6.791    0.0115862
6.792    0.0115814
6.793    0.0115767
6.794    0.0115719
6.795    0.0115671
6.796    0.0115624
6.797    0.0115576
6.798    0.0115528
6.799    0.0115481
6.8    0.0115433
6.801    0.0115386
6.802    0.0115338
6.803    0.0115291
6.804    0.0115244
6.805    0.0115196
6.806    0.0115149
6.807    0.0115102
6.808    0.0115054
6.809    0.0115007
6.81    0.011496
6.811    0.0114913
6.812    0.0114866
6.813    0.0114819
6.814    0.0114772
6.815    0.0114725
6.816    0.0114678
6.817    0.0114631
6.818    0.0114584
6.819    0.0114537
6.82    0.011449
6.821    0.0114444
6.822    0.0114397
6.823    0.011435
6.824    0.0114304
6.825    0.0114257
6.826    0.011421
6.827    0.0114164
6.828    0.0114117
6.829    0.0114071
6.83    0.0114024
6.831    0.0113978
6.832    0.0113932
6.833    0.0113885
6.834    0.0113839
6.835    0.0113793
6.836    0.0113747
6.837    0.01137
6.838    0.0113654
6.839    0.0113608
6.84    0.0113562
6.841    0.0113516
6.842    0.011347
6.843    0.0113424
6.844    0.0113378
6.845    0.0113332
6.846    0.0113286
6.847    0.011324
6.848    0.0113194
6.849    0.0113149
6.85    0.0113103
6.851    0.0113057
6.852    0.0113011
6.853    0.0112966
6.854    0.011292
6.855    0.0112875
6.856    0.0112829
6.857    0.0112784
6.858    0.0112738
6.859    0.0112693
6.86    0.0112647
6.861    0.0112602
6.862    0.0112557
6.863    0.0112511
6.864    0.0112466
6.865    0.0112421
6.866    0.0112376
6.867    0.011233
6.868    0.0112285
6.869    0.011224
6.87    0.0112195
6.871    0.011215
6.872    0.0112105
6.873    0.011206
6.874    0.0112015
6.875    0.011197
6.876    0.0111925
6.877    0.011188
6.878    0.0111836
6.879    0.0111791
6.88    0.0111746
6.881    0.0111701
6.882    0.0111657
6.883    0.0111612
6.884    0.0111568
6.885    0.0111523
6.886    0.0111478
6.887    0.0111434
6.888    0.0111389
6.889    0.0111345
6.89    0.0111301
6.891    0.0111256
6.892    0.0111212
6.893    0.0111168
6.894    0.0111123
6.895    0.0111079
6.896    0.0111035
6.897    0.0110991
6.898    0.0110946
6.899    0.0110902
6.9    0.0110858
6.901    0.0110814
6.902    0.011077
6.903    0.0110726
6.904    0.0110682
6.905    0.0110638
6.906    0.0110594
6.907    0.0110551
6.908    0.0110507
6.909    0.0110463
6.91    0.0110419
6.911    0.0110376
6.912    0.0110332
6.913    0.0110288
6.914    0.0110245
6.915    0.0110201
6.916    0.0110157
6.917    0.0110114
6.918    0.011007
6.919    0.0110027
6.92    0.0109983
6.921    0.010994
6.922    0.0109897
6.923    0.0109853
6.924    0.010981
6.925    0.0109767
6.926    0.0109723
6.927    0.010968
6.928    0.0109637
6.929    0.0109594
6.93    0.0109551
6.931    0.0109508
6.932    0.0109465
6.933    0.0109421
6.934    0.0109378
6.935    0.0109335
6.936    0.0109293
6.937    0.010925
6.938    0.0109207
6.939    0.0109164
6.94    0.0109121
6.941    0.0109078
6.942    0.0109036
6.943    0.0108993
6.944    0.010895
6.945    0.0108907
6.946    0.0108865
6.947    0.0108822
6.948    0.010878
6.949    0.0108737
6.95    0.0108695
6.951    0.0108652
6.952    0.010861
6.953    0.0108567
6.954    0.0108525
6.955    0.0108483
6.956    0.010844
6.957    0.0108398
6.958    0.0108356
6.959    0.0108313
6.96    0.0108271
6.961    0.0108229
6.962    0.0108187
6.963    0.0108145
6.964    0.0108103
6.965    0.0108061
6.966    0.0108019
6.967    0.0107977
6.968    0.0107935
6.969    0.0107893
6.97    0.0107851
6.971    0.0107809
6.972    0.0107767
6.973    0.0107725
6.974    0.0107683
6.975    0.0107642
6.976    0.01076
6.977    0.0107558
6.978    0.0107517
6.979    0.0107475
6.98    0.0107433
6.981    0.0107392
6.982    0.010735
6.983    0.0107309
6.984    0.0107267
6.985    0.0107226
6.986    0.0107184
6.987    0.0107143
6.988    0.0107102
6.989    0.010706
6.99    0.0107019
6.991    0.0106978
6.992    0.0106936
6.993    0.0106895
6.994    0.0106854
6.995    0.0106813
6.996    0.0106772
6.997    0.0106731
6.998    0.0106689
6.999    0.0106648
7    0.0106607
7.001    0.0106566
7.002    0.0106525
7.003    0.0106484
7.004    0.0106444
7.005    0.0106403
7.006    0.0106362
7.007    0.0106321
7.008    0.010628
7.009    0.0106239
7.01    0.0106199
7.011    0.0106158
7.012    0.0106117
7.013    0.0106077
7.014    0.0106036
7.015    0.0105995
7.016    0.0105955
7.017    0.0105914
7.018    0.0105874
7.019    0.0105833
7.02    0.0105793
7.021    0.0105752
7.022    0.0105712
7.023    0.0105672
7.024    0.0105631
7.025    0.0105591
7.026    0.0105551
7.027    0.0105511
7.028    0.010547
7.029    0.010543
7.03    0.010539
7.031    0.010535
7.032    0.010531
7.033    0.010527
7.034    0.010523
7.035    0.010519
7.036    0.010515
7.037    0.010511
7.038    0.010507
7.039    0.010503
7.04    0.010499
7.041    0.010495
7.042    0.010491
7.043    0.010487
7.044    0.0104831
7.045    0.0104791
7.046    0.0104751
7.047    0.0104711
7.048    0.0104672
7.049    0.0104632
7.05    0.0104592
7.051    0.0104553
7.052    0.0104513
7.053    0.0104474
7.054    0.0104434
7.055    0.0104395
7.056    0.0104355
7.057    0.0104316
7.058    0.0104276
7.059    0.0104237
7.06    0.0104198
7.061    0.0104158
7.062    0.0104119
7.063    0.010408
7.064    0.0104041
7.065    0.0104001
7.066    0.0103962
7.067    0.0103923
7.068    0.0103884
7.069    0.0103845
7.07    0.0103806
7.071    0.0103767
7.072    0.0103728
7.073    0.0103689
7.074    0.010365
7.075    0.0103611
7.076    0.0103572
7.077    0.0103533
7.078    0.0103494
7.079    0.0103455
7.08    0.0103417
7.081    0.0103378
7.082    0.0103339
7.083    0.01033
7.084    0.0103262
7.085    0.0103223
7.086    0.0103184
7.087    0.0103146
7.088    0.0103107
7.089    0.0103068
7.09    0.010303
7.091    0.0102991
7.092    0.0102953
7.093    0.0102914
7.094    0.0102876
7.095    0.0102838
7.096    0.0102799
7.097    0.0102761
7.098    0.0102723
7.099    0.0102684
7.1    0.0102646
7.101    0.0102608
7.102    0.0102569
7.103    0.0102531
7.104    0.0102493
7.105    0.0102455
7.106    0.0102417
7.107    0.0102379
7.108    0.0102341
7.109    0.0102303
7.11    0.0102265
7.111    0.0102227
7.112    0.0102189
7.113    0.0102151
7.114    0.0102113
7.115    0.0102075
7.116    0.0102037
7.117    0.0101999
7.118    0.0101961
7.119    0.0101923
7.12    0.0101886
7.121    0.0101848
7.122    0.010181
7.123    0.0101773
7.124    0.0101735
7.125    0.0101697
7.126    0.010166
7.127    0.0101622
7.128    0.0101584
7.129    0.0101547
7.13    0.0101509
7.131    0.0101472
7.132    0.0101434
7.133    0.0101397
7.134    0.010136
7.135    0.0101322
7.136    0.0101285
7.137    0.0101247
7.138    0.010121
7.139    0.0101173
7.14    0.0101136
7.141    0.0101098
7.142    0.0101061
7.143    0.0101024
7.144    0.0100987
7.145    0.010095
7.146    0.0100913
7.147    0.0100875
7.148    0.0100838
7.149    0.0100801
7.15    0.0100764
7.151    0.0100727
7.152    0.010069
7.153    0.0100653
7.154    0.0100617
7.155    0.010058
7.156    0.0100543
7.157    0.0100506
7.158    0.0100469
7.159    0.0100432
7.16    0.0100396
7.161    0.0100359
7.162    0.0100322
7.163    0.0100285
7.164    0.0100249
7.165    0.0100212
7.166    0.0100175
7.167    0.0100139
7.168    0.0100102
7.169    0.0100066
7.17    0.0100029
7.171    0.00999926
7.172    0.00999561
7.173    0.00999197
7.174    0.00998832
7.175    0.00998468
7.176    0.00998105
7.177    0.00997741
7.178    0.00997378
7.179    0.00997014
7.18    0.00996651
7.181    0.00996289
7.182    0.00995926
7.183    0.00995564
7.184    0.00995202
7.185    0.00994841
7.186    0.00994479
7.187    0.00994118
7.188    0.00993757
7.189    0.00993396
7.19    0.00993036
7.191    0.00992675
7.192    0.00992315
7.193    0.00991956
7.194    0.00991596
7.195    0.00991237
7.196    0.00990878
7.197    0.00990519
7.198    0.0099016
7.199    0.00989802
7.2    0.00989443
7.201    0.00989086
7.202    0.00988728
7.203    0.0098837
7.204    0.00988013
7.205    0.00987656
7.206    0.00987299
7.207    0.00986943
7.208    0.00986587
7.209    0.00986231
7.21    0.00985875
7.211    0.00985519
7.212    0.00985164
7.213    0.00984809
7.214    0.00984454
7.215    0.00984099
7.216    0.00983745
7.217    0.0098339
7.218    0.00983036
7.219    0.00982683
7.22    0.00982329
7.221    0.00981976
7.222    0.00981623
7.223    0.0098127
7.224    0.00980917
7.225    0.00980565
7.226    0.00980213
7.227    0.00979861
7.228    0.00979509
7.229    0.00979158
7.23    0.00978806
7.231    0.00978455
7.232    0.00978105
7.233    0.00977754
7.234    0.00977404
7.235    0.00977054
7.236    0.00976704
7.237    0.00976354
7.238    0.00976005
7.239    0.00975655
7.24    0.00975306
7.241    0.00974958
7.242    0.00974609
7.243    0.00974261
7.244    0.00973913
7.245    0.00973565
7.246    0.00973217
7.247    0.0097287
7.248    0.00972523
7.249    0.00972176
7.25    0.00971829
7.251    0.00971482
7.252    0.00971136
7.253    0.0097079
7.254    0.00970444
7.255    0.00970099
7.256    0.00969753
7.257    0.00969408
7.258    0.00969063
7.259    0.00968718
7.26    0.00968374
7.261    0.00968029
7.262    0.00967685
7.263    0.00967341
7.264    0.00966998
7.265    0.00966654
7.266    0.00966311
7.267    0.00965968
7.268    0.00965625
7.269    0.00965283
7.27    0.0096494
7.271    0.00964598
7.272    0.00964256
7.273    0.00963915
7.274    0.00963573
7.275    0.00963232
7.276    0.00962891
7.277    0.0096255
7.278    0.0096221
7.279    0.00961869
7.28    0.00961529
7.281    0.00961189
7.282    0.00960849
7.283    0.0096051
7.284    0.00960171
7.285    0.00959831
7.286    0.00959493
7.287    0.00959154
7.288    0.00958816
7.289    0.00958477
7.29    0.00958139
7.291    0.00957801
7.292    0.00957464
7.293    0.00957127
7.294    0.00956789
7.295    0.00956452
7.296    0.00956116
7.297    0.00955779
7.298    0.00955443
7.299    0.00955107
7.3    0.00954771
7.301    0.00954435
7.302    0.009541
7.303    0.00953765
7.304    0.00953429
7.305    0.00953095
7.306    0.0095276
7.307    0.00952426
7.308    0.00952091
7.309    0.00951757
7.31    0.00951424
7.311    0.0095109
7.312    0.00950757
7.313    0.00950424
7.314    0.00950091
7.315    0.00949758
7.316    0.00949425
7.317    0.00949093
7.318    0.00948761
7.319    0.00948429
7.32    0.00948097
7.321    0.00947766
7.322    0.00947435
7.323    0.00947104
7.324    0.00946773
7.325    0.00946442
7.326    0.00946112
7.327    0.00945782
7.328    0.00945451
7.329    0.00945122
7.33    0.00944792
7.331    0.00944463
7.332    0.00944133
7.333    0.00943804
7.334    0.00943476
7.335    0.00943147
7.336    0.00942819
7.337    0.00942491
7.338    0.00942163
7.339    0.00941835
7.34    0.00941507
7.341    0.0094118
7.342    0.00940853
7.343    0.00940526
7.344    0.00940199
7.345    0.00939872
7.346    0.00939546
7.347    0.0093922
7.348    0.00938894
7.349    0.00938568
7.35    0.00938243
7.351    0.00937917
7.352    0.00937592
7.353    0.00937267
7.354    0.00936943
7.355    0.00936618
7.356    0.00936294
7.357    0.0093597
7.358    0.00935646
7.359    0.00935322
7.36    0.00934998
7.361    0.00934675
7.362    0.00934352
7.363    0.00934029
7.364    0.00933706
7.365    0.00933384
7.366    0.00933061
7.367    0.00932739
7.368    0.00932417
7.369    0.00932096
7.37    0.00931774
7.371    0.00931453
7.372    0.00931132
7.373    0.00930811
7.374    0.0093049
7.375    0.00930169
7.376    0.00929849
7.377    0.00929529
7.378    0.00929209
7.379    0.00928889
7.38    0.0092857
7.381    0.0092825
7.382    0.00927931
7.383    0.00927612
7.384    0.00927293
7.385    0.00926975
7.386    0.00926656
7.387    0.00926338
7.388    0.0092602
7.389    0.00925702
7.39    0.00925385
7.391    0.00925067
7.392    0.0092475
7.393    0.00924433
7.394    0.00924116
7.395    0.009238
7.396    0.00923483
7.397    0.00923167
7.398    0.00922851
7.399    0.00922535
7.4    0.00922219
7.401    0.00921904
7.402    0.00921589
7.403    0.00921274
7.404    0.00920959
7.405    0.00920644
7.406    0.00920329
7.407    0.00920015
7.408    0.00919701
7.409    0.00919387
7.41    0.00919073
7.411    0.0091876
7.412    0.00918446
7.413    0.00918133
7.414    0.0091782
7.415    0.00917507
7.416    0.00917195
7.417    0.00916882
7.418    0.0091657
7.419    0.00916258
7.42    0.00915946
7.421    0.00915634
7.422    0.00915323
7.423    0.00915012
7.424    0.00914701
7.425    0.0091439
7.426    0.00914079
7.427    0.00913768
7.428    0.00913458
7.429    0.00913148
7.43    0.00912838
7.431    0.00912528
7.432    0.00912219
7.433    0.00911909
7.434    0.009116
7.435    0.00911291
7.436    0.00910982
7.437    0.00910673
7.438    0.00910365
7.439    0.00910057
7.44    0.00909748
7.441    0.00909441
7.442    0.00909133
7.443    0.00908825
7.444    0.00908518
7.445    0.00908211
7.446    0.00907904
7.447    0.00907597
7.448    0.0090729
7.449    0.00906984
7.45    0.00906677
7.451    0.00906371
7.452    0.00906066
7.453    0.0090576
7.454    0.00905454
7.455    0.00905149
7.456    0.00904844
7.457    0.00904539
7.458    0.00904234
7.459    0.00903929
7.46    0.00903625
7.461    0.00903321
7.462    0.00903017
7.463    0.00902713
7.464    0.00902409
7.465    0.00902105
7.466    0.00901802
7.467    0.00901499
7.468    0.00901196
7.469    0.00900893
7.47    0.00900591
7.471    0.00900288
7.472    0.00899986
7.473    0.00899684
7.474    0.00899382
7.475    0.0089908
7.476    0.00898779
7.477    0.00898477
7.478    0.00898176
7.479    0.00897875
7.48    0.00897574
7.481    0.00897274
7.482    0.00896973
7.483    0.00896673
7.484    0.00896373
7.485    0.00896073
7.486    0.00895773
7.487    0.00895473
7.488    0.00895174
7.489    0.00894875
7.49    0.00894576
7.491    0.00894277
7.492    0.00893978
7.493    0.0089368
7.494    0.00893381
7.495    0.00893083
7.496    0.00892785
7.497    0.00892487
7.498    0.0089219
7.499    0.00891892
7.5    0.00891595
7.501    0.00891298
7.502    0.00891001
7.503    0.00890704
7.504    0.00890408
7.505    0.00890111
7.506    0.00889815
7.507    0.00889519
7.508    0.00889223
7.509    0.00888927
7.51    0.00888632
7.511    0.00888337
7.512    0.00888041
7.513    0.00887746
7.514    0.00887452
7.515    0.00887157
7.516    0.00886862
7.517    0.00886568
7.518    0.00886274
7.519    0.0088598
7.52    0.00885686
7.521    0.00885393
7.522    0.00885099
7.523    0.00884806
7.524    0.00884513
7.525    0.0088422
7.526    0.00883927
7.527    0.00883634
7.528    0.00883342
7.529    0.0088305
7.53    0.00882758
7.531    0.00882466
7.532    0.00882174
7.533    0.00881882
7.534    0.00881591
7.535    0.008813
7.536    0.00881009
7.537    0.00880718
7.538    0.00880427
7.539    0.00880137
7.54    0.00879846
7.541    0.00879556
7.542    0.00879266
7.543    0.00878976
7.544    0.00878686
7.545    0.00878397
7.546    0.00878107
7.547    0.00877818
7.548    0.00877529
7.549    0.0087724
7.55    0.00876952
7.551    0.00876663
7.552    0.00876375
7.553    0.00876087
7.554    0.00875799
7.555    0.00875511
7.556    0.00875223
7.557    0.00874936
7.558    0.00874648
7.559    0.00874361
7.56    0.00874074
7.561    0.00873787
7.562    0.008735
7.563    0.00873214
7.564    0.00872928
7.565    0.00872641
7.566    0.00872355
7.567    0.00872069
7.568    0.00871784
7.569    0.00871498
7.57    0.00871213
7.571    0.00870928
7.572    0.00870643
7.573    0.00870358
7.574    0.00870073
7.575    0.00869788
7.576    0.00869504
7.577    0.0086922
7.578    0.00868936
7.579    0.00868652
7.58    0.00868368
7.581    0.00868085
7.582    0.00867801
7.583    0.00867518
7.584    0.00867235
7.585    0.00866952
7.586    0.00866669
7.587    0.00866387
7.588    0.00866104
7.589    0.00865822
7.59    0.0086554
7.591    0.00865258
7.592    0.00864976
7.593    0.00864695
7.594    0.00864413
7.595    0.00864132
7.596    0.00863851
7.597    0.0086357
7.598    0.00863289
7.599    0.00863008
7.6    0.00862728
7.601    0.00862448
7.602    0.00862167
7.603    0.00861887
7.604    0.00861608
7.605    0.00861328
7.606    0.00861048
7.607    0.00860769
7.608    0.0086049
7.609    0.00860211
7.61    0.00859932
7.611    0.00859653
7.612    0.00859375
7.613    0.00859096
7.614    0.00858818
7.615    0.0085854
7.616    0.00858262
7.617    0.00857984
7.618    0.00857707
7.619    0.00857429
7.62    0.00857152
7.621    0.00856875
7.622    0.00856598
7.623    0.00856321
7.624    0.00856044
7.625    0.00855768
7.626    0.00855491
7.627    0.00855215
7.628    0.00854939
7.629    0.00854663
7.63    0.00854387
7.631    0.00854112
7.632    0.00853837
7.633    0.00853561
7.634    0.00853286
7.635    0.00853011
7.636    0.00852736
7.637    0.00852462
7.638    0.00852187
7.639    0.00851913
7.64    0.00851639
7.641    0.00851365
7.642    0.00851091
7.643    0.00850817
7.644    0.00850544
7.645    0.0085027
7.646    0.00849997
7.647    0.00849724
7.648    0.00849451
7.649    0.00849178
7.65    0.00848906
7.651    0.00848633
7.652    0.00848361
7.653    0.00848089
7.654    0.00847817
7.655    0.00847545
7.656    0.00847273
7.657    0.00847002
7.658    0.0084673
7.659    0.00846459
7.66    0.00846188
7.661    0.00845917
7.662    0.00845646
7.663    0.00845375
7.664    0.00845105
7.665    0.00844835
7.666    0.00844565
7.667    0.00844294
7.668    0.00844025
7.669    0.00843755
7.67    0.00843485
7.671    0.00843216
7.672    0.00842947
7.673    0.00842677
7.674    0.00842409
7.675    0.0084214
7.676    0.00841871
7.677    0.00841603
7.678    0.00841334
7.679    0.00841066
7.68    0.00840798
7.681    0.0084053
7.682    0.00840262
7.683    0.00839995
7.684    0.00839727
7.685    0.0083946
7.686    0.00839193
7.687    0.00838926
7.688    0.00838659
7.689    0.00838392
7.69    0.00838125
7.691    0.00837859
7.692    0.00837593
7.693    0.00837327
7.694    0.00837061
7.695    0.00836795
7.696    0.00836529
7.697    0.00836264
7.698    0.00835998
7.699    0.00835733
7.7    0.00835468
7.701    0.00835203
7.702    0.00834938
7.703    0.00834673
7.704    0.00834409
7.705    0.00834145
7.706    0.0083388
7.707    0.00833616
7.708    0.00833352
7.709    0.00833089
7.71    0.00832825
7.711    0.00832561
7.712    0.00832298
7.713    0.00832035
7.714    0.00831772
7.715    0.00831509
7.716    0.00831246
7.717    0.00830984
7.718    0.00830721
7.719    0.00830459
7.72    0.00830197
7.721    0.00829935
7.722    0.00829673
7.723    0.00829411
7.724    0.00829149
7.725    0.00828888
7.726    0.00828627
7.727    0.00828366
7.728    0.00828105
7.729    0.00827844
7.73    0.00827583
7.731    0.00827322
7.732    0.00827062
7.733    0.00826802
7.734    0.00826541
7.735    0.00826281
7.736    0.00826022
7.737    0.00825762
7.738    0.00825502
7.739    0.00825243
7.74    0.00824983
7.741    0.00824724
7.742    0.00824465
7.743    0.00824206
7.744    0.00823948
7.745    0.00823689
7.746    0.00823431
7.747    0.00823172
7.748    0.00822914
7.749    0.00822656
7.75    0.00822398
7.751    0.00822141
7.752    0.00821883
7.753    0.00821626
7.754    0.00821368
7.755    0.00821111
7.756    0.00820854
7.757    0.00820597
7.758    0.0082034
7.759    0.00820084
7.76    0.00819827
7.761    0.00819571
7.762    0.00819315
7.763    0.00819059
7.764    0.00818803
7.765    0.00818547
7.766    0.00818291
7.767    0.00818036
7.768    0.00817781
7.769    0.00817525
7.77    0.0081727
7.771    0.00817015
7.772    0.0081676
7.773    0.00816506
7.774    0.00816251
7.775    0.00815997
7.776    0.00815743
7.777    0.00815489
7.778    0.00815235
7.779    0.00814981
7.78    0.00814727
7.781    0.00814474
7.782    0.0081422
7.783    0.00813967
7.784    0.00813714
7.785    0.00813461
7.786    0.00813208
7.787    0.00812955
7.788    0.00812702
7.789    0.0081245
7.79    0.00812198
7.791    0.00811946
7.792    0.00811693
7.793    0.00811442
7.794    0.0081119
7.795    0.00810938
7.796    0.00810687
7.797    0.00810435
7.798    0.00810184
7.799    0.00809933
7.8    0.00809682
7.801    0.00809431
7.802    0.0080918
7.803    0.0080893
7.804    0.0080868
7.805    0.00808429
7.806    0.00808179
7.807    0.00807929
7.808    0.00807679
7.809    0.00807429
7.81    0.0080718
7.811    0.0080693
7.812    0.00806681
7.813    0.00806432
7.814    0.00806183
7.815    0.00805934
7.816    0.00805685
7.817    0.00805436
7.818    0.00805188
7.819    0.00804939
7.82    0.00804691
7.821    0.00804443
7.822    0.00804195
7.823    0.00803947
7.824    0.00803699
7.825    0.00803452
7.826    0.00803204
7.827    0.00802957
7.828    0.0080271
7.829    0.00802463
7.83    0.00802216
7.831    0.00801969
7.832    0.00801722
7.833    0.00801476
7.834    0.00801229
7.835    0.00800983
7.836    0.00800737
7.837    0.00800491
7.838    0.00800245
7.839    0.00799999
7.84    0.00799754
7.841    0.00799508
7.842    0.00799263
7.843    0.00799017
7.844    0.00798772
7.845    0.00798527
7.846    0.00798283
7.847    0.00798038
7.848    0.00797793
7.849    0.00797549
7.85    0.00797305
7.851    0.0079706
7.852    0.00796816
7.853    0.00796572
7.854    0.00796329
7.855    0.00796085
7.856    0.00795841
7.857    0.00795598
7.858    0.00795355
7.859    0.00795112
7.86    0.00794869
7.861    0.00794626
7.862    0.00794383
7.863    0.0079414
7.864    0.00793898
7.865    0.00793655
7.866    0.00793413
7.867    0.00793171
7.868    0.00792929
7.869    0.00792687
7.87    0.00792445
7.871    0.00792204
7.872    0.00791962
7.873    0.00791721
7.874    0.0079148
7.875    0.00791239
7.876    0.00790998
7.877    0.00790757
7.878    0.00790516
7.879    0.00790276
7.88    0.00790035
7.881    0.00789795
7.882    0.00789555
7.883    0.00789314
7.884    0.00789074
7.885    0.00788835
7.886    0.00788595
7.887    0.00788355
7.888    0.00788116
7.889    0.00787877
7.89    0.00787637
7.891    0.00787398
7.892    0.00787159
7.893    0.00786921
7.894    0.00786682
7.895    0.00786443
7.896    0.00786205
7.897    0.00785967
7.898    0.00785728
7.899    0.0078549
7.9    0.00785252
7.901    0.00785015
7.902    0.00784777
7.903    0.00784539
7.904    0.00784302
7.905    0.00784065
7.906    0.00783827
7.907    0.0078359
7.908    0.00783353
7.909    0.00783117
7.91    0.0078288
7.911    0.00782643
7.912    0.00782407
7.913    0.00782171
7.914    0.00781934
7.915    0.00781698
7.916    0.00781462
7.917    0.00781226
7.918    0.00780991
7.919    0.00780755
7.92    0.0078052
7.921    0.00780284
7.922    0.00780049
7.923    0.00779814
7.924    0.00779579
7.925    0.00779344
7.926    0.0077911
7.927    0.00778875
7.928    0.0077864
7.929    0.00778406
7.93    0.00778172
7.931    0.00777938
7.932    0.00777704
7.933    0.0077747
7.934    0.00777236
7.935    0.00777003
7.936    0.00776769
7.937    0.00776536
7.938    0.00776302
7.939    0.00776069
7.94    0.00775836
7.941    0.00775603
7.942    0.00775371
7.943    0.00775138
7.944    0.00774905
7.945    0.00774673
7.946    0.00774441
7.947    0.00774209
7.948    0.00773976
7.949    0.00773745
7.95    0.00773513
7.951    0.00773281
7.952    0.00773049
7.953    0.00772818
7.954    0.00772587
7.955    0.00772356
7.956    0.00772124
7.957    0.00771893
7.958    0.00771663
7.959    0.00771432
7.96    0.00771201
7.961    0.00770971
7.962    0.0077074
7.963    0.0077051
7.964    0.0077028
7.965    0.0077005
7.966    0.0076982
7.967    0.0076959
7.968    0.00769361
7.969    0.00769131
7.97    0.00768902
7.971    0.00768672
7.972    0.00768443
7.973    0.00768214
7.974    0.00767985
7.975    0.00767756
7.976    0.00767528
7.977    0.00767299
7.978    0.00767071
7.979    0.00766842
7.98    0.00766614
7.981    0.00766386
7.982    0.00766158
7.983    0.0076593
7.984    0.00765702
7.985    0.00765474
7.986    0.00765247
7.987    0.00765019
7.988    0.00764792
7.989    0.00764565
7.99    0.00764338
7.991    0.00764111
7.992    0.00763884
7.993    0.00763657
7.994    0.00763431
7.995    0.00763204
7.996    0.00762978
7.997    0.00762752
7.998    0.00762525
7.999    0.00762299
8    0.00762074
8.001    0.00761848
8.002    0.00761622
8.003    0.00761396
8.004    0.00761171
8.005    0.00760946
8.006    0.0076072
8.007    0.00760495
8.008    0.0076027
8.009    0.00760045
8.01    0.00759821
8.011    0.00759596
8.012    0.00759372
8.013    0.00759147
8.014    0.00758923
8.015    0.00758699
8.016    0.00758475
8.017    0.00758251
8.018    0.00758027
8.019    0.00757803
8.02    0.00757579
8.021    0.00757356
8.022    0.00757132
8.023    0.00756909
8.024    0.00756686
8.025    0.00756463
8.026    0.0075624
8.027    0.00756017
8.028    0.00755794
8.029    0.00755572
8.03    0.00755349
8.031    0.00755127
8.032    0.00754905
8.033    0.00754683
8.034    0.00754461
8.035    0.00754239
8.036    0.00754017
8.037    0.00753795
8.038    0.00753574
8.039    0.00753352
8.04    0.00753131
8.041    0.00752909
8.042    0.00752688
8.043    0.00752467
8.044    0.00752246
8.045    0.00752026
8.046    0.00751805
8.047    0.00751584
8.048    0.00751364
8.049    0.00751143
8.05    0.00750923
8.051    0.00750703
8.052    0.00750483
8.053    0.00750263
8.054    0.00750043
8.055    0.00749824
8.056    0.00749604
8.057    0.00749385
8.058    0.00749165
8.059    0.00748946
8.06    0.00748727
8.061    0.00748508
8.062    0.00748289
8.063    0.0074807
8.064    0.00747851
8.065    0.00747633
8.066    0.00747414
8.067    0.00747196
8.068    0.00746978
8.069    0.0074676
8.07    0.00746542
8.071    0.00746324
8.072    0.00746106
8.073    0.00745888
8.074    0.00745671
8.075    0.00745453
8.076    0.00745236
8.077    0.00745018
8.078    0.00744801
8.079    0.00744584
8.08    0.00744367
8.081    0.0074415
8.082    0.00743934
8.083    0.00743717
8.084    0.00743501
8.085    0.00743284
8.086    0.00743068
8.087    0.00742852
8.088    0.00742636
8.089    0.0074242
8.09    0.00742204
8.091    0.00741988
8.092    0.00741772
8.093    0.00741557
8.094    0.00741341
8.095    0.00741126
8.096    0.00740911
8.097    0.00740696
8.098    0.00740481
8.099    0.00740266
8.1    0.00740051
8.101    0.00739836
8.102    0.00739622
8.103    0.00739407
8.104    0.00739193
8.105    0.00738979
8.106    0.00738765
8.107    0.00738551
8.108    0.00738337
8.109    0.00738123
8.11    0.00737909
8.111    0.00737695
8.112    0.00737482
8.113    0.00737269
8.114    0.00737055
8.115    0.00736842
8.116    0.00736629
8.117    0.00736416
8.118    0.00736203
8.119    0.0073599
8.12    0.00735778
8.121    0.00735565
8.122    0.00735353
8.123    0.0073514
8.124    0.00734928
8.125    0.00734716
8.126    0.00734504
8.127    0.00734292
8.128    0.0073408
8.129    0.00733868
8.13    0.00733657
8.131    0.00733445
8.132    0.00733234
8.133    0.00733023
8.134    0.00732811
8.135    0.007326
8.136    0.00732389
8.137    0.00732179
8.138    0.00731968
8.139    0.00731757
8.14    0.00731546
8.141    0.00731336
8.142    0.00731126
8.143    0.00730915
8.144    0.00730705
8.145    0.00730495
8.146    0.00730285
8.147    0.00730075
8.148    0.00729866
8.149    0.00729656
8.15    0.00729447
8.151    0.00729237
8.152    0.00729028
8.153    0.00728819
8.154    0.00728609
8.155    0.007284
8.156    0.00728192
8.157    0.00727983
8.158    0.00727774
8.159    0.00727565
8.16    0.00727357
8.161    0.00727149
8.162    0.0072694
8.163    0.00726732
8.164    0.00726524
8.165    0.00726316
8.166    0.00726108
8.167    0.007259
8.168    0.00725693
8.169    0.00725485
8.17    0.00725278
8.171    0.0072507
8.172    0.00724863
8.173    0.00724656
8.174    0.00724449
8.175    0.00724242
8.176    0.00724035
8.177    0.00723828
8.178    0.00723621
8.179    0.00723415
8.18    0.00723208
8.181    0.00723002
8.182    0.00722796
8.183    0.00722589
8.184    0.00722383
8.185    0.00722177
8.186    0.00721972
8.187    0.00721766
8.188    0.0072156
8.189    0.00721355
8.19    0.00721149
8.191    0.00720944
8.192    0.00720738
8.193    0.00720533
8.194    0.00720328
8.195    0.00720123
8.196    0.00719918
8.197    0.00719714
8.198    0.00719509
8.199    0.00719304
8.2    0.007191
8.201    0.00718896
8.202    0.00718691
8.203    0.00718487
8.204    0.00718283
8.205    0.00718079
8.206    0.00717875
8.207    0.00717672
8.208    0.00717468
8.209    0.00717264
8.21    0.00717061
8.211    0.00716857
8.212    0.00716654
8.213    0.00716451
8.214    0.00716248
8.215    0.00716045
8.216    0.00715842
8.217    0.00715639
8.218    0.00715437
8.219    0.00715234
8.22    0.00715031
8.221    0.00714829
8.222    0.00714627
8.223    0.00714425
8.224    0.00714223
8.225    0.00714021
8.226    0.00713819
8.227    0.00713617
8.228    0.00713415
8.229    0.00713213
8.23    0.00713012
8.231    0.00712811
8.232    0.00712609
8.233    0.00712408
8.234    0.00712207
8.235    0.00712006
8.236    0.00711805
8.237    0.00711604
8.238    0.00711403
8.239    0.00711203
8.24    0.00711002
8.241    0.00710802
8.242    0.00710601
8.243    0.00710401
8.244    0.00710201
8.245    0.00710001
8.246    0.00709801
8.247    0.00709601
8.248    0.00709401
8.249    0.00709202
8.25    0.00709002
8.251    0.00708803
8.252    0.00708603
8.253    0.00708404
8.254    0.00708205
8.255    0.00708006
8.256    0.00707807
8.257    0.00707608
8.258    0.00707409
8.259    0.0070721
8.26    0.00707012
8.261    0.00706813
8.262    0.00706615
8.263    0.00706416
8.264    0.00706218
8.265    0.0070602
8.266    0.00705822
8.267    0.00705624
8.268    0.00705426
8.269    0.00705228
8.27    0.0070503
8.271    0.00704833
8.272    0.00704635
8.273    0.00704438
8.274    0.00704241
8.275    0.00704044
8.276    0.00703846
8.277    0.00703649
8.278    0.00703452
8.279    0.00703256
8.28    0.00703059
8.281    0.00702862
8.282    0.00702666
8.283    0.00702469
8.284    0.00702273
8.285    0.00702077
8.286    0.0070188
8.287    0.00701684
8.288    0.00701488
8.289    0.00701293
8.29    0.00701097
8.291    0.00700901
8.292    0.00700705
8.293    0.0070051
8.294    0.00700314
8.295    0.00700119
8.296    0.00699924
8.297    0.00699729
8.298    0.00699534
8.299    0.00699339
8.3    0.00699144
8.301    0.00698949
8.302    0.00698754
8.303    0.0069856
8.304    0.00698365
8.305    0.00698171
8.306    0.00697977
8.307    0.00697782
8.308    0.00697588
8.309    0.00697394
8.31    0.006972
8.311    0.00697006
8.312    0.00696813
8.313    0.00696619
8.314    0.00696425
8.315    0.00696232
8.316    0.00696039
8.317    0.00695845
8.318    0.00695652
8.319    0.00695459
8.32    0.00695266
8.321    0.00695073
8.322    0.0069488
8.323    0.00694687
8.324    0.00694495
8.325    0.00694302
8.326    0.0069411
8.327    0.00693917
8.328    0.00693725
8.329    0.00693533
8.33    0.00693341
8.331    0.00693149
8.332    0.00692957
8.333    0.00692765
8.334    0.00692573
8.335    0.00692381
8.336    0.0069219
8.337    0.00691998
8.338    0.00691807
8.339    0.00691616
8.34    0.00691424
8.341    0.00691233
8.342    0.00691042
8.343    0.00690851
8.344    0.0069066
8.345    0.0069047
8.346    0.00690279
8.347    0.00690088
8.348    0.00689898
8.349    0.00689707
8.35    0.00689517
8.351    0.00689327
8.352    0.00689137
8.353    0.00688947
8.354    0.00688757
8.355    0.00688567
8.356    0.00688377
8.357    0.00688187
8.358    0.00687998
8.359    0.00687808
8.36    0.00687619
8.361    0.00687429
8.362    0.0068724
8.363    0.00687051
8.364    0.00686862
8.365    0.00686673
8.366    0.00686484
8.367    0.00686295
8.368    0.00686106
8.369    0.00685918
8.37    0.00685729
8.371    0.00685541
8.372    0.00685352
8.373    0.00685164
8.374    0.00684976
8.375    0.00684788
8.376    0.006846
8.377    0.00684412
8.378    0.00684224
8.379    0.00684036
8.38    0.00683849
8.381    0.00683661
8.382    0.00683474
8.383    0.00683286
8.384    0.00683099
8.385    0.00682912
8.386    0.00682724
8.387    0.00682537
8.388    0.0068235
8.389    0.00682164
8.39    0.00681977
8.391    0.0068179
8.392    0.00681603
8.393    0.00681417
8.394    0.0068123
8.395    0.00681044
8.396    0.00680858
8.397    0.00680672
8.398    0.00680485
8.399    0.00680299
8.4    0.00680113
8.401    0.00679928
8.402    0.00679742
8.403    0.00679556
8.404    0.00679371
8.405    0.00679185
8.406    0.00679
8.407    0.00678814
8.408    0.00678629
8.409    0.00678444
8.41    0.00678259
8.411    0.00678074
8.412    0.00677889
8.413    0.00677704
8.414    0.00677519
8.415    0.00677335
8.416    0.0067715
8.417    0.00676966
8.418    0.00676781
8.419    0.00676597
8.42    0.00676413
8.421    0.00676229
8.422    0.00676045
8.423    0.00675861
8.424    0.00675677
8.425    0.00675493
8.426    0.00675309
8.427    0.00675126
8.428    0.00674942
8.429    0.00674759
8.43    0.00674575
8.431    0.00674392
8.432    0.00674209
8.433    0.00674026
8.434    0.00673843
8.435    0.0067366
8.436    0.00673477
8.437    0.00673294
8.438    0.00673111
8.439    0.00672929
8.44    0.00672746
8.441    0.00672564
8.442    0.00672381
8.443    0.00672199
8.444    0.00672017
8.445    0.00671835
8.446    0.00671653
8.447    0.00671471
8.448    0.00671289
8.449    0.00671107
8.45    0.00670926
8.451    0.00670744
8.452    0.00670562
8.453    0.00670381
8.454    0.006702
8.455    0.00670018
8.456    0.00669837
8.457    0.00669656
8.458    0.00669475
8.459    0.00669294
8.46    0.00669113
8.461    0.00668932
8.462    0.00668752
8.463    0.00668571
8.464    0.00668391
8.465    0.0066821
8.466    0.0066803
8.467    0.0066785
8.468    0.00667669
8.469    0.00667489
8.47    0.00667309
8.471    0.00667129
8.472    0.00666949
8.473    0.0066677
8.474    0.0066659
8.475    0.0066641
8.476    0.00666231
8.477    0.00666051
8.478    0.00665872
8.479    0.00665693
8.48    0.00665513
8.481    0.00665334
8.482    0.00665155
8.483    0.00664976
8.484    0.00664797
8.485    0.00664618
8.486    0.0066444
8.487    0.00664261
8.488    0.00664083
8.489    0.00663904
8.49    0.00663726
8.491    0.00663547
8.492    0.00663369
8.493    0.00663191
8.494    0.00663013
8.495    0.00662835
8.496    0.00662657
8.497    0.00662479
8.498    0.00662301
8.499    0.00662124
8.5    0.00661946
8.501    0.00661769
8.502    0.00661591
8.503    0.00661414
8.504    0.00661236
8.505    0.00661059
8.506    0.00660882
8.507    0.00660705
8.508    0.00660528
8.509    0.00660351
8.51    0.00660175
8.511    0.00659998
8.512    0.00659821
8.513    0.00659645
8.514    0.00659468
8.515    0.00659292
8.516    0.00659115
8.517    0.00658939
8.518    0.00658763
8.519    0.00658587
8.52    0.00658411
8.521    0.00658235
8.522    0.00658059
8.523    0.00657884
8.524    0.00657708
8.525    0.00657532
8.526    0.00657357
8.527    0.00657181
8.528    0.00657006
8.529    0.00656831
8.53    0.00656655
8.531    0.0065648
8.532    0.00656305
8.533    0.0065613
8.534    0.00655955
8.535    0.00655781
8.536    0.00655606
8.537    0.00655431
8.538    0.00655257
8.539    0.00655082
8.54    0.00654908
8.541    0.00654733
8.542    0.00654559
8.543    0.00654385
8.544    0.00654211
8.545    0.00654037
8.546    0.00653863
8.547    0.00653689
8.548    0.00653515
8.549    0.00653342
8.55    0.00653168
8.551    0.00652994
8.552    0.00652821
8.553    0.00652647
8.554    0.00652474
8.555    0.00652301
8.556    0.00652128
8.557    0.00651955
8.558    0.00651782
8.559    0.00651609
8.56    0.00651436
8.561    0.00651263
8.562    0.0065109
8.563    0.00650918
8.564    0.00650745
8.565    0.00650573
8.566    0.006504
8.567    0.00650228
8.568    0.00650056
8.569    0.00649884
8.57    0.00649712
8.571    0.0064954
8.572    0.00649368
8.573    0.00649196
8.574    0.00649024
8.575    0.00648852
8.576    0.00648681
8.577    0.00648509
8.578    0.00648338
8.579    0.00648166
8.58    0.00647995
8.581    0.00647824
8.582    0.00647653
8.583    0.00647481
8.584    0.0064731
8.585    0.00647139
8.586    0.00646969
8.587    0.00646798
8.588    0.00646627
8.589    0.00646456
8.59    0.00646286
8.591    0.00646115
8.592    0.00645945
8.593    0.00645775
8.594    0.00645604
8.595    0.00645434
8.596    0.00645264
8.597    0.00645094
8.598    0.00644924
8.599    0.00644754
8.6    0.00644585
8.601    0.00644415
8.602    0.00644245
8.603    0.00644076
8.604    0.00643906
8.605    0.00643737
8.606    0.00643567
8.607    0.00643398
8.608    0.00643229
8.609    0.0064306
8.61    0.00642891
8.611    0.00642722
8.612    0.00642553
8.613    0.00642384
8.614    0.00642215
8.615    0.00642047
8.616    0.00641878
8.617    0.00641709
8.618    0.00641541
8.619    0.00641373
8.62    0.00641204
8.621    0.00641036
8.622    0.00640868
8.623    0.006407
8.624    0.00640532
8.625    0.00640364
8.626    0.00640196
8.627    0.00640028
8.628    0.0063986
8.629    0.00639693
8.63    0.00639525
8.631    0.00639358
8.632    0.0063919
8.633    0.00639023
8.634    0.00638856
8.635    0.00638689
8.636    0.00638521
8.637    0.00638354
8.638    0.00638187
8.639    0.00638021
8.64    0.00637854
8.641    0.00637687
8.642    0.0063752
8.643    0.00637354
8.644    0.00637187
8.645    0.00637021
8.646    0.00636854
8.647    0.00636688
8.648    0.00636522
8.649    0.00636356
8.65    0.00636189
8.651    0.00636023
8.652    0.00635858
8.653    0.00635692
8.654    0.00635526
8.655    0.0063536
8.656    0.00635194
8.657    0.00635029
8.658    0.00634863
8.659    0.00634698
8.66    0.00634533
8.661    0.00634367
8.662    0.00634202
8.663    0.00634037
8.664    0.00633872
8.665    0.00633707
8.666    0.00633542
8.667    0.00633377
8.668    0.00633212
8.669    0.00633048
8.67    0.00632883
8.671    0.00632718
8.672    0.00632554
8.673    0.00632389
8.674    0.00632225
8.675    0.00632061
8.676    0.00631897
8.677    0.00631732
8.678    0.00631568
8.679    0.00631404
8.68    0.0063124
8.681    0.00631077
8.682    0.00630913
8.683    0.00630749
8.684    0.00630585
8.685    0.00630422
8.686    0.00630258
8.687    0.00630095
8.688    0.00629932
8.689    0.00629768
8.69    0.00629605
8.691    0.00629442
8.692    0.00629279
8.693    0.00629116
8.694    0.00628953
8.695    0.0062879
8.696    0.00628627
8.697    0.00628465
8.698    0.00628302
8.699    0.00628139
8.7    0.00627977
8.701    0.00627814
8.702    0.00627652
8.703    0.0062749
8.704    0.00627327
8.705    0.00627165
8.706    0.00627003
8.707    0.00626841
8.708    0.00626679
8.709    0.00626517
8.71    0.00626356
8.711    0.00626194
8.712    0.00626032
8.713    0.00625871
8.714    0.00625709
8.715    0.00625548
8.716    0.00625386
8.717    0.00625225
8.718    0.00625064
8.719    0.00624903
8.72    0.00624741
8.721    0.0062458
8.722    0.00624419
8.723    0.00624259
8.724    0.00624098
8.725    0.00623937
8.726    0.00623776
8.727    0.00623616
8.728    0.00623455
8.729    0.00623295
8.73    0.00623134
8.731    0.00622974
8.732    0.00622814
8.733    0.00622653
8.734    0.00622493
8.735    0.00622333
8.736    0.00622173
8.737    0.00622013
8.738    0.00621853
8.739    0.00621694
8.74    0.00621534
8.741    0.00621374
8.742    0.00621215
8.743    0.00621055
8.744    0.00620896
8.745    0.00620736
8.746    0.00620577
8.747    0.00620418
8.748    0.00620259
8.749    0.006201
8.75    0.00619941
8.751    0.00619782
8.752    0.00619623
8.753    0.00619464
8.754    0.00619305
8.755    0.00619146
8.756    0.00618988
8.757    0.00618829
8.758    0.00618671
8.759    0.00618512
8.76    0.00618354
8.761    0.00618196
8.762    0.00618038
8.763    0.00617879
8.764    0.00617721
8.765    0.00617563
8.766    0.00617405
8.767    0.00617248
8.768    0.0061709
8.769    0.00616932
8.77    0.00616774
8.771    0.00616617
8.772    0.00616459
8.773    0.00616302
8.774    0.00616144
8.775    0.00615987
8.776    0.0061583
8.777    0.00615672
8.778    0.00615515
8.779    0.00615358
8.78    0.00615201
8.781    0.00615044
8.782    0.00614887
8.783    0.00614731
8.784    0.00614574
8.785    0.00614417
8.786    0.00614261
8.787    0.00614104
8.788    0.00613948
8.789    0.00613791
8.79    0.00613635
8.791    0.00613479
8.792    0.00613323
8.793    0.00613166
8.794    0.0061301
8.795    0.00612854
8.796    0.00612698
8.797    0.00612543
8.798    0.00612387
8.799    0.00612231
8.8    0.00612075
8.801    0.0061192
8.802    0.00611764
8.803    0.00611609
8.804    0.00611453
8.805    0.00611298
8.806    0.00611143
8.807    0.00610988
8.808    0.00610832
8.809    0.00610677
8.81    0.00610522
8.811    0.00610367
8.812    0.00610213
8.813    0.00610058
8.814    0.00609903
8.815    0.00609748
8.816    0.00609594
8.817    0.00609439
8.818    0.00609285
8.819    0.0060913
8.82    0.00608976
8.821    0.00608822
8.822    0.00608667
8.823    0.00608513
8.824    0.00608359
8.825    0.00608205
8.826    0.00608051
8.827    0.00607897
8.828    0.00607743
8.829    0.0060759
8.83    0.00607436
8.831    0.00607282
8.832    0.00607129
8.833    0.00606975
8.834    0.00606822
8.835    0.00606669
8.836    0.00606515
8.837    0.00606362
8.838    0.00606209
8.839    0.00606056
8.84    0.00605903
8.841    0.0060575
8.842    0.00605597
8.843    0.00605444
8.844    0.00605291
8.845    0.00605138
8.846    0.00604986
8.847    0.00604833
8.848    0.00604681
8.849    0.00604528
8.85    0.00604376
8.851    0.00604223
8.852    0.00604071
8.853    0.00603919
8.854    0.00603767
8.855    0.00603615
8.856    0.00603463
8.857    0.00603311
8.858    0.00603159
8.859    0.00603007
8.86    0.00602855
8.861    0.00602704
8.862    0.00602552
8.863    0.006024
8.864    0.00602249
8.865    0.00602097
8.866    0.00601946
8.867    0.00601795
8.868    0.00601643
8.869    0.00601492
8.87    0.00601341
8.871    0.0060119
8.872    0.00601039
8.873    0.00600888
8.874    0.00600737
8.875    0.00600586
8.876    0.00600436
8.877    0.00600285
8.878    0.00600134
8.879    0.00599984
8.88    0.00599833
8.881    0.00599683
8.882    0.00599533
8.883    0.00599382
8.884    0.00599232
8.885    0.00599082
8.886    0.00598932
8.887    0.00598782
8.888    0.00598632
8.889    0.00598482
8.89    0.00598332
8.891    0.00598182
8.892    0.00598032
8.893    0.00597883
8.894    0.00597733
8.895    0.00597583
8.896    0.00597434
8.897    0.00597285
8.898    0.00597135
8.899    0.00596986
8.9    0.00596837
8.901    0.00596687
8.902    0.00596538
8.903    0.00596389
8.904    0.0059624
8.905    0.00596091
8.906    0.00595943
8.907    0.00595794
8.908    0.00595645
8.909    0.00595496
8.91    0.00595348
8.911    0.00595199
8.912    0.00595051
8.913    0.00594902
8.914    0.00594754
8.915    0.00594606
8.916    0.00594457
8.917    0.00594309
8.918    0.00594161
8.919    0.00594013
8.92    0.00593865
8.921    0.00593717
8.922    0.00593569
8.923    0.00593421
8.924    0.00593273
8.925    0.00593126
8.926    0.00592978
8.927    0.00592831
8.928    0.00592683
8.929    0.00592536
8.93    0.00592388
8.931    0.00592241
8.932    0.00592094
8.933    0.00591946
8.934    0.00591799
8.935    0.00591652
8.936    0.00591505
8.937    0.00591358
8.938    0.00591211
8.939    0.00591064
8.94    0.00590918
8.941    0.00590771
8.942    0.00590624
8.943    0.00590478
8.944    0.00590331
8.945    0.00590185
8.946    0.00590038
8.947    0.00589892
8.948    0.00589746
8.949    0.00589599
8.95    0.00589453
8.951    0.00589307
8.952    0.00589161
8.953    0.00589015
8.954    0.00588869
8.955    0.00588723
8.956    0.00588577
8.957    0.00588432
8.958    0.00588286
8.959    0.0058814
8.96    0.00587995
8.961    0.00587849
8.962    0.00587704
8.963    0.00587558
8.964    0.00587413
8.965    0.00587268
8.966    0.00587123
8.967    0.00586977
8.968    0.00586832
8.969    0.00586687
8.97    0.00586542
8.971    0.00586397
8.972    0.00586253
8.973    0.00586108
8.974    0.00585963
8.975    0.00585818
8.976    0.00585674
8.977    0.00585529
8.978    0.00585385
8.979    0.0058524
8.98    0.00585096
8.981    0.00584952
8.982    0.00584807
8.983    0.00584663
8.984    0.00584519
8.985    0.00584375
8.986    0.00584231
8.987    0.00584087
8.988    0.00583943
8.989    0.00583799
8.99    0.00583655
8.991    0.00583512
8.992    0.00583368
8.993    0.00583224
8.994    0.00583081
8.995    0.00582937
8.996    0.00582794
8.997    0.00582651
8.998    0.00582507
8.999    0.00582364
9    0.00582221
9.001    0.00582078
9.002    0.00581935
9.003    0.00581792
9.004    0.00581649
9.005    0.00581506
9.006    0.00581363
9.007    0.0058122
9.008    0.00581077
9.009    0.00580935
9.01    0.00580792
9.011    0.00580649
9.012    0.00580507
9.013    0.00580364
9.014    0.00580222
9.015    0.0058008
9.016    0.00579938
9.017    0.00579795
9.018    0.00579653
9.019    0.00579511
9.02    0.00579369
9.021    0.00579227
9.022    0.00579085
9.023    0.00578943
9.024    0.00578801
9.025    0.0057866
9.026    0.00578518
9.027    0.00578376
9.028    0.00578235
9.029    0.00578093
9.03    0.00577952
9.031    0.0057781
9.032    0.00577669
9.033    0.00577528
9.034    0.00577387
9.035    0.00577245
9.036    0.00577104
9.037    0.00576963
9.038    0.00576822
9.039    0.00576681
9.04    0.0057654
9.041    0.005764
9.042    0.00576259
9.043    0.00576118
9.044    0.00575977
9.045    0.00575837
9.046    0.00575696
9.047    0.00575556
9.048    0.00575415
9.049    0.00575275
9.05    0.00575135
9.051    0.00574994
9.052    0.00574854
9.053    0.00574714
9.054    0.00574574
9.055    0.00574434
9.056    0.00574294
9.057    0.00574154
9.058    0.00574014
9.059    0.00573874
9.06    0.00573735
9.061    0.00573595
9.062    0.00573455
9.063    0.00573316
9.064    0.00573176
9.065    0.00573037
9.066    0.00572897
9.067    0.00572758
9.068    0.00572619
9.069    0.0057248
9.07    0.0057234
9.071    0.00572201
9.072    0.00572062
9.073    0.00571923
9.074    0.00571784
9.075    0.00571645
9.076    0.00571506
9.077    0.00571368
9.078    0.00571229
9.079    0.0057109
9.08    0.00570952
9.081    0.00570813
9.082    0.00570675
9.083    0.00570536
9.084    0.00570398
9.085    0.00570259
9.086    0.00570121
9.087    0.00569983
9.088    0.00569845
9.089    0.00569707
9.09    0.00569568
9.091    0.0056943
9.092    0.00569292
9.093    0.00569155
9.094    0.00569017
9.095    0.00568879
9.096    0.00568741
9.097    0.00568604
9.098    0.00568466
9.099    0.00568328
9.1    0.00568191
9.101    0.00568053
9.102    0.00567916
9.103    0.00567779
9.104    0.00567641
9.105    0.00567504
9.106    0.00567367
9.107    0.0056723
9.108    0.00567093
9.109    0.00566956
9.11    0.00566819
9.111    0.00566682
9.112    0.00566545
9.113    0.00566408
9.114    0.00566271
9.115    0.00566135
9.116    0.00565998
9.117    0.00565862
9.118    0.00565725
9.119    0.00565589
9.12    0.00565452
9.121    0.00565316
9.122    0.0056518
9.123    0.00565043
9.124    0.00564907
9.125    0.00564771
9.126    0.00564635
9.127    0.00564499
9.128    0.00564363
9.129    0.00564227
9.13    0.00564091
9.131    0.00563955
9.132    0.00563819
9.133    0.00563684
9.134    0.00563548
9.135    0.00563412
9.136    0.00563277
9.137    0.00563141
9.138    0.00563006
9.139    0.00562871
9.14    0.00562735
9.141    0.005626
9.142    0.00562465
9.143    0.0056233
9.144    0.00562195
9.145    0.00562059
9.146    0.00561924
9.147    0.0056179
9.148    0.00561655
9.149    0.0056152
9.15    0.00561385
9.151    0.0056125
9.152    0.00561116
9.153    0.00560981
9.154    0.00560846
9.155    0.00560712
9.156    0.00560577
9.157    0.00560443
9.158    0.00560309
9.159    0.00560174
9.16    0.0056004
9.161    0.00559906
9.162    0.00559772
9.163    0.00559638
9.164    0.00559504
9.165    0.0055937
9.166    0.00559236
9.167    0.00559102
9.168    0.00558968
9.169    0.00558834
9.17    0.005587
9.171    0.00558567
9.172    0.00558433
9.173    0.00558299
9.174    0.00558166
9.175    0.00558033
9.176    0.00557899
9.177    0.00557766
9.178    0.00557632
9.179    0.00557499
9.18    0.00557366
9.181    0.00557233
9.182    0.005571
9.183    0.00556967
9.184    0.00556834
9.185    0.00556701
9.186    0.00556568
9.187    0.00556435
9.188    0.00556302
9.189    0.0055617
9.19    0.00556037
9.191    0.00555904
9.192    0.00555772
9.193    0.00555639
9.194    0.00555507
9.195    0.00555374
9.196    0.00555242
9.197    0.0055511
9.198    0.00554977
9.199    0.00554845
9.2    0.00554713
9.201    0.00554581
9.202    0.00554449
9.203    0.00554317
9.204    0.00554185
9.205    0.00554053
9.206    0.00553921
9.207    0.0055379
9.208    0.00553658
9.209    0.00553526
9.21    0.00553394
9.211    0.00553263
9.212    0.00553131
9.213    0.00553
9.214    0.00552868
9.215    0.00552737
9.216    0.00552606
9.217    0.00552475
9.218    0.00552343
9.219    0.00552212
9.22    0.00552081
9.221    0.0055195
9.222    0.00551819
9.223    0.00551688
9.224    0.00551557
9.225    0.00551426
9.226    0.00551295
9.227    0.00551165
9.228    0.00551034
9.229    0.00550903
9.23    0.00550773
9.231    0.00550642
9.232    0.00550512
9.233    0.00550381
9.234    0.00550251
9.235    0.0055012
9.236    0.0054999
9.237    0.0054986
9.238    0.0054973
9.239    0.005496
9.24    0.0054947
9.241    0.00549339
9.242    0.00549209
9.243    0.0054908
9.244    0.0054895
9.245    0.0054882
9.246    0.0054869
9.247    0.0054856
9.248    0.00548431
9.249    0.00548301
9.25    0.00548171
9.251    0.00548042
9.252    0.00547912
9.253    0.00547783
9.254    0.00547654
9.255    0.00547524
9.256    0.00547395
9.257    0.00547266
9.258    0.00547137
9.259    0.00547007
9.26    0.00546878
9.261    0.00546749
9.262    0.0054662
9.263    0.00546491
9.264    0.00546363
9.265    0.00546234
9.266    0.00546105
9.267    0.00545976
9.268    0.00545848
9.269    0.00545719
9.27    0.0054559
9.271    0.00545462
9.272    0.00545333
9.273    0.00545205
9.274    0.00545077
9.275    0.00544948
9.276    0.0054482
9.277    0.00544692
9.278    0.00544564
9.279    0.00544435
9.28    0.00544307
9.281    0.00544179
9.282    0.00544051
9.283    0.00543923
9.284    0.00543796
9.285    0.00543668
9.286    0.0054354
9.287    0.00543412
9.288    0.00543285
9.289    0.00543157
9.29    0.00543029
9.291    0.00542902
9.292    0.00542774
9.293    0.00542647
9.294    0.00542519
9.295    0.00542392
9.296    0.00542265
9.297    0.00542138
9.298    0.0054201
9.299    0.00541883
9.3    0.00541756
9.301    0.00541629
9.302    0.00541502
9.303    0.00541375
9.304    0.00541248
9.305    0.00541122
9.306    0.00540995
9.307    0.00540868
9.308    0.00540741
9.309    0.00540615
9.31    0.00540488
9.311    0.00540361
9.312    0.00540235
9.313    0.00540109
9.314    0.00539982
9.315    0.00539856
9.316    0.00539729
9.317    0.00539603
9.318    0.00539477
9.319    0.00539351
9.32    0.00539225
9.321    0.00539099
9.322    0.00538973
9.323    0.00538847
9.324    0.00538721
9.325    0.00538595
9.326    0.00538469
9.327    0.00538343
9.328    0.00538218
9.329    0.00538092
9.33    0.00537966
9.331    0.00537841
9.332    0.00537715
9.333    0.0053759
9.334    0.00537464
9.335    0.00537339
9.336    0.00537214
9.337    0.00537088
9.338    0.00536963
9.339    0.00536838
9.34    0.00536713
9.341    0.00536588
9.342    0.00536463
9.343    0.00536338
9.344    0.00536213
9.345    0.00536088
9.346    0.00535963
9.347    0.00535838
9.348    0.00535713
9.349    0.00535589
9.35    0.00535464
9.351    0.00535339
9.352    0.00535215
9.353    0.0053509
9.354    0.00534966
9.355    0.00534841
9.356    0.00534717
9.357    0.00534593
9.358    0.00534468
9.359    0.00534344
9.36    0.0053422
9.361    0.00534096
9.362    0.00533972
9.363    0.00533848
9.364    0.00533724
9.365    0.005336
9.366    0.00533476
9.367    0.00533352
9.368    0.00533228
9.369    0.00533104
9.37    0.00532981
9.371    0.00532857
9.372    0.00532733
9.373    0.0053261
9.374    0.00532486
9.375    0.00532363
9.376    0.00532239
9.377    0.00532116
9.378    0.00531993
9.379    0.00531869
9.38    0.00531746
9.381    0.00531623
9.382    0.005315
9.383    0.00531377
9.384    0.00531254
9.385    0.00531131
9.386    0.00531008
9.387    0.00530885
9.388    0.00530762
9.389    0.00530639
9.39    0.00530516
9.391    0.00530394
9.392    0.00530271
9.393    0.00530148
9.394    0.00530026
9.395    0.00529903
9.396    0.00529781
9.397    0.00529658
9.398    0.00529536
9.399    0.00529414
9.4    0.00529291
9.401    0.00529169
9.402    0.00529047
9.403    0.00528925
9.404    0.00528803
9.405    0.0052868
9.406    0.00528558
9.407    0.00528436
9.408    0.00528315
9.409    0.00528193
9.41    0.00528071
9.411    0.00527949
9.412    0.00527827
9.413    0.00527706
9.414    0.00527584
9.415    0.00527462
9.416    0.00527341
9.417    0.00527219
9.418    0.00527098
9.419    0.00526976
9.42    0.00526855
9.421    0.00526734
9.422    0.00526612
9.423    0.00526491
9.424    0.0052637
9.425    0.00526249
9.426    0.00526128
9.427    0.00526007
9.428    0.00525886
9.429    0.00525765
9.43    0.00525644
9.431    0.00525523
9.432    0.00525402
9.433    0.00525281
9.434    0.0052516
9.435    0.0052504
9.436    0.00524919
9.437    0.00524799
9.438    0.00524678
9.439    0.00524557
9.44    0.00524437
9.441    0.00524317
9.442    0.00524196
9.443    0.00524076
9.444    0.00523956
9.445    0.00523835
9.446    0.00523715
9.447    0.00523595
9.448    0.00523475
9.449    0.00523355
9.45    0.00523235
9.451    0.00523115
9.452    0.00522995
9.453    0.00522875
9.454    0.00522755
9.455    0.00522635
9.456    0.00522516
9.457    0.00522396
9.458    0.00522276
9.459    0.00522157
9.46    0.00522037
9.461    0.00521918
9.462    0.00521798
9.463    0.00521679
9.464    0.00521559
9.465    0.0052144
9.466    0.00521321
9.467    0.00521202
9.468    0.00521082
9.469    0.00520963
9.47    0.00520844
9.471    0.00520725
9.472    0.00520606
9.473    0.00520487
9.474    0.00520368
9.475    0.00520249
9.476    0.0052013
9.477    0.00520012
9.478    0.00519893
9.479    0.00519774
9.48    0.00519655
9.481    0.00519537
9.482    0.00519418
9.483    0.005193
9.484    0.00519181
9.485    0.00519063
9.486    0.00518944
9.487    0.00518826
9.488    0.00518708
9.489    0.0051859
9.49    0.00518471
9.491    0.00518353
9.492    0.00518235
9.493    0.00518117
9.494    0.00517999
9.495    0.00517881
9.496    0.00517763
9.497    0.00517645
9.498    0.00517527
9.499    0.00517409
9.5    0.00517292
9.501    0.00517174
9.502    0.00517056
9.503    0.00516938
9.504    0.00516821
9.505    0.00516703
9.506    0.00516586
9.507    0.00516468
9.508    0.00516351
9.509    0.00516234
9.51    0.00516116
9.511    0.00515999
9.512    0.00515882
9.513    0.00515764
9.514    0.00515647
9.515    0.0051553
9.516    0.00515413
9.517    0.00515296
9.518    0.00515179
9.519    0.00515062
9.52    0.00514945
9.521    0.00514828
9.522    0.00514712
9.523    0.00514595
9.524    0.00514478
9.525    0.00514361
9.526    0.00514245
9.527    0.00514128
9.528    0.00514012
9.529    0.00513895
9.53    0.00513779
9.531    0.00513662
9.532    0.00513546
9.533    0.00513429
9.534    0.00513313
9.535    0.00513197
9.536    0.00513081
9.537    0.00512964
9.538    0.00512848
9.539    0.00512732
9.54    0.00512616
9.541    0.005125
9.542    0.00512384
9.543    0.00512268
9.544    0.00512153
9.545    0.00512037
9.546    0.00511921
9.547    0.00511805
9.548    0.0051169
9.549    0.00511574
9.55    0.00511458
9.551    0.00511343
9.552    0.00511227
9.553    0.00511112
9.554    0.00510996
9.555    0.00510881
9.556    0.00510766
9.557    0.0051065
9.558    0.00510535
9.559    0.0051042
9.56    0.00510305
9.561    0.00510189
9.562    0.00510074
9.563    0.00509959
9.564    0.00509844
9.565    0.00509729
9.566    0.00509614
9.567    0.00509499
9.568    0.00509385
9.569    0.0050927
9.57    0.00509155
9.571    0.0050904
9.572    0.00508926
9.573    0.00508811
9.574    0.00508697
9.575    0.00508582
9.576    0.00508467
9.577    0.00508353
9.578    0.00508239
9.579    0.00508124
9.58    0.0050801
9.581    0.00507896
9.582    0.00507781
9.583    0.00507667
9.584    0.00507553
9.585    0.00507439
9.586    0.00507325
9.587    0.00507211
9.588    0.00507097
9.589    0.00506983
9.59    0.00506869
9.591    0.00506755
9.592    0.00506641
9.593    0.00506527
9.594    0.00506414
9.595    0.005063
9.596    0.00506186
9.597    0.00506073
9.598    0.00505959
9.599    0.00505846
9.6    0.00505732
9.601    0.00505619
9.602    0.00505505
9.603    0.00505392
9.604    0.00505279
9.605    0.00505165
9.606    0.00505052
9.607    0.00504939
9.608    0.00504826
9.609    0.00504713
9.61    0.00504599
9.611    0.00504486
9.612    0.00504373
9.613    0.0050426
9.614    0.00504148
9.615    0.00504035
9.616    0.00503922
9.617    0.00503809
9.618    0.00503696
9.619    0.00503584
9.62    0.00503471
9.621    0.00503358
9.622    0.00503246
9.623    0.00503133
9.624    0.00503021
9.625    0.00502908
9.626    0.00502796
9.627    0.00502684
9.628    0.00502571
9.629    0.00502459
9.63    0.00502347
9.631    0.00502234
9.632    0.00502122
9.633    0.0050201
9.634    0.00501898
9.635    0.00501786
9.636    0.00501674
9.637    0.00501562
9.638    0.0050145
9.639    0.00501338
9.64    0.00501226
9.641    0.00501115
9.642    0.00501003
9.643    0.00500891
9.644    0.00500779
9.645    0.00500668
9.646    0.00500556
9.647    0.00500445
9.648    0.00500333
9.649    0.00500222
9.65    0.0050011
9.651    0.00499999
9.652    0.00499887
9.653    0.00499776
9.654    0.00499665
9.655    0.00499554
9.656    0.00499442
9.657    0.00499331
9.658    0.0049922
9.659    0.00499109
9.66    0.00498998
9.661    0.00498887
9.662    0.00498776
9.663    0.00498665
9.664    0.00498554
9.665    0.00498444
9.666    0.00498333
9.667    0.00498222
9.668    0.00498111
9.669    0.00498001
9.67    0.0049789
9.671    0.00497779
9.672    0.00497669
9.673    0.00497558
9.674    0.00497448
9.675    0.00497338
9.676    0.00497227
9.677    0.00497117
9.678    0.00497006
9.679    0.00496896
9.68    0.00496786
9.681    0.00496676
9.682    0.00496566
9.683    0.00496456
9.684    0.00496346
9.685    0.00496235
9.686    0.00496126
9.687    0.00496016
9.688    0.00495906
9.689    0.00495796
9.69    0.00495686
9.691    0.00495576
9.692    0.00495466
9.693    0.00495357
9.694    0.00495247
9.695    0.00495137
9.696    0.00495028
9.697    0.00494918
9.698    0.00494809
9.699    0.00494699
9.7    0.0049459
9.701    0.00494481
9.702    0.00494371
9.703    0.00494262
9.704    0.00494153
9.705    0.00494043
9.706    0.00493934
9.707    0.00493825
9.708    0.00493716
9.709    0.00493607
9.71    0.00493498
9.711    0.00493389
9.712    0.0049328
9.713    0.00493171
9.714    0.00493062
9.715    0.00492953
9.716    0.00492844
9.717    0.00492736
9.718    0.00492627
9.719    0.00492518
9.72    0.0049241
9.721    0.00492301
9.722    0.00492192
9.723    0.00492084
9.724    0.00491975
9.725    0.00491867
9.726    0.00491759
9.727    0.0049165
9.728    0.00491542
9.729    0.00491434
9.73    0.00491325
9.731    0.00491217
9.732    0.00491109
9.733    0.00491001
9.734    0.00490893
9.735    0.00490785
9.736    0.00490677
9.737    0.00490569
9.738    0.00490461
9.739    0.00490353
9.74    0.00490245
9.741    0.00490137
9.742    0.00490029
9.743    0.00489922
9.744    0.00489814
9.745    0.00489706
9.746    0.00489599
9.747    0.00489491
9.748    0.00489383
9.749    0.00489276
9.75    0.00489168
9.751    0.00489061
9.752    0.00488954
9.753    0.00488846
9.754    0.00488739
9.755    0.00488632
9.756    0.00488524
9.757    0.00488417
9.758    0.0048831
9.759    0.00488203
9.76    0.00488096
9.761    0.00487989
9.762    0.00487882
9.763    0.00487775
9.764    0.00487668
9.765    0.00487561
9.766    0.00487454
9.767    0.00487347
9.768    0.0048724
9.769    0.00487134
9.77    0.00487027
9.771    0.0048692
9.772    0.00486814
9.773    0.00486707
9.774    0.00486601
9.775    0.00486494
9.776    0.00486388
9.777    0.00486281
9.778    0.00486175
9.779    0.00486068
9.78    0.00485962
9.781    0.00485856
9.782    0.00485749
9.783    0.00485643
9.784    0.00485537
9.785    0.00485431
9.786    0.00485325
9.787    0.00485219
9.788    0.00485113
9.789    0.00485007
9.79    0.00484901
9.791    0.00484795
9.792    0.00484689
9.793    0.00484583
9.794    0.00484477
9.795    0.00484372
9.796    0.00484266
9.797    0.0048416
9.798    0.00484055
9.799    0.00483949
9.8    0.00483843
9.801    0.00483738
9.802    0.00483632
9.803    0.00483527
9.804    0.00483421
9.805    0.00483316
9.806    0.00483211
9.807    0.00483105
9.808    0.00483
9.809    0.00482895
9.81    0.0048279
9.811    0.00482685
9.812    0.00482579
9.813    0.00482474
9.814    0.00482369
9.815    0.00482264
9.816    0.00482159
9.817    0.00482054
9.818    0.0048195
9.819    0.00481845
9.82    0.0048174
9.821    0.00481635
9.822    0.0048153
9.823    0.00481426
9.824    0.00481321
9.825    0.00481216
9.826    0.00481112
9.827    0.00481007
9.828    0.00480903
9.829    0.00480798
9.83    0.00480694
9.831    0.00480589
9.832    0.00480485
9.833    0.0048038
9.834    0.00480276
9.835    0.00480172
9.836    0.00480068
9.837    0.00479963
9.838    0.00479859
9.839    0.00479755
9.84    0.00479651
9.841    0.00479547
9.842    0.00479443
9.843    0.00479339
9.844    0.00479235
9.845    0.00479131
9.846    0.00479027
9.847    0.00478924
9.848    0.0047882
9.849    0.00478716
9.85    0.00478612
9.851    0.00478509
9.852    0.00478405
9.853    0.00478301
9.854    0.00478198
9.855    0.00478094
9.856    0.00477991
9.857    0.00477887
9.858    0.00477784
9.859    0.0047768
9.86    0.00477577
9.861    0.00477474
9.862    0.0047737
9.863    0.00477267
9.864    0.00477164
9.865    0.00477061
9.866    0.00476958
9.867    0.00476855
9.868    0.00476752
9.869    0.00476649
9.87    0.00476546
9.871    0.00476443
9.872    0.0047634
9.873    0.00476237
9.874    0.00476134
9.875    0.00476031
9.876    0.00475928
9.877    0.00475826
9.878    0.00475723
9.879    0.0047562
9.88    0.00475518
9.881    0.00475415
9.882    0.00475313
9.883    0.0047521
9.884    0.00475107
9.885    0.00475005
9.886    0.00474903
9.887    0.004748
9.888    0.00474698
9.889    0.00474596
9.89    0.00474493
9.891    0.00474391
9.892    0.00474289
9.893    0.00474187
9.894    0.00474085
9.895    0.00473983
9.896    0.0047388
9.897    0.00473778
9.898    0.00473676
9.899    0.00473575
9.9    0.00473473
9.901    0.00473371
9.902    0.00473269
9.903    0.00473167
9.904    0.00473065
9.905    0.00472964
9.906    0.00472862
9.907    0.0047276
9.908    0.00472659
9.909    0.00472557
9.91    0.00472455
9.911    0.00472354
9.912    0.00472252
9.913    0.00472151
9.914    0.0047205
9.915    0.00471948
9.916    0.00471847
9.917    0.00471746
9.918    0.00471644
9.919    0.00471543
9.92    0.00471442
9.921    0.00471341
9.922    0.0047124
9.923    0.00471139
9.924    0.00471037
9.925    0.00470936
9.926    0.00470835
9.927    0.00470734
9.928    0.00470634
9.929    0.00470533
9.93    0.00470432
9.931    0.00470331
9.932    0.0047023
9.933    0.0047013
9.934    0.00470029
9.935    0.00469928
9.936    0.00469827
9.937    0.00469727
9.938    0.00469626
9.939    0.00469526
9.94    0.00469425
9.941    0.00469325
9.942    0.00469224
9.943    0.00469124
9.944    0.00469024
9.945    0.00468923
9.946    0.00468823
9.947    0.00468723
9.948    0.00468623
9.949    0.00468522
9.95    0.00468422
9.951    0.00468322
9.952    0.00468222
9.953    0.00468122
9.954    0.00468022
9.955    0.00467922
9.956    0.00467822
9.957    0.00467722
9.958    0.00467622
9.959    0.00467522
9.96    0.00467423
9.961    0.00467323
9.962    0.00467223
9.963    0.00467123
9.964    0.00467024
9.965    0.00466924
9.966    0.00466825
9.967    0.00466725
9.968    0.00466626
9.969    0.00466526
9.97    0.00466427
9.971    0.00466327
9.972    0.00466228
9.973    0.00466128
9.974    0.00466029
9.975    0.0046593
9.976    0.00465831
9.977    0.00465731
9.978    0.00465632
9.979    0.00465533
9.98    0.00465434
9.981    0.00465335
9.982    0.00465236
9.983    0.00465137
9.984    0.00465038
9.985    0.00464939
9.986    0.0046484
9.987    0.00464741
9.988    0.00464642
9.989    0.00464543
9.99    0.00464445
9.991    0.00464346
9.992    0.00464247
9.993    0.00464149
9.994    0.0046405
9.995    0.00463951
9.996    0.00463853
9.997    0.00463754
9.998    0.00463656
9.999    0.00463557
