-10    0.00864914
-9.999    0.00865156
-9.998    0.00865398
-9.997    0.0086564
-9.996    0.00865881
-9.995    0.00866124
-9.994    0.00866366
-9.993    0.00866608
-9.992    0.0086685
-9.991    0.00867093
-9.99    0.00867335
-9.989    0.00867578
-9.988    0.00867821
-9.987    0.00868064
-9.986    0.00868307
-9.985    0.0086855
-9.984    0.00868793
-9.983    0.00869036
-9.982    0.0086928
-9.981    0.00869523
-9.98    0.00869767
-9.979    0.00870011
-9.978    0.00870254
-9.977    0.00870498
-9.976    0.00870742
-9.975    0.00870987
-9.974    0.00871231
-9.973    0.00871475
-9.972    0.0087172
-9.971    0.00871964
-9.97    0.00872209
-9.969    0.00872454
-9.968    0.00872699
-9.967    0.00872944
-9.966    0.00873189
-9.965    0.00873434
-9.964    0.00873679
-9.963    0.00873925
-9.962    0.0087417
-9.961    0.00874416
-9.96    0.00874662
-9.959    0.00874907
-9.958    0.00875153
-9.957    0.00875399
-9.956    0.00875646
-9.955    0.00875892
-9.954    0.00876138
-9.953    0.00876385
-9.952    0.00876631
-9.951    0.00876878
-9.95    0.00877125
-9.949    0.00877372
-9.948    0.00877619
-9.947    0.00877866
-9.946    0.00878113
-9.945    0.00878361
-9.944    0.00878608
-9.943    0.00878856
-9.942    0.00879103
-9.941    0.00879351
-9.94    0.00879599
-9.939    0.00879847
-9.938    0.00880095
-9.937    0.00880343
-9.936    0.00880592
-9.935    0.0088084
-9.934    0.00881089
-9.933    0.00881337
-9.932    0.00881586
-9.931    0.00881835
-9.93    0.00882084
-9.929    0.00882333
-9.928    0.00882582
-9.927    0.00882832
-9.926    0.00883081
-9.925    0.0088333
-9.924    0.0088358
-9.923    0.0088383
-9.922    0.0088408
-9.921    0.0088433
-9.92    0.0088458
-9.919    0.0088483
-9.918    0.0088508
-9.917    0.00885331
-9.916    0.00885581
-9.915    0.00885832
-9.914    0.00886082
-9.913    0.00886333
-9.912    0.00886584
-9.911    0.00886835
-9.91    0.00887086
-9.909    0.00887338
-9.908    0.00887589
-9.907    0.00887841
-9.906    0.00888092
-9.905    0.00888344
-9.904    0.00888596
-9.903    0.00888848
-9.902    0.008891
-9.901    0.00889352
-9.9    0.00889604
-9.899    0.00889857
-9.898    0.00890109
-9.897    0.00890362
-9.896    0.00890614
-9.895    0.00890867
-9.894    0.0089112
-9.893    0.00891373
-9.892    0.00891626
-9.891    0.0089188
-9.89    0.00892133
-9.889    0.00892387
-9.888    0.0089264
-9.887    0.00892894
-9.886    0.00893148
-9.885    0.00893402
-9.884    0.00893656
-9.883    0.0089391
-9.882    0.00894164
-9.881    0.00894419
-9.88    0.00894673
-9.879    0.00894928
-9.878    0.00895182
-9.877    0.00895437
-9.876    0.00895692
-9.875    0.00895947
-9.874    0.00896202
-9.873    0.00896458
-9.872    0.00896713
-9.871    0.00896969
-9.87    0.00897224
-9.869    0.0089748
-9.868    0.00897736
-9.867    0.00897992
-9.866    0.00898248
-9.865    0.00898504
-9.864    0.0089876
-9.863    0.00899017
-9.862    0.00899273
-9.861    0.0089953
-9.86    0.00899787
-9.859    0.00900044
-9.858    0.00900301
-9.857    0.00900558
-9.856    0.00900815
-9.855    0.00901072
-9.854    0.0090133
-9.853    0.00901587
-9.852    0.00901845
-9.851    0.00902103
-9.85    0.0090236
-9.849    0.00902619
-9.848    0.00902877
-9.847    0.00903135
-9.846    0.00903393
-9.845    0.00903652
-9.844    0.0090391
-9.843    0.00904169
-9.842    0.00904428
-9.841    0.00904687
-9.84    0.00904946
-9.839    0.00905205
-9.838    0.00905464
-9.837    0.00905724
-9.836    0.00905983
-9.835    0.00906243
-9.834    0.00906502
-9.833    0.00906762
-9.832    0.00907022
-9.831    0.00907282
-9.83    0.00907542
-9.829    0.00907803
-9.828    0.00908063
-9.827    0.00908324
-9.826    0.00908584
-9.825    0.00908845
-9.824    0.00909106
-9.823    0.00909367
-9.822    0.00909628
-9.821    0.00909889
-9.82    0.00910151
-9.819    0.00910412
-9.818    0.00910674
-9.817    0.00910935
-9.816    0.00911197
-9.815    0.00911459
-9.814    0.00911721
-9.813    0.00911983
-9.812    0.00912246
-9.811    0.00912508
-9.81    0.00912771
-9.809    0.00913033
-9.808    0.00913296
-9.807    0.00913559
-9.806    0.00913822
-9.805    0.00914085
-9.804    0.00914348
-9.803    0.00914611
-9.802    0.00914875
-9.801    0.00915138
-9.8    0.00915402
-9.799    0.00915666
-9.798    0.0091593
-9.797    0.00916194
-9.796    0.00916458
-9.795    0.00916722
-9.794    0.00916987
-9.793    0.00917251
-9.792    0.00917516
-9.791    0.00917781
-9.79    0.00918045
-9.789    0.0091831
-9.788    0.00918576
-9.787    0.00918841
-9.786    0.00919106
-9.785    0.00919372
-9.784    0.00919637
-9.783    0.00919903
-9.782    0.00920169
-9.781    0.00920435
-9.78    0.00920701
-9.779    0.00920967
-9.778    0.00921233
-9.777    0.00921499
-9.776    0.00921766
-9.775    0.00922033
-9.774    0.00922299
-9.773    0.00922566
-9.772    0.00922833
-9.771    0.009231
-9.77    0.00923368
-9.769    0.00923635
-9.768    0.00923903
-9.767    0.0092417
-9.766    0.00924438
-9.765    0.00924706
-9.764    0.00924974
-9.763    0.00925242
-9.762    0.0092551
-9.761    0.00925778
-9.76    0.00926047
-9.759    0.00926315
-9.758    0.00926584
-9.757    0.00926853
-9.756    0.00927122
-9.755    0.00927391
-9.754    0.0092766
-9.753    0.00927929
-9.752    0.00928199
-9.751    0.00928468
-9.75    0.00928738
-9.749    0.00929008
-9.748    0.00929278
-9.747    0.00929548
-9.746    0.00929818
-9.745    0.00930088
-9.744    0.00930358
-9.743    0.00930629
-9.742    0.009309
-9.741    0.0093117
-9.74    0.00931441
-9.739    0.00931712
-9.738    0.00931983
-9.737    0.00932254
-9.736    0.00932526
-9.735    0.00932797
-9.734    0.00933069
-9.733    0.00933341
-9.732    0.00933613
-9.731    0.00933884
-9.73    0.00934157
-9.729    0.00934429
-9.728    0.00934701
-9.727    0.00934974
-9.726    0.00935246
-9.725    0.00935519
-9.724    0.00935792
-9.723    0.00936065
-9.722    0.00936338
-9.721    0.00936611
-9.72    0.00936884
-9.719    0.00937158
-9.718    0.00937431
-9.717    0.00937705
-9.716    0.00937979
-9.715    0.00938253
-9.714    0.00938527
-9.713    0.00938801
-9.712    0.00939075
-9.711    0.0093935
-9.71    0.00939624
-9.709    0.00939899
-9.708    0.00940174
-9.707    0.00940449
-9.706    0.00940724
-9.705    0.00940999
-9.704    0.00941274
-9.703    0.0094155
-9.702    0.00941825
-9.701    0.00942101
-9.7    0.00942377
-9.699    0.00942653
-9.698    0.00942929
-9.697    0.00943205
-9.696    0.00943481
-9.695    0.00943758
-9.694    0.00944034
-9.693    0.00944311
-9.692    0.00944588
-9.691    0.00944865
-9.69    0.00945142
-9.689    0.00945419
-9.688    0.00945696
-9.687    0.00945974
-9.686    0.00946251
-9.685    0.00946529
-9.684    0.00946807
-9.683    0.00947085
-9.682    0.00947363
-9.681    0.00947641
-9.68    0.0094792
-9.679    0.00948198
-9.678    0.00948477
-9.677    0.00948755
-9.676    0.00949034
-9.675    0.00949313
-9.674    0.00949592
-9.673    0.00949871
-9.672    0.00950151
-9.671    0.0095043
-9.67    0.0095071
-9.669    0.0095099
-9.668    0.00951269
-9.667    0.00951549
-9.666    0.00951829
-9.665    0.0095211
-9.664    0.0095239
-9.663    0.00952671
-9.662    0.00952951
-9.661    0.00953232
-9.66    0.00953513
-9.659    0.00953794
-9.658    0.00954075
-9.657    0.00954356
-9.656    0.00954638
-9.655    0.00954919
-9.654    0.00955201
-9.653    0.00955483
-9.652    0.00955764
-9.651    0.00956046
-9.65    0.00956329
-9.649    0.00956611
-9.648    0.00956893
-9.647    0.00957176
-9.646    0.00957459
-9.645    0.00957741
-9.644    0.00958024
-9.643    0.00958307
-9.642    0.00958591
-9.641    0.00958874
-9.64    0.00959157
-9.639    0.00959441
-9.638    0.00959725
-9.637    0.00960009
-9.636    0.00960293
-9.635    0.00960577
-9.634    0.00960861
-9.633    0.00961145
-9.632    0.0096143
-9.631    0.00961714
-9.63    0.00961999
-9.629    0.00962284
-9.628    0.00962569
-9.627    0.00962854
-9.626    0.00963139
-9.625    0.00963425
-9.624    0.0096371
-9.623    0.00963996
-9.622    0.00964282
-9.621    0.00964568
-9.62    0.00964854
-9.619    0.0096514
-9.618    0.00965426
-9.617    0.00965713
-9.616    0.00966
-9.615    0.00966286
-9.614    0.00966573
-9.613    0.0096686
-9.612    0.00967147
-9.611    0.00967434
-9.61    0.00967722
-9.609    0.00968009
-9.608    0.00968297
-9.607    0.00968585
-9.606    0.00968873
-9.605    0.00969161
-9.604    0.00969449
-9.603    0.00969737
-9.602    0.00970026
-9.601    0.00970314
-9.6    0.00970603
-9.599    0.00970892
-9.598    0.00971181
-9.597    0.0097147
-9.596    0.00971759
-9.595    0.00972049
-9.594    0.00972338
-9.593    0.00972628
-9.592    0.00972918
-9.591    0.00973207
-9.59    0.00973498
-9.589    0.00973788
-9.588    0.00974078
-9.587    0.00974368
-9.586    0.00974659
-9.585    0.0097495
-9.584    0.00975241
-9.583    0.00975532
-9.582    0.00975823
-9.581    0.00976114
-9.58    0.00976405
-9.579    0.00976697
-9.578    0.00976989
-9.577    0.0097728
-9.576    0.00977572
-9.575    0.00977864
-9.574    0.00978157
-9.573    0.00978449
-9.572    0.00978741
-9.571    0.00979034
-9.57    0.00979327
-9.569    0.0097962
-9.568    0.00979913
-9.567    0.00980206
-9.566    0.00980499
-9.565    0.00980793
-9.564    0.00981086
-9.563    0.0098138
-9.562    0.00981674
-9.561    0.00981968
-9.56    0.00982262
-9.559    0.00982556
-9.558    0.0098285
-9.557    0.00983145
-9.556    0.00983439
-9.555    0.00983734
-9.554    0.00984029
-9.553    0.00984324
-9.552    0.00984619
-9.551    0.00984915
-9.55    0.0098521
-9.549    0.00985506
-9.548    0.00985802
-9.547    0.00986097
-9.546    0.00986394
-9.545    0.0098669
-9.544    0.00986986
-9.543    0.00987282
-9.542    0.00987579
-9.541    0.00987876
-9.54    0.00988173
-9.539    0.0098847
-9.538    0.00988767
-9.537    0.00989064
-9.536    0.00989361
-9.535    0.00989659
-9.534    0.00989957
-9.533    0.00990254
-9.532    0.00990552
-9.531    0.0099085
-9.53    0.00991149
-9.529    0.00991447
-9.528    0.00991746
-9.527    0.00992044
-9.526    0.00992343
-9.525    0.00992642
-9.524    0.00992941
-9.523    0.0099324
-9.522    0.0099354
-9.521    0.00993839
-9.52    0.00994139
-9.519    0.00994439
-9.518    0.00994738
-9.517    0.00995039
-9.516    0.00995339
-9.515    0.00995639
-9.514    0.0099594
-9.513    0.0099624
-9.512    0.00996541
-9.511    0.00996842
-9.51    0.00997143
-9.509    0.00997444
-9.508    0.00997745
-9.507    0.00998047
-9.506    0.00998348
-9.505    0.0099865
-9.504    0.00998952
-9.503    0.00999254
-9.502    0.00999556
-9.501    0.00999859
-9.5    0.0100016
-9.499    0.0100046
-9.498    0.0100077
-9.497    0.0100107
-9.496    0.0100137
-9.495    0.0100168
-9.494    0.0100198
-9.493    0.0100228
-9.492    0.0100259
-9.491    0.0100289
-9.49    0.0100319
-9.489    0.010035
-9.488    0.010038
-9.487    0.0100411
-9.486    0.0100441
-9.485    0.0100471
-9.484    0.0100502
-9.483    0.0100532
-9.482    0.0100563
-9.481    0.0100593
-9.48    0.0100624
-9.479    0.0100655
-9.478    0.0100685
-9.477    0.0100716
-9.476    0.0100746
-9.475    0.0100777
-9.474    0.0100807
-9.473    0.0100838
-9.472    0.0100869
-9.471    0.0100899
-9.47    0.010093
-9.469    0.0100961
-9.468    0.0100991
-9.467    0.0101022
-9.466    0.0101053
-9.465    0.0101084
-9.464    0.0101114
-9.463    0.0101145
-9.462    0.0101176
-9.461    0.0101207
-9.46    0.0101238
-9.459    0.0101268
-9.458    0.0101299
-9.457    0.010133
-9.456    0.0101361
-9.455    0.0101392
-9.454    0.0101423
-9.453    0.0101454
-9.452    0.0101485
-9.451    0.0101516
-9.45    0.0101547
-9.449    0.0101578
-9.448    0.0101609
-9.447    0.010164
-9.446    0.0101671
-9.445    0.0101702
-9.444    0.0101733
-9.443    0.0101764
-9.442    0.0101795
-9.441    0.0101826
-9.44    0.0101857
-9.439    0.0101888
-9.438    0.0101919
-9.437    0.0101951
-9.436    0.0101982
-9.435    0.0102013
-9.434    0.0102044
-9.433    0.0102075
-9.432    0.0102107
-9.431    0.0102138
-9.43    0.0102169
-9.429    0.01022
-9.428    0.0102232
-9.427    0.0102263
-9.426    0.0102294
-9.425    0.0102326
-9.424    0.0102357
-9.423    0.0102388
-9.422    0.010242
-9.421    0.0102451
-9.42    0.0102482
-9.419    0.0102514
-9.418    0.0102545
-9.417    0.0102577
-9.416    0.0102608
-9.415    0.010264
-9.414    0.0102671
-9.413    0.0102703
-9.412    0.0102734
-9.411    0.0102766
-9.41    0.0102797
-9.409    0.0102829
-9.408    0.0102861
-9.407    0.0102892
-9.406    0.0102924
-9.405    0.0102955
-9.404    0.0102987
-9.403    0.0103019
-9.402    0.010305
-9.401    0.0103082
-9.4    0.0103114
-9.399    0.0103146
-9.398    0.0103177
-9.397    0.0103209
-9.396    0.0103241
-9.395    0.0103273
-9.394    0.0103304
-9.393    0.0103336
-9.392    0.0103368
-9.391    0.01034
-9.39    0.0103432
-9.389    0.0103464
-9.388    0.0103496
-9.387    0.0103527
-9.386    0.0103559
-9.385    0.0103591
-9.384    0.0103623
-9.383    0.0103655
-9.382    0.0103687
-9.381    0.0103719
-9.38    0.0103751
-9.379    0.0103783
-9.378    0.0103815
-9.377    0.0103847
-9.376    0.0103879
-9.375    0.0103912
-9.374    0.0103944
-9.373    0.0103976
-9.372    0.0104008
-9.371    0.010404
-9.37    0.0104072
-9.369    0.0104104
-9.368    0.0104137
-9.367    0.0104169
-9.366    0.0104201
-9.365    0.0104233
-9.364    0.0104266
-9.363    0.0104298
-9.362    0.010433
-9.361    0.0104362
-9.36    0.0104395
-9.359    0.0104427
-9.358    0.0104459
-9.357    0.0104492
-9.356    0.0104524
-9.355    0.0104557
-9.354    0.0104589
-9.353    0.0104621
-9.352    0.0104654
-9.351    0.0104686
-9.35    0.0104719
-9.349    0.0104751
-9.348    0.0104784
-9.347    0.0104816
-9.346    0.0104849
-9.345    0.0104881
-9.344    0.0104914
-9.343    0.0104947
-9.342    0.0104979
-9.341    0.0105012
-9.34    0.0105044
-9.339    0.0105077
-9.338    0.010511
-9.337    0.0105142
-9.336    0.0105175
-9.335    0.0105208
-9.334    0.0105241
-9.333    0.0105273
-9.332    0.0105306
-9.331    0.0105339
-9.33    0.0105372
-9.329    0.0105404
-9.328    0.0105437
-9.327    0.010547
-9.326    0.0105503
-9.325    0.0105536
-9.324    0.0105569
-9.323    0.0105602
-9.322    0.0105635
-9.321    0.0105668
-9.32    0.01057
-9.319    0.0105733
-9.318    0.0105766
-9.317    0.0105799
-9.316    0.0105832
-9.315    0.0105865
-9.314    0.0105899
-9.313    0.0105932
-9.312    0.0105965
-9.311    0.0105998
-9.31    0.0106031
-9.309    0.0106064
-9.308    0.0106097
-9.307    0.010613
-9.306    0.0106163
-9.305    0.0106197
-9.304    0.010623
-9.303    0.0106263
-9.302    0.0106296
-9.301    0.010633
-9.3    0.0106363
-9.299    0.0106396
-9.298    0.0106429
-9.297    0.0106463
-9.296    0.0106496
-9.295    0.010653
-9.294    0.0106563
-9.293    0.0106596
-9.292    0.010663
-9.291    0.0106663
-9.29    0.0106697
-9.289    0.010673
-9.288    0.0106763
-9.287    0.0106797
-9.286    0.010683
-9.285    0.0106864
-9.284    0.0106897
-9.283    0.0106931
-9.282    0.0106965
-9.281    0.0106998
-9.28    0.0107032
-9.279    0.0107065
-9.278    0.0107099
-9.277    0.0107133
-9.276    0.0107166
-9.275    0.01072
-9.274    0.0107234
-9.273    0.0107267
-9.272    0.0107301
-9.271    0.0107335
-9.27    0.0107369
-9.269    0.0107402
-9.268    0.0107436
-9.267    0.010747
-9.266    0.0107504
-9.265    0.0107538
-9.264    0.0107572
-9.263    0.0107605
-9.262    0.0107639
-9.261    0.0107673
-9.26    0.0107707
-9.259    0.0107741
-9.258    0.0107775
-9.257    0.0107809
-9.256    0.0107843
-9.255    0.0107877
-9.254    0.0107911
-9.253    0.0107945
-9.252    0.0107979
-9.251    0.0108013
-9.25    0.0108047
-9.249    0.0108081
-9.248    0.0108116
-9.247    0.010815
-9.246    0.0108184
-9.245    0.0108218
-9.244    0.0108252
-9.243    0.0108287
-9.242    0.0108321
-9.241    0.0108355
-9.24    0.0108389
-9.239    0.0108424
-9.238    0.0108458
-9.237    0.0108492
-9.236    0.0108526
-9.235    0.0108561
-9.234    0.0108595
-9.233    0.010863
-9.232    0.0108664
-9.231    0.0108698
-9.23    0.0108733
-9.229    0.0108767
-9.228    0.0108802
-9.227    0.0108836
-9.226    0.0108871
-9.225    0.0108905
-9.224    0.010894
-9.223    0.0108974
-9.222    0.0109009
-9.221    0.0109043
-9.22    0.0109078
-9.219    0.0109113
-9.218    0.0109147
-9.217    0.0109182
-9.216    0.0109217
-9.215    0.0109251
-9.214    0.0109286
-9.213    0.0109321
-9.212    0.0109355
-9.211    0.010939
-9.21    0.0109425
-9.209    0.010946
-9.208    0.0109495
-9.207    0.0109529
-9.206    0.0109564
-9.205    0.0109599
-9.204    0.0109634
-9.203    0.0109669
-9.202    0.0109704
-9.201    0.0109739
-9.2    0.0109774
-9.199    0.0109809
-9.198    0.0109844
-9.197    0.0109879
-9.196    0.0109914
-9.195    0.0109949
-9.194    0.0109984
-9.193    0.0110019
-9.192    0.0110054
-9.191    0.0110089
-9.19    0.0110124
-9.189    0.0110159
-9.188    0.0110194
-9.187    0.0110229
-9.186    0.0110265
-9.185    0.01103
-9.184    0.0110335
-9.183    0.011037
-9.182    0.0110406
-9.181    0.0110441
-9.18    0.0110476
-9.179    0.0110511
-9.178    0.0110547
-9.177    0.0110582
-9.176    0.0110617
-9.175    0.0110653
-9.174    0.0110688
-9.173    0.0110724
-9.172    0.0110759
-9.171    0.0110795
-9.17    0.011083
-9.169    0.0110865
-9.168    0.0110901
-9.167    0.0110937
-9.166    0.0110972
-9.165    0.0111008
-9.164    0.0111043
-9.163    0.0111079
-9.162    0.0111114
-9.161    0.011115
-9.16    0.0111186
-9.159    0.0111221
-9.158    0.0111257
-9.157    0.0111293
-9.156    0.0111328
-9.155    0.0111364
-9.154    0.01114
-9.153    0.0111436
-9.152    0.0111471
-9.151    0.0111507
-9.15    0.0111543
-9.149    0.0111579
-9.148    0.0111615
-9.147    0.0111651
-9.146    0.0111687
-9.145    0.0111722
-9.144    0.0111758
-9.143    0.0111794
-9.142    0.011183
-9.141    0.0111866
-9.14    0.0111902
-9.139    0.0111938
-9.138    0.0111974
-9.137    0.011201
-9.136    0.0112046
-9.135    0.0112083
-9.134    0.0112119
-9.133    0.0112155
-9.132    0.0112191
-9.131    0.0112227
-9.13    0.0112263
-9.129    0.0112299
-9.128    0.0112336
-9.127    0.0112372
-9.126    0.0112408
-9.125    0.0112444
-9.124    0.0112481
-9.123    0.0112517
-9.122    0.0112553
-9.121    0.011259
-9.12    0.0112626
-9.119    0.0112662
-9.118    0.0112699
-9.117    0.0112735
-9.116    0.0112772
-9.115    0.0112808
-9.114    0.0112845
-9.113    0.0112881
-9.112    0.0112918
-9.111    0.0112954
-9.11    0.0112991
-9.109    0.0113027
-9.108    0.0113064
-9.107    0.01131
-9.106    0.0113137
-9.105    0.0113174
-9.104    0.011321
-9.103    0.0113247
-9.102    0.0113284
-9.101    0.011332
-9.1    0.0113357
-9.099    0.0113394
-9.098    0.0113431
-9.097    0.0113467
-9.096    0.0113504
-9.095    0.0113541
-9.094    0.0113578
-9.093    0.0113615
-9.092    0.0113652
-9.091    0.0113689
-9.09    0.0113726
-9.089    0.0113762
-9.088    0.0113799
-9.087    0.0113836
-9.086    0.0113873
-9.085    0.011391
-9.084    0.0113947
-9.083    0.0113984
-9.082    0.0114022
-9.081    0.0114059
-9.08    0.0114096
-9.079    0.0114133
-9.078    0.011417
-9.077    0.0114207
-9.076    0.0114244
-9.075    0.0114281
-9.074    0.0114319
-9.073    0.0114356
-9.072    0.0114393
-9.071    0.011443
-9.07    0.0114468
-9.069    0.0114505
-9.068    0.0114542
-9.067    0.011458
-9.066    0.0114617
-9.065    0.0114654
-9.064    0.0114692
-9.063    0.0114729
-9.062    0.0114767
-9.061    0.0114804
-9.06    0.0114842
-9.059    0.0114879
-9.058    0.0114917
-9.057    0.0114954
-9.056    0.0114992
-9.055    0.0115029
-9.054    0.0115067
-9.053    0.0115105
-9.052    0.0115142
-9.051    0.011518
-9.05    0.0115218
-9.049    0.0115255
-9.048    0.0115293
-9.047    0.0115331
-9.046    0.0115368
-9.045    0.0115406
-9.044    0.0115444
-9.043    0.0115482
-9.042    0.011552
-9.041    0.0115557
-9.04    0.0115595
-9.039    0.0115633
-9.038    0.0115671
-9.037    0.0115709
-9.036    0.0115747
-9.035    0.0115785
-9.034    0.0115823
-9.033    0.0115861
-9.032    0.0115899
-9.031    0.0115937
-9.03    0.0115975
-9.029    0.0116013
-9.028    0.0116051
-9.027    0.0116089
-9.026    0.0116127
-9.025    0.0116166
-9.024    0.0116204
-9.023    0.0116242
-9.022    0.011628
-9.021    0.0116318
-9.02    0.0116357
-9.019    0.0116395
-9.018    0.0116433
-9.017    0.0116471
-9.016    0.011651
-9.015    0.0116548
-9.014    0.0116587
-9.013    0.0116625
-9.012    0.0116663
-9.011    0.0116702
-9.01    0.011674
-9.009    0.0116779
-9.008    0.0116817
-9.007    0.0116856
-9.006    0.0116894
-9.005    0.0116933
-9.004    0.0116971
-9.003    0.011701
-9.002    0.0117048
-9.001    0.0117087
-9    0.0117126
-8.999    0.0117164
-8.998    0.0117203
-8.997    0.0117242
-8.996    0.0117281
-8.995    0.0117319
-8.994    0.0117358
-8.993    0.0117397
-8.992    0.0117436
-8.991    0.0117474
-8.99    0.0117513
-8.989    0.0117552
-8.988    0.0117591
-8.987    0.011763
-8.986    0.0117669
-8.985    0.0117708
-8.984    0.0117747
-8.983    0.0117786
-8.982    0.0117825
-8.981    0.0117864
-8.98    0.0117903
-8.979    0.0117942
-8.978    0.0117981
-8.977    0.011802
-8.976    0.0118059
-8.975    0.0118098
-8.974    0.0118138
-8.973    0.0118177
-8.972    0.0118216
-8.971    0.0118255
-8.97    0.0118294
-8.969    0.0118334
-8.968    0.0118373
-8.967    0.0118412
-8.966    0.0118452
-8.965    0.0118491
-8.964    0.011853
-8.963    0.011857
-8.962    0.0118609
-8.961    0.0118648
-8.96    0.0118688
-8.959    0.0118727
-8.958    0.0118767
-8.957    0.0118806
-8.956    0.0118846
-8.955    0.0118885
-8.954    0.0118925
-8.953    0.0118965
-8.952    0.0119004
-8.951    0.0119044
-8.95    0.0119084
-8.949    0.0119123
-8.948    0.0119163
-8.947    0.0119203
-8.946    0.0119242
-8.945    0.0119282
-8.944    0.0119322
-8.943    0.0119362
-8.942    0.0119401
-8.941    0.0119441
-8.94    0.0119481
-8.939    0.0119521
-8.938    0.0119561
-8.937    0.0119601
-8.936    0.0119641
-8.935    0.0119681
-8.934    0.0119721
-8.933    0.0119761
-8.932    0.0119801
-8.931    0.0119841
-8.93    0.0119881
-8.929    0.0119921
-8.928    0.0119961
-8.927    0.0120001
-8.926    0.0120041
-8.925    0.0120082
-8.924    0.0120122
-8.923    0.0120162
-8.922    0.0120202
-8.921    0.0120242
-8.92    0.0120283
-8.919    0.0120323
-8.918    0.0120363
-8.917    0.0120404
-8.916    0.0120444
-8.915    0.0120484
-8.914    0.0120525
-8.913    0.0120565
-8.912    0.0120606
-8.911    0.0120646
-8.91    0.0120687
-8.909    0.0120727
-8.908    0.0120768
-8.907    0.0120808
-8.906    0.0120849
-8.905    0.0120889
-8.904    0.012093
-8.903    0.0120971
-8.902    0.0121011
-8.901    0.0121052
-8.9    0.0121093
-8.899    0.0121133
-8.898    0.0121174
-8.897    0.0121215
-8.896    0.0121256
-8.895    0.0121296
-8.894    0.0121337
-8.893    0.0121378
-8.892    0.0121419
-8.891    0.012146
-8.89    0.0121501
-8.889    0.0121542
-8.888    0.0121583
-8.887    0.0121624
-8.886    0.0121665
-8.885    0.0121706
-8.884    0.0121747
-8.883    0.0121788
-8.882    0.0121829
-8.881    0.012187
-8.88    0.0121911
-8.879    0.0121952
-8.878    0.0121993
-8.877    0.0122035
-8.876    0.0122076
-8.875    0.0122117
-8.874    0.0122158
-8.873    0.01222
-8.872    0.0122241
-8.871    0.0122282
-8.87    0.0122324
-8.869    0.0122365
-8.868    0.0122406
-8.867    0.0122448
-8.866    0.0122489
-8.865    0.0122531
-8.864    0.0122572
-8.863    0.0122614
-8.862    0.0122655
-8.861    0.0122697
-8.86    0.0122738
-8.859    0.012278
-8.858    0.0122821
-8.857    0.0122863
-8.856    0.0122905
-8.855    0.0122946
-8.854    0.0122988
-8.853    0.012303
-8.852    0.0123071
-8.851    0.0123113
-8.85    0.0123155
-8.849    0.0123197
-8.848    0.0123239
-8.847    0.012328
-8.846    0.0123322
-8.845    0.0123364
-8.844    0.0123406
-8.843    0.0123448
-8.842    0.012349
-8.841    0.0123532
-8.84    0.0123574
-8.839    0.0123616
-8.838    0.0123658
-8.837    0.01237
-8.836    0.0123742
-8.835    0.0123784
-8.834    0.0123826
-8.833    0.0123869
-8.832    0.0123911
-8.831    0.0123953
-8.83    0.0123995
-8.829    0.0124037
-8.828    0.012408
-8.827    0.0124122
-8.826    0.0124164
-8.825    0.0124207
-8.824    0.0124249
-8.823    0.0124291
-8.822    0.0124334
-8.821    0.0124376
-8.82    0.0124419
-8.819    0.0124461
-8.818    0.0124504
-8.817    0.0124546
-8.816    0.0124589
-8.815    0.0124631
-8.814    0.0124674
-8.813    0.0124716
-8.812    0.0124759
-8.811    0.0124802
-8.81    0.0124844
-8.809    0.0124887
-8.808    0.012493
-8.807    0.0124973
-8.806    0.0125015
-8.805    0.0125058
-8.804    0.0125101
-8.803    0.0125144
-8.802    0.0125187
-8.801    0.0125229
-8.8    0.0125272
-8.799    0.0125315
-8.798    0.0125358
-8.797    0.0125401
-8.796    0.0125444
-8.795    0.0125487
-8.794    0.012553
-8.793    0.0125573
-8.792    0.0125616
-8.791    0.0125659
-8.79    0.0125703
-8.789    0.0125746
-8.788    0.0125789
-8.787    0.0125832
-8.786    0.0125875
-8.785    0.0125919
-8.784    0.0125962
-8.783    0.0126005
-8.782    0.0126049
-8.781    0.0126092
-8.78    0.0126135
-8.779    0.0126179
-8.778    0.0126222
-8.777    0.0126265
-8.776    0.0126309
-8.775    0.0126352
-8.774    0.0126396
-8.773    0.0126439
-8.772    0.0126483
-8.771    0.0126527
-8.77    0.012657
-8.769    0.0126614
-8.768    0.0126657
-8.767    0.0126701
-8.766    0.0126745
-8.765    0.0126788
-8.764    0.0126832
-8.763    0.0126876
-8.762    0.012692
-8.761    0.0126964
-8.76    0.0127007
-8.759    0.0127051
-8.758    0.0127095
-8.757    0.0127139
-8.756    0.0127183
-8.755    0.0127227
-8.754    0.0127271
-8.753    0.0127315
-8.752    0.0127359
-8.751    0.0127403
-8.75    0.0127447
-8.749    0.0127491
-8.748    0.0127535
-8.747    0.0127579
-8.746    0.0127623
-8.745    0.0127668
-8.744    0.0127712
-8.743    0.0127756
-8.742    0.01278
-8.741    0.0127845
-8.74    0.0127889
-8.739    0.0127933
-8.738    0.0127978
-8.737    0.0128022
-8.736    0.0128066
-8.735    0.0128111
-8.734    0.0128155
-8.733    0.01282
-8.732    0.0128244
-8.731    0.0128289
-8.73    0.0128333
-8.729    0.0128378
-8.728    0.0128422
-8.727    0.0128467
-8.726    0.0128512
-8.725    0.0128556
-8.724    0.0128601
-8.723    0.0128646
-8.722    0.012869
-8.721    0.0128735
-8.72    0.012878
-8.719    0.0128825
-8.718    0.012887
-8.717    0.0128915
-8.716    0.0128959
-8.715    0.0129004
-8.714    0.0129049
-8.713    0.0129094
-8.712    0.0129139
-8.711    0.0129184
-8.71    0.0129229
-8.709    0.0129274
-8.708    0.0129319
-8.707    0.0129364
-8.706    0.012941
-8.705    0.0129455
-8.704    0.01295
-8.703    0.0129545
-8.702    0.012959
-8.701    0.0129636
-8.7    0.0129681
-8.699    0.0129726
-8.698    0.0129771
-8.697    0.0129817
-8.696    0.0129862
-8.695    0.0129908
-8.694    0.0129953
-8.693    0.0129998
-8.692    0.0130044
-8.691    0.0130089
-8.69    0.0130135
-8.689    0.013018
-8.688    0.0130226
-8.687    0.0130272
-8.686    0.0130317
-8.685    0.0130363
-8.684    0.0130409
-8.683    0.0130454
-8.682    0.01305
-8.681    0.0130546
-8.68    0.0130591
-8.679    0.0130637
-8.678    0.0130683
-8.677    0.0130729
-8.676    0.0130775
-8.675    0.0130821
-8.674    0.0130867
-8.673    0.0130913
-8.672    0.0130959
-8.671    0.0131005
-8.67    0.0131051
-8.669    0.0131097
-8.668    0.0131143
-8.667    0.0131189
-8.666    0.0131235
-8.665    0.0131281
-8.664    0.0131327
-8.663    0.0131373
-8.662    0.013142
-8.661    0.0131466
-8.66    0.0131512
-8.659    0.0131558
-8.658    0.0131605
-8.657    0.0131651
-8.656    0.0131697
-8.655    0.0131744
-8.654    0.013179
-8.653    0.0131837
-8.652    0.0131883
-8.651    0.013193
-8.65    0.0131976
-8.649    0.0132023
-8.648    0.0132069
-8.647    0.0132116
-8.646    0.0132163
-8.645    0.0132209
-8.644    0.0132256
-8.643    0.0132303
-8.642    0.0132349
-8.641    0.0132396
-8.64    0.0132443
-8.639    0.013249
-8.638    0.0132537
-8.637    0.0132583
-8.636    0.013263
-8.635    0.0132677
-8.634    0.0132724
-8.633    0.0132771
-8.632    0.0132818
-8.631    0.0132865
-8.63    0.0132912
-8.629    0.0132959
-8.628    0.0133006
-8.627    0.0133053
-8.626    0.0133101
-8.625    0.0133148
-8.624    0.0133195
-8.623    0.0133242
-8.622    0.0133289
-8.621    0.0133337
-8.62    0.0133384
-8.619    0.0133431
-8.618    0.0133479
-8.617    0.0133526
-8.616    0.0133573
-8.615    0.0133621
-8.614    0.0133668
-8.613    0.0133716
-8.612    0.0133763
-8.611    0.0133811
-8.61    0.0133858
-8.609    0.0133906
-8.608    0.0133954
-8.607    0.0134001
-8.606    0.0134049
-8.605    0.0134097
-8.604    0.0134144
-8.603    0.0134192
-8.602    0.013424
-8.601    0.0134288
-8.6    0.0134335
-8.599    0.0134383
-8.598    0.0134431
-8.597    0.0134479
-8.596    0.0134527
-8.595    0.0134575
-8.594    0.0134623
-8.593    0.0134671
-8.592    0.0134719
-8.591    0.0134767
-8.59    0.0134815
-8.589    0.0134863
-8.588    0.0134911
-8.587    0.013496
-8.586    0.0135008
-8.585    0.0135056
-8.584    0.0135104
-8.583    0.0135153
-8.582    0.0135201
-8.581    0.0135249
-8.58    0.0135298
-8.579    0.0135346
-8.578    0.0135394
-8.577    0.0135443
-8.576    0.0135491
-8.575    0.013554
-8.574    0.0135588
-8.573    0.0135637
-8.572    0.0135685
-8.571    0.0135734
-8.57    0.0135783
-8.569    0.0135831
-8.568    0.013588
-8.567    0.0135929
-8.566    0.0135978
-8.565    0.0136026
-8.564    0.0136075
-8.563    0.0136124
-8.562    0.0136173
-8.561    0.0136222
-8.56    0.0136271
-8.559    0.0136319
-8.558    0.0136368
-8.557    0.0136417
-8.556    0.0136466
-8.555    0.0136515
-8.554    0.0136565
-8.553    0.0136614
-8.552    0.0136663
-8.551    0.0136712
-8.55    0.0136761
-8.549    0.013681
-8.548    0.0136859
-8.547    0.0136909
-8.546    0.0136958
-8.545    0.0137007
-8.544    0.0137057
-8.543    0.0137106
-8.542    0.0137155
-8.541    0.0137205
-8.54    0.0137254
-8.539    0.0137304
-8.538    0.0137353
-8.537    0.0137403
-8.536    0.0137452
-8.535    0.0137502
-8.534    0.0137552
-8.533    0.0137601
-8.532    0.0137651
-8.531    0.0137701
-8.53    0.013775
-8.529    0.01378
-8.528    0.013785
-8.527    0.01379
-8.526    0.013795
-8.525    0.0138
-8.524    0.0138049
-8.523    0.0138099
-8.522    0.0138149
-8.521    0.0138199
-8.52    0.0138249
-8.519    0.0138299
-8.518    0.0138349
-8.517    0.01384
-8.516    0.013845
-8.515    0.01385
-8.514    0.013855
-8.513    0.01386
-8.512    0.013865
-8.511    0.0138701
-8.51    0.0138751
-8.509    0.0138801
-8.508    0.0138852
-8.507    0.0138902
-8.506    0.0138952
-8.505    0.0139003
-8.504    0.0139053
-8.503    0.0139104
-8.502    0.0139154
-8.501    0.0139205
-8.5    0.0139256
-8.499    0.0139306
-8.498    0.0139357
-8.497    0.0139407
-8.496    0.0139458
-8.495    0.0139509
-8.494    0.013956
-8.493    0.013961
-8.492    0.0139661
-8.491    0.0139712
-8.49    0.0139763
-8.489    0.0139814
-8.488    0.0139865
-8.487    0.0139916
-8.486    0.0139967
-8.485    0.0140018
-8.484    0.0140069
-8.483    0.014012
-8.482    0.0140171
-8.481    0.0140222
-8.48    0.0140273
-8.479    0.0140324
-8.478    0.0140376
-8.477    0.0140427
-8.476    0.0140478
-8.475    0.0140529
-8.474    0.0140581
-8.473    0.0140632
-8.472    0.0140684
-8.471    0.0140735
-8.47    0.0140786
-8.469    0.0140838
-8.468    0.0140889
-8.467    0.0140941
-8.466    0.0140992
-8.465    0.0141044
-8.464    0.0141096
-8.463    0.0141147
-8.462    0.0141199
-8.461    0.0141251
-8.46    0.0141303
-8.459    0.0141354
-8.458    0.0141406
-8.457    0.0141458
-8.456    0.014151
-8.455    0.0141562
-8.454    0.0141614
-8.453    0.0141666
-8.452    0.0141718
-8.451    0.014177
-8.45    0.0141822
-8.449    0.0141874
-8.448    0.0141926
-8.447    0.0141978
-8.446    0.014203
-8.445    0.0142082
-8.444    0.0142134
-8.443    0.0142187
-8.442    0.0142239
-8.441    0.0142291
-8.44    0.0142344
-8.439    0.0142396
-8.438    0.0142448
-8.437    0.0142501
-8.436    0.0142553
-8.435    0.0142606
-8.434    0.0142658
-8.433    0.0142711
-8.432    0.0142763
-8.431    0.0142816
-8.43    0.0142869
-8.429    0.0142921
-8.428    0.0142974
-8.427    0.0143027
-8.426    0.014308
-8.425    0.0143132
-8.424    0.0143185
-8.423    0.0143238
-8.422    0.0143291
-8.421    0.0143344
-8.42    0.0143397
-8.419    0.014345
-8.418    0.0143503
-8.417    0.0143556
-8.416    0.0143609
-8.415    0.0143662
-8.414    0.0143715
-8.413    0.0143768
-8.412    0.0143821
-8.411    0.0143875
-8.41    0.0143928
-8.409    0.0143981
-8.408    0.0144034
-8.407    0.0144088
-8.406    0.0144141
-8.405    0.0144195
-8.404    0.0144248
-8.403    0.0144302
-8.402    0.0144355
-8.401    0.0144409
-8.4    0.0144462
-8.399    0.0144516
-8.398    0.0144569
-8.397    0.0144623
-8.396    0.0144677
-8.395    0.014473
-8.394    0.0144784
-8.393    0.0144838
-8.392    0.0144892
-8.391    0.0144946
-8.39    0.0144999
-8.389    0.0145053
-8.388    0.0145107
-8.387    0.0145161
-8.386    0.0145215
-8.385    0.0145269
-8.384    0.0145323
-8.383    0.0145377
-8.382    0.0145431
-8.381    0.0145486
-8.38    0.014554
-8.379    0.0145594
-8.378    0.0145648
-8.377    0.0145703
-8.376    0.0145757
-8.375    0.0145811
-8.374    0.0145866
-8.373    0.014592
-8.372    0.0145974
-8.371    0.0146029
-8.37    0.0146083
-8.369    0.0146138
-8.368    0.0146192
-8.367    0.0146247
-8.366    0.0146302
-8.365    0.0146356
-8.364    0.0146411
-8.363    0.0146466
-8.362    0.014652
-8.361    0.0146575
-8.36    0.014663
-8.359    0.0146685
-8.358    0.014674
-8.357    0.0146795
-8.356    0.014685
-8.355    0.0146905
-8.354    0.014696
-8.353    0.0147015
-8.352    0.014707
-8.351    0.0147125
-8.35    0.014718
-8.349    0.0147235
-8.348    0.014729
-8.347    0.0147346
-8.346    0.0147401
-8.345    0.0147456
-8.344    0.0147511
-8.343    0.0147567
-8.342    0.0147622
-8.341    0.0147678
-8.34    0.0147733
-8.339    0.0147789
-8.338    0.0147844
-8.337    0.01479
-8.336    0.0147955
-8.335    0.0148011
-8.334    0.0148067
-8.333    0.0148122
-8.332    0.0148178
-8.331    0.0148234
-8.33    0.014829
-8.329    0.0148345
-8.328    0.0148401
-8.327    0.0148457
-8.326    0.0148513
-8.325    0.0148569
-8.324    0.0148625
-8.323    0.0148681
-8.322    0.0148737
-8.321    0.0148793
-8.32    0.0148849
-8.319    0.0148905
-8.318    0.0148962
-8.317    0.0149018
-8.316    0.0149074
-8.315    0.014913
-8.314    0.0149187
-8.313    0.0149243
-8.312    0.0149299
-8.311    0.0149356
-8.31    0.0149412
-8.309    0.0149469
-8.308    0.0149525
-8.307    0.0149582
-8.306    0.0149638
-8.305    0.0149695
-8.304    0.0149752
-8.303    0.0149808
-8.302    0.0149865
-8.301    0.0149922
-8.3    0.0149978
-8.299    0.0150035
-8.298    0.0150092
-8.297    0.0150149
-8.296    0.0150206
-8.295    0.0150263
-8.294    0.015032
-8.293    0.0150377
-8.292    0.0150434
-8.291    0.0150491
-8.29    0.0150548
-8.289    0.0150605
-8.288    0.0150662
-8.287    0.015072
-8.286    0.0150777
-8.285    0.0150834
-8.284    0.0150892
-8.283    0.0150949
-8.282    0.0151006
-8.281    0.0151064
-8.28    0.0151121
-8.279    0.0151179
-8.278    0.0151236
-8.277    0.0151294
-8.276    0.0151351
-8.275    0.0151409
-8.274    0.0151467
-8.273    0.0151524
-8.272    0.0151582
-8.271    0.015164
-8.27    0.0151698
-8.269    0.0151755
-8.268    0.0151813
-8.267    0.0151871
-8.266    0.0151929
-8.265    0.0151987
-8.264    0.0152045
-8.263    0.0152103
-8.262    0.0152161
-8.261    0.0152219
-8.26    0.0152277
-8.259    0.0152336
-8.258    0.0152394
-8.257    0.0152452
-8.256    0.015251
-8.255    0.0152569
-8.254    0.0152627
-8.253    0.0152685
-8.252    0.0152744
-8.251    0.0152802
-8.25    0.0152861
-8.249    0.0152919
-8.248    0.0152978
-8.247    0.0153036
-8.246    0.0153095
-8.245    0.0153154
-8.244    0.0153212
-8.243    0.0153271
-8.242    0.015333
-8.241    0.0153389
-8.24    0.0153448
-8.239    0.0153506
-8.238    0.0153565
-8.237    0.0153624
-8.236    0.0153683
-8.235    0.0153742
-8.234    0.0153801
-8.233    0.015386
-8.232    0.015392
-8.231    0.0153979
-8.23    0.0154038
-8.229    0.0154097
-8.228    0.0154156
-8.227    0.0154216
-8.226    0.0154275
-8.225    0.0154334
-8.224    0.0154394
-8.223    0.0154453
-8.222    0.0154513
-8.221    0.0154572
-8.22    0.0154632
-8.219    0.0154691
-8.218    0.0154751
-8.217    0.0154811
-8.216    0.015487
-8.215    0.015493
-8.214    0.015499
-8.213    0.015505
-8.212    0.015511
-8.211    0.0155169
-8.21    0.0155229
-8.209    0.0155289
-8.208    0.0155349
-8.207    0.0155409
-8.206    0.0155469
-8.205    0.0155529
-8.204    0.015559
-8.203    0.015565
-8.202    0.015571
-8.201    0.015577
-8.2    0.015583
-8.199    0.0155891
-8.198    0.0155951
-8.197    0.0156011
-8.196    0.0156072
-8.195    0.0156132
-8.194    0.0156193
-8.193    0.0156253
-8.192    0.0156314
-8.191    0.0156375
-8.19    0.0156435
-8.189    0.0156496
-8.188    0.0156557
-8.187    0.0156617
-8.186    0.0156678
-8.185    0.0156739
-8.184    0.01568
-8.183    0.0156861
-8.182    0.0156922
-8.181    0.0156983
-8.18    0.0157044
-8.179    0.0157105
-8.178    0.0157166
-8.177    0.0157227
-8.176    0.0157288
-8.175    0.0157349
-8.174    0.015741
-8.173    0.0157472
-8.172    0.0157533
-8.171    0.0157594
-8.17    0.0157656
-8.169    0.0157717
-8.168    0.0157779
-8.167    0.015784
-8.166    0.0157902
-8.165    0.0157963
-8.164    0.0158025
-8.163    0.0158086
-8.162    0.0158148
-8.161    0.015821
-8.16    0.0158271
-8.159    0.0158333
-8.158    0.0158395
-8.157    0.0158457
-8.156    0.0158519
-8.155    0.0158581
-8.154    0.0158643
-8.153    0.0158705
-8.152    0.0158767
-8.151    0.0158829
-8.15    0.0158891
-8.149    0.0158953
-8.148    0.0159015
-8.147    0.0159078
-8.146    0.015914
-8.145    0.0159202
-8.144    0.0159265
-8.143    0.0159327
-8.142    0.0159389
-8.141    0.0159452
-8.14    0.0159514
-8.139    0.0159577
-8.138    0.015964
-8.137    0.0159702
-8.136    0.0159765
-8.135    0.0159828
-8.134    0.015989
-8.133    0.0159953
-8.132    0.0160016
-8.131    0.0160079
-8.13    0.0160142
-8.129    0.0160205
-8.128    0.0160268
-8.127    0.0160331
-8.126    0.0160394
-8.125    0.0160457
-8.124    0.016052
-8.123    0.0160583
-8.122    0.0160646
-8.121    0.0160709
-8.12    0.0160773
-8.119    0.0160836
-8.118    0.0160899
-8.117    0.0160963
-8.116    0.0161026
-8.115    0.016109
-8.114    0.0161153
-8.113    0.0161217
-8.112    0.016128
-8.111    0.0161344
-8.11    0.0161408
-8.109    0.0161471
-8.108    0.0161535
-8.107    0.0161599
-8.106    0.0161663
-8.105    0.0161727
-8.104    0.0161791
-8.103    0.0161854
-8.102    0.0161918
-8.101    0.0161982
-8.1    0.0162047
-8.099    0.0162111
-8.098    0.0162175
-8.097    0.0162239
-8.096    0.0162303
-8.095    0.0162367
-8.094    0.0162432
-8.093    0.0162496
-8.092    0.016256
-8.091    0.0162625
-8.09    0.0162689
-8.089    0.0162754
-8.088    0.0162818
-8.087    0.0162883
-8.086    0.0162948
-8.085    0.0163012
-8.084    0.0163077
-8.083    0.0163142
-8.082    0.0163207
-8.081    0.0163271
-8.08    0.0163336
-8.079    0.0163401
-8.078    0.0163466
-8.077    0.0163531
-8.076    0.0163596
-8.075    0.0163661
-8.074    0.0163726
-8.073    0.0163791
-8.072    0.0163857
-8.071    0.0163922
-8.07    0.0163987
-8.069    0.0164052
-8.068    0.0164118
-8.067    0.0164183
-8.066    0.0164249
-8.065    0.0164314
-8.064    0.0164379
-8.063    0.0164445
-8.062    0.0164511
-8.061    0.0164576
-8.06    0.0164642
-8.059    0.0164708
-8.058    0.0164773
-8.057    0.0164839
-8.056    0.0164905
-8.055    0.0164971
-8.054    0.0165037
-8.053    0.0165103
-8.052    0.0165169
-8.051    0.0165235
-8.05    0.0165301
-8.049    0.0165367
-8.048    0.0165433
-8.047    0.0165499
-8.046    0.0165566
-8.045    0.0165632
-8.044    0.0165698
-8.043    0.0165765
-8.042    0.0165831
-8.041    0.0165898
-8.04    0.0165964
-8.039    0.0166031
-8.038    0.0166097
-8.037    0.0166164
-8.036    0.016623
-8.035    0.0166297
-8.034    0.0166364
-8.033    0.0166431
-8.032    0.0166498
-8.031    0.0166564
-8.03    0.0166631
-8.029    0.0166698
-8.028    0.0166765
-8.027    0.0166832
-8.026    0.0166899
-8.025    0.0166967
-8.024    0.0167034
-8.023    0.0167101
-8.022    0.0167168
-8.021    0.0167235
-8.02    0.0167303
-8.019    0.016737
-8.018    0.0167438
-8.017    0.0167505
-8.016    0.0167573
-8.015    0.016764
-8.014    0.0167708
-8.013    0.0167775
-8.012    0.0167843
-8.011    0.0167911
-8.01    0.0167979
-8.009    0.0168046
-8.008    0.0168114
-8.007    0.0168182
-8.006    0.016825
-8.005    0.0168318
-8.004    0.0168386
-8.003    0.0168454
-8.002    0.0168522
-8.001    0.016859
-8    0.0168659
-7.999    0.0168727
-7.998    0.0168795
-7.997    0.0168863
-7.996    0.0168932
-7.995    0.0169
-7.994    0.0169069
-7.993    0.0169137
-7.992    0.0169206
-7.991    0.0169274
-7.99    0.0169343
-7.989    0.0169411
-7.988    0.016948
-7.987    0.0169549
-7.986    0.0169618
-7.985    0.0169687
-7.984    0.0169755
-7.983    0.0169824
-7.982    0.0169893
-7.981    0.0169962
-7.98    0.0170031
-7.979    0.0170101
-7.978    0.017017
-7.977    0.0170239
-7.976    0.0170308
-7.975    0.0170377
-7.974    0.0170447
-7.973    0.0170516
-7.972    0.0170586
-7.971    0.0170655
-7.97    0.0170724
-7.969    0.0170794
-7.968    0.0170864
-7.967    0.0170933
-7.966    0.0171003
-7.965    0.0171073
-7.964    0.0171142
-7.963    0.0171212
-7.962    0.0171282
-7.961    0.0171352
-7.96    0.0171422
-7.959    0.0171492
-7.958    0.0171562
-7.957    0.0171632
-7.956    0.0171702
-7.955    0.0171772
-7.954    0.0171843
-7.953    0.0171913
-7.952    0.0171983
-7.951    0.0172053
-7.95    0.0172124
-7.949    0.0172194
-7.948    0.0172265
-7.947    0.0172335
-7.946    0.0172406
-7.945    0.0172476
-7.944    0.0172547
-7.943    0.0172618
-7.942    0.0172689
-7.941    0.0172759
-7.94    0.017283
-7.939    0.0172901
-7.938    0.0172972
-7.937    0.0173043
-7.936    0.0173114
-7.935    0.0173185
-7.934    0.0173256
-7.933    0.0173327
-7.932    0.0173399
-7.931    0.017347
-7.93    0.0173541
-7.929    0.0173613
-7.928    0.0173684
-7.927    0.0173755
-7.926    0.0173827
-7.925    0.0173898
-7.924    0.017397
-7.923    0.0174042
-7.922    0.0174113
-7.921    0.0174185
-7.92    0.0174257
-7.919    0.0174329
-7.918    0.01744
-7.917    0.0174472
-7.916    0.0174544
-7.915    0.0174616
-7.914    0.0174688
-7.913    0.017476
-7.912    0.0174832
-7.911    0.0174905
-7.91    0.0174977
-7.909    0.0175049
-7.908    0.0175121
-7.907    0.0175194
-7.906    0.0175266
-7.905    0.0175339
-7.904    0.0175411
-7.903    0.0175484
-7.902    0.0175556
-7.901    0.0175629
-7.9    0.0175702
-7.899    0.0175774
-7.898    0.0175847
-7.897    0.017592
-7.896    0.0175993
-7.895    0.0176066
-7.894    0.0176139
-7.893    0.0176212
-7.892    0.0176285
-7.891    0.0176358
-7.89    0.0176431
-7.889    0.0176504
-7.888    0.0176578
-7.887    0.0176651
-7.886    0.0176724
-7.885    0.0176798
-7.884    0.0176871
-7.883    0.0176945
-7.882    0.0177018
-7.881    0.0177092
-7.88    0.0177165
-7.879    0.0177239
-7.878    0.0177313
-7.877    0.0177387
-7.876    0.017746
-7.875    0.0177534
-7.874    0.0177608
-7.873    0.0177682
-7.872    0.0177756
-7.871    0.017783
-7.87    0.0177904
-7.869    0.0177979
-7.868    0.0178053
-7.867    0.0178127
-7.866    0.0178201
-7.865    0.0178276
-7.864    0.017835
-7.863    0.0178425
-7.862    0.0178499
-7.861    0.0178574
-7.86    0.0178648
-7.859    0.0178723
-7.858    0.0178798
-7.857    0.0178872
-7.856    0.0178947
-7.855    0.0179022
-7.854    0.0179097
-7.853    0.0179172
-7.852    0.0179247
-7.851    0.0179322
-7.85    0.0179397
-7.849    0.0179472
-7.848    0.0179547
-7.847    0.0179623
-7.846    0.0179698
-7.845    0.0179773
-7.844    0.0179849
-7.843    0.0179924
-7.842    0.018
-7.841    0.0180075
-7.84    0.0180151
-7.839    0.0180226
-7.838    0.0180302
-7.837    0.0180378
-7.836    0.0180454
-7.835    0.0180529
-7.834    0.0180605
-7.833    0.0180681
-7.832    0.0180757
-7.831    0.0180833
-7.83    0.0180909
-7.829    0.0180986
-7.828    0.0181062
-7.827    0.0181138
-7.826    0.0181214
-7.825    0.0181291
-7.824    0.0181367
-7.823    0.0181443
-7.822    0.018152
-7.821    0.0181596
-7.82    0.0181673
-7.819    0.018175
-7.818    0.0181826
-7.817    0.0181903
-7.816    0.018198
-7.815    0.0182057
-7.814    0.0182134
-7.813    0.0182211
-7.812    0.0182288
-7.811    0.0182365
-7.81    0.0182442
-7.809    0.0182519
-7.808    0.0182596
-7.807    0.0182673
-7.806    0.0182751
-7.805    0.0182828
-7.804    0.0182905
-7.803    0.0182983
-7.802    0.018306
-7.801    0.0183138
-7.8    0.0183215
-7.799    0.0183293
-7.798    0.0183371
-7.797    0.0183449
-7.796    0.0183526
-7.795    0.0183604
-7.794    0.0183682
-7.793    0.018376
-7.792    0.0183838
-7.791    0.0183916
-7.79    0.0183994
-7.789    0.0184073
-7.788    0.0184151
-7.787    0.0184229
-7.786    0.0184307
-7.785    0.0184386
-7.784    0.0184464
-7.783    0.0184543
-7.782    0.0184621
-7.781    0.01847
-7.78    0.0184779
-7.779    0.0184857
-7.778    0.0184936
-7.777    0.0185015
-7.776    0.0185094
-7.775    0.0185173
-7.774    0.0185251
-7.773    0.018533
-7.772    0.018541
-7.771    0.0185489
-7.77    0.0185568
-7.769    0.0185647
-7.768    0.0185726
-7.767    0.0185806
-7.766    0.0185885
-7.765    0.0185964
-7.764    0.0186044
-7.763    0.0186124
-7.762    0.0186203
-7.761    0.0186283
-7.76    0.0186362
-7.759    0.0186442
-7.758    0.0186522
-7.757    0.0186602
-7.756    0.0186682
-7.755    0.0186762
-7.754    0.0186842
-7.753    0.0186922
-7.752    0.0187002
-7.751    0.0187082
-7.75    0.0187162
-7.749    0.0187243
-7.748    0.0187323
-7.747    0.0187403
-7.746    0.0187484
-7.745    0.0187564
-7.744    0.0187645
-7.743    0.0187726
-7.742    0.0187806
-7.741    0.0187887
-7.74    0.0187968
-7.739    0.0188049
-7.738    0.018813
-7.737    0.018821
-7.736    0.0188291
-7.735    0.0188372
-7.734    0.0188454
-7.733    0.0188535
-7.732    0.0188616
-7.731    0.0188697
-7.73    0.0188779
-7.729    0.018886
-7.728    0.0188941
-7.727    0.0189023
-7.726    0.0189104
-7.725    0.0189186
-7.724    0.0189268
-7.723    0.0189349
-7.722    0.0189431
-7.721    0.0189513
-7.72    0.0189595
-7.719    0.0189677
-7.718    0.0189759
-7.717    0.0189841
-7.716    0.0189923
-7.715    0.0190005
-7.714    0.0190087
-7.713    0.019017
-7.712    0.0190252
-7.711    0.0190334
-7.71    0.0190417
-7.709    0.0190499
-7.708    0.0190582
-7.707    0.0190664
-7.706    0.0190747
-7.705    0.019083
-7.704    0.0190912
-7.703    0.0190995
-7.702    0.0191078
-7.701    0.0191161
-7.7    0.0191244
-7.699    0.0191327
-7.698    0.019141
-7.697    0.0191493
-7.696    0.0191577
-7.695    0.019166
-7.694    0.0191743
-7.693    0.0191827
-7.692    0.019191
-7.691    0.0191993
-7.69    0.0192077
-7.689    0.0192161
-7.688    0.0192244
-7.687    0.0192328
-7.686    0.0192412
-7.685    0.0192496
-7.684    0.019258
-7.683    0.0192664
-7.682    0.0192748
-7.681    0.0192832
-7.68    0.0192916
-7.679    0.0193
-7.678    0.0193084
-7.677    0.0193168
-7.676    0.0193253
-7.675    0.0193337
-7.674    0.0193422
-7.673    0.0193506
-7.672    0.0193591
-7.671    0.0193675
-7.67    0.019376
-7.669    0.0193845
-7.668    0.019393
-7.667    0.0194015
-7.666    0.01941
-7.665    0.0194185
-7.664    0.019427
-7.663    0.0194355
-7.662    0.019444
-7.661    0.0194525
-7.66    0.019461
-7.659    0.0194696
-7.658    0.0194781
-7.657    0.0194867
-7.656    0.0194952
-7.655    0.0195038
-7.654    0.0195123
-7.653    0.0195209
-7.652    0.0195295
-7.651    0.0195381
-7.65    0.0195467
-7.649    0.0195552
-7.648    0.0195638
-7.647    0.0195725
-7.646    0.0195811
-7.645    0.0195897
-7.644    0.0195983
-7.643    0.0196069
-7.642    0.0196156
-7.641    0.0196242
-7.64    0.0196329
-7.639    0.0196415
-7.638    0.0196502
-7.637    0.0196588
-7.636    0.0196675
-7.635    0.0196762
-7.634    0.0196849
-7.633    0.0196936
-7.632    0.0197022
-7.631    0.0197109
-7.63    0.0197197
-7.629    0.0197284
-7.628    0.0197371
-7.627    0.0197458
-7.626    0.0197545
-7.625    0.0197633
-7.624    0.019772
-7.623    0.0197808
-7.622    0.0197895
-7.621    0.0197983
-7.62    0.0198071
-7.619    0.0198158
-7.618    0.0198246
-7.617    0.0198334
-7.616    0.0198422
-7.615    0.019851
-7.614    0.0198598
-7.613    0.0198686
-7.612    0.0198774
-7.611    0.0198862
-7.61    0.0198951
-7.609    0.0199039
-7.608    0.0199127
-7.607    0.0199216
-7.606    0.0199304
-7.605    0.0199393
-7.604    0.0199482
-7.603    0.019957
-7.602    0.0199659
-7.601    0.0199748
-7.6    0.0199837
-7.599    0.0199926
-7.598    0.0200015
-7.597    0.0200104
-7.596    0.0200193
-7.595    0.0200282
-7.594    0.0200372
-7.593    0.0200461
-7.592    0.020055
-7.591    0.020064
-7.59    0.0200729
-7.589    0.0200819
-7.588    0.0200908
-7.587    0.0200998
-7.586    0.0201088
-7.585    0.0201178
-7.584    0.0201268
-7.583    0.0201358
-7.582    0.0201448
-7.581    0.0201538
-7.58    0.0201628
-7.579    0.0201718
-7.578    0.0201808
-7.577    0.0201899
-7.576    0.0201989
-7.575    0.020208
-7.574    0.020217
-7.573    0.0202261
-7.572    0.0202351
-7.571    0.0202442
-7.57    0.0202533
-7.569    0.0202624
-7.568    0.0202715
-7.567    0.0202806
-7.566    0.0202897
-7.565    0.0202988
-7.564    0.0203079
-7.563    0.020317
-7.562    0.0203261
-7.561    0.0203353
-7.56    0.0203444
-7.559    0.0203536
-7.558    0.0203627
-7.557    0.0203719
-7.556    0.0203811
-7.555    0.0203902
-7.554    0.0203994
-7.553    0.0204086
-7.552    0.0204178
-7.551    0.020427
-7.55    0.0204362
-7.549    0.0204454
-7.548    0.0204546
-7.547    0.0204639
-7.546    0.0204731
-7.545    0.0204823
-7.544    0.0204916
-7.543    0.0205008
-7.542    0.0205101
-7.541    0.0205194
-7.54    0.0205286
-7.539    0.0205379
-7.538    0.0205472
-7.537    0.0205565
-7.536    0.0205658
-7.535    0.0205751
-7.534    0.0205844
-7.533    0.0205937
-7.532    0.020603
-7.531    0.0206124
-7.53    0.0206217
-7.529    0.0206311
-7.528    0.0206404
-7.527    0.0206498
-7.526    0.0206591
-7.525    0.0206685
-7.524    0.0206779
-7.523    0.0206873
-7.522    0.0206967
-7.521    0.0207061
-7.52    0.0207155
-7.519    0.0207249
-7.518    0.0207343
-7.517    0.0207437
-7.516    0.0207531
-7.515    0.0207626
-7.514    0.020772
-7.513    0.0207815
-7.512    0.0207909
-7.511    0.0208004
-7.51    0.0208099
-7.509    0.0208194
-7.508    0.0208288
-7.507    0.0208383
-7.506    0.0208478
-7.505    0.0208573
-7.504    0.0208668
-7.503    0.0208764
-7.502    0.0208859
-7.501    0.0208954
-7.5    0.020905
-7.499    0.0209145
-7.498    0.0209241
-7.497    0.0209336
-7.496    0.0209432
-7.495    0.0209528
-7.494    0.0209623
-7.493    0.0209719
-7.492    0.0209815
-7.491    0.0209911
-7.49    0.0210007
-7.489    0.0210104
-7.488    0.02102
-7.487    0.0210296
-7.486    0.0210392
-7.485    0.0210489
-7.484    0.0210585
-7.483    0.0210682
-7.482    0.0210779
-7.481    0.0210875
-7.48    0.0210972
-7.479    0.0211069
-7.478    0.0211166
-7.477    0.0211263
-7.476    0.021136
-7.475    0.0211457
-7.474    0.0211554
-7.473    0.0211651
-7.472    0.0211749
-7.471    0.0211846
-7.47    0.0211944
-7.469    0.0212041
-7.468    0.0212139
-7.467    0.0212236
-7.466    0.0212334
-7.465    0.0212432
-7.464    0.021253
-7.463    0.0212628
-7.462    0.0212726
-7.461    0.0212824
-7.46    0.0212922
-7.459    0.021302
-7.458    0.0213119
-7.457    0.0213217
-7.456    0.0213316
-7.455    0.0213414
-7.454    0.0213513
-7.453    0.0213611
-7.452    0.021371
-7.451    0.0213809
-7.45    0.0213908
-7.449    0.0214007
-7.448    0.0214106
-7.447    0.0214205
-7.446    0.0214304
-7.445    0.0214403
-7.444    0.0214503
-7.443    0.0214602
-7.442    0.0214702
-7.441    0.0214801
-7.44    0.0214901
-7.439    0.0215
-7.438    0.02151
-7.437    0.02152
-7.436    0.02153
-7.435    0.02154
-7.434    0.02155
-7.433    0.02156
-7.432    0.02157
-7.431    0.0215801
-7.43    0.0215901
-7.429    0.0216001
-7.428    0.0216102
-7.427    0.0216202
-7.426    0.0216303
-7.425    0.0216404
-7.424    0.0216504
-7.423    0.0216605
-7.422    0.0216706
-7.421    0.0216807
-7.42    0.0216908
-7.419    0.0217009
-7.418    0.0217111
-7.417    0.0217212
-7.416    0.0217313
-7.415    0.0217415
-7.414    0.0217516
-7.413    0.0217618
-7.412    0.021772
-7.411    0.0217821
-7.41    0.0217923
-7.409    0.0218025
-7.408    0.0218127
-7.407    0.0218229
-7.406    0.0218331
-7.405    0.0218433
-7.404    0.0218536
-7.403    0.0218638
-7.402    0.021874
-7.401    0.0218843
-7.4    0.0218945
-7.399    0.0219048
-7.398    0.0219151
-7.397    0.0219254
-7.396    0.0219356
-7.395    0.0219459
-7.394    0.0219562
-7.393    0.0219665
-7.392    0.0219769
-7.391    0.0219872
-7.39    0.0219975
-7.389    0.0220079
-7.388    0.0220182
-7.387    0.0220286
-7.386    0.0220389
-7.385    0.0220493
-7.384    0.0220597
-7.383    0.0220701
-7.382    0.0220805
-7.381    0.0220909
-7.38    0.0221013
-7.379    0.0221117
-7.378    0.0221221
-7.377    0.0221325
-7.376    0.022143
-7.375    0.0221534
-7.374    0.0221639
-7.373    0.0221743
-7.372    0.0221848
-7.371    0.0221953
-7.37    0.0222058
-7.369    0.0222163
-7.368    0.0222268
-7.367    0.0222373
-7.366    0.0222478
-7.365    0.0222583
-7.364    0.0222689
-7.363    0.0222794
-7.362    0.0222899
-7.361    0.0223005
-7.36    0.0223111
-7.359    0.0223216
-7.358    0.0223322
-7.357    0.0223428
-7.356    0.0223534
-7.355    0.022364
-7.354    0.0223746
-7.353    0.0223852
-7.352    0.0223959
-7.351    0.0224065
-7.35    0.0224171
-7.349    0.0224278
-7.348    0.0224384
-7.347    0.0224491
-7.346    0.0224598
-7.345    0.0224705
-7.344    0.0224812
-7.343    0.0224919
-7.342    0.0225026
-7.341    0.0225133
-7.34    0.022524
-7.339    0.0225347
-7.338    0.0225455
-7.337    0.0225562
-7.336    0.022567
-7.335    0.0225777
-7.334    0.0225885
-7.333    0.0225993
-7.332    0.0226101
-7.331    0.0226209
-7.33    0.0226317
-7.329    0.0226425
-7.328    0.0226533
-7.327    0.0226641
-7.326    0.022675
-7.325    0.0226858
-7.324    0.0226967
-7.323    0.0227075
-7.322    0.0227184
-7.321    0.0227293
-7.32    0.0227401
-7.319    0.022751
-7.318    0.0227619
-7.317    0.0227728
-7.316    0.0227838
-7.315    0.0227947
-7.314    0.0228056
-7.313    0.0228166
-7.312    0.0228275
-7.311    0.0228385
-7.31    0.0228494
-7.309    0.0228604
-7.308    0.0228714
-7.307    0.0228824
-7.306    0.0228934
-7.305    0.0229044
-7.304    0.0229154
-7.303    0.0229264
-7.302    0.0229375
-7.301    0.0229485
-7.3    0.0229595
-7.299    0.0229706
-7.298    0.0229817
-7.297    0.0229927
-7.296    0.0230038
-7.295    0.0230149
-7.294    0.023026
-7.293    0.0230371
-7.292    0.0230482
-7.291    0.0230594
-7.29    0.0230705
-7.289    0.0230816
-7.288    0.0230928
-7.287    0.0231039
-7.286    0.0231151
-7.285    0.0231263
-7.284    0.0231375
-7.283    0.0231487
-7.282    0.0231599
-7.281    0.0231711
-7.28    0.0231823
-7.279    0.0231935
-7.278    0.0232048
-7.277    0.023216
-7.276    0.0232273
-7.275    0.0232385
-7.274    0.0232498
-7.273    0.0232611
-7.272    0.0232723
-7.271    0.0232836
-7.27    0.0232949
-7.269    0.0233063
-7.268    0.0233176
-7.267    0.0233289
-7.266    0.0233402
-7.265    0.0233516
-7.264    0.0233629
-7.263    0.0233743
-7.262    0.0233857
-7.261    0.0233971
-7.26    0.0234084
-7.259    0.0234198
-7.258    0.0234313
-7.257    0.0234427
-7.256    0.0234541
-7.255    0.0234655
-7.254    0.023477
-7.253    0.0234884
-7.252    0.0234999
-7.251    0.0235113
-7.25    0.0235228
-7.249    0.0235343
-7.248    0.0235458
-7.247    0.0235573
-7.246    0.0235688
-7.245    0.0235803
-7.244    0.0235919
-7.243    0.0236034
-7.242    0.023615
-7.241    0.0236265
-7.24    0.0236381
-7.239    0.0236497
-7.238    0.0236612
-7.237    0.0236728
-7.236    0.0236844
-7.235    0.023696
-7.234    0.0237077
-7.233    0.0237193
-7.232    0.0237309
-7.231    0.0237426
-7.23    0.0237542
-7.229    0.0237659
-7.228    0.0237776
-7.227    0.0237892
-7.226    0.0238009
-7.225    0.0238126
-7.224    0.0238243
-7.223    0.0238361
-7.222    0.0238478
-7.221    0.0238595
-7.22    0.0238713
-7.219    0.023883
-7.218    0.0238948
-7.217    0.0239066
-7.216    0.0239183
-7.215    0.0239301
-7.214    0.0239419
-7.213    0.0239537
-7.212    0.0239656
-7.211    0.0239774
-7.21    0.0239892
-7.209    0.0240011
-7.208    0.0240129
-7.207    0.0240248
-7.206    0.0240367
-7.205    0.0240485
-7.204    0.0240604
-7.203    0.0240723
-7.202    0.0240842
-7.201    0.0240962
-7.2    0.0241081
-7.199    0.02412
-7.198    0.024132
-7.197    0.0241439
-7.196    0.0241559
-7.195    0.0241679
-7.194    0.0241798
-7.193    0.0241918
-7.192    0.0242038
-7.191    0.0242159
-7.19    0.0242279
-7.189    0.0242399
-7.188    0.0242519
-7.187    0.024264
-7.186    0.0242761
-7.185    0.0242881
-7.184    0.0243002
-7.183    0.0243123
-7.182    0.0243244
-7.181    0.0243365
-7.18    0.0243486
-7.179    0.0243607
-7.178    0.0243729
-7.177    0.024385
-7.176    0.0243972
-7.175    0.0244093
-7.174    0.0244215
-7.173    0.0244337
-7.172    0.0244459
-7.171    0.0244581
-7.17    0.0244703
-7.169    0.0244825
-7.168    0.0244947
-7.167    0.024507
-7.166    0.0245192
-7.165    0.0245315
-7.164    0.0245437
-7.163    0.024556
-7.162    0.0245683
-7.161    0.0245806
-7.16    0.0245929
-7.159    0.0246052
-7.158    0.0246176
-7.157    0.0246299
-7.156    0.0246422
-7.155    0.0246546
-7.154    0.024667
-7.153    0.0246793
-7.152    0.0246917
-7.151    0.0247041
-7.15    0.0247165
-7.149    0.0247289
-7.148    0.0247414
-7.147    0.0247538
-7.146    0.0247662
-7.145    0.0247787
-7.144    0.0247911
-7.143    0.0248036
-7.142    0.0248161
-7.141    0.0248286
-7.14    0.0248411
-7.139    0.0248536
-7.138    0.0248661
-7.137    0.0248787
-7.136    0.0248912
-7.135    0.0249038
-7.134    0.0249163
-7.133    0.0249289
-7.132    0.0249415
-7.131    0.0249541
-7.13    0.0249667
-7.129    0.0249793
-7.128    0.0249919
-7.127    0.0250045
-7.126    0.0250172
-7.125    0.0250298
-7.124    0.0250425
-7.123    0.0250552
-7.122    0.0250678
-7.121    0.0250805
-7.12    0.0250932
-7.119    0.0251059
-7.118    0.0251187
-7.117    0.0251314
-7.116    0.0251441
-7.115    0.0251569
-7.114    0.0251697
-7.113    0.0251824
-7.112    0.0251952
-7.111    0.025208
-7.11    0.0252208
-7.109    0.0252336
-7.108    0.0252464
-7.107    0.0252593
-7.106    0.0252721
-7.105    0.025285
-7.104    0.0252978
-7.103    0.0253107
-7.102    0.0253236
-7.101    0.0253365
-7.1    0.0253494
-7.099    0.0253623
-7.098    0.0253752
-7.097    0.0253882
-7.096    0.0254011
-7.095    0.0254141
-7.094    0.0254271
-7.093    0.02544
-7.092    0.025453
-7.091    0.025466
-7.09    0.025479
-7.089    0.025492
-7.088    0.0255051
-7.087    0.0255181
-7.086    0.0255312
-7.085    0.0255442
-7.084    0.0255573
-7.083    0.0255704
-7.082    0.0255835
-7.081    0.0255966
-7.08    0.0256097
-7.079    0.0256228
-7.078    0.025636
-7.077    0.0256491
-7.076    0.0256623
-7.075    0.0256754
-7.074    0.0256886
-7.073    0.0257018
-7.072    0.025715
-7.071    0.0257282
-7.07    0.0257414
-7.069    0.0257547
-7.068    0.0257679
-7.067    0.0257812
-7.066    0.0257944
-7.065    0.0258077
-7.064    0.025821
-7.063    0.0258343
-7.062    0.0258476
-7.061    0.0258609
-7.06    0.0258742
-7.059    0.0258876
-7.058    0.0259009
-7.057    0.0259143
-7.056    0.0259276
-7.055    0.025941
-7.054    0.0259544
-7.053    0.0259678
-7.052    0.0259812
-7.051    0.0259947
-7.05    0.0260081
-7.049    0.0260215
-7.048    0.026035
-7.047    0.0260485
-7.046    0.026062
-7.045    0.0260754
-7.044    0.0260889
-7.043    0.0261025
-7.042    0.026116
-7.041    0.0261295
-7.04    0.0261431
-7.039    0.0261566
-7.038    0.0261702
-7.037    0.0261838
-7.036    0.0261974
-7.035    0.026211
-7.034    0.0262246
-7.033    0.0262382
-7.032    0.0262518
-7.031    0.0262655
-7.03    0.0262791
-7.029    0.0262928
-7.028    0.0263065
-7.027    0.0263202
-7.026    0.0263339
-7.025    0.0263476
-7.024    0.0263613
-7.023    0.026375
-7.022    0.0263888
-7.021    0.0264025
-7.02    0.0264163
-7.019    0.0264301
-7.018    0.0264439
-7.017    0.0264577
-7.016    0.0264715
-7.015    0.0264853
-7.014    0.0264992
-7.013    0.026513
-7.012    0.0265269
-7.011    0.0265407
-7.01    0.0265546
-7.009    0.0265685
-7.008    0.0265824
-7.007    0.0265963
-7.006    0.0266103
-7.005    0.0266242
-7.004    0.0266382
-7.003    0.0266521
-7.002    0.0266661
-7.001    0.0266801
-7    0.0266941
-6.999    0.0267081
-6.998    0.0267221
-6.997    0.0267361
-6.996    0.0267502
-6.995    0.0267642
-6.994    0.0267783
-6.993    0.0267924
-6.992    0.0268065
-6.991    0.0268206
-6.99    0.0268347
-6.989    0.0268488
-6.988    0.0268629
-6.987    0.0268771
-6.986    0.0268913
-6.985    0.0269054
-6.984    0.0269196
-6.983    0.0269338
-6.982    0.026948
-6.981    0.0269622
-6.98    0.0269765
-6.979    0.0269907
-6.978    0.027005
-6.977    0.0270192
-6.976    0.0270335
-6.975    0.0270478
-6.974    0.0270621
-6.973    0.0270764
-6.972    0.0270907
-6.971    0.0271051
-6.97    0.0271194
-6.969    0.0271338
-6.968    0.0271481
-6.967    0.0271625
-6.966    0.0271769
-6.965    0.0271913
-6.964    0.0272058
-6.963    0.0272202
-6.962    0.0272346
-6.961    0.0272491
-6.96    0.0272636
-6.959    0.027278
-6.958    0.0272925
-6.957    0.027307
-6.956    0.0273216
-6.955    0.0273361
-6.954    0.0273506
-6.953    0.0273652
-6.952    0.0273798
-6.951    0.0273943
-6.95    0.0274089
-6.949    0.0274235
-6.948    0.0274381
-6.947    0.0274528
-6.946    0.0274674
-6.945    0.0274821
-6.944    0.0274967
-6.943    0.0275114
-6.942    0.0275261
-6.941    0.0275408
-6.94    0.0275555
-6.939    0.0275702
-6.938    0.027585
-6.937    0.0275997
-6.936    0.0276145
-6.935    0.0276292
-6.934    0.027644
-6.933    0.0276588
-6.932    0.0276736
-6.931    0.0276885
-6.93    0.0277033
-6.929    0.0277182
-6.928    0.027733
-6.927    0.0277479
-6.926    0.0277628
-6.925    0.0277777
-6.924    0.0277926
-6.923    0.0278075
-6.922    0.0278225
-6.921    0.0278374
-6.92    0.0278524
-6.919    0.0278673
-6.918    0.0278823
-6.917    0.0278973
-6.916    0.0279123
-6.915    0.0279274
-6.914    0.0279424
-6.913    0.0279575
-6.912    0.0279725
-6.911    0.0279876
-6.91    0.0280027
-6.909    0.0280178
-6.908    0.0280329
-6.907    0.028048
-6.906    0.0280632
-6.905    0.0280783
-6.904    0.0280935
-6.903    0.0281087
-6.902    0.0281239
-6.901    0.0281391
-6.9    0.0281543
-6.899    0.0281695
-6.898    0.0281848
-6.897    0.0282
-6.896    0.0282153
-6.895    0.0282306
-6.894    0.0282459
-6.893    0.0282612
-6.892    0.0282765
-6.891    0.0282919
-6.89    0.0283072
-6.889    0.0283226
-6.888    0.0283379
-6.887    0.0283533
-6.886    0.0283687
-6.885    0.0283841
-6.884    0.0283996
-6.883    0.028415
-6.882    0.0284305
-6.881    0.0284459
-6.88    0.0284614
-6.879    0.0284769
-6.878    0.0284924
-6.877    0.0285079
-6.876    0.0285235
-6.875    0.028539
-6.874    0.0285546
-6.873    0.0285701
-6.872    0.0285857
-6.871    0.0286013
-6.87    0.0286169
-6.869    0.0286326
-6.868    0.0286482
-6.867    0.0286639
-6.866    0.0286795
-6.865    0.0286952
-6.864    0.0287109
-6.863    0.0287266
-6.862    0.0287423
-6.861    0.0287581
-6.86    0.0287738
-6.859    0.0287896
-6.858    0.0288054
-6.857    0.0288211
-6.856    0.028837
-6.855    0.0288528
-6.854    0.0288686
-6.853    0.0288844
-6.852    0.0289003
-6.851    0.0289162
-6.85    0.0289321
-6.849    0.028948
-6.848    0.0289639
-6.847    0.0289798
-6.846    0.0289957
-6.845    0.0290117
-6.844    0.0290277
-6.843    0.0290436
-6.842    0.0290596
-6.841    0.0290756
-6.84    0.0290917
-6.839    0.0291077
-6.838    0.0291237
-6.837    0.0291398
-6.836    0.0291559
-6.835    0.029172
-6.834    0.0291881
-6.833    0.0292042
-6.832    0.0292203
-6.831    0.0292365
-6.83    0.0292527
-6.829    0.0292688
-6.828    0.029285
-6.827    0.0293012
-6.826    0.0293174
-6.825    0.0293337
-6.824    0.0293499
-6.823    0.0293662
-6.822    0.0293825
-6.821    0.0293987
-6.82    0.029415
-6.819    0.0294314
-6.818    0.0294477
-6.817    0.029464
-6.816    0.0294804
-6.815    0.0294968
-6.814    0.0295132
-6.813    0.0295296
-6.812    0.029546
-6.811    0.0295624
-6.81    0.0295789
-6.809    0.0295953
-6.808    0.0296118
-6.807    0.0296283
-6.806    0.0296448
-6.805    0.0296613
-6.804    0.0296779
-6.803    0.0296944
-6.802    0.029711
-6.801    0.0297275
-6.8    0.0297441
-6.799    0.0297607
-6.798    0.0297774
-6.797    0.029794
-6.796    0.0298106
-6.795    0.0298273
-6.794    0.029844
-6.793    0.0298607
-6.792    0.0298774
-6.791    0.0298941
-6.79    0.0299108
-6.789    0.0299276
-6.788    0.0299444
-6.787    0.0299611
-6.786    0.0299779
-6.785    0.0299948
-6.784    0.0300116
-6.783    0.0300284
-6.782    0.0300453
-6.781    0.0300622
-6.78    0.030079
-6.779    0.0300959
-6.778    0.0301129
-6.777    0.0301298
-6.776    0.0301467
-6.775    0.0301637
-6.774    0.0301807
-6.773    0.0301977
-6.772    0.0302147
-6.771    0.0302317
-6.77    0.0302487
-6.769    0.0302658
-6.768    0.0302828
-6.767    0.0302999
-6.766    0.030317
-6.765    0.0303341
-6.764    0.0303513
-6.763    0.0303684
-6.762    0.0303856
-6.761    0.0304027
-6.76    0.0304199
-6.759    0.0304371
-6.758    0.0304543
-6.757    0.0304716
-6.756    0.0304888
-6.755    0.0305061
-6.754    0.0305234
-6.753    0.0305407
-6.752    0.030558
-6.751    0.0305753
-6.75    0.0305926
-6.749    0.03061
-6.748    0.0306274
-6.747    0.0306448
-6.746    0.0306622
-6.745    0.0306796
-6.744    0.030697
-6.743    0.0307145
-6.742    0.0307319
-6.741    0.0307494
-6.74    0.0307669
-6.739    0.0307844
-6.738    0.030802
-6.737    0.0308195
-6.736    0.0308371
-6.735    0.0308546
-6.734    0.0308722
-6.733    0.0308898
-6.732    0.0309075
-6.731    0.0309251
-6.73    0.0309428
-6.729    0.0309604
-6.728    0.0309781
-6.727    0.0309958
-6.726    0.0310135
-6.725    0.0310313
-6.724    0.031049
-6.723    0.0310668
-6.722    0.0310846
-6.721    0.0311024
-6.72    0.0311202
-6.719    0.031138
-6.718    0.0311559
-6.717    0.0311737
-6.716    0.0311916
-6.715    0.0312095
-6.714    0.0312274
-6.713    0.0312453
-6.712    0.0312633
-6.711    0.0312812
-6.71    0.0312992
-6.709    0.0313172
-6.708    0.0313352
-6.707    0.0313532
-6.706    0.0313713
-6.705    0.0313893
-6.704    0.0314074
-6.703    0.0314255
-6.702    0.0314436
-6.701    0.0314617
-6.7    0.0314799
-6.699    0.031498
-6.698    0.0315162
-6.697    0.0315344
-6.696    0.0315526
-6.695    0.0315708
-6.694    0.0315891
-6.693    0.0316073
-6.692    0.0316256
-6.691    0.0316439
-6.69    0.0316622
-6.689    0.0316805
-6.688    0.0316988
-6.687    0.0317172
-6.686    0.0317356
-6.685    0.031754
-6.684    0.0317724
-6.683    0.0317908
-6.682    0.0318092
-6.681    0.0318277
-6.68    0.0318461
-6.679    0.0318646
-6.678    0.0318831
-6.677    0.0319017
-6.676    0.0319202
-6.675    0.0319388
-6.674    0.0319573
-6.673    0.0319759
-6.672    0.0319945
-6.671    0.0320132
-6.67    0.0320318
-6.669    0.0320505
-6.668    0.0320691
-6.667    0.0320878
-6.666    0.0321066
-6.665    0.0321253
-6.664    0.032144
-6.663    0.0321628
-6.662    0.0321816
-6.661    0.0322004
-6.66    0.0322192
-6.659    0.032238
-6.658    0.0322569
-6.657    0.0322757
-6.656    0.0322946
-6.655    0.0323135
-6.654    0.0323324
-6.653    0.0323514
-6.652    0.0323703
-6.651    0.0323893
-6.65    0.0324083
-6.649    0.0324273
-6.648    0.0324463
-6.647    0.0324654
-6.646    0.0324844
-6.645    0.0325035
-6.644    0.0325226
-6.643    0.0325417
-6.642    0.0325608
-6.641    0.03258
-6.64    0.0325991
-6.639    0.0326183
-6.638    0.0326375
-6.637    0.0326567
-6.636    0.032676
-6.635    0.0326952
-6.634    0.0327145
-6.633    0.0327338
-6.632    0.0327531
-6.631    0.0327724
-6.63    0.0327918
-6.629    0.0328111
-6.628    0.0328305
-6.627    0.0328499
-6.626    0.0328693
-6.625    0.0328888
-6.624    0.0329082
-6.623    0.0329277
-6.622    0.0329472
-6.621    0.0329667
-6.62    0.0329862
-6.619    0.0330057
-6.618    0.0330253
-6.617    0.0330449
-6.616    0.0330645
-6.615    0.0330841
-6.614    0.0331037
-6.613    0.0331234
-6.612    0.0331431
-6.611    0.0331627
-6.61    0.0331824
-6.609    0.0332022
-6.608    0.0332219
-6.607    0.0332417
-6.606    0.0332615
-6.605    0.0332813
-6.604    0.0333011
-6.603    0.0333209
-6.602    0.0333408
-6.601    0.0333607
-6.6    0.0333805
-6.599    0.0334005
-6.598    0.0334204
-6.597    0.0334403
-6.596    0.0334603
-6.595    0.0334803
-6.594    0.0335003
-6.593    0.0335203
-6.592    0.0335404
-6.591    0.0335604
-6.59    0.0335805
-6.589    0.0336006
-6.588    0.0336207
-6.587    0.0336409
-6.586    0.033661
-6.585    0.0336812
-6.584    0.0337014
-6.583    0.0337216
-6.582    0.0337418
-6.581    0.0337621
-6.58    0.0337824
-6.579    0.0338027
-6.578    0.033823
-6.577    0.0338433
-6.576    0.0338636
-6.575    0.033884
-6.574    0.0339044
-6.573    0.0339248
-6.572    0.0339452
-6.571    0.0339657
-6.57    0.0339861
-6.569    0.0340066
-6.568    0.0340271
-6.567    0.0340477
-6.566    0.0340682
-6.565    0.0340888
-6.564    0.0341093
-6.563    0.0341299
-6.562    0.0341506
-6.561    0.0341712
-6.56    0.0341919
-6.559    0.0342125
-6.558    0.0342332
-6.557    0.034254
-6.556    0.0342747
-6.555    0.0342955
-6.554    0.0343162
-6.553    0.034337
-6.552    0.0343579
-6.551    0.0343787
-6.55    0.0343996
-6.549    0.0344204
-6.548    0.0344413
-6.547    0.0344622
-6.546    0.0344832
-6.545    0.0345041
-6.544    0.0345251
-6.543    0.0345461
-6.542    0.0345671
-6.541    0.0345882
-6.54    0.0346092
-6.539    0.0346303
-6.538    0.0346514
-6.537    0.0346725
-6.536    0.0346937
-6.535    0.0347148
-6.534    0.034736
-6.533    0.0347572
-6.532    0.0347784
-6.531    0.0347997
-6.53    0.0348209
-6.529    0.0348422
-6.528    0.0348635
-6.527    0.0348849
-6.526    0.0349062
-6.525    0.0349276
-6.524    0.0349489
-6.523    0.0349704
-6.522    0.0349918
-6.521    0.0350132
-6.52    0.0350347
-6.519    0.0350562
-6.518    0.0350777
-6.517    0.0350992
-6.516    0.0351208
-6.515    0.0351423
-6.514    0.0351639
-6.513    0.0351856
-6.512    0.0352072
-6.511    0.0352288
-6.51    0.0352505
-6.509    0.0352722
-6.508    0.0352939
-6.507    0.0353157
-6.506    0.0353374
-6.505    0.0353592
-6.504    0.035381
-6.503    0.0354028
-6.502    0.0354247
-6.501    0.0354466
-6.5    0.0354684
-6.499    0.0354904
-6.498    0.0355123
-6.497    0.0355342
-6.496    0.0355562
-6.495    0.0355782
-6.494    0.0356002
-6.493    0.0356223
-6.492    0.0356443
-6.491    0.0356664
-6.49    0.0356885
-6.489    0.0357106
-6.488    0.0357328
-6.487    0.0357549
-6.486    0.0357771
-6.485    0.0357993
-6.484    0.0358216
-6.483    0.0358438
-6.482    0.0358661
-6.481    0.0358884
-6.48    0.0359107
-6.479    0.0359331
-6.478    0.0359554
-6.477    0.0359778
-6.476    0.0360002
-6.475    0.0360227
-6.474    0.0360451
-6.473    0.0360676
-6.472    0.0360901
-6.471    0.0361126
-6.47    0.0361351
-6.469    0.0361577
-6.468    0.0361803
-6.467    0.0362029
-6.466    0.0362255
-6.465    0.0362482
-6.464    0.0362708
-6.463    0.0362935
-6.462    0.0363163
-6.461    0.036339
-6.46    0.0363618
-6.459    0.0363846
-6.458    0.0364074
-6.457    0.0364302
-6.456    0.036453
-6.455    0.0364759
-6.454    0.0364988
-6.453    0.0365217
-6.452    0.0365447
-6.451    0.0365677
-6.45    0.0365906
-6.449    0.0366137
-6.448    0.0366367
-6.447    0.0366597
-6.446    0.0366828
-6.445    0.0367059
-6.444    0.0367291
-6.443    0.0367522
-6.442    0.0367754
-6.441    0.0367986
-6.44    0.0368218
-6.439    0.036845
-6.438    0.0368683
-6.437    0.0368916
-6.436    0.0369149
-6.435    0.0369382
-6.434    0.0369616
-6.433    0.036985
-6.432    0.0370084
-6.431    0.0370318
-6.43    0.0370553
-6.429    0.0370787
-6.428    0.0371022
-6.427    0.0371258
-6.426    0.0371493
-6.425    0.0371729
-6.424    0.0371965
-6.423    0.0372201
-6.422    0.0372437
-6.421    0.0372674
-6.42    0.0372911
-6.419    0.0373148
-6.418    0.0373385
-6.417    0.0373623
-6.416    0.0373861
-6.415    0.0374099
-6.414    0.0374337
-6.413    0.0374576
-6.412    0.0374814
-6.411    0.0375053
-6.41    0.0375293
-6.409    0.0375532
-6.408    0.0375772
-6.407    0.0376012
-6.406    0.0376252
-6.405    0.0376493
-6.404    0.0376733
-6.403    0.0376974
-6.402    0.0377215
-6.401    0.0377457
-6.4    0.0377699
-6.399    0.037794
-6.398    0.0378183
-6.397    0.0378425
-6.396    0.0378668
-6.395    0.0378911
-6.394    0.0379154
-6.393    0.0379397
-6.392    0.0379641
-6.391    0.0379885
-6.39    0.0380129
-6.389    0.0380373
-6.388    0.0380618
-6.387    0.0380863
-6.386    0.0381108
-6.385    0.0381353
-6.384    0.0381599
-6.383    0.0381845
-6.382    0.0382091
-6.381    0.0382337
-6.38    0.0382584
-6.379    0.0382831
-6.378    0.0383078
-6.377    0.0383325
-6.376    0.0383573
-6.375    0.0383821
-6.374    0.0384069
-6.373    0.0384317
-6.372    0.0384566
-6.371    0.0384815
-6.37    0.0385064
-6.369    0.0385314
-6.368    0.0385563
-6.367    0.0385813
-6.366    0.0386063
-6.365    0.0386314
-6.364    0.0386565
-6.363    0.0386815
-6.362    0.0387067
-6.361    0.0387318
-6.36    0.038757
-6.359    0.0387822
-6.358    0.0388074
-6.357    0.0388327
-6.356    0.0388579
-6.355    0.0388832
-6.354    0.0389086
-6.353    0.0389339
-6.352    0.0389593
-6.351    0.0389847
-6.35    0.0390101
-6.349    0.0390356
-6.348    0.0390611
-6.347    0.0390866
-6.346    0.0391121
-6.345    0.0391377
-6.344    0.0391633
-6.343    0.0391889
-6.342    0.0392145
-6.341    0.0392402
-6.34    0.0392659
-6.339    0.0392916
-6.338    0.0393174
-6.337    0.0393431
-6.336    0.039369
-6.335    0.0393948
-6.334    0.0394206
-6.333    0.0394465
-6.332    0.0394724
-6.331    0.0394984
-6.33    0.0395243
-6.329    0.0395503
-6.328    0.0395763
-6.327    0.0396024
-6.326    0.0396284
-6.325    0.0396545
-6.324    0.0396807
-6.323    0.0397068
-6.322    0.039733
-6.321    0.0397592
-6.32    0.0397854
-6.319    0.0398117
-6.318    0.039838
-6.317    0.0398643
-6.316    0.0398907
-6.315    0.039917
-6.314    0.0399434
-6.313    0.0399699
-6.312    0.0399963
-6.311    0.0400228
-6.31    0.0400493
-6.309    0.0400758
-6.308    0.0401024
-6.307    0.040129
-6.306    0.0401556
-6.305    0.0401823
-6.304    0.0402089
-6.303    0.0402356
-6.302    0.0402624
-6.301    0.0402891
-6.3    0.0403159
-6.299    0.0403427
-6.298    0.0403696
-6.297    0.0403965
-6.296    0.0404234
-6.295    0.0404503
-6.294    0.0404772
-6.293    0.0405042
-6.292    0.0405312
-6.291    0.0405583
-6.29    0.0405854
-6.289    0.0406125
-6.288    0.0406396
-6.287    0.0406667
-6.286    0.0406939
-6.285    0.0407211
-6.284    0.0407484
-6.283    0.0407757
-6.282    0.040803
-6.281    0.0408303
-6.28    0.0408576
-6.279    0.040885
-6.278    0.0409124
-6.277    0.0409399
-6.276    0.0409674
-6.275    0.0409949
-6.274    0.0410224
-6.273    0.04105
-6.272    0.0410776
-6.271    0.0411052
-6.27    0.0411328
-6.269    0.0411605
-6.268    0.0411882
-6.267    0.041216
-6.266    0.0412437
-6.265    0.0412715
-6.264    0.0412993
-6.263    0.0413272
-6.262    0.0413551
-6.261    0.041383
-6.26    0.0414109
-6.259    0.0414389
-6.258    0.0414669
-6.257    0.041495
-6.256    0.041523
-6.255    0.0415511
-6.254    0.0415792
-6.253    0.0416074
-6.252    0.0416356
-6.251    0.0416638
-6.25    0.041692
-6.249    0.0417203
-6.248    0.0417486
-6.247    0.041777
-6.246    0.0418053
-6.245    0.0418337
-6.244    0.0418622
-6.243    0.0418906
-6.242    0.0419191
-6.241    0.0419476
-6.24    0.0419762
-6.239    0.0420048
-6.238    0.0420334
-6.237    0.042062
-6.236    0.0420907
-6.235    0.0421194
-6.234    0.0421481
-6.233    0.0421769
-6.232    0.0422057
-6.231    0.0422345
-6.23    0.0422634
-6.229    0.0422923
-6.228    0.0423212
-6.227    0.0423501
-6.226    0.0423791
-6.225    0.0424081
-6.224    0.0424372
-6.223    0.0424663
-6.222    0.0424954
-6.221    0.0425245
-6.22    0.0425537
-6.219    0.0425829
-6.218    0.0426121
-6.217    0.0426414
-6.216    0.0426707
-6.215    0.0427
-6.214    0.0427294
-6.213    0.0427588
-6.212    0.0427882
-6.211    0.0428177
-6.21    0.0428472
-6.209    0.0428767
-6.208    0.0429062
-6.207    0.0429358
-6.206    0.0429654
-6.205    0.0429951
-6.204    0.0430248
-6.203    0.0430545
-6.202    0.0430842
-6.201    0.043114
-6.2    0.0431438
-6.199    0.0431737
-6.198    0.0432036
-6.197    0.0432335
-6.196    0.0432634
-6.195    0.0432934
-6.194    0.0433234
-6.193    0.0433534
-6.192    0.0433835
-6.191    0.0434136
-6.19    0.0434438
-6.189    0.043474
-6.188    0.0435042
-6.187    0.0435344
-6.186    0.0435647
-6.185    0.043595
-6.184    0.0436253
-6.183    0.0436557
-6.182    0.0436861
-6.181    0.0437165
-6.18    0.043747
-6.179    0.0437775
-6.178    0.0438081
-6.177    0.0438387
-6.176    0.0438693
-6.175    0.0438999
-6.174    0.0439306
-6.173    0.0439613
-6.172    0.043992
-6.171    0.0440228
-6.17    0.0440536
-6.169    0.0440845
-6.168    0.0441154
-6.167    0.0441463
-6.166    0.0441772
-6.165    0.0442082
-6.164    0.0442392
-6.163    0.0442703
-6.162    0.0443014
-6.161    0.0443325
-6.16    0.0443636
-6.159    0.0443948
-6.158    0.0444261
-6.157    0.0444573
-6.156    0.0444886
-6.155    0.0445199
-6.154    0.0445513
-6.153    0.0445827
-6.152    0.0446141
-6.151    0.0446456
-6.15    0.0446771
-6.149    0.0447087
-6.148    0.0447402
-6.147    0.0447718
-6.146    0.0448035
-6.145    0.0448352
-6.144    0.0448669
-6.143    0.0448986
-6.142    0.0449304
-6.141    0.0449623
-6.14    0.0449941
-6.139    0.045026
-6.138    0.0450579
-6.137    0.0450899
-6.136    0.0451219
-6.135    0.0451539
-6.134    0.045186
-6.133    0.0452181
-6.132    0.0452503
-6.131    0.0452824
-6.13    0.0453147
-6.129    0.0453469
-6.128    0.0453792
-6.127    0.0454115
-6.126    0.0454439
-6.125    0.0454763
-6.124    0.0455087
-6.123    0.0455412
-6.122    0.0455737
-6.121    0.0456063
-6.12    0.0456389
-6.119    0.0456715
-6.118    0.0457041
-6.117    0.0457368
-6.116    0.0457696
-6.115    0.0458023
-6.114    0.0458351
-6.113    0.045868
-6.112    0.0459008
-6.111    0.0459338
-6.11    0.0459667
-6.109    0.0459997
-6.108    0.0460327
-6.107    0.0460658
-6.106    0.0460989
-6.105    0.046132
-6.104    0.0461652
-6.103    0.0461984
-6.102    0.0462317
-6.101    0.046265
-6.1    0.0462983
-6.099    0.0463317
-6.098    0.0463651
-6.097    0.0463985
-6.096    0.046432
-6.095    0.0464655
-6.094    0.0464991
-6.093    0.0465327
-6.092    0.0465663
-6.091    0.0466
-6.09    0.0466337
-6.089    0.0466675
-6.088    0.0467013
-6.087    0.0467351
-6.086    0.046769
-6.085    0.0468029
-6.084    0.0468368
-6.083    0.0468708
-6.082    0.0469048
-6.081    0.0469389
-6.08    0.046973
-6.079    0.0470071
-6.078    0.0470413
-6.077    0.0470755
-6.076    0.0471098
-6.075    0.0471441
-6.074    0.0471784
-6.073    0.0472128
-6.072    0.0472472
-6.071    0.0472817
-6.07    0.0473162
-6.069    0.0473507
-6.068    0.0473853
-6.067    0.0474199
-6.066    0.0474545
-6.065    0.0474892
-6.064    0.047524
-6.063    0.0475587
-6.062    0.0475936
-6.061    0.0476284
-6.06    0.0476633
-6.059    0.0476982
-6.058    0.0477332
-6.057    0.0477682
-6.056    0.0478033
-6.055    0.0478384
-6.054    0.0478735
-6.053    0.0479087
-6.052    0.0479439
-6.051    0.0479792
-6.05    0.0480145
-6.049    0.0480499
-6.048    0.0480852
-6.047    0.0481207
-6.046    0.0481561
-6.045    0.0481917
-6.044    0.0482272
-6.043    0.0482628
-6.042    0.0482984
-6.041    0.0483341
-6.04    0.0483698
-6.039    0.0484056
-6.038    0.0484414
-6.037    0.0484772
-6.036    0.0485131
-6.035    0.048549
-6.034    0.048585
-6.033    0.048621
-6.032    0.0486571
-6.031    0.0486932
-6.03    0.0487293
-6.029    0.0487655
-6.028    0.0488017
-6.027    0.048838
-6.026    0.0488743
-6.025    0.0489106
-6.024    0.048947
-6.023    0.0489835
-6.022    0.04902
-6.021    0.0490565
-6.02    0.049093
-6.019    0.0491297
-6.018    0.0491663
-6.017    0.049203
-6.016    0.0492397
-6.015    0.0492765
-6.014    0.0493134
-6.013    0.0493502
-6.012    0.0493871
-6.011    0.0494241
-6.01    0.0494611
-6.009    0.0494981
-6.008    0.0495352
-6.007    0.0495724
-6.006    0.0496095
-6.005    0.0496468
-6.004    0.049684
-6.003    0.0497213
-6.002    0.0497587
-6.001    0.0497961
-6    0.0498335
-5.999    0.049871
-5.998    0.0499085
-5.997    0.0499461
-5.996    0.0499837
-5.995    0.0500214
-5.994    0.0500591
-5.993    0.0500969
-5.992    0.0501347
-5.991    0.0501725
-5.99    0.0502104
-5.989    0.0502484
-5.988    0.0502863
-5.987    0.0503244
-5.986    0.0503624
-5.985    0.0504006
-5.984    0.0504387
-5.983    0.0504769
-5.982    0.0505152
-5.981    0.0505535
-5.98    0.0505918
-5.979    0.0506302
-5.978    0.0506687
-5.977    0.0507072
-5.976    0.0507457
-5.975    0.0507843
-5.974    0.0508229
-5.973    0.0508616
-5.972    0.0509003
-5.971    0.050939
-5.97    0.0509779
-5.969    0.0510167
-5.968    0.0510556
-5.967    0.0510946
-5.966    0.0511336
-5.965    0.0511726
-5.964    0.0512117
-5.963    0.0512509
-5.962    0.05129
-5.961    0.0513293
-5.96    0.0513686
-5.959    0.0514079
-5.958    0.0514473
-5.957    0.0514867
-5.956    0.0515262
-5.955    0.0515657
-5.954    0.0516053
-5.953    0.0516449
-5.952    0.0516845
-5.951    0.0517243
-5.95    0.051764
-5.949    0.0518038
-5.948    0.0518437
-5.947    0.0518836
-5.946    0.0519236
-5.945    0.0519636
-5.944    0.0520036
-5.943    0.0520437
-5.942    0.0520839
-5.941    0.0521241
-5.94    0.0521643
-5.939    0.0522046
-5.938    0.052245
-5.937    0.0522854
-5.936    0.0523258
-5.935    0.0523663
-5.934    0.0524069
-5.933    0.0524475
-5.932    0.0524881
-5.931    0.0525288
-5.93    0.0525696
-5.929    0.0526104
-5.928    0.0526512
-5.927    0.0526921
-5.926    0.0527331
-5.925    0.052774
-5.924    0.0528151
-5.923    0.0528562
-5.922    0.0528973
-5.921    0.0529385
-5.92    0.0529798
-5.919    0.0530211
-5.918    0.0530625
-5.917    0.0531039
-5.916    0.0531453
-5.915    0.0531868
-5.914    0.0532284
-5.913    0.05327
-5.912    0.0533116
-5.911    0.0533534
-5.91    0.0533951
-5.909    0.0534369
-5.908    0.0534788
-5.907    0.0535207
-5.906    0.0535627
-5.905    0.0536047
-5.904    0.0536468
-5.903    0.0536889
-5.902    0.0537311
-5.901    0.0537733
-5.9    0.0538156
-5.899    0.053858
-5.898    0.0539004
-5.897    0.0539428
-5.896    0.0539853
-5.895    0.0540279
-5.894    0.0540705
-5.893    0.0541131
-5.892    0.0541558
-5.891    0.0541986
-5.89    0.0542414
-5.889    0.0542843
-5.888    0.0543272
-5.887    0.0543702
-5.886    0.0544132
-5.885    0.0544563
-5.884    0.0544994
-5.883    0.0545426
-5.882    0.0545859
-5.881    0.0546292
-5.88    0.0546725
-5.879    0.054716
-5.878    0.0547594
-5.877    0.0548029
-5.876    0.0548465
-5.875    0.0548901
-5.874    0.0549338
-5.873    0.0549776
-5.872    0.0550214
-5.871    0.0550652
-5.87    0.0551091
-5.869    0.0551531
-5.868    0.0551971
-5.867    0.0552412
-5.866    0.0552853
-5.865    0.0553295
-5.864    0.0553737
-5.863    0.055418
-5.862    0.0554624
-5.861    0.0555068
-5.86    0.0555513
-5.859    0.0555958
-5.858    0.0556404
-5.857    0.055685
-5.856    0.0557297
-5.855    0.0557744
-5.854    0.0558192
-5.853    0.0558641
-5.852    0.055909
-5.851    0.055954
-5.85    0.055999
-5.849    0.0560441
-5.848    0.0560893
-5.847    0.0561345
-5.846    0.0561798
-5.845    0.0562251
-5.844    0.0562705
-5.843    0.0563159
-5.842    0.0563614
-5.841    0.056407
-5.84    0.0564526
-5.839    0.0564982
-5.838    0.056544
-5.837    0.0565898
-5.836    0.0566356
-5.835    0.0566815
-5.834    0.0567275
-5.833    0.0567735
-5.832    0.0568196
-5.831    0.0568657
-5.83    0.0569119
-5.829    0.0569582
-5.828    0.0570045
-5.827    0.0570509
-5.826    0.0570974
-5.825    0.0571439
-5.824    0.0571904
-5.823    0.057237
-5.822    0.0572837
-5.821    0.0573305
-5.82    0.0573773
-5.819    0.0574241
-5.818    0.0574711
-5.817    0.057518
-5.816    0.0575651
-5.815    0.0576122
-5.814    0.0576594
-5.813    0.0577066
-5.812    0.0577539
-5.811    0.0578012
-5.81    0.0578487
-5.809    0.0578961
-5.808    0.0579437
-5.807    0.0579913
-5.806    0.0580389
-5.805    0.0580867
-5.804    0.0581344
-5.803    0.0581823
-5.802    0.0582302
-5.801    0.0582782
-5.8    0.0583262
-5.799    0.0583743
-5.798    0.0584225
-5.797    0.0584707
-5.796    0.058519
-5.795    0.0585673
-5.794    0.0586157
-5.793    0.0586642
-5.792    0.0587128
-5.791    0.0587614
-5.79    0.05881
-5.789    0.0588588
-5.788    0.0589076
-5.787    0.0589564
-5.786    0.0590054
-5.785    0.0590543
-5.784    0.0591034
-5.783    0.0591525
-5.782    0.0592017
-5.781    0.059251
-5.78    0.0593003
-5.779    0.0593496
-5.778    0.0593991
-5.777    0.0594486
-5.776    0.0594982
-5.775    0.0595478
-5.774    0.0595975
-5.773    0.0596473
-5.772    0.0596971
-5.771    0.059747
-5.77    0.059797
-5.769    0.059847
-5.768    0.0598971
-5.767    0.0599473
-5.766    0.0599975
-5.765    0.0600478
-5.764    0.0600982
-5.763    0.0601487
-5.762    0.0601992
-5.761    0.0602497
-5.76    0.0603004
-5.759    0.0603511
-5.758    0.0604018
-5.757    0.0604527
-5.756    0.0605036
-5.755    0.0605546
-5.754    0.0606056
-5.753    0.0606567
-5.752    0.0607079
-5.751    0.0607592
-5.75    0.0608105
-5.749    0.0608619
-5.748    0.0609133
-5.747    0.0609649
-5.746    0.0610165
-5.745    0.0610681
-5.744    0.0611198
-5.743    0.0611717
-5.742    0.0612235
-5.741    0.0612755
-5.74    0.0613275
-5.739    0.0613796
-5.738    0.0614317
-5.737    0.0614839
-5.736    0.0615362
-5.735    0.0615886
-5.734    0.061641
-5.733    0.0616935
-5.732    0.0617461
-5.731    0.0617988
-5.73    0.0618515
-5.729    0.0619043
-5.728    0.0619571
-5.727    0.0620101
-5.726    0.0620631
-5.725    0.0621162
-5.724    0.0621693
-5.723    0.0622225
-5.722    0.0622758
-5.721    0.0623292
-5.72    0.0623826
-5.719    0.0624361
-5.718    0.0624897
-5.717    0.0625434
-5.716    0.0625971
-5.715    0.0626509
-5.714    0.0627048
-5.713    0.0627587
-5.712    0.0628128
-5.711    0.0628669
-5.71    0.062921
-5.709    0.0629753
-5.708    0.0630296
-5.707    0.063084
-5.706    0.0631385
-5.705    0.063193
-5.704    0.0632476
-5.703    0.0633023
-5.702    0.0633571
-5.701    0.0634119
-5.7    0.0634669
-5.699    0.0635219
-5.698    0.0635769
-5.697    0.0636321
-5.696    0.0636873
-5.695    0.0637426
-5.694    0.063798
-5.693    0.0638534
-5.692    0.063909
-5.691    0.0639646
-5.69    0.0640202
-5.689    0.064076
-5.688    0.0641318
-5.687    0.0641877
-5.686    0.0642437
-5.685    0.0642998
-5.684    0.0643559
-5.683    0.0644122
-5.682    0.0644685
-5.681    0.0645249
-5.68    0.0645813
-5.679    0.0646378
-5.678    0.0646945
-5.677    0.0647512
-5.676    0.0648079
-5.675    0.0648648
-5.674    0.0649217
-5.673    0.0649787
-5.672    0.0650358
-5.671    0.065093
-5.67    0.0651502
-5.669    0.0652076
-5.668    0.065265
-5.667    0.0653225
-5.666    0.06538
-5.665    0.0654377
-5.664    0.0654954
-5.663    0.0655532
-5.662    0.0656111
-5.661    0.0656691
-5.66    0.0657271
-5.659    0.0657853
-5.658    0.0658435
-5.657    0.0659018
-5.656    0.0659602
-5.655    0.0660186
-5.654    0.0660772
-5.653    0.0661358
-5.652    0.0661945
-5.651    0.0662533
-5.65    0.0663122
-5.649    0.0663712
-5.648    0.0664302
-5.647    0.0664893
-5.646    0.0665486
-5.645    0.0666078
-5.644    0.0666672
-5.643    0.0667267
-5.642    0.0667862
-5.641    0.0668459
-5.64    0.0669056
-5.639    0.0669654
-5.638    0.0670253
-5.637    0.0670852
-5.636    0.0671453
-5.635    0.0672054
-5.634    0.0672657
-5.633    0.067326
-5.632    0.0673864
-5.631    0.0674469
-5.63    0.0675074
-5.629    0.0675681
-5.628    0.0676288
-5.627    0.0676897
-5.626    0.0677506
-5.625    0.0678116
-5.624    0.0678727
-5.623    0.0679339
-5.622    0.0679951
-5.621    0.0680565
-5.62    0.0681179
-5.619    0.0681795
-5.618    0.0682411
-5.617    0.0683028
-5.616    0.0683646
-5.615    0.0684265
-5.614    0.0684885
-5.613    0.0685505
-5.612    0.0686127
-5.611    0.0686749
-5.61    0.0687372
-5.609    0.0687997
-5.608    0.0688622
-5.607    0.0689248
-5.606    0.0689875
-5.605    0.0690503
-5.604    0.0691131
-5.603    0.0691761
-5.602    0.0692392
-5.601    0.0693023
-5.6    0.0693656
-5.599    0.0694289
-5.598    0.0694923
-5.597    0.0695558
-5.596    0.0696194
-5.595    0.0696831
-5.594    0.0697469
-5.593    0.0698108
-5.592    0.0698748
-5.591    0.0699389
-5.59    0.070003
-5.589    0.0700673
-5.588    0.0701316
-5.587    0.0701961
-5.586    0.0702606
-5.585    0.0703253
-5.584    0.07039
-5.583    0.0704548
-5.582    0.0705197
-5.581    0.0705848
-5.58    0.0706499
-5.579    0.0707151
-5.578    0.0707804
-5.577    0.0708458
-5.576    0.0709113
-5.575    0.0709769
-5.574    0.0710425
-5.573    0.0711083
-5.572    0.0711742
-5.571    0.0712402
-5.57    0.0713063
-5.569    0.0713724
-5.568    0.0714387
-5.567    0.0715051
-5.566    0.0715715
-5.565    0.0716381
-5.564    0.0717048
-5.563    0.0717715
-5.562    0.0718384
-5.561    0.0719053
-5.56    0.0719724
-5.559    0.0720396
-5.558    0.0721068
-5.557    0.0721742
-5.556    0.0722416
-5.555    0.0723092
-5.554    0.0723768
-5.553    0.0724446
-5.552    0.0725125
-5.551    0.0725804
-5.55    0.0726485
-5.549    0.0727166
-5.548    0.0727849
-5.547    0.0728533
-5.546    0.0729217
-5.545    0.0729903
-5.544    0.073059
-5.543    0.0731278
-5.542    0.0731966
-5.541    0.0732656
-5.54    0.0733347
-5.539    0.0734039
-5.538    0.0734732
-5.537    0.0735426
-5.536    0.0736121
-5.535    0.0736817
-5.534    0.0737514
-5.533    0.0738212
-5.532    0.0738911
-5.531    0.0739612
-5.53    0.0740313
-5.529    0.0741015
-5.528    0.0741719
-5.527    0.0742423
-5.526    0.0743129
-5.525    0.0743836
-5.524    0.0744543
-5.523    0.0745252
-5.522    0.0745962
-5.521    0.0746673
-5.52    0.0747385
-5.519    0.0748098
-5.518    0.0748812
-5.517    0.0749527
-5.516    0.0750244
-5.515    0.0750961
-5.514    0.075168
-5.513    0.0752399
-5.512    0.075312
-5.511    0.0753842
-5.51    0.0754565
-5.509    0.0755289
-5.508    0.0756014
-5.507    0.075674
-5.506    0.0757467
-5.505    0.0758196
-5.504    0.0758925
-5.503    0.0759656
-5.502    0.0760388
-5.501    0.0761121
-5.5    0.0761855
-5.499    0.076259
-5.498    0.0763326
-5.497    0.0764064
-5.496    0.0764802
-5.495    0.0765542
-5.494    0.0766283
-5.493    0.0767025
-5.492    0.0767768
-5.491    0.0768512
-5.49    0.0769258
-5.489    0.0770004
-5.488    0.0770752
-5.487    0.0771501
-5.486    0.0772251
-5.485    0.0773002
-5.484    0.0773754
-5.483    0.0774508
-5.482    0.0775263
-5.481    0.0776018
-5.48    0.0776775
-5.479    0.0777534
-5.478    0.0778293
-5.477    0.0779054
-5.476    0.0779815
-5.475    0.0780578
-5.474    0.0781343
-5.473    0.0782108
-5.472    0.0782874
-5.471    0.0783642
-5.47    0.0784411
-5.469    0.0785181
-5.468    0.0785952
-5.467    0.0786725
-5.466    0.0787499
-5.465    0.0788274
-5.464    0.078905
-5.463    0.0789827
-5.462    0.0790606
-5.461    0.0791386
-5.46    0.0792167
-5.459    0.0792949
-5.458    0.0793732
-5.457    0.0794517
-5.456    0.0795303
-5.455    0.079609
-5.454    0.0796879
-5.453    0.0797669
-5.452    0.0798459
-5.451    0.0799252
-5.45    0.0800045
-5.449    0.080084
-5.448    0.0801636
-5.447    0.0802433
-5.446    0.0803231
-5.445    0.0804031
-5.444    0.0804832
-5.443    0.0805635
-5.442    0.0806438
-5.441    0.0807243
-5.44    0.0808049
-5.439    0.0808856
-5.438    0.0809665
-5.437    0.0810475
-5.436    0.0811286
-5.435    0.0812099
-5.434    0.0812913
-5.433    0.0813728
-5.432    0.0814544
-5.431    0.0815362
-5.43    0.0816181
-5.429    0.0817002
-5.428    0.0817823
-5.427    0.0818646
-5.426    0.0819471
-5.425    0.0820296
-5.424    0.0821123
-5.423    0.0821952
-5.422    0.0822781
-5.421    0.0823612
-5.42    0.0824445
-5.419    0.0825278
-5.418    0.0826113
-5.417    0.082695
-5.416    0.0827787
-5.415    0.0828626
-5.414    0.0829467
-5.413    0.0830308
-5.412    0.0831152
-5.411    0.0831996
-5.41    0.0832842
-5.409    0.0833689
-5.408    0.0834538
-5.407    0.0835388
-5.406    0.0836239
-5.405    0.0837092
-5.404    0.0837946
-5.403    0.0838801
-5.402    0.0839658
-5.401    0.0840517
-5.4    0.0841376
-5.399    0.0842237
-5.398    0.08431
-5.397    0.0843964
-5.396    0.0844829
-5.395    0.0845696
-5.394    0.0846564
-5.393    0.0847434
-5.392    0.0848305
-5.391    0.0849177
-5.39    0.0850051
-5.389    0.0850926
-5.388    0.0851803
-5.387    0.0852681
-5.386    0.0853561
-5.385    0.0854442
-5.384    0.0855324
-5.383    0.0856208
-5.382    0.0857094
-5.381    0.0857981
-5.38    0.0858869
-5.379    0.0859759
-5.378    0.086065
-5.377    0.0861543
-5.376    0.0862437
-5.375    0.0863333
-5.374    0.086423
-5.373    0.0865129
-5.372    0.0866029
-5.371    0.0866931
-5.37    0.0867834
-5.369    0.0868738
-5.368    0.0869645
-5.367    0.0870552
-5.366    0.0871462
-5.365    0.0872372
-5.364    0.0873284
-5.363    0.0874198
-5.362    0.0875113
-5.361    0.087603
-5.36    0.0876949
-5.359    0.0877868
-5.358    0.087879
-5.357    0.0879713
-5.356    0.0880637
-5.355    0.0881563
-5.354    0.0882491
-5.353    0.088342
-5.352    0.0884351
-5.351    0.0885283
-5.35    0.0886217
-5.349    0.0887152
-5.348    0.0888089
-5.347    0.0889028
-5.346    0.0889968
-5.345    0.089091
-5.344    0.0891853
-5.343    0.0892798
-5.342    0.0893745
-5.341    0.0894693
-5.34    0.0895643
-5.339    0.0896594
-5.338    0.0897547
-5.337    0.0898502
-5.336    0.0899458
-5.335    0.0900416
-5.334    0.0901375
-5.333    0.0902336
-5.332    0.0903299
-5.331    0.0904263
-5.33    0.0905229
-5.329    0.0906197
-5.328    0.0907166
-5.327    0.0908137
-5.326    0.090911
-5.325    0.0910084
-5.324    0.091106
-5.323    0.0912038
-5.322    0.0913017
-5.321    0.0913998
-5.32    0.091498
-5.319    0.0915965
-5.318    0.0916951
-5.317    0.0917939
-5.316    0.0918928
-5.315    0.0919919
-5.314    0.0920912
-5.313    0.0921906
-5.312    0.0922903
-5.311    0.0923901
-5.31    0.09249
-5.309    0.0925902
-5.308    0.0926905
-5.307    0.092791
-5.306    0.0928917
-5.305    0.0929925
-5.304    0.0930935
-5.303    0.0931947
-5.302    0.0932961
-5.301    0.0933976
-5.3    0.0934993
-5.299    0.0936012
-5.298    0.0937033
-5.297    0.0938055
-5.296    0.0939079
-5.295    0.0940106
-5.294    0.0941133
-5.293    0.0942163
-5.292    0.0943194
-5.291    0.0944228
-5.29    0.0945263
-5.289    0.09463
-5.288    0.0947338
-5.287    0.0948379
-5.286    0.0949421
-5.285    0.0950465
-5.284    0.0951511
-5.283    0.0952559
-5.282    0.0953609
-5.281    0.095466
-5.28    0.0955714
-5.279    0.0956769
-5.278    0.0957826
-5.277    0.0958885
-5.276    0.0959946
-5.275    0.0961008
-5.274    0.0962073
-5.273    0.096314
-5.272    0.0964208
-5.271    0.0965278
-5.27    0.096635
-5.269    0.0967424
-5.268    0.09685
-5.267    0.0969578
-5.266    0.0970658
-5.265    0.097174
-5.264    0.0972823
-5.263    0.0973909
-5.262    0.0974996
-5.261    0.0976086
-5.26    0.0977177
-5.259    0.0978271
-5.258    0.0979366
-5.257    0.0980463
-5.256    0.0981562
-5.255    0.0982664
-5.254    0.0983767
-5.253    0.0984872
-5.252    0.0985979
-5.251    0.0987088
-5.25    0.0988199
-5.249    0.0989312
-5.248    0.0990428
-5.247    0.0991545
-5.246    0.0992664
-5.245    0.0993785
-5.244    0.0994908
-5.243    0.0996033
-5.242    0.0997161
-5.241    0.099829
-5.24    0.0999421
-5.239    0.100055
-5.238    0.100169
-5.237    0.100283
-5.236    0.100397
-5.235    0.100511
-5.234    0.100625
-5.233    0.10074
-5.232    0.100855
-5.231    0.10097
-5.23    0.101085
-5.229    0.1012
-5.228    0.101316
-5.227    0.101432
-5.226    0.101548
-5.225    0.101664
-5.224    0.101781
-5.223    0.101897
-5.222    0.102014
-5.221    0.102131
-5.22    0.102249
-5.219    0.102366
-5.218    0.102484
-5.217    0.102602
-5.216    0.10272
-5.215    0.102839
-5.214    0.102957
-5.213    0.103076
-5.212    0.103195
-5.211    0.103314
-5.21    0.103434
-5.209    0.103554
-5.208    0.103674
-5.207    0.103794
-5.206    0.103914
-5.205    0.104035
-5.204    0.104156
-5.203    0.104277
-5.202    0.104398
-5.201    0.10452
-5.2    0.104641
-5.199    0.104763
-5.198    0.104886
-5.197    0.105008
-5.196    0.105131
-5.195    0.105254
-5.194    0.105377
-5.193    0.1055
-5.192    0.105624
-5.191    0.105747
-5.19    0.105872
-5.189    0.105996
-5.188    0.10612
-5.187    0.106245
-5.186    0.10637
-5.185    0.106495
-5.184    0.106621
-5.183    0.106746
-5.182    0.106872
-5.181    0.106999
-5.18    0.107125
-5.179    0.107252
-5.178    0.107378
-5.177    0.107506
-5.176    0.107633
-5.175    0.107761
-5.174    0.107888
-5.173    0.108017
-5.172    0.108145
-5.171    0.108273
-5.17    0.108402
-5.169    0.108531
-5.168    0.108661
-5.167    0.10879
-5.166    0.10892
-5.165    0.10905
-5.164    0.109181
-5.163    0.109311
-5.162    0.109442
-5.161    0.109573
-5.16    0.109704
-5.159    0.109836
-5.158    0.109968
-5.157    0.1101
-5.156    0.110232
-5.155    0.110365
-5.154    0.110497
-5.153    0.110631
-5.152    0.110764
-5.151    0.110898
-5.15    0.111031
-5.149    0.111166
-5.148    0.1113
-5.147    0.111435
-5.146    0.111569
-5.145    0.111705
-5.144    0.11184
-5.143    0.111976
-5.142    0.112112
-5.141    0.112248
-5.14    0.112384
-5.139    0.112521
-5.138    0.112658
-5.137    0.112796
-5.136    0.112933
-5.135    0.113071
-5.134    0.113209
-5.133    0.113347
-5.132    0.113486
-5.131    0.113625
-5.13    0.113764
-5.129    0.113904
-5.128    0.114043
-5.127    0.114183
-5.126    0.114324
-5.125    0.114464
-5.124    0.114605
-5.123    0.114746
-5.122    0.114888
-5.121    0.115029
-5.12    0.115171
-5.119    0.115313
-5.118    0.115456
-5.117    0.115599
-5.116    0.115742
-5.115    0.115885
-5.114    0.116029
-5.113    0.116173
-5.112    0.116317
-5.111    0.116461
-5.11    0.116606
-5.109    0.116751
-5.108    0.116897
-5.107    0.117042
-5.106    0.117188
-5.105    0.117335
-5.104    0.117481
-5.103    0.117628
-5.102    0.117775
-5.101    0.117923
-5.1    0.11807
-5.099    0.118218
-5.098    0.118367
-5.097    0.118515
-5.096    0.118664
-5.095    0.118813
-5.094    0.118963
-5.093    0.119113
-5.092    0.119263
-5.091    0.119413
-5.09    0.119564
-5.089    0.119715
-5.088    0.119866
-5.087    0.120018
-5.086    0.12017
-5.085    0.120322
-5.084    0.120475
-5.083    0.120628
-5.082    0.120781
-5.081    0.120934
-5.08    0.121088
-5.079    0.121242
-5.078    0.121397
-5.077    0.121552
-5.076    0.121707
-5.075    0.121862
-5.074    0.122018
-5.073    0.122174
-5.072    0.12233
-5.071    0.122487
-5.07    0.122644
-5.069    0.122801
-5.068    0.122959
-5.067    0.123117
-5.066    0.123275
-5.065    0.123434
-5.064    0.123593
-5.063    0.123752
-5.062    0.123912
-5.061    0.124072
-5.06    0.124232
-5.059    0.124393
-5.058    0.124554
-5.057    0.124715
-5.056    0.124877
-5.055    0.125039
-5.054    0.125201
-5.053    0.125363
-5.052    0.125526
-5.051    0.12569
-5.05    0.125853
-5.049    0.126017
-5.048    0.126182
-5.047    0.126346
-5.046    0.126512
-5.045    0.126677
-5.044    0.126843
-5.043    0.127009
-5.042    0.127175
-5.041    0.127342
-5.04    0.127509
-5.039    0.127677
-5.038    0.127844
-5.037    0.128013
-5.036    0.128181
-5.035    0.12835
-5.034    0.128519
-5.033    0.128689
-5.032    0.128859
-5.031    0.129029
-5.03    0.1292
-5.029    0.129371
-5.028    0.129542
-5.027    0.129714
-5.026    0.129886
-5.025    0.130059
-5.024    0.130232
-5.023    0.130405
-5.022    0.130579
-5.021    0.130753
-5.02    0.130927
-5.019    0.131102
-5.018    0.131277
-5.017    0.131453
-5.016    0.131628
-5.015    0.131805
-5.014    0.131981
-5.013    0.132158
-5.012    0.132336
-5.011    0.132514
-5.01    0.132692
-5.009    0.13287
-5.008    0.133049
-5.007    0.133229
-5.006    0.133408
-5.005    0.133589
-5.004    0.133769
-5.003    0.13395
-5.002    0.134131
-5.001    0.134313
-5    0.134495
-4.999    0.134678
-4.998    0.13486
-4.997    0.135044
-4.996    0.135227
-4.995    0.135412
-4.994    0.135596
-4.993    0.135781
-4.992    0.135966
-4.991    0.136152
-4.99    0.136338
-4.989    0.136525
-4.988    0.136712
-4.987    0.136899
-4.986    0.137087
-4.985    0.137275
-4.984    0.137464
-4.983    0.137653
-4.982    0.137842
-4.981    0.138032
-4.98    0.138222
-4.979    0.138413
-4.978    0.138604
-4.977    0.138796
-4.976    0.138988
-4.975    0.13918
-4.974    0.139373
-4.973    0.139566
-4.972    0.13976
-4.971    0.139954
-4.97    0.140148
-4.969    0.140343
-4.968    0.140539
-4.967    0.140735
-4.966    0.140931
-4.965    0.141128
-4.964    0.141325
-4.963    0.141523
-4.962    0.141721
-4.961    0.141919
-4.96    0.142118
-4.959    0.142318
-4.958    0.142518
-4.957    0.142718
-4.956    0.142919
-4.955    0.14312
-4.954    0.143322
-4.953    0.143524
-4.952    0.143727
-4.951    0.14393
-4.95    0.144133
-4.949    0.144337
-4.948    0.144542
-4.947    0.144747
-4.946    0.144952
-4.945    0.145158
-4.944    0.145365
-4.943    0.145571
-4.942    0.145779
-4.941    0.145987
-4.94    0.146195
-4.939    0.146404
-4.938    0.146613
-4.937    0.146823
-4.936    0.147033
-4.935    0.147243
-4.934    0.147455
-4.933    0.147666
-4.932    0.147879
-4.931    0.148091
-4.93    0.148304
-4.929    0.148518
-4.928    0.148732
-4.927    0.148947
-4.926    0.149162
-4.925    0.149378
-4.924    0.149594
-4.923    0.14981
-4.922    0.150027
-4.921    0.150245
-4.92    0.150463
-4.919    0.150682
-4.918    0.150901
-4.917    0.151121
-4.916    0.151341
-4.915    0.151562
-4.914    0.151783
-4.913    0.152005
-4.912    0.152227
-4.911    0.15245
-4.91    0.152674
-4.909    0.152897
-4.908    0.153122
-4.907    0.153347
-4.906    0.153572
-4.905    0.153798
-4.904    0.154025
-4.903    0.154252
-4.902    0.15448
-4.901    0.154708
-4.9    0.154937
-4.899    0.155166
-4.898    0.155396
-4.897    0.155626
-4.896    0.155857
-4.895    0.156089
-4.894    0.156321
-4.893    0.156553
-4.892    0.156787
-4.891    0.15702
-4.89    0.157255
-4.889    0.15749
-4.888    0.157725
-4.887    0.157961
-4.886    0.158198
-4.885    0.158435
-4.884    0.158673
-4.883    0.158911
-4.882    0.15915
-4.881    0.159389
-4.88    0.159629
-4.879    0.15987
-4.878    0.160111
-4.877    0.160353
-4.876    0.160595
-4.875    0.160838
-4.874    0.161082
-4.873    0.161326
-4.872    0.161571
-4.871    0.161816
-4.87    0.162062
-4.869    0.162309
-4.868    0.162556
-4.867    0.162804
-4.866    0.163052
-4.865    0.163301
-4.864    0.163551
-4.863    0.163801
-4.862    0.164052
-4.861    0.164304
-4.86    0.164556
-4.859    0.164809
-4.858    0.165062
-4.857    0.165316
-4.856    0.165571
-4.855    0.165826
-4.854    0.166082
-4.853    0.166339
-4.852    0.166596
-4.851    0.166854
-4.85    0.167113
-4.849    0.167372
-4.848    0.167632
-4.847    0.167892
-4.846    0.168153
-4.845    0.168415
-4.844    0.168677
-4.843    0.168941
-4.842    0.169204
-4.841    0.169469
-4.84    0.169734
-4.839    0.17
-4.838    0.170266
-4.837    0.170534
-4.836    0.170801
-4.835    0.17107
-4.834    0.171339
-4.833    0.171609
-4.832    0.17188
-4.831    0.172151
-4.83    0.172423
-4.829    0.172696
-4.828    0.172969
-4.827    0.173243
-4.826    0.173518
-4.825    0.173793
-4.824    0.17407
-4.823    0.174346
-4.822    0.174624
-4.821    0.174902
-4.82    0.175182
-4.819    0.175461
-4.818    0.175742
-4.817    0.176023
-4.816    0.176305
-4.815    0.176588
-4.814    0.176871
-4.813    0.177156
-4.812    0.17744
-4.811    0.177726
-4.81    0.178013
-4.809    0.1783
-4.808    0.178588
-4.807    0.178876
-4.806    0.179166
-4.805    0.179456
-4.804    0.179747
-4.803    0.180039
-4.802    0.180331
-4.801    0.180625
-4.8    0.180919
-4.799    0.181214
-4.798    0.181509
-4.797    0.181806
-4.796    0.182103
-4.795    0.182401
-4.794    0.1827
-4.793    0.182999
-4.792    0.1833
-4.791    0.183601
-4.79    0.183903
-4.789    0.184206
-4.788    0.184509
-4.787    0.184814
-4.786    0.185119
-4.785    0.185425
-4.784    0.185732
-4.783    0.18604
-4.782    0.186348
-4.781    0.186658
-4.78    0.186968
-4.779    0.187279
-4.778    0.187591
-4.777    0.187904
-4.776    0.188217
-4.775    0.188532
-4.774    0.188847
-4.773    0.189163
-4.772    0.18948
-4.771    0.189798
-4.77    0.190117
-4.769    0.190437
-4.768    0.190757
-4.767    0.191079
-4.766    0.191401
-4.765    0.191724
-4.764    0.192048
-4.763    0.192373
-4.762    0.192699
-4.761    0.193026
-4.76    0.193354
-4.759    0.193682
-4.758    0.194012
-4.757    0.194342
-4.756    0.194673
-4.755    0.195006
-4.754    0.195339
-4.753    0.195673
-4.752    0.196008
-4.751    0.196344
-4.75    0.196681
-4.749    0.197019
-4.748    0.197358
-4.747    0.197697
-4.746    0.198038
-4.745    0.19838
-4.744    0.198722
-4.743    0.199066
-4.742    0.199411
-4.741    0.199756
-4.74    0.200103
-4.739    0.20045
-4.738    0.200799
-4.737    0.201148
-4.736    0.201499
-4.735    0.20185
-4.734    0.202203
-4.733    0.202556
-4.732    0.202911
-4.731    0.203266
-4.73    0.203623
-4.729    0.20398
-4.728    0.204339
-4.727    0.204699
-4.726    0.205059
-4.725    0.205421
-4.724    0.205784
-4.723    0.206148
-4.722    0.206512
-4.721    0.206878
-4.72    0.207245
-4.719    0.207613
-4.718    0.207982
-4.717    0.208353
-4.716    0.208724
-4.715    0.209096
-4.714    0.20947
-4.713    0.209844
-4.712    0.21022
-4.711    0.210597
-4.71    0.210975
-4.709    0.211353
-4.708    0.211734
-4.707    0.212115
-4.706    0.212497
-4.705    0.21288
-4.704    0.213265
-4.703    0.213651
-4.702    0.214038
-4.701    0.214426
-4.7    0.214815
-4.699    0.215205
-4.698    0.215597
-4.697    0.215989
-4.696    0.216383
-4.695    0.216778
-4.694    0.217174
-4.693    0.217572
-4.692    0.21797
-4.691    0.21837
-4.69    0.218771
-4.689    0.219173
-4.688    0.219577
-4.687    0.219981
-4.686    0.220387
-4.685    0.220794
-4.684    0.221203
-4.683    0.221612
-4.682    0.222023
-4.681    0.222435
-4.68    0.222848
-4.679    0.223263
-4.678    0.223679
-4.677    0.224096
-4.676    0.224514
-4.675    0.224934
-4.674    0.225355
-4.673    0.225777
-4.672    0.226201
-4.671    0.226626
-4.67    0.227052
-4.669    0.22748
-4.668    0.227908
-4.667    0.228339
-4.666    0.22877
-4.665    0.229203
-4.664    0.229637
-4.663    0.230073
-4.662    0.23051
-4.661    0.230948
-4.66    0.231388
-4.659    0.231829
-4.658    0.232271
-4.657    0.232715
-4.656    0.23316
-4.655    0.233607
-4.654    0.234055
-4.653    0.234504
-4.652    0.234955
-4.651    0.235407
-4.65    0.235861
-4.649    0.236316
-4.648    0.236773
-4.647    0.237231
-4.646    0.237691
-4.645    0.238152
-4.644    0.238614
-4.643    0.239078
-4.642    0.239544
-4.641    0.240011
-4.64    0.240479
-4.639    0.240949
-4.638    0.241421
-4.637    0.241894
-4.636    0.242368
-4.635    0.242844
-4.634    0.243322
-4.633    0.243801
-4.632    0.244282
-4.631    0.244764
-4.63    0.245248
-4.629    0.245734
-4.628    0.246221
-4.627    0.246709
-4.626    0.2472
-4.625    0.247692
-4.624    0.248185
-4.623    0.24868
-4.622    0.249177
-4.621    0.249675
-4.62    0.250175
-4.619    0.250677
-4.618    0.251181
-4.617    0.251686
-4.616    0.252192
-4.615    0.252701
-4.614    0.253211
-4.613    0.253723
-4.612    0.254236
-4.611    0.254752
-4.61    0.255269
-4.609    0.255787
-4.608    0.256308
-4.607    0.25683
-4.606    0.257354
-4.605    0.25788
-4.604    0.258408
-4.603    0.258937
-4.602    0.259468
-4.601    0.260001
-4.6    0.260536
-4.599    0.261073
-4.598    0.261611
-4.597    0.262151
-4.596    0.262694
-4.595    0.263238
-4.594    0.263783
-4.593    0.264331
-4.592    0.264881
-4.591    0.265432
-4.59    0.265986
-4.589    0.266541
-4.588    0.267099
-4.587    0.267658
-4.586    0.268219
-4.585    0.268782
-4.584    0.269347
-4.583    0.269915
-4.582    0.270484
-4.581    0.271055
-4.58    0.271628
-4.579    0.272203
-4.578    0.27278
-4.577    0.273359
-4.576    0.273941
-4.575    0.274524
-4.574    0.275109
-4.573    0.275697
-4.572    0.276286
-4.571    0.276878
-4.57    0.277472
-4.569    0.278068
-4.568    0.278666
-4.567    0.279266
-4.566    0.279868
-4.565    0.280473
-4.564    0.281079
-4.563    0.281688
-4.562    0.282299
-4.561    0.282913
-4.56    0.283528
-4.559    0.284146
-4.558    0.284766
-4.557    0.285388
-4.556    0.286013
-4.555    0.286639
-4.554    0.287269
-4.553    0.2879
-4.552    0.288534
-4.551    0.28917
-4.55    0.289808
-4.549    0.290449
-4.548    0.291092
-4.547    0.291738
-4.546    0.292386
-4.545    0.293036
-4.544    0.293689
-4.543    0.294344
-4.542    0.295002
-4.541    0.295662
-4.54    0.296324
-4.539    0.296989
-4.538    0.297657
-4.537    0.298327
-4.536    0.299
-4.535    0.299675
-4.534    0.300353
-4.533    0.301033
-4.532    0.301716
-4.531    0.302401
-4.53    0.303089
-4.529    0.30378
-4.528    0.304474
-4.527    0.30517
-4.526    0.305868
-4.525    0.30657
-4.524    0.307274
-4.523    0.307981
-4.522    0.30869
-4.521    0.309403
-4.52    0.310118
-4.519    0.310836
-4.518    0.311556
-4.517    0.31228
-4.516    0.313006
-4.515    0.313735
-4.514    0.314467
-4.513    0.315202
-4.512    0.31594
-4.511    0.316681
-4.51    0.317424
-4.509    0.318171
-4.508    0.31892
-4.507    0.319673
-4.506    0.320428
-4.505    0.321187
-4.504    0.321948
-4.503    0.322713
-4.502    0.323481
-4.501    0.324251
-4.5    0.325025
-4.499    0.325802
-4.498    0.326582
-4.497    0.327366
-4.496    0.328152
-4.495    0.328942
-4.494    0.329735
-4.493    0.330531
-4.492    0.33133
-4.491    0.332133
-4.49    0.332939
-4.489    0.333748
-4.488    0.33456
-4.487    0.335376
-4.486    0.336195
-4.485    0.337018
-4.484    0.337844
-4.483    0.338674
-4.482    0.339507
-4.481    0.340343
-4.48    0.341183
-4.479    0.342027
-4.478    0.342874
-4.477    0.343724
-4.476    0.344578
-4.475    0.345436
-4.474    0.346297
-4.473    0.347162
-4.472    0.348031
-4.471    0.348904
-4.47    0.34978
-4.469    0.35066
-4.468    0.351543
-4.467    0.352431
-4.466    0.353322
-4.465    0.354217
-4.464    0.355116
-4.463    0.356019
-4.462    0.356925
-4.461    0.357836
-4.46    0.358751
-4.459    0.359669
-4.458    0.360592
-4.457    0.361519
-4.456    0.362449
-4.455    0.363384
-4.454    0.364323
-4.453    0.365266
-4.452    0.366214
-4.451    0.367165
-4.45    0.368121
-4.449    0.369081
-4.448    0.370045
-4.447    0.371013
-4.446    0.371986
-4.445    0.372964
-4.444    0.373945
-4.443    0.374931
-4.442    0.375922
-4.441    0.376917
-4.44    0.377916
-4.439    0.37892
-4.438    0.379929
-4.437    0.380942
-4.436    0.38196
-4.435    0.382983
-4.434    0.38401
-4.433    0.385042
-4.432    0.386079
-4.431    0.38712
-4.43    0.388167
-4.429    0.389218
-4.428    0.390274
-4.427    0.391335
-4.426    0.392401
-4.425    0.393472
-4.424    0.394548
-4.423    0.39563
-4.422    0.396716
-4.421    0.397807
-4.42    0.398904
-4.419    0.400006
-4.418    0.401113
-4.417    0.402225
-4.416    0.403343
-4.415    0.404466
-4.414    0.405594
-4.413    0.406728
-4.412    0.407867
-4.411    0.409012
-4.41    0.410163
-4.409    0.411319
-4.408    0.41248
-4.407    0.413648
-4.406    0.414821
-4.405    0.415999
-4.404    0.417184
-4.403    0.418375
-4.402    0.419571
-4.401    0.420773
-4.4    0.421981
-4.399    0.423196
-4.398    0.424416
-4.397    0.425643
-4.396    0.426875
-4.395    0.428114
-4.394    0.429359
-4.393    0.430611
-4.392    0.431868
-4.391    0.433133
-4.39    0.434403
-4.389    0.43568
-4.388    0.436964
-4.387    0.438254
-4.386    0.439551
-4.385    0.440854
-4.384    0.442165
-4.383    0.443482
-4.382    0.444806
-4.381    0.446137
-4.38    0.447474
-4.379    0.448819
-4.378    0.450171
-4.377    0.45153
-4.376    0.452896
-4.375    0.45427
-4.374    0.45565
-4.373    0.457038
-4.372    0.458434
-4.371    0.459837
-4.37    0.461247
-4.369    0.462665
-4.368    0.464091
-4.367    0.465525
-4.366    0.466966
-4.365    0.468415
-4.364    0.469872
-4.363    0.471337
-4.362    0.47281
-4.361    0.474291
-4.36    0.47578
-4.359    0.477278
-4.358    0.478783
-4.357    0.480298
-4.356    0.48182
-4.355    0.483351
-4.354    0.484891
-4.353    0.486439
-4.352    0.487996
-4.351    0.489562
-4.35    0.491137
-4.349    0.492721
-4.348    0.494314
-4.347    0.495916
-4.346    0.497527
-4.345    0.499147
-4.344    0.500777
-4.343    0.502416
-4.342    0.504065
-4.341    0.505723
-4.34    0.507391
-4.339    0.509069
-4.338    0.510756
-4.337    0.512454
-4.336    0.514162
-4.335    0.515879
-4.334    0.517607
-4.333    0.519346
-4.332    0.521094
-4.331    0.522853
-4.33    0.524623
-4.329    0.526404
-4.328    0.528195
-4.327    0.529997
-4.326    0.53181
-4.325    0.533634
-4.324    0.535469
-4.323    0.537316
-4.322    0.539174
-4.321    0.541044
-4.32    0.542925
-4.319    0.544818
-4.318    0.546723
-4.317    0.548639
-4.316    0.550568
-4.315    0.552509
-4.314    0.554462
-4.313    0.556428
-4.312    0.558406
-4.311    0.560397
-4.31    0.5624
-4.309    0.564417
-4.308    0.566447
-4.307    0.568489
-4.306    0.570545
-4.305    0.572615
-4.304    0.574698
-4.303    0.576794
-4.302    0.578905
-4.301    0.581029
-4.3    0.583168
-4.299    0.585321
-4.298    0.587488
-4.297    0.58967
-4.296    0.591866
-4.295    0.594077
-4.294    0.596304
-4.293    0.598545
-4.292    0.600802
-4.291    0.603074
-4.29    0.605362
-4.289    0.607666
-4.288    0.609985
-4.287    0.612321
-4.286    0.614673
-4.285    0.617042
-4.284    0.619427
-4.283    0.621829
-4.282    0.624248
-4.281    0.626684
-4.28    0.629138
-4.279    0.631609
-4.278    0.634098
-4.277    0.636605
-4.276    0.63913
-4.275    0.641673
-4.274    0.644236
-4.273    0.646816
-4.272    0.649416
-4.271    0.652035
-4.27    0.654674
-4.269    0.657332
-4.268    0.66001
-4.267    0.662708
-4.266    0.665426
-4.265    0.668165
-4.264    0.670925
-4.263    0.673706
-4.262    0.676508
-4.261    0.679332
-4.26    0.682177
-4.259    0.685045
-4.258    0.687935
-4.257    0.690847
-4.256    0.693782
-4.255    0.696741
-4.254    0.699723
-4.253    0.702728
-4.252    0.705758
-4.251    0.708812
-4.25    0.71189
-4.249    0.714993
-4.248    0.718122
-4.247    0.721276
-4.246    0.724456
-4.245    0.727662
-4.244    0.730894
-4.243    0.734154
-4.242    0.73744
-4.241    0.740754
-4.24    0.744096
-4.239    0.747466
-4.238    0.750865
-4.237    0.754293
-4.236    0.75775
-4.235    0.761237
-4.234    0.764754
-4.233    0.768301
-4.232    0.77188
-4.231    0.77549
-4.23    0.779131
-4.229    0.782805
-4.228    0.786512
-4.227    0.790252
-4.226    0.794025
-4.225    0.797832
-4.224    0.801674
-4.223    0.80555
-4.222    0.809463
-4.221    0.813411
-4.22    0.817396
-4.219    0.821417
-4.218    0.825476
-4.217    0.829574
-4.216    0.83371
-4.215    0.837885
-4.214    0.8421
-4.213    0.846355
-4.212    0.850651
-4.211    0.854989
-4.21    0.859369
-4.209    0.863791
-4.208    0.868257
-4.207    0.872767
-4.206    0.877322
-4.205    0.881923
-4.204    0.886569
-4.203    0.891263
-4.202    0.896004
-4.201    0.900793
-4.2    0.905631
-4.199    0.910519
-4.198    0.915458
-4.197    0.920449
-4.196    0.925491
-4.195    0.930587
-4.194    0.935737
-4.193    0.940941
-4.192    0.946202
-4.191    0.951519
-4.19    0.956893
-4.189    0.962326
-4.188    0.967819
-4.187    0.973372
-4.186    0.978987
-4.185    0.984665
-4.184    0.990406
-4.183    0.996212
-4.182    1.00208
-4.181    1.00802
-4.18    1.01403
-4.179    1.02011
-4.178    1.02625
-4.177    1.03247
-4.176    1.03877
-4.175    1.04513
-4.174    1.05158
-4.173    1.0581
-4.172    1.06469
-4.171    1.07137
-4.17    1.07813
-4.169    1.08498
-4.168    1.09191
-4.167    1.09892
-4.166    1.10602
-4.165    1.11322
-4.164    1.1205
-4.163    1.12788
-4.162    1.13535
-4.161    1.14292
-4.16    1.15058
-4.159    1.15835
-4.158    1.16622
-4.157    1.17419
-4.156    1.18228
-4.155    1.19047
-4.154    1.19877
-4.153    1.20718
-4.152    1.21572
-4.151    1.22437
-4.15    1.23314
-4.149    1.24203
-4.148    1.25105
-4.147    1.2602
-4.146    1.26948
-4.145    1.27889
-4.144    1.28844
-4.143    1.29813
-4.142    1.30797
-4.141    1.31795
-4.14    1.32808
-4.139    1.33836
-4.138    1.3488
-4.137    1.3594
-4.136    1.37017
-4.135    1.3811
-4.134    1.3922
-4.133    1.40348
-4.132    1.41494
-4.131    1.42658
-4.13    1.43841
-4.129    1.45044
-4.128    1.46266
-4.127    1.47509
-4.126    1.48772
-4.125    1.50056
-4.124    1.51362
-4.123    1.52691
-4.122    1.54043
-4.121    1.55418
-4.12    1.56817
-4.119    1.58241
-4.118    1.5969
-4.117    1.61165
-4.116    1.62667
-4.115    1.64197
-4.114    1.65754
-4.113    1.67341
-4.112    1.68958
-4.111    1.70605
-4.11    1.72283
-4.109    1.73994
-4.108    1.75738
-4.107    1.77516
-4.106    1.79329
-4.105    1.81178
-4.104    1.83065
-4.103    1.84989
-4.102    1.86954
-4.101    1.88958
-4.1    1.91005
-4.099    1.93095
-4.098    1.95229
-4.097    1.97409
-4.096    1.99636
-4.095    2.01911
-4.094    2.04237
-4.093    2.06614
-4.092    2.09045
-4.091    2.11531
-4.09    2.14075
-4.089    2.16676
-4.088    2.19339
-4.087    2.22064
-4.086    2.24854
-4.085    2.27712
-4.084    2.30639
-4.083    2.33637
-4.082    2.3671
-4.081    2.3986
-4.08    2.43089
-4.079    2.46401
-4.078    2.49798
-4.077    2.53284
-4.076    2.56861
-4.075    2.60534
-4.074    2.64305
-4.073    2.68179
-4.072    2.7216
-4.071    2.76251
-4.07    2.80456
-4.069    2.84781
-4.068    2.89229
-4.067    2.93807
-4.066    2.98518
-4.065    3.03369
-4.064    3.08364
-4.063    3.13511
-4.062    3.18816
-4.061    3.24284
-4.06    3.29923
-4.059    3.3574
-4.058    3.41743
-4.057    3.47941
-4.056    3.5434
-4.055    3.60951
-4.054    3.67783
-4.053    3.74846
-4.052    3.82151
-4.051    3.89707
-4.05    3.97528
-4.049    4.05626
-4.048    4.14013
-4.047    4.22703
-4.046    4.31711
-4.045    4.41052
-4.044    4.50743
-4.043    4.60801
-4.042    4.71243
-4.041    4.82089
-4.04    4.9336
-4.039    5.05076
-4.038    5.17261
-4.037    5.29939
-4.036    5.43135
-4.035    5.56876
-4.034    5.71191
-4.033    5.8611
-4.032    6.01664
-4.031    6.17889
-4.03    6.34818
-4.029    6.5249
-4.028    6.70946
-4.027    6.90226
-4.026    7.10375
-4.025    7.31439
-4.024    7.53469
-4.023    7.76514
-4.022    8.00629
-4.021    8.2587
-4.02    8.52296
-4.019    8.79967
-4.018    9.08947
-4.017    9.39301
-4.016    9.71095
-4.015    10.044
-4.014    10.3928
-4.013    10.758
-4.012    11.1404
-4.011    11.5405
-4.01    11.9591
-4.009    12.3966
-4.008    12.8537
-4.007    13.3306
-4.006    13.8279
-4.005    14.3455
-4.004    14.8835
-4.003    15.4417
-4.002    16.0195
-4.001    16.6163
-4    17.2307
-3.999    17.8612
-3.998    18.5059
-3.997    19.162
-3.996    19.8264
-3.995    20.4954
-3.994    21.1646
-3.993    21.8288
-3.992    22.4824
-3.991    23.119
-3.99    23.7318
-3.989    24.3135
-3.988    24.8567
-3.987    25.3538
-3.986    25.7972
-3.985    26.1801
-3.984    26.4961
-3.983    26.7397
-3.982    26.9067
-3.981    26.994
-3.98    27.0002
-3.979    26.9254
-3.978    26.7711
-3.977    26.5405
-3.976    26.238
-3.975    25.869
-3.974    25.44
-3.973    24.9581
-3.972    24.4306
-3.971    23.8653
-3.97    23.2695
-3.969    22.6505
-3.968    22.0151
-3.967    21.3696
-3.966    20.7196
-3.965    20.0703
-3.964    19.4258
-3.963    18.79
-3.962    18.166
-3.961    17.5563
-3.96    16.9629
-3.959    16.3874
-3.958    15.8309
-3.957    15.2942
-3.956    14.7777
-3.955    14.2817
-3.954    13.8062
-3.953    13.351
-3.952    12.9158
-3.951    12.5001
-3.95    12.1034
-3.949    11.7252
-3.948    11.3648
-3.947    11.0216
-3.946    10.6948
-3.945    10.3839
-3.944    10.0881
-3.943    9.80679
-3.942    9.53926
-3.941    9.28487
-3.94    9.04301
-3.939    8.81308
-3.938    8.59448
-3.937    8.38667
-3.936    8.18911
-3.935    8.0013
-3.934    7.82274
-3.933    7.65299
-3.932    7.4916
-3.931    7.33816
-3.93    7.19228
-3.929    7.05359
-3.928    6.92173
-3.927    6.79638
-3.926    6.67722
-3.925    6.56395
-3.924    6.4563
-3.923    6.354
-3.922    6.25681
-3.921    6.16448
-3.92    6.07681
-3.919    5.99357
-3.918    5.91457
-3.917    5.83963
-3.916    5.76857
-3.915    5.70122
-3.914    5.63743
-3.913    5.57706
-3.912    5.51996
-3.911    5.466
-3.91    5.41506
-3.909    5.36702
-3.908    5.32178
-3.907    5.27922
-3.906    5.23926
-3.905    5.20179
-3.904    5.16674
-3.903    5.13401
-3.902    5.10354
-3.901    5.07525
-3.9    5.04907
-3.899    5.02494
-3.898    5.0028
-3.897    4.98258
-3.896    4.96424
-3.895    4.94772
-3.894    4.93297
-3.893    4.91996
-3.892    4.90864
-3.891    4.89897
-3.89    4.89092
-3.889    4.88444
-3.888    4.87952
-3.887    4.87611
-3.886    4.87419
-3.885    4.87374
-3.884    4.87473
-3.883    4.87714
-3.882    4.88095
-3.881    4.88614
-3.88    4.8927
-3.879    4.90061
-3.878    4.90985
-3.877    4.92043
-3.876    4.93232
-3.875    4.94551
-3.874    4.96001
-3.873    4.9758
-3.872    4.99289
-3.871    5.01126
-3.87    5.03091
-3.869    5.05185
-3.868    5.07408
-3.867    5.09759
-3.866    5.1224
-3.865    5.1485
-3.864    5.17591
-3.863    5.20462
-3.862    5.23466
-3.861    5.26602
-3.86    5.29872
-3.859    5.33277
-3.858    5.36818
-3.857    5.40498
-3.856    5.44317
-3.855    5.48277
-3.854    5.52381
-3.853    5.5663
-3.852    5.61026
-3.851    5.65572
-3.85    5.70271
-3.849    5.75124
-3.848    5.80134
-3.847    5.85306
-3.846    5.9064
-3.845    5.96142
-3.844    6.01814
-3.843    6.07659
-3.842    6.13682
-3.841    6.19887
-3.84    6.26278
-3.839    6.32858
-3.838    6.39633
-3.837    6.46608
-3.836    6.53788
-3.835    6.61177
-3.834    6.68781
-3.833    6.76606
-3.832    6.84659
-3.831    6.92945
-3.83    7.01471
-3.829    7.10244
-3.828    7.19271
-3.827    7.28559
-3.826    7.38117
-3.825    7.47953
-3.824    7.58076
-3.823    7.68494
-3.822    7.79216
-3.821    7.90254
-3.82    8.01617
-3.819    8.13316
-3.818    8.25362
-3.817    8.37767
-3.816    8.50544
-3.815    8.63706
-3.814    8.77265
-3.813    8.91238
-3.812    9.05637
-3.811    9.2048
-3.81    9.35783
-3.809    9.51563
-3.808    9.67837
-3.807    9.84626
-3.806    10.0195
-3.805    10.1983
-3.804    10.3828
-3.803    10.5733
-3.802    10.7701
-3.801    10.9734
-3.8    11.1835
-3.799    11.4006
-3.798    11.625
-3.797    11.8571
-3.796    12.0972
-3.795    12.3457
-3.794    12.6028
-3.793    12.869
-3.792    13.1447
-3.791    13.4304
-3.79    13.7264
-3.789    14.0333
-3.788    14.3515
-3.787    14.6817
-3.786    15.0243
-3.785    15.3799
-3.784    15.7493
-3.783    16.1329
-3.782    16.5317
-3.781    16.9462
-3.78    17.3773
-3.779    17.8258
-3.778    18.2926
-3.777    18.7786
-3.776    19.2848
-3.775    19.8123
-3.774    20.3622
-3.773    20.9356
-3.772    21.5337
-3.771    22.1579
-3.77    22.8096
-3.769    23.4902
-3.768    24.2012
-3.767    24.9444
-3.766    25.7213
-3.765    26.5339
-3.764    27.3839
-3.763    28.2735
-3.762    29.2047
-3.761    30.1797
-3.76    31.2008
-3.759    32.2704
-3.758    33.3909
-3.757    34.565
-3.756    35.7952
-3.755    37.0842
-3.754    38.4348
-3.753    39.8498
-3.752    41.3317
-3.751    42.8835
-3.75    44.5075
-3.749    46.2063
-3.748    47.9822
-3.747    49.837
-3.746    51.7722
-3.745    53.789
-3.744    55.8877
-3.743    58.0681
-3.742    60.3287
-3.741    62.6671
-3.74    65.0797
-3.739    67.5612
-3.738    70.1045
-3.737    72.7006
-3.736    75.3384
-3.735    78.0043
-3.734    80.6823
-3.733    83.3536
-3.732    85.997
-3.731    88.5887
-3.73    91.1025
-3.729    93.5104
-3.728    95.7829
-3.727    97.8898
-3.726    99.8009
-3.725    101.487
-3.724    102.921
-3.723    104.079
-3.722    104.941
-3.721    105.491
-3.72    105.721
-3.719    105.626
-3.718    105.209
-3.717    104.479
-3.716    103.45
-3.715    102.143
-3.714    100.58
-3.713    98.7878
-3.712    96.7964
-3.711    94.6355
-3.71    92.3353
-3.709    89.9255
-3.708    87.4346
-3.707    84.8889
-3.706    82.3127
-3.705    79.7277
-3.704    77.1531
-3.703    74.6052
-3.702    72.0981
-3.701    69.6433
-3.7    67.2502
-3.699    64.9261
-3.698    62.6766
-3.697    60.5058
-3.696    58.4162
-3.695    56.4095
-3.694    54.486
-3.693    52.6457
-3.692    50.8876
-3.691    49.2104
-3.69    47.6121
-3.689    46.0908
-3.688    44.644
-3.687    43.2693
-3.686    41.9642
-3.685    40.7259
-3.684    39.5518
-3.683    38.4393
-3.682    37.3858
-3.681    36.3887
-3.68    35.4457
-3.679    34.5543
-3.678    33.7123
-3.677    32.9175
-3.676    32.1678
-3.675    31.4612
-3.674    30.796
-3.673    30.1702
-3.672    29.5823
-3.671    29.0307
-3.67    28.514
-3.669    28.0307
-3.668    27.5796
-3.667    27.1594
-3.666    26.7691
-3.665    26.4077
-3.664    26.0742
-3.663    25.7677
-3.662    25.4874
-3.661    25.2327
-3.66    25.0028
-3.659    24.7971
-3.658    24.6151
-3.657    24.4564
-3.656    24.3206
-3.655    24.2072
-3.654    24.116
-3.653    24.0469
-3.652    23.9995
-3.651    23.9737
-3.65    23.9696
-3.649    23.987
-3.648    24.0261
-3.647    24.0869
-3.646    24.1696
-3.645    24.2743
-3.644    24.4013
-3.643    24.5511
-3.642    24.7238
-3.641    24.92
-3.64    25.1402
-3.639    25.3849
-3.638    25.6547
-3.637    25.9504
-3.636    26.2726
-3.635    26.6223
-3.634    27.0003
-3.633    27.4077
-3.632    27.8454
-3.631    28.3147
-3.63    28.8167
-3.629    29.3529
-3.628    29.9245
-3.627    30.5332
-3.626    31.1804
-3.625    31.8681
-3.624    32.5978
-3.623    33.3717
-3.622    34.1916
-3.621    35.0597
-3.62    35.9783
-3.619    36.9496
-3.618    37.976
-3.617    39.0601
-3.616    40.2044
-3.615    41.4115
-3.614    42.6841
-3.613    44.0248
-3.612    45.4363
-3.611    46.921
-3.61    48.4814
-3.609    50.1197
-3.608    51.838
-3.607    53.6377
-3.606    55.5203
-3.605    57.4861
-3.604    59.5351
-3.603    61.6663
-3.602    63.8777
-3.601    66.1661
-3.6    68.5266
-3.599    70.953
-3.598    73.4369
-3.597    75.968
-3.596    78.5337
-3.595    81.1187
-3.594    83.7054
-3.593    86.2734
-3.592    88.7998
-3.591    91.2593
-3.59    93.6246
-3.589    95.8665
-3.588    97.9549
-3.587    99.8596
-3.586    101.551
-3.585    103
-3.584    104.183
-3.583    105.077
-3.582    105.665
-3.581    105.934
-3.58    105.881
-3.579    105.503
-3.578    104.808
-3.577    103.809
-3.576    102.522
-3.575    100.969
-3.574    99.1773
-3.573    97.1739
-3.572    94.9889
-3.571    92.6525
-3.57    90.1946
-3.569    87.6443
-3.568    85.0286
-3.567    82.3727
-3.566    79.6991
-3.565    77.0281
-3.564    74.3769
-3.563    71.7606
-3.562    69.1914
-3.561    66.6796
-3.56    64.2331
-3.559    61.8582
-3.558    59.5593
-3.557    57.3396
-3.556    55.2009
-3.555    53.1441
-3.554    51.1691
-3.553    49.2753
-3.552    47.4612
-3.551    45.7252
-3.55    44.0653
-3.549    42.479
-3.548    40.9638
-3.547    39.5171
-3.546    38.1362
-3.545    36.8183
-3.544    35.5607
-3.543    34.3606
-3.542    33.2155
-3.541    32.1227
-3.54    31.0797
-3.539    30.084
-3.538    29.1333
-3.537    28.2254
-3.536    27.3581
-3.535    26.5294
-3.534    25.7373
-3.533    24.98
-3.532    24.2556
-3.531    23.5625
-3.53    22.8992
-3.529    22.2641
-3.528    21.6558
-3.527    21.0729
-3.526    20.5142
-3.525    19.9785
-3.524    19.4646
-3.523    18.9715
-3.522    18.4981
-3.521    18.0435
-3.52    17.6067
-3.519    17.187
-3.518    16.7834
-3.517    16.3953
-3.516    16.0219
-3.515    15.6626
-3.514    15.3166
-3.513    14.9833
-3.512    14.6623
-3.511    14.3528
-3.51    14.0545
-3.509    13.7668
-3.508    13.4893
-3.507    13.2215
-3.506    12.9629
-3.505    12.7133
-3.504    12.4722
-3.503    12.2392
-3.502    12.0141
-3.501    11.7964
-3.5    11.586
-3.499    11.3824
-3.498    11.1855
-3.497    10.9949
-3.496    10.8104
-3.495    10.6318
-3.494    10.4588
-3.493    10.2913
-3.492    10.129
-3.491    9.97169
-3.49    9.81924
-3.489    9.67144
-3.488    9.52814
-3.487    9.38916
-3.486    9.25435
-3.485    9.12356
-3.484    8.99666
-3.483    8.87351
-3.482    8.75397
-3.481    8.63793
-3.48    8.52526
-3.479    8.41586
-3.478    8.30962
-3.477    8.20643
-3.476    8.10619
-3.475    8.00881
-3.474    7.9142
-3.473    7.82227
-3.472    7.73294
-3.471    7.64612
-3.47    7.56175
-3.469    7.47974
-3.468    7.40004
-3.467    7.32256
-3.466    7.24724
-3.465    7.17403
-3.464    7.10286
-3.463    7.03367
-3.462    6.96642
-3.461    6.90104
-3.46    6.83748
-3.459    6.7757
-3.458    6.71565
-3.457    6.65729
-3.456    6.60056
-3.455    6.54543
-3.454    6.49186
-3.453    6.43981
-3.452    6.38925
-3.451    6.34012
-3.45    6.29241
-3.449    6.24608
-3.448    6.2011
-3.447    6.15743
-3.446    6.11504
-3.445    6.07391
-3.444    6.03402
-3.443    5.99532
-3.442    5.95781
-3.441    5.92145
-3.44    5.88621
-3.439    5.85209
-3.438    5.81905
-3.437    5.78708
-3.436    5.75615
-3.435    5.72625
-3.434    5.69735
-3.433    5.66944
-3.432    5.64251
-3.431    5.61653
-3.43    5.59148
-3.429    5.56737
-3.428    5.54416
-3.427    5.52184
-3.426    5.50041
-3.425    5.47985
-3.424    5.46014
-3.423    5.44128
-3.422    5.42325
-3.421    5.40604
-3.42    5.38964
-3.419    5.37405
-3.418    5.35925
-3.417    5.34523
-3.416    5.33199
-3.415    5.31951
-3.414    5.3078
-3.413    5.29683
-3.412    5.28662
-3.411    5.27714
-3.41    5.26839
-3.409    5.26037
-3.408    5.25307
-3.407    5.24649
-3.406    5.24062
-3.405    5.23546
-3.404    5.23101
-3.403    5.22725
-3.402    5.22419
-3.401    5.22182
-3.4    5.22015
-3.399    5.21917
-3.398    5.21887
-3.397    5.21926
-3.396    5.22034
-3.395    5.22209
-3.394    5.22454
-3.393    5.22766
-3.392    5.23147
-3.391    5.23596
-3.39    5.24113
-3.389    5.24699
-3.388    5.25354
-3.387    5.26077
-3.386    5.26869
-3.385    5.27731
-3.384    5.28662
-3.383    5.29662
-3.382    5.30733
-3.381    5.31874
-3.38    5.33085
-3.379    5.34368
-3.378    5.35723
-3.377    5.37149
-3.376    5.38648
-3.375    5.4022
-3.374    5.41866
-3.373    5.43586
-3.372    5.45381
-3.371    5.47252
-3.37    5.49199
-3.369    5.51223
-3.368    5.53325
-3.367    5.55506
-3.366    5.57766
-3.365    5.60107
-3.364    5.62529
-3.363    5.65034
-3.362    5.67622
-3.361    5.70295
-3.36    5.73054
-3.359    5.75899
-3.358    5.78833
-3.357    5.81856
-3.356    5.84969
-3.355    5.88175
-3.354    5.91474
-3.353    5.94867
-3.352    5.98358
-3.351    6.01946
-3.35    6.05634
-3.349    6.09423
-3.348    6.13315
-3.347    6.17312
-3.346    6.21416
-3.345    6.25628
-3.344    6.29951
-3.343    6.34387
-3.342    6.38938
-3.341    6.43606
-3.34    6.48393
-3.339    6.53303
-3.338    6.58336
-3.337    6.63497
-3.336    6.68787
-3.335    6.74209
-3.334    6.79766
-3.333    6.85461
-3.332    6.91297
-3.331    6.97277
-3.33    7.03405
-3.329    7.09683
-3.328    7.16116
-3.327    7.22706
-3.326    7.29458
-3.325    7.36375
-3.324    7.43461
-3.323    7.5072
-3.322    7.58158
-3.321    7.65777
-3.32    7.73583
-3.319    7.8158
-3.318    7.89773
-3.317    7.98167
-3.316    8.06768
-3.315    8.15581
-3.314    8.24612
-3.313    8.33866
-3.312    8.43349
-3.311    8.53068
-3.31    8.63029
-3.309    8.7324
-3.308    8.83706
-3.307    8.94436
-3.306    9.05436
-3.305    9.16715
-3.304    9.28281
-3.303    9.40142
-3.302    9.52307
-3.301    9.64785
-3.3    9.77585
-3.299    9.90718
-3.298    10.0419
-3.297    10.1802
-3.296    10.3222
-3.295    10.4678
-3.294    10.6174
-3.293    10.771
-3.292    10.9287
-3.291    11.0906
-3.29    11.257
-3.289    11.4279
-3.288    11.6036
-3.287    11.784
-3.286    11.9696
-3.285    12.1603
-3.284    12.3564
-3.283    12.5581
-3.282    12.7656
-3.281    12.979
-3.28    13.1987
-3.279    13.4247
-3.278    13.6574
-3.277    13.897
-3.276    14.1438
-3.275    14.3979
-3.274    14.6598
-3.273    14.9297
-3.272    15.2079
-3.271    15.4947
-3.27    15.7905
-3.269    16.0956
-3.268    16.4103
-3.267    16.7352
-3.266    17.0706
-3.265    17.4169
-3.264    17.7746
-3.263    18.1441
-3.262    18.526
-3.261    18.9207
-3.26    19.3289
-3.259    19.7511
-3.258    20.1879
-3.257    20.64
-3.256    21.108
-3.255    21.5927
-3.254    22.0948
-3.253    22.6151
-3.252    23.1544
-3.251    23.7136
-3.25    24.2937
-3.249    24.8956
-3.248    25.5204
-3.247    26.1692
-3.246    26.843
-3.245    27.5433
-3.244    28.2712
-3.243    29.0281
-3.242    29.8155
-3.241    30.6349
-3.24    31.4879
-3.239    32.3762
-3.238    33.3017
-3.237    34.2663
-3.236    35.272
-3.235    36.321
-3.234    37.4155
-3.233    38.5579
-3.232    39.7509
-3.231    40.997
-3.23    42.2993
-3.229    43.6605
-3.228    45.084
-3.227    46.5731
-3.226    48.1314
-3.225    49.7625
-3.224    51.4703
-3.223    53.259
-3.222    55.1329
-3.221    57.0965
-3.22    59.1544
-3.219    61.3115
-3.218    63.5729
-3.217    65.9437
-3.216    68.4293
-3.215    71.035
-3.214    73.7665
-3.213    76.629
-3.212    79.6281
-3.211    82.7691
-3.21    86.0568
-3.209    89.4959
-3.208    93.0905
-3.207    96.8441
-3.206    100.759
-3.205    104.837
-3.204    109.077
-3.203    113.478
-3.202    118.036
-3.201    122.744
-3.2    127.594
-3.199    132.571
-3.198    137.661
-3.197    142.842
-3.196    148.089
-3.195    153.372
-3.194    158.656
-3.193    163.899
-3.192    169.057
-3.191    174.078
-3.19    178.909
-3.189    183.49
-3.188    187.762
-3.187    191.664
-3.186    195.137
-3.185    198.125
-3.184    200.576
-3.183    202.448
-3.182    203.706
-3.181    204.326
-3.18    204.296
-3.179    203.618
-3.178    202.303
-3.177    200.377
-3.176    197.874
-3.175    194.839
-3.174    191.324
-3.173    187.383
-3.172    183.078
-3.171    178.469
-3.17    173.615
-3.169    168.575
-3.168    163.403
-3.167    158.148
-3.166    152.858
-3.165    147.571
-3.164    142.322
-3.163    137.142
-3.162    132.055
-3.161    127.082
-3.16    122.238
-3.159    117.536
-3.158    112.985
-3.157    108.591
-3.156    104.358
-3.155    100.288
-3.154    96.3809
-3.153    92.6347
-3.152    89.0472
-3.151    85.6148
-3.15    82.3335
-3.149    79.1986
-3.148    76.2051
-3.147    73.3476
-3.146    70.6209
-3.145    68.0193
-3.144    65.5374
-3.143    63.1699
-3.142    60.9114
-3.141    58.7567
-3.14    56.7007
-3.139    54.7388
-3.138    52.8661
-3.137    51.0782
-3.136    49.3708
-3.135    47.7398
-3.134    46.1813
-3.133    44.6917
-3.132    43.2674
-3.131    41.905
-3.13    40.6014
-3.129    39.3536
-3.128    38.1587
-3.127    37.0141
-3.126    35.9173
-3.125    34.8658
-3.124    33.8573
-3.123    32.8898
-3.122    31.9611
-3.121    31.0694
-3.12    30.2129
-3.119    29.3899
-3.118    28.5987
-3.117    27.8379
-3.116    27.1059
-3.115    26.4014
-3.114    25.7232
-3.113    25.0699
-3.112    24.4405
-3.111    23.8339
-3.11    23.249
-3.109    22.6849
-3.108    22.1405
-3.107    21.6151
-3.106    21.1078
-3.105    20.6178
-3.104    20.1444
-3.103    19.6868
-3.102    19.2444
-3.101    18.8165
-3.1    18.4025
-3.099    18.0019
-3.098    17.6141
-3.097    17.2386
-3.096    16.8748
-3.095    16.5224
-3.094    16.1808
-3.093    15.8496
-3.092    15.5284
-3.091    15.2169
-3.09    14.9146
-3.089    14.6212
-3.088    14.3364
-3.087    14.0598
-3.086    13.7911
-3.085    13.5301
-3.084    13.2764
-3.083    13.0298
-3.082    12.7901
-3.081    12.5569
-3.08    12.3301
-3.079    12.1094
-3.078    11.8946
-3.077    11.6855
-3.076    11.4819
-3.075    11.2837
-3.074    11.0906
-3.073    10.9024
-3.072    10.7191
-3.071    10.5403
-3.07    10.3661
-3.069    10.1962
-3.068    10.0305
-3.067    9.86889
-3.066    9.71119
-3.065    9.5573
-3.064    9.40709
-3.063    9.26045
-3.062    9.11728
-3.061    8.97745
-3.06    8.84088
-3.059    8.70746
-3.058    8.57709
-3.057    8.44969
-3.056    8.32516
-3.055    8.20342
-3.054    8.08439
-3.053    7.96799
-3.052    7.85415
-3.051    7.74278
-3.05    7.63382
-3.049    7.52719
-3.048    7.42285
-3.047    7.32071
-3.046    7.22072
-3.045    7.12281
-3.044    7.02694
-3.043    6.93305
-3.042    6.84107
-3.041    6.75097
-3.04    6.66268
-3.039    6.57617
-3.038    6.49138
-3.037    6.40827
-3.036    6.3268
-3.035    6.24691
-3.034    6.16858
-3.033    6.09176
-3.032    6.01642
-3.031    5.94251
-3.03    5.86999
-3.029    5.79885
-3.028    5.72903
-3.027    5.66051
-3.026    5.59326
-3.025    5.52724
-3.024    5.46242
-3.023    5.39878
-3.022    5.33629
-3.021    5.27492
-3.02    5.21464
-3.019    5.15543
-3.018    5.09726
-3.017    5.04011
-3.016    4.98395
-3.015    4.92877
-3.014    4.87453
-3.013    4.82122
-3.012    4.76882
-3.011    4.7173
-3.01    4.66665
-3.009    4.61684
-3.008    4.56786
-3.007    4.5197
-3.006    4.47232
-3.005    4.42572
-3.004    4.37987
-3.003    4.33477
-3.002    4.29039
-3.001    4.24673
-3    4.20375
-2.999    4.16146
-2.998    4.11983
-2.997    4.07885
-2.996    4.03852
-2.995    3.9988
-2.994    3.9597
-2.993    3.9212
-2.992    3.88328
-2.991    3.84594
-2.99    3.80916
-2.989    3.77294
-2.988    3.73726
-2.987    3.7021
-2.986    3.66747
-2.985    3.63335
-2.984    3.59972
-2.983    3.56659
-2.982    3.53393
-2.981    3.50175
-2.98    3.47003
-2.979    3.43876
-2.978    3.40794
-2.977    3.37755
-2.976    3.34759
-2.975    3.31805
-2.974    3.28892
-2.973    3.2602
-2.972    3.23187
-2.971    3.20393
-2.97    3.17637
-2.969    3.14919
-2.968    3.12238
-2.967    3.09593
-2.966    3.06983
-2.965    3.04409
-2.964    3.01868
-2.963    2.99361
-2.962    2.96888
-2.961    2.94446
-2.96    2.92037
-2.959    2.89659
-2.958    2.87312
-2.957    2.84995
-2.956    2.82707
-2.955    2.80449
-2.954    2.7822
-2.953    2.76019
-2.952    2.73846
-2.951    2.717
-2.95    2.6958
-2.949    2.67487
-2.948    2.65421
-2.947    2.63379
-2.946    2.61363
-2.945    2.59371
-2.944    2.57404
-2.943    2.5546
-2.942    2.5354
-2.941    2.51644
-2.94    2.49769
-2.939    2.47918
-2.938    2.46088
-2.937    2.4428
-2.936    2.42493
-2.935    2.40727
-2.934    2.38982
-2.933    2.37257
-2.932    2.35552
-2.931    2.33867
-2.93    2.32201
-2.929    2.30554
-2.928    2.28926
-2.927    2.27317
-2.926    2.25726
-2.925    2.24152
-2.924    2.22597
-2.923    2.21059
-2.922    2.19538
-2.921    2.18034
-2.92    2.16546
-2.919    2.15075
-2.918    2.1362
-2.917    2.12181
-2.916    2.10758
-2.915    2.0935
-2.914    2.07957
-2.913    2.0658
-2.912    2.05217
-2.911    2.03868
-2.91    2.02535
-2.909    2.01215
-2.908    1.99909
-2.907    1.98617
-2.906    1.97338
-2.905    1.96073
-2.904    1.94821
-2.903    1.93582
-2.902    1.92356
-2.901    1.91143
-2.9    1.89942
-2.899    1.88753
-2.898    1.87576
-2.897    1.86412
-2.896    1.85259
-2.895    1.84118
-2.894    1.82988
-2.893    1.8187
-2.892    1.80762
-2.891    1.79666
-2.89    1.78581
-2.889    1.77506
-2.888    1.76442
-2.887    1.75389
-2.886    1.74345
-2.885    1.73312
-2.884    1.72289
-2.883    1.71276
-2.882    1.70273
-2.881    1.69279
-2.88    1.68295
-2.879    1.6732
-2.878    1.66355
-2.877    1.65398
-2.876    1.64451
-2.875    1.63513
-2.874    1.62583
-2.873    1.61662
-2.872    1.6075
-2.871    1.59846
-2.87    1.58951
-2.869    1.58064
-2.868    1.57185
-2.867    1.56314
-2.866    1.55452
-2.865    1.54597
-2.864    1.53749
-2.863    1.5291
-2.862    1.52078
-2.861    1.51254
-2.86    1.50437
-2.859    1.49627
-2.858    1.48825
-2.857    1.4803
-2.856    1.47241
-2.855    1.4646
-2.854    1.45686
-2.853    1.44918
-2.852    1.44158
-2.851    1.43404
-2.85    1.42656
-2.849    1.41915
-2.848    1.41181
-2.847    1.40452
-2.846    1.3973
-2.845    1.39015
-2.844    1.38305
-2.843    1.37601
-2.842    1.36904
-2.841    1.36212
-2.84    1.35526
-2.839    1.34846
-2.838    1.34172
-2.837    1.33504
-2.836    1.32841
-2.835    1.32183
-2.834    1.31531
-2.833    1.30884
-2.832    1.30243
-2.831    1.29607
-2.83    1.28977
-2.829    1.28351
-2.828    1.27731
-2.827    1.27115
-2.826    1.26505
-2.825    1.259
-2.824    1.25299
-2.823    1.24703
-2.822    1.24113
-2.821    1.23527
-2.82    1.22945
-2.819    1.22368
-2.818    1.21796
-2.817    1.21229
-2.816    1.20665
-2.815    1.20107
-2.814    1.19553
-2.813    1.19003
-2.812    1.18457
-2.811    1.17916
-2.81    1.17379
-2.809    1.16846
-2.808    1.16317
-2.807    1.15792
-2.806    1.15271
-2.805    1.14755
-2.804    1.14242
-2.803    1.13733
-2.802    1.13228
-2.801    1.12727
-2.8    1.1223
-2.799    1.11737
-2.798    1.11247
-2.797    1.10761
-2.796    1.10279
-2.795    1.098
-2.794    1.09325
-2.793    1.08853
-2.792    1.08385
-2.791    1.0792
-2.79    1.07459
-2.789    1.07002
-2.788    1.06547
-2.787    1.06096
-2.786    1.05648
-2.785    1.05204
-2.784    1.04763
-2.783    1.04325
-2.782    1.0389
-2.781    1.03458
-2.78    1.0303
-2.779    1.02604
-2.778    1.02182
-2.777    1.01763
-2.776    1.01346
-2.775    1.00933
-2.774    1.00523
-2.773    1.00115
-2.772    0.997107
-2.771    0.993091
-2.77    0.989102
-2.769    0.985142
-2.768    0.981209
-2.767    0.977305
-2.766    0.973427
-2.765    0.969577
-2.764    0.965753
-2.763    0.961957
-2.762    0.958186
-2.761    0.954442
-2.76    0.950724
-2.759    0.947031
-2.758    0.943364
-2.757    0.939722
-2.756    0.936105
-2.755    0.932513
-2.754    0.928945
-2.753    0.925402
-2.752    0.921882
-2.751    0.918387
-2.75    0.914915
-2.749    0.911467
-2.748    0.908042
-2.747    0.90464
-2.746    0.901261
-2.745    0.897905
-2.744    0.894571
-2.743    0.891259
-2.742    0.88797
-2.741    0.884702
-2.74    0.881456
-2.739    0.878231
-2.738    0.875028
-2.737    0.871846
-2.736    0.868685
-2.735    0.865545
-2.734    0.862425
-2.733    0.859325
-2.732    0.856246
-2.731    0.853187
-2.73    0.850148
-2.729    0.847129
-2.728    0.844129
-2.727    0.841149
-2.726    0.838188
-2.725    0.835246
-2.724    0.832322
-2.723    0.829418
-2.722    0.826532
-2.721    0.823665
-2.72    0.820816
-2.719    0.817986
-2.718    0.815173
-2.717    0.812378
-2.716    0.809601
-2.715    0.806841
-2.714    0.804099
-2.713    0.801374
-2.712    0.798667
-2.711    0.795976
-2.71    0.793302
-2.709    0.790645
-2.708    0.788005
-2.707    0.785381
-2.706    0.782773
-2.705    0.780182
-2.704    0.777606
-2.703    0.775047
-2.702    0.772504
-2.701    0.769976
-2.7    0.767464
-2.699    0.764967
-2.698    0.762486
-2.697    0.76002
-2.696    0.757569
-2.695    0.755133
-2.694    0.752711
-2.693    0.750305
-2.692    0.747913
-2.691    0.745536
-2.69    0.743173
-2.689    0.740825
-2.688    0.738491
-2.687    0.736171
-2.686    0.733865
-2.685    0.731572
-2.684    0.729294
-2.683    0.727029
-2.682    0.724778
-2.681    0.72254
-2.68    0.720316
-2.679    0.718105
-2.678    0.715907
-2.677    0.713722
-2.676    0.711551
-2.675    0.709392
-2.674    0.707246
-2.673    0.705112
-2.672    0.702991
-2.671    0.700883
-2.67    0.698787
-2.669    0.696704
-2.668    0.694632
-2.667    0.692573
-2.666    0.690526
-2.665    0.688491
-2.664    0.686468
-2.663    0.684457
-2.662    0.682457
-2.661    0.680469
-2.66    0.678493
-2.659    0.676528
-2.658    0.674574
-2.657    0.672632
-2.656    0.670701
-2.655    0.668781
-2.654    0.666872
-2.653    0.664974
-2.652    0.663088
-2.651    0.661212
-2.65    0.659346
-2.649    0.657492
-2.648    0.655648
-2.647    0.653815
-2.646    0.651992
-2.645    0.650179
-2.644    0.648377
-2.643    0.646586
-2.642    0.644804
-2.641    0.643032
-2.64    0.641271
-2.639    0.63952
-2.638    0.637778
-2.637    0.636046
-2.636    0.634325
-2.635    0.632612
-2.634    0.63091
-2.633    0.629217
-2.632    0.627534
-2.631    0.62586
-2.63    0.624195
-2.629    0.62254
-2.628    0.620894
-2.627    0.619258
-2.626    0.61763
-2.625    0.616012
-2.624    0.614403
-2.623    0.612803
-2.622    0.611211
-2.621    0.609629
-2.62    0.608055
-2.619    0.60649
-2.618    0.604934
-2.617    0.603386
-2.616    0.601847
-2.615    0.600317
-2.614    0.598795
-2.613    0.597282
-2.612    0.595776
-2.611    0.59428
-2.61    0.592791
-2.609    0.591311
-2.608    0.589839
-2.607    0.588375
-2.606    0.586919
-2.605    0.585471
-2.604    0.584031
-2.603    0.582599
-2.602    0.581174
-2.601    0.579758
-2.6    0.578349
-2.599    0.576949
-2.598    0.575555
-2.597    0.57417
-2.596    0.572792
-2.595    0.571422
-2.594    0.570059
-2.593    0.568703
-2.592    0.567355
-2.591    0.566014
-2.59    0.564681
-2.589    0.563355
-2.588    0.562036
-2.587    0.560724
-2.586    0.55942
-2.585    0.558122
-2.584    0.556832
-2.583    0.555549
-2.582    0.554272
-2.581    0.553003
-2.58    0.55174
-2.579    0.550485
-2.578    0.549236
-2.577    0.547994
-2.576    0.546759
-2.575    0.54553
-2.574    0.544308
-2.573    0.543093
-2.572    0.541884
-2.571    0.540682
-2.57    0.539486
-2.569    0.538297
-2.568    0.537115
-2.567    0.535938
-2.566    0.534768
-2.565    0.533605
-2.564    0.532448
-2.563    0.531297
-2.562    0.530152
-2.561    0.529013
-2.56    0.527881
-2.559    0.526755
-2.558    0.525634
-2.557    0.52452
-2.556    0.523412
-2.555    0.52231
-2.554    0.521214
-2.553    0.520124
-2.552    0.51904
-2.551    0.517961
-2.55    0.516889
-2.549    0.515822
-2.548    0.514761
-2.547    0.513706
-2.546    0.512657
-2.545    0.511613
-2.544    0.510575
-2.543    0.509542
-2.542    0.508516
-2.541    0.507494
-2.54    0.506479
-2.539    0.505468
-2.538    0.504464
-2.537    0.503464
-2.536    0.502471
-2.535    0.501482
-2.534    0.500499
-2.533    0.499522
-2.532    0.498549
-2.531    0.497582
-2.53    0.49662
-2.529    0.495664
-2.528    0.494713
-2.527    0.493766
-2.526    0.492826
-2.525    0.49189
-2.524    0.490959
-2.523    0.490034
-2.522    0.489113
-2.521    0.488198
-2.52    0.487287
-2.519    0.486382
-2.518    0.485481
-2.517    0.484586
-2.516    0.483695
-2.515    0.48281
-2.514    0.481929
-2.513    0.481053
-2.512    0.480182
-2.511    0.479316
-2.51    0.478454
-2.509    0.477598
-2.508    0.476746
-2.507    0.475898
-2.506    0.475056
-2.505    0.474218
-2.504    0.473385
-2.503    0.472556
-2.502    0.471733
-2.501    0.470913
-2.5    0.470099
-2.499    0.469288
-2.498    0.468483
-2.497    0.467682
-2.496    0.466885
-2.495    0.466093
-2.494    0.465305
-2.493    0.464522
-2.492    0.463743
-2.491    0.462969
-2.49    0.462199
-2.489    0.461433
-2.488    0.460672
-2.487    0.459915
-2.486    0.459163
-2.485    0.458414
-2.484    0.45767
-2.483    0.456931
-2.482    0.456195
-2.481    0.455464
-2.48    0.454737
-2.479    0.454014
-2.478    0.453295
-2.477    0.45258
-2.476    0.45187
-2.475    0.451164
-2.474    0.450462
-2.473    0.449763
-2.472    0.449069
-2.471    0.448379
-2.47    0.447694
-2.469    0.447012
-2.468    0.446334
-2.467    0.44566
-2.466    0.44499
-2.465    0.444324
-2.464    0.443662
-2.463    0.443004
-2.462    0.44235
-2.461    0.4417
-2.46    0.441054
-2.459    0.440411
-2.458    0.439773
-2.457    0.439138
-2.456    0.438507
-2.455    0.43788
-2.454    0.437257
-2.453    0.436637
-2.452    0.436022
-2.451    0.43541
-2.45    0.434802
-2.449    0.434198
-2.448    0.433597
-2.447    0.433
-2.446    0.432407
-2.445    0.431817
-2.444    0.431232
-2.443    0.43065
-2.442    0.430071
-2.441    0.429496
-2.44    0.428925
-2.439    0.428358
-2.438    0.427794
-2.437    0.427233
-2.436    0.426677
-2.435    0.426123
-2.434    0.425574
-2.433    0.425028
-2.432    0.424485
-2.431    0.423946
-2.43    0.423411
-2.429    0.422879
-2.428    0.422351
-2.427    0.421826
-2.426    0.421304
-2.425    0.420786
-2.424    0.420272
-2.423    0.419761
-2.422    0.419253
-2.421    0.418749
-2.42    0.418248
-2.419    0.417751
-2.418    0.417257
-2.417    0.416766
-2.416    0.416279
-2.415    0.415795
-2.414    0.415315
-2.413    0.414838
-2.412    0.414364
-2.411    0.413894
-2.41    0.413427
-2.409    0.412963
-2.408    0.412503
-2.407    0.412046
-2.406    0.411592
-2.405    0.411142
-2.404    0.410694
-2.403    0.41025
-2.402    0.40981
-2.401    0.409372
-2.4    0.408938
-2.399    0.408507
-2.398    0.40808
-2.397    0.407655
-2.396    0.407234
-2.395    0.406816
-2.394    0.406401
-2.393    0.40599
-2.392    0.405581
-2.391    0.405176
-2.39    0.404774
-2.389    0.404375
-2.388    0.40398
-2.387    0.403587
-2.386    0.403198
-2.385    0.402812
-2.384    0.402429
-2.383    0.402049
-2.382    0.401672
-2.381    0.401298
-2.38    0.400928
-2.379    0.400561
-2.378    0.400196
-2.377    0.399835
-2.376    0.399477
-2.375    0.399122
-2.374    0.39877
-2.373    0.398421
-2.372    0.398075
-2.371    0.397733
-2.37    0.397393
-2.369    0.397057
-2.368    0.396723
-2.367    0.396393
-2.366    0.396065
-2.365    0.395741
-2.364    0.39542
-2.363    0.395101
-2.362    0.394786
-2.361    0.394474
-2.36    0.394165
-2.359    0.393859
-2.358    0.393556
-2.357    0.393256
-2.356    0.392958
-2.355    0.392664
-2.354    0.392373
-2.353    0.392085
-2.352    0.3918
-2.351    0.391518
-2.35    0.391239
-2.349    0.390963
-2.348    0.39069
-2.347    0.39042
-2.346    0.390152
-2.345    0.389888
-2.344    0.389627
-2.343    0.389369
-2.342    0.389114
-2.341    0.388861
-2.34    0.388612
-2.339    0.388366
-2.338    0.388122
-2.337    0.387882
-2.336    0.387644
-2.335    0.38741
-2.334    0.387178
-2.333    0.386949
-2.332    0.386724
-2.331    0.386501
-2.33    0.386281
-2.329    0.386064
-2.328    0.38585
-2.327    0.38564
-2.326    0.385432
-2.325    0.385226
-2.324    0.385024
-2.323    0.384825
-2.322    0.384629
-2.321    0.384436
-2.32    0.384245
-2.319    0.384058
-2.318    0.383873
-2.317    0.383692
-2.316    0.383513
-2.315    0.383338
-2.314    0.383165
-2.313    0.382995
-2.312    0.382828
-2.311    0.382664
-2.31    0.382503
-2.309    0.382345
-2.308    0.38219
-2.307    0.382038
-2.306    0.381889
-2.305    0.381743
-2.304    0.381599
-2.303    0.381459
-2.302    0.381321
-2.301    0.381187
-2.3    0.381055
-2.299    0.380927
-2.298    0.380801
-2.297    0.380679
-2.296    0.380559
-2.295    0.380442
-2.294    0.380328
-2.293    0.380217
-2.292    0.380109
-2.291    0.380005
-2.29    0.379903
-2.289    0.379804
-2.288    0.379708
-2.287    0.379614
-2.286    0.379524
-2.285    0.379437
-2.284    0.379353
-2.283    0.379272
-2.282    0.379194
-2.281    0.379119
-2.28    0.379047
-2.279    0.378977
-2.278    0.378911
-2.277    0.378848
-2.276    0.378788
-2.275    0.378731
-2.274    0.378677
-2.273    0.378626
-2.272    0.378577
-2.271    0.378532
-2.27    0.37849
-2.269    0.378451
-2.268    0.378415
-2.267    0.378382
-2.266    0.378353
-2.265    0.378326
-2.264    0.378302
-2.263    0.378281
-2.262    0.378264
-2.261    0.378249
-2.26    0.378238
-2.259    0.378229
-2.258    0.378224
-2.257    0.378222
-2.256    0.378222
-2.255    0.378226
-2.254    0.378233
-2.253    0.378244
-2.252    0.378257
-2.251    0.378273
-2.25    0.378293
-2.249    0.378316
-2.248    0.378341
-2.247    0.37837
-2.246    0.378403
-2.245    0.378438
-2.244    0.378476
-2.243    0.378518
-2.242    0.378563
-2.241    0.378611
-2.24    0.378662
-2.239    0.378717
-2.238    0.378774
-2.237    0.378835
-2.236    0.3789
-2.235    0.378967
-2.234    0.379038
-2.233    0.379111
-2.232    0.379189
-2.231    0.379269
-2.23    0.379353
-2.229    0.37944
-2.228    0.37953
-2.227    0.379624
-2.226    0.37972
-2.225    0.379821
-2.224    0.379924
-2.223    0.380031
-2.222    0.380141
-2.221    0.380255
-2.22    0.380372
-2.219    0.380492
-2.218    0.380616
-2.217    0.380743
-2.216    0.380874
-2.215    0.381008
-2.214    0.381145
-2.213    0.381286
-2.212    0.38143
-2.211    0.381578
-2.21    0.381729
-2.209    0.381884
-2.208    0.382043
-2.207    0.382204
-2.206    0.38237
-2.205    0.382538
-2.204    0.382711
-2.203    0.382887
-2.202    0.383066
-2.201    0.383249
-2.2    0.383436
-2.199    0.383626
-2.198    0.38382
-2.197    0.384018
-2.196    0.384219
-2.195    0.384424
-2.194    0.384632
-2.193    0.384844
-2.192    0.38506
-2.191    0.38528
-2.19    0.385503
-2.189    0.38573
-2.188    0.385961
-2.187    0.386196
-2.186    0.386434
-2.185    0.386676
-2.184    0.386922
-2.183    0.387172
-2.182    0.387426
-2.181    0.387684
-2.18    0.387945
-2.179    0.38821
-2.178    0.38848
-2.177    0.388753
-2.176    0.38903
-2.175    0.389311
-2.174    0.389596
-2.173    0.389885
-2.172    0.390178
-2.171    0.390475
-2.17    0.390777
-2.169    0.391082
-2.168    0.391391
-2.167    0.391704
-2.166    0.392022
-2.165    0.392344
-2.164    0.392669
-2.163    0.392999
-2.162    0.393334
-2.161    0.393672
-2.16    0.394015
-2.159    0.394362
-2.158    0.394713
-2.157    0.395068
-2.156    0.395428
-2.155    0.395792
-2.154    0.396161
-2.153    0.396533
-2.152    0.396911
-2.151    0.397292
-2.15    0.397679
-2.149    0.398069
-2.148    0.398464
-2.147    0.398864
-2.146    0.399268
-2.145    0.399677
-2.144    0.40009
-2.143    0.400508
-2.142    0.40093
-2.141    0.401357
-2.14    0.401789
-2.139    0.402226
-2.138    0.402667
-2.137    0.403113
-2.136    0.403564
-2.135    0.404019
-2.134    0.40448
-2.133    0.404945
-2.132    0.405415
-2.131    0.40589
-2.13    0.40637
-2.129    0.406855
-2.128    0.407345
-2.127    0.40784
-2.126    0.40834
-2.125    0.408845
-2.124    0.409355
-2.123    0.40987
-2.122    0.410391
-2.121    0.410917
-2.12    0.411447
-2.119    0.411984
-2.118    0.412525
-2.117    0.413072
-2.116    0.413624
-2.115    0.414181
-2.114    0.414744
-2.113    0.415312
-2.112    0.415886
-2.111    0.416465
-2.11    0.41705
-2.109    0.41764
-2.108    0.418236
-2.107    0.418838
-2.106    0.419445
-2.105    0.420058
-2.104    0.420677
-2.103    0.421302
-2.102    0.421932
-2.101    0.422568
-2.1    0.42321
-2.099    0.423858
-2.098    0.424512
-2.097    0.425172
-2.096    0.425838
-2.095    0.42651
-2.094    0.427188
-2.093    0.427873
-2.092    0.428563
-2.091    0.42926
-2.09    0.429963
-2.089    0.430673
-2.088    0.431388
-2.087    0.432111
-2.086    0.432839
-2.085    0.433574
-2.084    0.434316
-2.083    0.435064
-2.082    0.435819
-2.081    0.436581
-2.08    0.437349
-2.079    0.438124
-2.078    0.438906
-2.077    0.439695
-2.076    0.44049
-2.075    0.441293
-2.074    0.442102
-2.073    0.442919
-2.072    0.443743
-2.071    0.444574
-2.07    0.445412
-2.069    0.446257
-2.068    0.44711
-2.067    0.44797
-2.066    0.448837
-2.065    0.449712
-2.064    0.450594
-2.063    0.451484
-2.062    0.452382
-2.061    0.453287
-2.06    0.4542
-2.059    0.455121
-2.058    0.456049
-2.057    0.456986
-2.056    0.45793
-2.055    0.458883
-2.054    0.459844
-2.053    0.460812
-2.052    0.46179
-2.051    0.462775
-2.05    0.463768
-2.049    0.46477
-2.048    0.465781
-2.047    0.4668
-2.046    0.467828
-2.045    0.468864
-2.044    0.469909
-2.043    0.470963
-2.042    0.472026
-2.041    0.473097
-2.04    0.474178
-2.039    0.475268
-2.038    0.476367
-2.037    0.477475
-2.036    0.478592
-2.035    0.479719
-2.034    0.480855
-2.033    0.482001
-2.032    0.483156
-2.031    0.484322
-2.03    0.485496
-2.029    0.486681
-2.028    0.487876
-2.027    0.48908
-2.026    0.490295
-2.025    0.49152
-2.024    0.492755
-2.023    0.494
-2.022    0.495256
-2.021    0.496523
-2.02    0.4978
-2.019    0.499087
-2.018    0.500386
-2.017    0.501695
-2.016    0.503016
-2.015    0.504347
-2.014    0.50569
-2.013    0.507043
-2.012    0.508408
-2.011    0.509785
-2.01    0.511173
-2.009    0.512573
-2.008    0.513984
-2.007    0.515408
-2.006    0.516843
-2.005    0.518291
-2.004    0.51975
-2.003    0.521222
-2.002    0.522706
-2.001    0.524203
-2    0.525712
-1.999    0.527234
-1.998    0.528769
-1.997    0.530317
-1.996    0.531878
-1.995    0.533452
-1.994    0.535039
-1.993    0.53664
-1.992    0.538255
-1.991    0.539883
-1.99    0.541525
-1.989    0.54318
-1.988    0.54485
-1.987    0.546534
-1.986    0.548233
-1.985    0.549946
-1.984    0.551673
-1.983    0.553415
-1.982    0.555172
-1.981    0.556944
-1.98    0.558732
-1.979    0.560534
-1.978    0.562352
-1.977    0.564186
-1.976    0.566035
-1.975    0.567901
-1.974    0.569782
-1.973    0.571679
-1.972    0.573593
-1.971    0.575524
-1.97    0.577471
-1.969    0.579435
-1.968    0.581416
-1.967    0.583414
-1.966    0.58543
-1.965    0.587463
-1.964    0.589514
-1.963    0.591582
-1.962    0.593669
-1.961    0.595774
-1.96    0.597898
-1.959    0.60004
-1.958    0.602201
-1.957    0.604381
-1.956    0.60658
-1.955    0.608799
-1.954    0.611037
-1.953    0.613295
-1.952    0.615573
-1.951    0.617871
-1.95    0.62019
-1.949    0.622529
-1.948    0.624889
-1.947    0.627271
-1.946    0.629673
-1.945    0.632097
-1.944    0.634543
-1.943    0.637011
-1.942    0.639501
-1.941    0.642014
-1.94    0.644549
-1.939    0.647107
-1.938    0.649689
-1.937    0.652294
-1.936    0.654922
-1.935    0.657575
-1.934    0.660252
-1.933    0.662953
-1.932    0.665679
-1.931    0.668431
-1.93    0.671207
-1.929    0.674009
-1.928    0.676837
-1.927    0.679692
-1.926    0.682572
-1.925    0.68548
-1.924    0.688414
-1.923    0.691376
-1.922    0.694366
-1.921    0.697384
-1.92    0.70043
-1.919    0.703505
-1.918    0.706608
-1.917    0.709741
-1.916    0.712904
-1.915    0.716097
-1.914    0.71932
-1.913    0.722574
-1.912    0.725859
-1.911    0.729176
-1.91    0.732524
-1.909    0.735904
-1.908    0.739318
-1.907    0.742764
-1.906    0.746243
-1.905    0.749757
-1.904    0.753304
-1.903    0.756886
-1.902    0.760503
-1.901    0.764156
-1.9    0.767844
-1.899    0.771569
-1.898    0.775331
-1.897    0.77913
-1.896    0.782966
-1.895    0.786841
-1.894    0.790755
-1.893    0.794707
-1.892    0.798699
-1.891    0.802731
-1.89    0.806804
-1.889    0.810918
-1.888    0.815074
-1.887    0.819272
-1.886    0.823513
-1.885    0.827797
-1.884    0.832125
-1.883    0.836497
-1.882    0.840914
-1.881    0.845377
-1.88    0.849886
-1.879    0.854442
-1.878    0.859045
-1.877    0.863696
-1.876    0.868396
-1.875    0.873145
-1.874    0.877945
-1.873    0.882794
-1.872    0.887696
-1.871    0.892649
-1.87    0.897655
-1.869    0.902714
-1.868    0.907828
-1.867    0.912997
-1.866    0.918221
-1.865    0.923501
-1.864    0.928839
-1.863    0.934235
-1.862    0.93969
-1.861    0.945204
-1.86    0.950779
-1.859    0.956416
-1.858    0.962114
-1.857    0.967876
-1.856    0.973701
-1.855    0.979592
-1.854    0.985548
-1.853    0.991571
-1.852    0.997662
-1.851    1.00382
-1.85    1.01005
-1.849    1.01635
-1.848    1.02272
-1.847    1.02917
-1.846    1.03569
-1.845    1.04228
-1.844    1.04895
-1.843    1.0557
-1.842    1.06252
-1.841    1.06943
-1.84    1.07641
-1.839    1.08348
-1.838    1.09063
-1.837    1.09787
-1.836    1.10519
-1.835    1.1126
-1.834    1.1201
-1.833    1.12769
-1.832    1.13537
-1.831    1.14314
-1.83    1.15101
-1.829    1.15897
-1.828    1.16703
-1.827    1.17518
-1.826    1.18344
-1.825    1.1918
-1.824    1.20027
-1.823    1.20884
-1.822    1.21751
-1.821    1.2263
-1.82    1.23519
-1.819    1.2442
-1.818    1.25333
-1.817    1.26256
-1.816    1.27192
-1.815    1.2814
-1.814    1.291
-1.813    1.30072
-1.812    1.31057
-1.811    1.32054
-1.81    1.33065
-1.809    1.34089
-1.808    1.35127
-1.807    1.36178
-1.806    1.37244
-1.805    1.38323
-1.804    1.39417
-1.803    1.40526
-1.802    1.4165
-1.801    1.42789
-1.8    1.43943
-1.799    1.45113
-1.798    1.463
-1.797    1.47503
-1.796    1.48722
-1.795    1.49958
-1.794    1.51212
-1.793    1.52484
-1.792    1.53773
-1.791    1.5508
-1.79    1.56407
-1.789    1.57752
-1.788    1.59116
-1.787    1.605
-1.786    1.61904
-1.785    1.63329
-1.784    1.64775
-1.783    1.66241
-1.782    1.6773
-1.781    1.6924
-1.78    1.70773
-1.779    1.72329
-1.778    1.73908
-1.777    1.75511
-1.776    1.77139
-1.775    1.78791
-1.774    1.80468
-1.773    1.82172
-1.772    1.83902
-1.771    1.85658
-1.77    1.87442
-1.769    1.89255
-1.768    1.91095
-1.767    1.92965
-1.766    1.94865
-1.765    1.96795
-1.764    1.98756
-1.763    2.00749
-1.762    2.02775
-1.761    2.04833
-1.76    2.06926
-1.759    2.09053
-1.758    2.11215
-1.757    2.13413
-1.756    2.15649
-1.755    2.17922
-1.754    2.20233
-1.753    2.22584
-1.752    2.24975
-1.751    2.27408
-1.75    2.29883
-1.749    2.324
-1.748    2.34962
-1.747    2.3757
-1.746    2.40223
-1.745    2.42923
-1.744    2.45673
-1.743    2.48471
-1.742    2.5132
-1.741    2.54222
-1.74    2.57176
-1.739    2.60185
-1.738    2.6325
-1.737    2.66372
-1.736    2.69553
-1.735    2.72794
-1.734    2.76096
-1.733    2.79462
-1.732    2.82892
-1.731    2.86389
-1.73    2.89953
-1.729    2.93588
-1.728    2.97294
-1.727    3.01074
-1.726    3.04929
-1.725    3.08862
-1.724    3.12874
-1.723    3.16968
-1.722    3.21145
-1.721    3.25409
-1.72    3.29761
-1.719    3.34204
-1.718    3.38741
-1.717    3.43374
-1.716    3.48105
-1.715    3.52937
-1.714    3.57874
-1.713    3.62919
-1.712    3.68074
-1.711    3.73342
-1.71    3.78727
-1.709    3.84233
-1.708    3.89863
-1.707    3.9562
-1.706    4.01509
-1.705    4.07533
-1.704    4.13696
-1.703    4.20004
-1.702    4.26459
-1.701    4.33068
-1.7    4.39834
-1.699    4.46762
-1.698    4.53859
-1.697    4.61128
-1.696    4.68576
-1.695    4.76209
-1.694    4.84032
-1.693    4.92051
-1.692    5.00274
-1.691    5.08707
-1.69    5.17358
-1.689    5.26232
-1.688    5.35339
-1.687    5.44687
-1.686    5.54282
-1.685    5.64135
-1.684    5.74255
-1.683    5.8465
-1.682    5.9533
-1.681    6.06307
-1.68    6.17591
-1.679    6.29192
-1.678    6.41123
-1.677    6.53397
-1.676    6.66025
-1.675    6.79022
-1.674    6.92402
-1.673    7.06178
-1.672    7.20368
-1.671    7.34986
-1.67    7.50051
-1.669    7.65579
-1.668    7.81589
-1.667    7.98101
-1.666    8.15135
-1.665    8.32714
-1.664    8.50859
-1.663    8.69594
-1.662    8.88944
-1.661    9.08936
-1.66    9.29598
-1.659    9.50957
-1.658    9.73045
-1.657    9.95895
-1.656    10.1954
-1.655    10.4401
-1.654    10.6936
-1.653    10.9561
-1.652    11.2281
-1.651    11.51
-1.65    11.8024
-1.649    12.1056
-1.648    12.4203
-1.647    12.7469
-1.646    13.0861
-1.645    13.4385
-1.644    13.8046
-1.643    14.1852
-1.642    14.5811
-1.641    14.9929
-1.64    15.4216
-1.639    15.8679
-1.638    16.3327
-1.637    16.8171
-1.636    17.322
-1.635    17.8485
-1.634    18.3978
-1.633    18.971
-1.632    19.5695
-1.631    20.1945
-1.63    20.8476
-1.629    21.5302
-1.628    22.2439
-1.627    22.9903
-1.626    23.7713
-1.625    24.5888
-1.624    25.4446
-1.623    26.3408
-1.622    27.2796
-1.621    28.2632
-1.62    29.2939
-1.619    30.3743
-1.618    31.5067
-1.617    32.6939
-1.616    33.9385
-1.615    35.2431
-1.614    36.6105
-1.613    38.0435
-1.612    39.5448
-1.611    41.1169
-1.61    42.7625
-1.609    44.4837
-1.608    46.2827
-1.607    48.1611
-1.606    50.1202
-1.605    52.1606
-1.604    54.2824
-1.603    56.4845
-1.602    58.765
-1.601    61.1207
-1.6    63.5469
-1.599    66.0373
-1.598    68.5837
-1.597    71.1758
-1.596    73.8009
-1.595    76.4439
-1.594    79.0871
-1.593    81.7104
-1.592    84.2907
-1.591    86.8029
-1.59    89.2195
-1.589    91.5115
-1.588    93.6489
-1.587    95.6014
-1.586    97.3393
-1.585    98.8345
-1.584    100.062
-1.583    100.999
-1.582    101.629
-1.581    101.941
-1.58    101.927
-1.579    101.589
-1.578    100.933
-1.577    99.9715
-1.576    98.7214
-1.575    97.2053
-1.574    95.4486
-1.573    93.4798
-1.572    91.3284
-1.571    89.025
-1.57    86.5994
-1.569    84.0805
-1.568    81.4957
-1.567    78.8698
-1.566    76.2257
-1.565    73.5834
-1.564    70.9604
-1.563    68.3715
-1.562    65.8292
-1.561    63.3437
-1.56    60.9229
-1.559    58.5731
-1.558    56.2987
-1.557    54.103
-1.556    51.9878
-1.555    49.9539
-1.554    48.0013
-1.553    46.1293
-1.552    44.3366
-1.551    42.6216
-1.55    40.982
-1.549    39.4156
-1.548    37.92
-1.547    36.4923
-1.546    35.13
-1.545    33.8302
-1.544    32.5904
-1.543    31.4076
-1.542    30.2794
-1.541    29.2031
-1.54    28.1762
-1.539    27.1962
-1.538    26.2609
-1.537    25.3679
-1.536    24.5152
-1.535    23.7007
-1.534    22.9225
-1.533    22.1786
-1.532    21.4674
-1.531    20.7872
-1.53    20.1364
-1.529    19.5134
-1.528    18.9169
-1.527    18.3456
-1.526    17.7981
-1.525    17.2733
-1.524    16.77
-1.523    16.2871
-1.522    15.8237
-1.521    15.3788
-1.52    14.9514
-1.519    14.5408
-1.518    14.1461
-1.517    13.7666
-1.516    13.4015
-1.515    13.0501
-1.514    12.7119
-1.513    12.3861
-1.512    12.0723
-1.511    11.7698
-1.51    11.4782
-1.509    11.197
-1.508    10.9256
-1.507    10.6638
-1.506    10.4109
-1.505    10.1668
-1.504    9.93085
-1.503    9.70288
-1.502    9.48248
-1.501    9.26935
-1.5    9.06317
-1.499    8.86367
-1.498    8.67055
-1.497    8.48357
-1.496    8.30247
-1.495    8.12702
-1.494    7.95699
-1.493    7.79217
-1.492    7.63235
-1.491    7.47734
-1.49    7.32694
-1.489    7.181
-1.488    7.03932
-1.487    6.90177
-1.486    6.76817
-1.485    6.63839
-1.484    6.51228
-1.483    6.3897
-1.482    6.27054
-1.481    6.15467
-1.48    6.04197
-1.479    5.93233
-1.478    5.82564
-1.477    5.72179
-1.476    5.6207
-1.475    5.52226
-1.474    5.42639
-1.473    5.333
-1.472    5.242
-1.471    5.15332
-1.47    5.06687
-1.469    4.9826
-1.468    4.90041
-1.467    4.82026
-1.466    4.74206
-1.465    4.66577
-1.464    4.59131
-1.463    4.51864
-1.462    4.44769
-1.461    4.37842
-1.46    4.31077
-1.459    4.24469
-1.458    4.18013
-1.457    4.11706
-1.456    4.05541
-1.455    3.99516
-1.454    3.93626
-1.453    3.87867
-1.452    3.82236
-1.451    3.76728
-1.45    3.7134
-1.449    3.66068
-1.448    3.60911
-1.447    3.55863
-1.446    3.50922
-1.445    3.46085
-1.444    3.4135
-1.443    3.36713
-1.442    3.32172
-1.441    3.27724
-1.44    3.23367
-1.439    3.19098
-1.438    3.14915
-1.437    3.10815
-1.436    3.06797
-1.435    3.02859
-1.434    2.98997
-1.433    2.95211
-1.432    2.91498
-1.431    2.87857
-1.43    2.84286
-1.429    2.80782
-1.428    2.77345
-1.427    2.73972
-1.426    2.70662
-1.425    2.67414
-1.424    2.64225
-1.423    2.61096
-1.422    2.58023
-1.421    2.55006
-1.42    2.52043
-1.419    2.49134
-1.418    2.46276
-1.417    2.43469
-1.416    2.40711
-1.415    2.38002
-1.414    2.3534
-1.413    2.32724
-1.412    2.30153
-1.411    2.27626
-1.41    2.25142
-1.409    2.22701
-1.408    2.203
-1.407    2.1794
-1.406    2.15619
-1.405    2.13336
-1.404    2.11091
-1.403    2.08883
-1.402    2.06711
-1.401    2.04574
-1.4    2.02472
-1.399    2.00403
-1.398    1.98368
-1.397    1.96365
-1.396    1.94393
-1.395    1.92453
-1.394    1.90543
-1.393    1.88663
-1.392    1.86811
-1.391    1.84989
-1.39    1.83194
-1.389    1.81427
-1.388    1.79686
-1.387    1.77972
-1.386    1.76284
-1.385    1.74621
-1.384    1.72983
-1.383    1.71369
-1.382    1.69778
-1.381    1.68212
-1.38    1.66668
-1.379    1.65146
-1.378    1.63647
-1.377    1.62169
-1.376    1.60712
-1.375    1.59276
-1.374    1.5786
-1.373    1.56465
-1.372    1.55089
-1.371    1.53733
-1.37    1.52395
-1.369    1.51076
-1.368    1.49775
-1.367    1.48492
-1.366    1.47227
-1.365    1.45978
-1.364    1.44747
-1.363    1.43533
-1.362    1.42334
-1.361    1.41152
-1.36    1.39986
-1.359    1.38835
-1.358    1.37699
-1.357    1.36579
-1.356    1.35473
-1.355    1.34381
-1.354    1.33304
-1.353    1.3224
-1.352    1.31191
-1.351    1.30154
-1.35    1.29131
-1.349    1.28121
-1.348    1.27124
-1.347    1.2614
-1.346    1.25167
-1.345    1.24207
-1.344    1.23259
-1.343    1.22323
-1.342    1.21398
-1.341    1.20485
-1.34    1.19583
-1.339    1.18692
-1.338    1.17812
-1.337    1.16942
-1.336    1.16083
-1.335    1.15235
-1.334    1.14396
-1.333    1.13568
-1.332    1.12749
-1.331    1.1194
-1.33    1.11141
-1.329    1.10351
-1.328    1.0957
-1.327    1.08798
-1.326    1.08036
-1.325    1.07282
-1.324    1.06537
-1.323    1.058
-1.322    1.05072
-1.321    1.04352
-1.32    1.0364
-1.319    1.02937
-1.318    1.02241
-1.317    1.01553
-1.316    1.00873
-1.315    1.00201
-1.314    0.995357
-1.313    0.98878
-1.312    0.982276
-1.311    0.975843
-1.31    0.969481
-1.309    0.963188
-1.308    0.956964
-1.307    0.950808
-1.306    0.944718
-1.305    0.938693
-1.304    0.932734
-1.303    0.926838
-1.302    0.921005
-1.301    0.915233
-1.3    0.909523
-1.299    0.903874
-1.298    0.898283
-1.297    0.892752
-1.296    0.887278
-1.295    0.881861
-1.294    0.8765
-1.293    0.871195
-1.292    0.865944
-1.291    0.860747
-1.29    0.855604
-1.289    0.850513
-1.288    0.845474
-1.287    0.840486
-1.286    0.835548
-1.285    0.83066
-1.284    0.825822
-1.283    0.821031
-1.282    0.816289
-1.281    0.811593
-1.28    0.806945
-1.279    0.802342
-1.278    0.797784
-1.277    0.793272
-1.276    0.788803
-1.275    0.784378
-1.274    0.779997
-1.273    0.775657
-1.272    0.77136
-1.271    0.767104
-1.27    0.762889
-1.269    0.758715
-1.268    0.75458
-1.267    0.750485
-1.266    0.746428
-1.265    0.74241
-1.264    0.73843
-1.263    0.734488
-1.262    0.730582
-1.261    0.726713
-1.26    0.72288
-1.259    0.719083
-1.258    0.715321
-1.257    0.711594
-1.256    0.707901
-1.255    0.704242
-1.254    0.700617
-1.253    0.697025
-1.252    0.693465
-1.251    0.689938
-1.25    0.686443
-1.249    0.68298
-1.248    0.679548
-1.247    0.676146
-1.246    0.672775
-1.245    0.669435
-1.244    0.666124
-1.243    0.662842
-1.242    0.65959
-1.241    0.656366
-1.24    0.653171
-1.239    0.650004
-1.238    0.646865
-1.237    0.643753
-1.236    0.640668
-1.235    0.63761
-1.234    0.634579
-1.233    0.631574
-1.232    0.628595
-1.231    0.625641
-1.23    0.622713
-1.229    0.61981
-1.228    0.616932
-1.227    0.614078
-1.226    0.611249
-1.225    0.608443
-1.224    0.605662
-1.223    0.602903
-1.222    0.600168
-1.221    0.597456
-1.22    0.594767
-1.219    0.5921
-1.218    0.589455
-1.217    0.586833
-1.216    0.584232
-1.215    0.581652
-1.214    0.579094
-1.213    0.576557
-1.212    0.57404
-1.211    0.571545
-1.21    0.569069
-1.209    0.566614
-1.208    0.564179
-1.207    0.561764
-1.206    0.559368
-1.205    0.556991
-1.204    0.554634
-1.203    0.552295
-1.202    0.549976
-1.201    0.547674
-1.2    0.545392
-1.199    0.543127
-1.198    0.54088
-1.197    0.538651
-1.196    0.53644
-1.195    0.534246
-1.194    0.53207
-1.193    0.52991
-1.192    0.527768
-1.191    0.525642
-1.19    0.523533
-1.189    0.52144
-1.188    0.519364
-1.187    0.517303
-1.186    0.515259
-1.185    0.51323
-1.184    0.511217
-1.183    0.509219
-1.182    0.507237
-1.181    0.50527
-1.18    0.503318
-1.179    0.501381
-1.178    0.499458
-1.177    0.49755
-1.176    0.495657
-1.175    0.493778
-1.174    0.491913
-1.173    0.490062
-1.172    0.488225
-1.171    0.486401
-1.17    0.484592
-1.169    0.482795
-1.168    0.481013
-1.167    0.479243
-1.166    0.477487
-1.165    0.475743
-1.164    0.474013
-1.163    0.472295
-1.162    0.47059
-1.161    0.468898
-1.16    0.467217
-1.159    0.46555
-1.158    0.463894
-1.157    0.46225
-1.156    0.460619
-1.155    0.458999
-1.154    0.457391
-1.153    0.455795
-1.152    0.45421
-1.151    0.452637
-1.15    0.451074
-1.149    0.449524
-1.148    0.447984
-1.147    0.446455
-1.146    0.444937
-1.145    0.443431
-1.144    0.441934
-1.143    0.440449
-1.142    0.438974
-1.141    0.437509
-1.14    0.436055
-1.139    0.434611
-1.138    0.433177
-1.137    0.431754
-1.136    0.43034
-1.135    0.428936
-1.134    0.427543
-1.133    0.426158
-1.132    0.424784
-1.131    0.423419
-1.13    0.422064
-1.129    0.420718
-1.128    0.419381
-1.127    0.418054
-1.126    0.416736
-1.125    0.415426
-1.124    0.414126
-1.123    0.412835
-1.122    0.411553
-1.121    0.41028
-1.12    0.409015
-1.119    0.407759
-1.118    0.406511
-1.117    0.405272
-1.116    0.404042
-1.115    0.40282
-1.114    0.401606
-1.113    0.4004
-1.112    0.399203
-1.111    0.398014
-1.11    0.396832
-1.109    0.395659
-1.108    0.394494
-1.107    0.393336
-1.106    0.392186
-1.105    0.391044
-1.104    0.38991
-1.103    0.388783
-1.102    0.387664
-1.101    0.386552
-1.1    0.385447
-1.099    0.38435
-1.098    0.383261
-1.097    0.382178
-1.096    0.381103
-1.095    0.380035
-1.094    0.378973
-1.093    0.377919
-1.092    0.376872
-1.091    0.375832
-1.09    0.374799
-1.089    0.373772
-1.088    0.372752
-1.087    0.371739
-1.086    0.370732
-1.085    0.369733
-1.084    0.368739
-1.083    0.367752
-1.082    0.366772
-1.081    0.365798
-1.08    0.36483
-1.079    0.363869
-1.078    0.362914
-1.077    0.361965
-1.076    0.361022
-1.075    0.360086
-1.074    0.359155
-1.073    0.358231
-1.072    0.357312
-1.071    0.356399
-1.07    0.355493
-1.069    0.354592
-1.068    0.353697
-1.067    0.352808
-1.066    0.351924
-1.065    0.351046
-1.064    0.350174
-1.063    0.349307
-1.062    0.348446
-1.061    0.347591
-1.06    0.346741
-1.059    0.345896
-1.058    0.345057
-1.057    0.344223
-1.056    0.343395
-1.055    0.342571
-1.054    0.341753
-1.053    0.340941
-1.052    0.340133
-1.051    0.339331
-1.05    0.338533
-1.049    0.337741
-1.048    0.336954
-1.047    0.336172
-1.046    0.335394
-1.045    0.334622
-1.044    0.333855
-1.043    0.333092
-1.042    0.332334
-1.041    0.331581
-1.04    0.330833
-1.039    0.33009
-1.038    0.329351
-1.037    0.328617
-1.036    0.327888
-1.035    0.327163
-1.034    0.326443
-1.033    0.325727
-1.032    0.325016
-1.031    0.324309
-1.03    0.323607
-1.029    0.322909
-1.028    0.322216
-1.027    0.321527
-1.026    0.320842
-1.025    0.320162
-1.024    0.319486
-1.023    0.318814
-1.022    0.318147
-1.021    0.317483
-1.02    0.316824
-1.019    0.316169
-1.018    0.315518
-1.017    0.314872
-1.016    0.314229
-1.015    0.31359
-1.014    0.312956
-1.013    0.312325
-1.012    0.311698
-1.011    0.311076
-1.01    0.310457
-1.009    0.309842
-1.008    0.309231
-1.007    0.308624
-1.006    0.30802
-1.005    0.307421
-1.004    0.306825
-1.003    0.306233
-1.002    0.305645
-1.001    0.30506
-1    0.304479
-0.999    0.303902
-0.998    0.303328
-0.997    0.302759
-0.996    0.302192
-0.995    0.301629
-0.994    0.30107
-0.993    0.300515
-0.992    0.299962
-0.991    0.299414
-0.99    0.298869
-0.989    0.298327
-0.988    0.297789
-0.987    0.297254
-0.986    0.296722
-0.985    0.296194
-0.984    0.29567
-0.983    0.295148
-0.982    0.29463
-0.981    0.294115
-0.98    0.293604
-0.979    0.293096
-0.978    0.292591
-0.977    0.292089
-0.976    0.29159
-0.975    0.291095
-0.974    0.290603
-0.973    0.290114
-0.972    0.289628
-0.971    0.289145
-0.97    0.288665
-0.969    0.288189
-0.968    0.287715
-0.967    0.287245
-0.966    0.286777
-0.965    0.286313
-0.964    0.285852
-0.963    0.285393
-0.962    0.284938
-0.961    0.284485
-0.96    0.284036
-0.959    0.283589
-0.958    0.283146
-0.957    0.282705
-0.956    0.282267
-0.955    0.281832
-0.954    0.2814
-0.953    0.28097
-0.952    0.280544
-0.951    0.28012
-0.95    0.279699
-0.949    0.279281
-0.948    0.278866
-0.947    0.278453
-0.946    0.278043
-0.945    0.277636
-0.944    0.277231
-0.943    0.27683
-0.942    0.27643
-0.941    0.276034
-0.94    0.27564
-0.939    0.275249
-0.938    0.274861
-0.937    0.274475
-0.936    0.274091
-0.935    0.273711
-0.934    0.273333
-0.933    0.272957
-0.932    0.272584
-0.931    0.272214
-0.93    0.271846
-0.929    0.27148
-0.928    0.271118
-0.927    0.270757
-0.926    0.270399
-0.925    0.270044
-0.924    0.269691
-0.923    0.269341
-0.922    0.268993
-0.921    0.268647
-0.92    0.268304
-0.919    0.267963
-0.918    0.267625
-0.917    0.267289
-0.916    0.266955
-0.915    0.266624
-0.914    0.266295
-0.913    0.265968
-0.912    0.265644
-0.911    0.265322
-0.91    0.265002
-0.909    0.264685
-0.908    0.26437
-0.907    0.264058
-0.906    0.263747
-0.905    0.263439
-0.904    0.263133
-0.903    0.262829
-0.902    0.262528
-0.901    0.262229
-0.9    0.261932
-0.899    0.261637
-0.898    0.261345
-0.897    0.261054
-0.896    0.260766
-0.895    0.26048
-0.894    0.260196
-0.893    0.259915
-0.892    0.259635
-0.891    0.259358
-0.89    0.259083
-0.889    0.25881
-0.888    0.258539
-0.887    0.25827
-0.886    0.258003
-0.885    0.257738
-0.884    0.257476
-0.883    0.257215
-0.882    0.256957
-0.881    0.256701
-0.88    0.256446
-0.879    0.256194
-0.878    0.255944
-0.877    0.255696
-0.876    0.25545
-0.875    0.255205
-0.874    0.254963
-0.873    0.254723
-0.872    0.254485
-0.871    0.254249
-0.87    0.254015
-0.869    0.253783
-0.868    0.253553
-0.867    0.253325
-0.866    0.253098
-0.865    0.252874
-0.864    0.252652
-0.863    0.252431
-0.862    0.252213
-0.861    0.251996
-0.86    0.251782
-0.859    0.251569
-0.858    0.251358
-0.857    0.251149
-0.856    0.250942
-0.855    0.250737
-0.854    0.250534
-0.853    0.250333
-0.852    0.250133
-0.851    0.249936
-0.85    0.24974
-0.849    0.249546
-0.848    0.249354
-0.847    0.249164
-0.846    0.248976
-0.845    0.24879
-0.844    0.248605
-0.843    0.248422
-0.842    0.248241
-0.841    0.248062
-0.84    0.247885
-0.839    0.247709
-0.838    0.247536
-0.837    0.247364
-0.836    0.247194
-0.835    0.247025
-0.834    0.246859
-0.833    0.246694
-0.832    0.246531
-0.831    0.24637
-0.83    0.24621
-0.829    0.246053
-0.828    0.245897
-0.827    0.245743
-0.826    0.24559
-0.825    0.24544
-0.824    0.245291
-0.823    0.245143
-0.822    0.244998
-0.821    0.244854
-0.82    0.244712
-0.819    0.244572
-0.818    0.244434
-0.817    0.244297
-0.816    0.244162
-0.815    0.244028
-0.814    0.243897
-0.813    0.243767
-0.812    0.243638
-0.811    0.243512
-0.81    0.243387
-0.809    0.243264
-0.808    0.243142
-0.807    0.243023
-0.806    0.242904
-0.805    0.242788
-0.804    0.242673
-0.803    0.24256
-0.802    0.242449
-0.801    0.242339
-0.8    0.242231
-0.799    0.242124
-0.798    0.24202
-0.797    0.241916
-0.796    0.241815
-0.795    0.241715
-0.794    0.241617
-0.793    0.24152
-0.792    0.241426
-0.791    0.241332
-0.79    0.241241
-0.789    0.241151
-0.788    0.241062
-0.787    0.240976
-0.786    0.240891
-0.785    0.240807
-0.784    0.240726
-0.783    0.240645
-0.782    0.240567
-0.781    0.24049
-0.78    0.240415
-0.779    0.240341
-0.778    0.240269
-0.777    0.240198
-0.776    0.240129
-0.775    0.240062
-0.774    0.239997
-0.773    0.239933
-0.772    0.23987
-0.771    0.239809
-0.77    0.23975
-0.769    0.239693
-0.768    0.239637
-0.767    0.239582
-0.766    0.239529
-0.765    0.239478
-0.764    0.239429
-0.763    0.239381
-0.762    0.239334
-0.761    0.239289
-0.76    0.239246
-0.759    0.239204
-0.758    0.239164
-0.757    0.239126
-0.756    0.239089
-0.755    0.239054
-0.754    0.23902
-0.753    0.238988
-0.752    0.238958
-0.751    0.238929
-0.75    0.238901
-0.749    0.238876
-0.748    0.238851
-0.747    0.238829
-0.746    0.238808
-0.745    0.238788
-0.744    0.238771
-0.743    0.238754
-0.742    0.23874
-0.741    0.238727
-0.74    0.238715
-0.739    0.238705
-0.738    0.238697
-0.737    0.23869
-0.736    0.238685
-0.735    0.238681
-0.734    0.238679
-0.733    0.238679
-0.732    0.23868
-0.731    0.238683
-0.73    0.238687
-0.729    0.238693
-0.728    0.238701
-0.727    0.23871
-0.726    0.238721
-0.725    0.238733
-0.724    0.238747
-0.723    0.238763
-0.722    0.23878
-0.721    0.238798
-0.72    0.238819
-0.719    0.238841
-0.718    0.238864
-0.717    0.238889
-0.716    0.238916
-0.715    0.238944
-0.714    0.238974
-0.713    0.239005
-0.712    0.239038
-0.711    0.239073
-0.71    0.239109
-0.709    0.239147
-0.708    0.239187
-0.707    0.239228
-0.706    0.239271
-0.705    0.239315
-0.704    0.239361
-0.703    0.239408
-0.702    0.239458
-0.701    0.239508
-0.7    0.239561
-0.699    0.239615
-0.698    0.23967
-0.697    0.239728
-0.696    0.239787
-0.695    0.239847
-0.694    0.239909
-0.693    0.239973
-0.692    0.240039
-0.691    0.240106
-0.69    0.240175
-0.689    0.240245
-0.688    0.240317
-0.687    0.240391
-0.686    0.240466
-0.685    0.240543
-0.684    0.240622
-0.683    0.240702
-0.682    0.240784
-0.681    0.240868
-0.68    0.240953
-0.679    0.24104
-0.678    0.241129
-0.677    0.241219
-0.676    0.241311
-0.675    0.241405
-0.674    0.2415
-0.673    0.241597
-0.672    0.241696
-0.671    0.241796
-0.67    0.241898
-0.669    0.242002
-0.668    0.242108
-0.667    0.242215
-0.666    0.242324
-0.665    0.242435
-0.664    0.242547
-0.663    0.242661
-0.662    0.242777
-0.661    0.242895
-0.66    0.243014
-0.659    0.243135
-0.658    0.243258
-0.657    0.243383
-0.656    0.243509
-0.655    0.243637
-0.654    0.243767
-0.653    0.243898
-0.652    0.244032
-0.651    0.244167
-0.65    0.244304
-0.649    0.244443
-0.648    0.244583
-0.647    0.244725
-0.646    0.244869
-0.645    0.245015
-0.644    0.245163
-0.643    0.245312
-0.642    0.245464
-0.641    0.245617
-0.64    0.245772
-0.639    0.245929
-0.638    0.246087
-0.637    0.246248
-0.636    0.24641
-0.635    0.246574
-0.634    0.24674
-0.633    0.246908
-0.632    0.247078
-0.631    0.247249
-0.63    0.247423
-0.629    0.247598
-0.628    0.247775
-0.627    0.247954
-0.626    0.248136
-0.625    0.248318
-0.624    0.248503
-0.623    0.24869
-0.622    0.248879
-0.621    0.249069
-0.62    0.249262
-0.619    0.249457
-0.618    0.249653
-0.617    0.249852
-0.616    0.250052
-0.615    0.250254
-0.614    0.250459
-0.613    0.250665
-0.612    0.250873
-0.611    0.251084
-0.61    0.251296
-0.609    0.25151
-0.608    0.251727
-0.607    0.251945
-0.606    0.252165
-0.605    0.252388
-0.604    0.252612
-0.603    0.252839
-0.602    0.253068
-0.601    0.253298
-0.6    0.253531
-0.599    0.253766
-0.598    0.254003
-0.597    0.254242
-0.596    0.254483
-0.595    0.254727
-0.594    0.254972
-0.593    0.25522
-0.592    0.255469
-0.591    0.255721
-0.59    0.255975
-0.589    0.256232
-0.588    0.25649
-0.587    0.256751
-0.586    0.257014
-0.585    0.257279
-0.584    0.257546
-0.583    0.257815
-0.582    0.258087
-0.581    0.258361
-0.58    0.258637
-0.579    0.258916
-0.578    0.259196
-0.577    0.259479
-0.576    0.259765
-0.575    0.260052
-0.574    0.260342
-0.573    0.260634
-0.572    0.260929
-0.571    0.261226
-0.57    0.261525
-0.569    0.261827
-0.568    0.262131
-0.567    0.262437
-0.566    0.262746
-0.565    0.263058
-0.564    0.263371
-0.563    0.263687
-0.562    0.264006
-0.561    0.264327
-0.56    0.26465
-0.559    0.264976
-0.558    0.265305
-0.557    0.265636
-0.556    0.265969
-0.555    0.266305
-0.554    0.266644
-0.553    0.266985
-0.552    0.267329
-0.551    0.267675
-0.55    0.268024
-0.549    0.268375
-0.548    0.268729
-0.547    0.269086
-0.546    0.269446
-0.545    0.269808
-0.544    0.270172
-0.543    0.27054
-0.542    0.27091
-0.541    0.271283
-0.54    0.271658
-0.539    0.272036
-0.538    0.272417
-0.537    0.272801
-0.536    0.273188
-0.535    0.273577
-0.534    0.273969
-0.533    0.274364
-0.532    0.274762
-0.531    0.275163
-0.53    0.275567
-0.529    0.275973
-0.528    0.276383
-0.527    0.276795
-0.526    0.27721
-0.525    0.277629
-0.524    0.27805
-0.523    0.278474
-0.522    0.278901
-0.521    0.279332
-0.52    0.279765
-0.519    0.280201
-0.518    0.280641
-0.517    0.281083
-0.516    0.281529
-0.515    0.281978
-0.514    0.28243
-0.513    0.282885
-0.512    0.283343
-0.511    0.283805
-0.51    0.284269
-0.509    0.284737
-0.508    0.285209
-0.507    0.285683
-0.506    0.286161
-0.505    0.286642
-0.504    0.287127
-0.503    0.287615
-0.502    0.288106
-0.501    0.288601
-0.5    0.289099
-0.499    0.2896
-0.498    0.290105
-0.497    0.290614
-0.496    0.291126
-0.495    0.291641
-0.494    0.29216
-0.493    0.292683
-0.492    0.293209
-0.491    0.293739
-0.49    0.294273
-0.489    0.29481
-0.488    0.295351
-0.487    0.295895
-0.486    0.296444
-0.485    0.296996
-0.484    0.297552
-0.483    0.298111
-0.482    0.298675
-0.481    0.299242
-0.48    0.299814
-0.479    0.300389
-0.478    0.300968
-0.477    0.301551
-0.476    0.302138
-0.475    0.30273
-0.474    0.303325
-0.473    0.303924
-0.472    0.304527
-0.471    0.305135
-0.47    0.305747
-0.469    0.306363
-0.468    0.306983
-0.467    0.307607
-0.466    0.308236
-0.465    0.308869
-0.464    0.309506
-0.463    0.310147
-0.462    0.310793
-0.461    0.311444
-0.46    0.312099
-0.459    0.312758
-0.458    0.313422
-0.457    0.314091
-0.456    0.314764
-0.455    0.315441
-0.454    0.316124
-0.453    0.316811
-0.452    0.317502
-0.451    0.318199
-0.45    0.3189
-0.449    0.319606
-0.448    0.320317
-0.447    0.321033
-0.446    0.321754
-0.445    0.32248
-0.444    0.323211
-0.443    0.323946
-0.442    0.324687
-0.441    0.325433
-0.44    0.326184
-0.439    0.326941
-0.438    0.327702
-0.437    0.328469
-0.436    0.329242
-0.435    0.330019
-0.434    0.330802
-0.433    0.331591
-0.432    0.332384
-0.431    0.333184
-0.43    0.333989
-0.429    0.334799
-0.428    0.335616
-0.427    0.336438
-0.426    0.337265
-0.425    0.338099
-0.424    0.338938
-0.423    0.339783
-0.422    0.340634
-0.421    0.341491
-0.42    0.342355
-0.419    0.343224
-0.418    0.344099
-0.417    0.344981
-0.416    0.345868
-0.415    0.346762
-0.414    0.347663
-0.413    0.348569
-0.412    0.349482
-0.411    0.350402
-0.41    0.351328
-0.409    0.352261
-0.408    0.3532
-0.407    0.354146
-0.406    0.355099
-0.405    0.356059
-0.404    0.357025
-0.403    0.357999
-0.402    0.358979
-0.401    0.359966
-0.4    0.360961
-0.399    0.361963
-0.398    0.362972
-0.397    0.363988
-0.396    0.365012
-0.395    0.366043
-0.394    0.367081
-0.393    0.368127
-0.392    0.369181
-0.391    0.370242
-0.39    0.371311
-0.389    0.372388
-0.388    0.373473
-0.387    0.374566
-0.386    0.375666
-0.385    0.376775
-0.384    0.377892
-0.383    0.379018
-0.382    0.380151
-0.381    0.381293
-0.38    0.382444
-0.379    0.383603
-0.378    0.384771
-0.377    0.385947
-0.376    0.387132
-0.375    0.388326
-0.374    0.389529
-0.373    0.390741
-0.372    0.391962
-0.371    0.393192
-0.37    0.394432
-0.369    0.395681
-0.368    0.396939
-0.367    0.398207
-0.366    0.399485
-0.365    0.400772
-0.364    0.40207
-0.363    0.403377
-0.362    0.404694
-0.361    0.406021
-0.36    0.407359
-0.359    0.408706
-0.358    0.410065
-0.357    0.411433
-0.356    0.412813
-0.355    0.414203
-0.354    0.415604
-0.353    0.417015
-0.352    0.418438
-0.351    0.419872
-0.35    0.421318
-0.349    0.422774
-0.348    0.424242
-0.347    0.425722
-0.346    0.427214
-0.345    0.428717
-0.344    0.430232
-0.343    0.43176
-0.342    0.433299
-0.341    0.434851
-0.34    0.436415
-0.339    0.437992
-0.338    0.439582
-0.337    0.441185
-0.336    0.4428
-0.335    0.444429
-0.334    0.446071
-0.333    0.447726
-0.332    0.449395
-0.331    0.451077
-0.33    0.452774
-0.329    0.454484
-0.328    0.456208
-0.327    0.457947
-0.326    0.4597
-0.325    0.461468
-0.324    0.463251
-0.323    0.465048
-0.322    0.466861
-0.321    0.468689
-0.32    0.470532
-0.319    0.47239
-0.318    0.474265
-0.317    0.476155
-0.316    0.478062
-0.315    0.479985
-0.314    0.481924
-0.313    0.48388
-0.312    0.485853
-0.311    0.487843
-0.31    0.48985
-0.309    0.491874
-0.308    0.493916
-0.307    0.495976
-0.306    0.498054
-0.305    0.50015
-0.304    0.502265
-0.303    0.504398
-0.302    0.50655
-0.301    0.508722
-0.3    0.510912
-0.299    0.513122
-0.298    0.515352
-0.297    0.517602
-0.296    0.519873
-0.295    0.522163
-0.294    0.524475
-0.293    0.526807
-0.292    0.529161
-0.291    0.531537
-0.29    0.533934
-0.289    0.536353
-0.288    0.538794
-0.287    0.541258
-0.286    0.543745
-0.285    0.546255
-0.284    0.548789
-0.283    0.551346
-0.282    0.553927
-0.281    0.556533
-0.28    0.559163
-0.279    0.561818
-0.278    0.564499
-0.277    0.567205
-0.276    0.569937
-0.275    0.572695
-0.274    0.57548
-0.273    0.578292
-0.272    0.581131
-0.271    0.583998
-0.27    0.586892
-0.269    0.589815
-0.268    0.592767
-0.267    0.595748
-0.266    0.598759
-0.265    0.601799
-0.264    0.60487
-0.263    0.607972
-0.262    0.611104
-0.261    0.614269
-0.26    0.617465
-0.259    0.620693
-0.258    0.623955
-0.257    0.62725
-0.256    0.630578
-0.255    0.633941
-0.254    0.637339
-0.253    0.640772
-0.252    0.64424
-0.251    0.647745
-0.25    0.651287
-0.249    0.654865
-0.248    0.658482
-0.247    0.662137
-0.246    0.66583
-0.245    0.669564
-0.244    0.673337
-0.243    0.67715
-0.242    0.681005
-0.241    0.684902
-0.24    0.688841
-0.239    0.692823
-0.238    0.696849
-0.237    0.700919
-0.236    0.705034
-0.235    0.709195
-0.234    0.713402
-0.233    0.717656
-0.232    0.721958
-0.231    0.726308
-0.23    0.730708
-0.229    0.735157
-0.228    0.739657
-0.227    0.744209
-0.226    0.748813
-0.225    0.753471
-0.224    0.758182
-0.223    0.762948
-0.222    0.76777
-0.221    0.772649
-0.22    0.777585
-0.219    0.782579
-0.218    0.787633
-0.217    0.792747
-0.216    0.797923
-0.215    0.80316
-0.214    0.808462
-0.213    0.813827
-0.212    0.819258
-0.211    0.824756
-0.21    0.830321
-0.209    0.835955
-0.208    0.841659
-0.207    0.847434
-0.206    0.853282
-0.205    0.859203
-0.204    0.865198
-0.203    0.87127
-0.202    0.87742
-0.201    0.883648
-0.2    0.889957
-0.199    0.896347
-0.198    0.90282
-0.197    0.909377
-0.196    0.916021
-0.195    0.922752
-0.194    0.929572
-0.193    0.936483
-0.192    0.943486
-0.191    0.950584
-0.19    0.957777
-0.189    0.965067
-0.188    0.972457
-0.187    0.979948
-0.186    0.987543
-0.185    0.995242
-0.184    1.00305
-0.183    1.01096
-0.182    1.01899
-0.181    1.02713
-0.18    1.03538
-0.179    1.04376
-0.178    1.05225
-0.177    1.06086
-0.176    1.0696
-0.175    1.07847
-0.174    1.08747
-0.173    1.09659
-0.172    1.10586
-0.171    1.11526
-0.17    1.1248
-0.169    1.13448
-0.168    1.14431
-0.167    1.15429
-0.166    1.16443
-0.165    1.17471
-0.164    1.18516
-0.163    1.19577
-0.162    1.20654
-0.161    1.21748
-0.16    1.2286
-0.159    1.23989
-0.158    1.25136
-0.157    1.26301
-0.156    1.27485
-0.155    1.28689
-0.154    1.29912
-0.153    1.31155
-0.152    1.32419
-0.151    1.33703
-0.15    1.35009
-0.149    1.36337
-0.148    1.37688
-0.147    1.39061
-0.146    1.40458
-0.145    1.41879
-0.144    1.43324
-0.143    1.44795
-0.142    1.46291
-0.141    1.47814
-0.14    1.49364
-0.139    1.50941
-0.138    1.52547
-0.137    1.54181
-0.136    1.55845
-0.135    1.5754
-0.134    1.59266
-0.133    1.61024
-0.132    1.62815
-0.131    1.64639
-0.13    1.66498
-0.129    1.68392
-0.128    1.70322
-0.127    1.7229
-0.126    1.74296
-0.125    1.7634
-0.124    1.78425
-0.123    1.80552
-0.122    1.8272
-0.121    1.84932
-0.12    1.87189
-0.119    1.89492
-0.118    1.91842
-0.117    1.9424
-0.116    1.96688
-0.115    1.99187
-0.114    2.01739
-0.113    2.04345
-0.112    2.07007
-0.111    2.09726
-0.11    2.12504
-0.109    2.15343
-0.108    2.18244
-0.107    2.21209
-0.106    2.24241
-0.105    2.2734
-0.104    2.3051
-0.103    2.33753
-0.102    2.3707
-0.101    2.40464
-0.1    2.43937
-0.099    2.47492
-0.098    2.51132
-0.097    2.54858
-0.096    2.58675
-0.095    2.62584
-0.094    2.66589
-0.093    2.70693
-0.092    2.74899
-0.091    2.7921
-0.09    2.83631
-0.089    2.88165
-0.088    2.92815
-0.087    2.97586
-0.086    3.02481
-0.085    3.07506
-0.084    3.12665
-0.083    3.17962
-0.082    3.23403
-0.081    3.28992
-0.08    3.34735
-0.079    3.40638
-0.078    3.46706
-0.077    3.52946
-0.076    3.59365
-0.075    3.65968
-0.074    3.72762
-0.073    3.79757
-0.072    3.86958
-0.071    3.94374
-0.07    4.02014
-0.069    4.09886
-0.068    4.18
-0.067    4.26366
-0.066    4.34994
-0.065    4.43894
-0.064    4.53078
-0.063    4.62558
-0.062    4.72347
-0.061    4.82457
-0.06    4.92902
-0.059    5.03697
-0.058    5.14857
-0.057    5.26398
-0.056    5.38338
-0.055    5.50694
-0.054    5.63484
-0.053    5.76729
-0.052    5.9045
-0.051    6.04669
-0.05    6.19408
-0.049    6.34694
-0.048    6.50551
-0.047    6.67007
-0.046    6.84091
-0.045    7.01834
-0.044    7.20268
-0.043    7.39427
-0.042    7.59348
-0.041    7.80069
-0.04    8.01631
-0.039    8.24076
-0.038    8.4745
-0.037    8.71801
-0.036    8.9718
-0.035    9.2364
-0.034    9.51239
-0.033    9.80037
-0.032    10.101
-0.031    10.4149
-0.03    10.7428
-0.029    11.0855
-0.028    11.4437
-0.027    11.8184
-0.026    12.2103
-0.025    12.6205
-0.024    13.0498
-0.023    13.4994
-0.022    13.9702
-0.021    14.4635
-0.02    14.9804
-0.019    15.522
-0.018    16.0898
-0.017    16.6849
-0.016    17.3087
-0.015    17.9625
-0.014    18.6478
-0.013    19.3659
-0.012    20.1181
-0.011    20.9057
-0.01    21.7301
-0.009    22.5923
-0.008    23.4934
-0.007    24.4342
-0.006    25.4154
-0.005    26.4373
-0.004    27.4998
-0.003    28.6025
-0.002    29.7445
-0.001    30.924
0    32.1388
0.001    33.3858
0.002    34.6607
0.003    35.9584
0.004    37.2727
0.005    38.596
0.006    39.9194
0.007    41.2329
0.008    42.5248
0.009    43.7827
0.01    44.9929
0.011    46.1407
0.012    47.2113
0.013    48.1894
0.014    49.0602
0.015    49.8097
0.016    50.4252
0.017    50.8958
0.018    51.2129
0.019    51.3705
0.02    51.3658
0.021    51.1988
0.022    50.8728
0.023    50.394
0.024    49.771
0.025    49.0149
0.026    48.1387
0.027    47.1563
0.028    46.0828
0.029    44.9331
0.03    43.7225
0.031    42.4652
0.032    41.1749
0.033    39.8642
0.034    38.5443
0.035    37.2254
0.036    35.9161
0.037    34.6239
0.038    33.355
0.039    32.1145
0.04    30.9064
0.041    29.7338
0.042    28.599
0.043    27.5035
0.044    26.4483
0.045    25.4337
0.046    24.4598
0.047    23.5263
0.048    22.6324
0.049    21.7773
0.05    20.96
0.051    20.1793
0.052    19.434
0.053    18.7228
0.054    18.0442
0.055    17.3969
0.056    16.7796
0.057    16.1908
0.058    15.6294
0.059    15.0939
0.06    14.5831
0.061    14.0959
0.062    13.631
0.063    13.1873
0.064    12.7637
0.065    12.3593
0.066    11.973
0.067    11.6039
0.068    11.2512
0.069    10.914
0.07    10.5915
0.071    10.283
0.072    9.98778
0.073    9.70512
0.074    9.43441
0.075    9.17507
0.076    8.92651
0.077    8.6882
0.078    8.45965
0.079    8.24036
0.08    8.02989
0.081    7.82781
0.082    7.63372
0.083    7.44724
0.084    7.268
0.085    7.09567
0.086    6.92992
0.087    6.77045
0.088    6.61697
0.089    6.46921
0.09    6.32691
0.091    6.18982
0.092    6.05772
0.093    5.93038
0.094    5.8076
0.095    5.68918
0.096    5.57493
0.097    5.46467
0.098    5.35824
0.099    5.25547
0.1    5.15622
0.101    5.06034
0.102    4.9677
0.103    4.87815
0.104    4.79159
0.105    4.70788
0.106    4.62693
0.107    4.54861
0.108    4.47284
0.109    4.39951
0.11    4.32853
0.111    4.25982
0.112    4.19328
0.113    4.12884
0.114    4.06643
0.115    4.00596
0.116    3.94738
0.117    3.89061
0.118    3.83558
0.119    3.78225
0.12    3.73055
0.121    3.68042
0.122    3.63182
0.123    3.58469
0.124    3.53898
0.125    3.49465
0.126    3.45165
0.127    3.40994
0.128    3.36948
0.129    3.33023
0.13    3.29215
0.131    3.25521
0.132    3.21937
0.133    3.18459
0.134    3.15085
0.135    3.11812
0.136    3.08637
0.137    3.05556
0.138    3.02568
0.139    2.99669
0.14    2.96857
0.141    2.9413
0.142    2.91485
0.143    2.8892
0.144    2.86434
0.145    2.84024
0.146    2.81687
0.147    2.79423
0.148    2.77229
0.149    2.75104
0.15    2.73046
0.151    2.71053
0.152    2.69124
0.153    2.67258
0.154    2.65452
0.155    2.63706
0.156    2.62018
0.157    2.60386
0.158    2.58811
0.159    2.5729
0.16    2.55823
0.161    2.54407
0.162    2.53043
0.163    2.5173
0.164    2.50465
0.165    2.49249
0.166    2.48081
0.167    2.46959
0.168    2.45882
0.169    2.44851
0.17    2.43864
0.171    2.42921
0.172    2.4202
0.173    2.41161
0.174    2.40344
0.175    2.39568
0.176    2.38832
0.177    2.38136
0.178    2.3748
0.179    2.36861
0.18    2.36281
0.181    2.35739
0.182    2.35234
0.183    2.34766
0.184    2.34335
0.185    2.33939
0.186    2.3358
0.187    2.33256
0.188    2.32967
0.189    2.32712
0.19    2.32493
0.191    2.32307
0.192    2.32156
0.193    2.32039
0.194    2.31955
0.195    2.31904
0.196    2.31887
0.197    2.31903
0.198    2.31952
0.199    2.32034
0.2    2.32148
0.201    2.32295
0.202    2.32475
0.203    2.32687
0.204    2.32932
0.205    2.33209
0.206    2.33519
0.207    2.33861
0.208    2.34235
0.209    2.34642
0.21    2.35082
0.211    2.35554
0.212    2.36059
0.213    2.36597
0.214    2.37167
0.215    2.37771
0.216    2.38408
0.217    2.39078
0.218    2.39782
0.219    2.40519
0.22    2.41291
0.221    2.42096
0.222    2.42936
0.223    2.43811
0.224    2.4472
0.225    2.45665
0.226    2.46645
0.227    2.47661
0.228    2.48713
0.229    2.49801
0.23    2.50926
0.231    2.52089
0.232    2.5329
0.233    2.54528
0.234    2.55805
0.235    2.57121
0.236    2.58477
0.237    2.59872
0.238    2.61309
0.239    2.62786
0.24    2.64305
0.241    2.65866
0.242    2.6747
0.243    2.69118
0.244    2.7081
0.245    2.72547
0.246    2.74329
0.247    2.76158
0.248    2.78034
0.249    2.79958
0.25    2.81931
0.251    2.83953
0.252    2.86026
0.253    2.8815
0.254    2.90327
0.255    2.92557
0.256    2.94841
0.257    2.97181
0.258    2.99577
0.259    3.02031
0.26    3.04543
0.261    3.07116
0.262    3.0975
0.263    3.12446
0.264    3.15207
0.265    3.18032
0.266    3.20924
0.267    3.23885
0.268    3.26914
0.269    3.30016
0.27    3.33189
0.271    3.36438
0.272    3.39763
0.273    3.43165
0.274    3.46648
0.275    3.50212
0.276    3.53861
0.277    3.57595
0.278    3.61417
0.279    3.6533
0.28    3.69335
0.281    3.73435
0.282    3.77632
0.283    3.81929
0.284    3.86328
0.285    3.90833
0.286    3.95446
0.287    4.0017
0.288    4.05008
0.289    4.09963
0.29    4.15039
0.291    4.20238
0.292    4.25565
0.293    4.31022
0.294    4.36615
0.295    4.42346
0.296    4.48219
0.297    4.5424
0.298    4.60412
0.299    4.6674
0.3    4.73228
0.301    4.79883
0.302    4.86707
0.303    4.93708
0.304    5.0089
0.305    5.0826
0.306    5.15823
0.307    5.23585
0.308    5.31553
0.309    5.39734
0.31    5.48135
0.311    5.56763
0.312    5.65626
0.313    5.74731
0.314    5.84088
0.315    5.93704
0.316    6.03589
0.317    6.13752
0.318    6.24203
0.319    6.34952
0.32    6.46011
0.321    6.57389
0.322    6.691
0.323    6.81156
0.324    6.93568
0.325    7.06351
0.326    7.19519
0.327    7.33086
0.328    7.47067
0.329    7.6148
0.33    7.76341
0.331    7.91667
0.332    8.07478
0.333    8.23792
0.334    8.40631
0.335    8.58015
0.336    8.75968
0.337    8.94513
0.338    9.13676
0.339    9.33481
0.34    9.53958
0.341    9.75134
0.342    9.97041
0.343    10.1971
0.344    10.4318
0.345    10.6748
0.346    10.9264
0.347    11.1872
0.348    11.4575
0.349    11.7378
0.35    12.0284
0.351    12.33
0.352    12.643
0.353    12.968
0.354    13.3056
0.355    13.6563
0.356    14.0209
0.357    14.4
0.358    14.7943
0.359    15.2045
0.36    15.6316
0.361    16.0764
0.362    16.5397
0.363    17.0226
0.364    17.526
0.365    18.0511
0.366    18.5989
0.367    19.1707
0.368    19.7677
0.369    20.3914
0.37    21.043
0.371    21.7242
0.372    22.4365
0.373    23.1816
0.374    23.9613
0.375    24.7774
0.376    25.6319
0.377    26.5267
0.378    27.4642
0.379    28.4465
0.38    29.476
0.381    30.5551
0.382    31.6863
0.383    32.8722
0.384    34.1155
0.385    35.4189
0.386    36.7851
0.387    38.2169
0.388    39.717
0.389    41.2879
0.39    42.9323
0.391    44.6523
0.392    46.4501
0.393    48.3274
0.394    50.2853
0.395    52.3247
0.396    54.4453
0.397    56.6463
0.398    58.9257
0.399    61.2803
0.4    63.7054
0.401    66.1948
0.402    68.7401
0.403    71.3311
0.404    73.9551
0.405    76.5971
0.406    79.2393
0.407    81.8615
0.408    84.4408
0.409    86.952
0.41    89.3676
0.411    91.6586
0.412    93.795
0.413    95.7465
0.414    97.4835
0.415    98.9777
0.416    100.204
0.417    101.14
0.418    101.77
0.419    102.08
0.42    102.066
0.421    101.727
0.422    101.07
0.423    100.107
0.424    98.8563
0.425    97.3392
0.426    95.5817
0.427    93.6119
0.428    91.4597
0.429    89.1554
0.43    86.729
0.431    84.2093
0.432    81.6235
0.433    78.9969
0.434    76.3519
0.435    73.7088
0.436    71.085
0.437    68.4953
0.438    65.9522
0.439    63.4658
0.44    61.0442
0.441    58.6936
0.442    56.4185
0.443    54.222
0.444    52.106
0.445    50.0713
0.446    48.118
0.447    46.2452
0.448    44.4518
0.449    42.736
0.45    41.0957
0.451    39.5286
0.452    38.0322
0.453    36.6038
0.454    35.2407
0.455    33.9403
0.456    32.6997
0.457    31.5163
0.458    30.3874
0.459    29.3103
0.46    28.2827
0.461    27.3021
0.462    26.3661
0.463    25.4724
0.464    24.6191
0.465    23.8039
0.466    23.025
0.467    22.2805
0.468    21.5687
0.469    20.8878
0.47    20.2363
0.471    19.6127
0.472    19.0156
0.473    18.4436
0.474    17.8955
0.475    17.3701
0.476    16.8661
0.477    16.3827
0.478    15.9187
0.479    15.4731
0.48    15.0452
0.481    14.634
0.482    14.2387
0.483    13.8585
0.484    13.4928
0.485    13.1409
0.486    12.8021
0.487    12.4758
0.488    12.1614
0.489    11.8583
0.49    11.5662
0.491    11.2844
0.492    11.0125
0.493    10.7501
0.494    10.4967
0.495    10.252
0.496    10.0155
0.497    9.78702
0.498    9.5661
0.499    9.35244
0.5    9.14574
0.501    8.94571
0.502    8.75208
0.503    8.56458
0.504    8.38297
0.505    8.20702
0.506    8.03648
0.507    7.87116
0.508    7.71084
0.509    7.55533
0.51    7.40445
0.511    7.25801
0.512    7.11585
0.513    6.97782
0.514    6.84374
0.515    6.71348
0.516    6.5869
0.517    6.46386
0.518    6.34423
0.519    6.22789
0.52    6.11473
0.521    6.00463
0.522    5.89748
0.523    5.79319
0.524    5.69165
0.525    5.59276
0.526    5.49645
0.527    5.40261
0.528    5.31117
0.529    5.22206
0.53    5.13518
0.531    5.05047
0.532    4.96786
0.533    4.88728
0.534    4.80866
0.535    4.73195
0.536    4.65708
0.537    4.58399
0.538    4.51263
0.539    4.44295
0.54    4.37489
0.541    4.3084
0.542    4.24345
0.543    4.17997
0.544    4.11793
0.545    4.05728
0.546    3.99799
0.547    3.94001
0.548    3.88331
0.549    3.82784
0.55    3.77358
0.551    3.72048
0.552    3.66852
0.553    3.61767
0.554    3.56789
0.555    3.51915
0.556    3.47143
0.557    3.42469
0.558    3.37891
0.559    3.33407
0.56    3.29014
0.561    3.24709
0.562    3.2049
0.563    3.16355
0.564    3.12302
0.565    3.08328
0.566    3.04432
0.567    3.00611
0.568    2.96864
0.569    2.93188
0.57    2.89582
0.571    2.86045
0.572    2.82574
0.573    2.79168
0.574    2.75824
0.575    2.72543
0.576    2.69322
0.577    2.66159
0.578    2.63054
0.579    2.60004
0.58    2.57009
0.581    2.54068
0.582    2.51178
0.583    2.4834
0.584    2.45551
0.585    2.4281
0.586    2.40117
0.587    2.3747
0.588    2.34868
0.589    2.32311
0.59    2.29796
0.591    2.27324
0.592    2.24894
0.593    2.22503
0.594    2.20153
0.595    2.1784
0.596    2.15566
0.597    2.13329
0.598    2.11127
0.599    2.08962
0.6    2.06831
0.601    2.04733
0.602    2.02669
0.603    2.00638
0.604    1.98638
0.605    1.9667
0.606    1.94732
0.607    1.92824
0.608    1.90945
0.609    1.89095
0.61    1.87273
0.611    1.85479
0.612    1.83711
0.613    1.8197
0.614    1.80255
0.615    1.78565
0.616    1.76901
0.617    1.7526
0.618    1.73644
0.619    1.72051
0.62    1.70481
0.621    1.68934
0.622    1.67409
0.623    1.65905
0.624    1.64423
0.625    1.62962
0.626    1.61522
0.627    1.60101
0.628    1.587
0.629    1.57319
0.63    1.55957
0.631    1.54613
0.632    1.53288
0.633    1.51981
0.634    1.50692
0.635    1.4942
0.636    1.48165
0.637    1.46926
0.638    1.45704
0.639    1.44499
0.64    1.43309
0.641    1.42135
0.642    1.40976
0.643    1.39833
0.644    1.38704
0.645    1.37589
0.646    1.36489
0.647    1.35403
0.648    1.34331
0.649    1.33273
0.65    1.32228
0.651    1.31195
0.652    1.30176
0.653    1.2917
0.654    1.28176
0.655    1.27194
0.656    1.26225
0.657    1.25267
0.658    1.24321
0.659    1.23386
0.66    1.22463
0.661    1.21551
0.662    1.2065
0.663    1.1976
0.664    1.1888
0.665    1.18011
0.666    1.17152
0.667    1.16303
0.668    1.15464
0.669    1.14635
0.67    1.13815
0.671    1.13005
0.672    1.12204
0.673    1.11413
0.674    1.1063
0.675    1.09857
0.676    1.09092
0.677    1.08336
0.678    1.07589
0.679    1.0685
0.68    1.06119
0.681    1.05396
0.682    1.04682
0.683    1.03975
0.684    1.03276
0.685    1.02585
0.686    1.01901
0.687    1.01225
0.688    1.00556
0.689    0.998941
0.69    0.992395
0.691    0.98592
0.692    0.979515
0.693    0.973178
0.694    0.966908
0.695    0.960705
0.696    0.954567
0.697    0.948494
0.698    0.942484
0.699    0.936537
0.7    0.930653
0.701    0.924829
0.702    0.919065
0.703    0.913361
0.704    0.907715
0.705    0.902127
0.706    0.896597
0.707    0.891122
0.708    0.885703
0.709    0.880338
0.71    0.875027
0.711    0.86977
0.712    0.864565
0.713    0.859412
0.714    0.854311
0.715    0.849259
0.716    0.844258
0.717    0.839305
0.718    0.834402
0.719    0.829546
0.72    0.824737
0.721    0.819975
0.722    0.815259
0.723    0.810588
0.724    0.805963
0.725    0.801381
0.726    0.796844
0.727    0.79235
0.728    0.787898
0.729    0.783488
0.73    0.77912
0.731    0.774793
0.732    0.770507
0.733    0.76626
0.734    0.762053
0.735    0.757885
0.736    0.753756
0.737    0.749665
0.738    0.745611
0.739    0.741595
0.74    0.737615
0.741    0.733672
0.742    0.729765
0.743    0.725892
0.744    0.722055
0.745    0.718253
0.746    0.714484
0.747    0.71075
0.748    0.707048
0.749    0.70338
0.75    0.699744
0.751    0.696141
0.752    0.692569
0.753    0.689028
0.754    0.685519
0.755    0.68204
0.756    0.678592
0.757    0.675174
0.758    0.671785
0.759    0.668426
0.76    0.665096
0.761    0.661794
0.762    0.658521
0.763    0.655275
0.764    0.652058
0.765    0.648867
0.766    0.645704
0.767    0.642568
0.768    0.639458
0.769    0.636374
0.77    0.633316
0.771    0.630284
0.772    0.627277
0.773    0.624295
0.774    0.621337
0.775    0.618405
0.776    0.615496
0.777    0.612611
0.778    0.609751
0.779    0.606913
0.78    0.604099
0.781    0.601308
0.782    0.598539
0.783    0.595793
0.784    0.593069
0.785    0.590367
0.786    0.587687
0.787    0.585028
0.788    0.582391
0.789    0.579774
0.79    0.577179
0.791    0.574604
0.792    0.572049
0.793    0.569515
0.794    0.567001
0.795    0.564506
0.796    0.562031
0.797    0.559576
0.798    0.557139
0.799    0.554722
0.8    0.552323
0.801    0.549943
0.802    0.547582
0.803    0.545238
0.804    0.542913
0.805    0.540606
0.806    0.538316
0.807    0.536044
0.808    0.533789
0.809    0.531551
0.81    0.52933
0.811    0.527126
0.812    0.524939
0.813    0.522768
0.814    0.520613
0.815    0.518475
0.816    0.516352
0.817    0.514246
0.818    0.512155
0.819    0.51008
0.82    0.50802
0.821    0.505975
0.822    0.503946
0.823    0.501931
0.824    0.499932
0.825    0.497946
0.826    0.495976
0.827    0.49402
0.828    0.492078
0.829    0.49015
0.83    0.488236
0.831    0.486337
0.832    0.48445
0.833    0.482578
0.834    0.480719
0.835    0.478873
0.836    0.47704
0.837    0.475221
0.838    0.473415
0.839    0.471621
0.84    0.46984
0.841    0.468072
0.842    0.466317
0.843    0.464573
0.844    0.462842
0.845    0.461124
0.846    0.459417
0.847    0.457722
0.848    0.456039
0.849    0.454368
0.85    0.452709
0.851    0.451061
0.852    0.449424
0.853    0.447799
0.854    0.446185
0.855    0.444582
0.856    0.442991
0.857    0.44141
0.858    0.43984
0.859    0.438281
0.86    0.436732
0.861    0.435194
0.862    0.433667
0.863    0.432149
0.864    0.430643
0.865    0.429146
0.866    0.427659
0.867    0.426183
0.868    0.424716
0.869    0.42326
0.87    0.421813
0.871    0.420376
0.872    0.418948
0.873    0.41753
0.874    0.416121
0.875    0.414722
0.876    0.413332
0.877    0.411951
0.878    0.41058
0.879    0.409217
0.88    0.407864
0.881    0.406519
0.882    0.405183
0.883    0.403856
0.884    0.402538
0.885    0.401228
0.886    0.399927
0.887    0.398634
0.888    0.39735
0.889    0.396074
0.89    0.394807
0.891    0.393547
0.892    0.392296
0.893    0.391053
0.894    0.389818
0.895    0.38859
0.896    0.387371
0.897    0.38616
0.898    0.384956
0.899    0.38376
0.9    0.382572
0.901    0.381391
0.902    0.380217
0.903    0.379052
0.904    0.377893
0.905    0.376742
0.906    0.375599
0.907    0.374462
0.908    0.373333
0.909    0.37221
0.91    0.371095
0.911    0.369987
0.912    0.368886
0.913    0.367792
0.914    0.366704
0.915    0.365624
0.916    0.36455
0.917    0.363483
0.918    0.362422
0.919    0.361368
0.92    0.360321
0.921    0.35928
0.922    0.358246
0.923    0.357218
0.924    0.356196
0.925    0.355181
0.926    0.354172
0.927    0.353169
0.928    0.352172
0.929    0.351182
0.93    0.350197
0.931    0.349219
0.932    0.348247
0.933    0.34728
0.934    0.34632
0.935    0.345365
0.936    0.344416
0.937    0.343473
0.938    0.342536
0.939    0.341604
0.94    0.340678
0.941    0.339758
0.942    0.338843
0.943    0.337933
0.944    0.33703
0.945    0.336131
0.946    0.335238
0.947    0.334351
0.948    0.333469
0.949    0.332592
0.95    0.33172
0.951    0.330854
0.952    0.329993
0.953    0.329137
0.954    0.328286
0.955    0.32744
0.956    0.326599
0.957    0.325764
0.958    0.324933
0.959    0.324107
0.96    0.323286
0.961    0.32247
0.962    0.321659
0.963    0.320853
0.964    0.320051
0.965    0.319255
0.966    0.318463
0.967    0.317675
0.968    0.316893
0.969    0.316114
0.97    0.315341
0.971    0.314572
0.972    0.313808
0.973    0.313048
0.974    0.312293
0.975    0.311542
0.976    0.310795
0.977    0.310053
0.978    0.309315
0.979    0.308582
0.98    0.307853
0.981    0.307128
0.982    0.306407
0.983    0.305691
0.984    0.304979
0.985    0.304271
0.986    0.303567
0.987    0.302868
0.988    0.302172
0.989    0.30148
0.99    0.300793
0.991    0.300109
0.992    0.29943
0.993    0.298754
0.994    0.298083
0.995    0.297415
0.996    0.296751
0.997    0.296091
0.998    0.295435
0.999    0.294783
1    0.294134
1.001    0.29349
1.002    0.292849
1.003    0.292212
1.004    0.291578
1.005    0.290948
1.006    0.290322
1.007    0.2897
1.008    0.289081
1.009    0.288465
1.01    0.287854
1.011    0.287246
1.012    0.286641
1.013    0.28604
1.014    0.285442
1.015    0.284848
1.016    0.284257
1.017    0.28367
1.018    0.283086
1.019    0.282506
1.02    0.281928
1.021    0.281355
1.022    0.280784
1.023    0.280217
1.024    0.279653
1.025    0.279093
1.026    0.278535
1.027    0.277981
1.028    0.27743
1.029    0.276883
1.03    0.276338
1.031    0.275797
1.032    0.275259
1.033    0.274724
1.034    0.274192
1.035    0.273663
1.036    0.273137
1.037    0.272615
1.038    0.272095
1.039    0.271578
1.04    0.271065
1.041    0.270554
1.042    0.270046
1.043    0.269542
1.044    0.26904
1.045    0.268541
1.046    0.268045
1.047    0.267552
1.048    0.267062
1.049    0.266575
1.05    0.266091
1.051    0.265609
1.052    0.26513
1.053    0.264655
1.054    0.264181
1.055    0.263711
1.056    0.263244
1.057    0.262779
1.058    0.262317
1.059    0.261857
1.06    0.261401
1.061    0.260947
1.062    0.260495
1.063    0.260047
1.064    0.259601
1.065    0.259158
1.066    0.258717
1.067    0.258279
1.068    0.257843
1.069    0.257411
1.07    0.25698
1.071    0.256553
1.072    0.256127
1.073    0.255705
1.074    0.255285
1.075    0.254867
1.076    0.254452
1.077    0.254039
1.078    0.253629
1.079    0.253221
1.08    0.252816
1.081    0.252413
1.082    0.252013
1.083    0.251615
1.084    0.25122
1.085    0.250826
1.086    0.250436
1.087    0.250047
1.088    0.249661
1.089    0.249278
1.09    0.248896
1.091    0.248517
1.092    0.248141
1.093    0.247766
1.094    0.247394
1.095    0.247025
1.096    0.246657
1.097    0.246292
1.098    0.245929
1.099    0.245568
1.1    0.24521
1.101    0.244854
1.102    0.2445
1.103    0.244148
1.104    0.243798
1.105    0.243451
1.106    0.243105
1.107    0.242762
1.108    0.242421
1.109    0.242083
1.11    0.241746
1.111    0.241412
1.112    0.241079
1.113    0.240749
1.114    0.240421
1.115    0.240095
1.116    0.239771
1.117    0.239449
1.118    0.239129
1.119    0.238812
1.12    0.238496
1.121    0.238182
1.122    0.237871
1.123    0.237561
1.124    0.237254
1.125    0.236948
1.126    0.236645
1.127    0.236343
1.128    0.236044
1.129    0.235746
1.13    0.235451
1.131    0.235157
1.132    0.234866
1.133    0.234576
1.134    0.234288
1.135    0.234003
1.136    0.233719
1.137    0.233437
1.138    0.233157
1.139    0.232879
1.14    0.232603
1.141    0.232328
1.142    0.232056
1.143    0.231786
1.144    0.231517
1.145    0.23125
1.146    0.230985
1.147    0.230722
1.148    0.230461
1.149    0.230202
1.15    0.229945
1.151    0.229689
1.152    0.229435
1.153    0.229183
1.154    0.228933
1.155    0.228685
1.156    0.228438
1.157    0.228193
1.158    0.22795
1.159    0.227709
1.16    0.22747
1.161    0.227232
1.162    0.226996
1.163    0.226762
1.164    0.22653
1.165    0.226299
1.166    0.22607
1.167    0.225843
1.168    0.225618
1.169    0.225394
1.17    0.225172
1.171    0.224952
1.172    0.224733
1.173    0.224516
1.174    0.224301
1.175    0.224088
1.176    0.223876
1.177    0.223666
1.178    0.223458
1.179    0.223251
1.18    0.223046
1.181    0.222843
1.182    0.222641
1.183    0.222441
1.184    0.222243
1.185    0.222046
1.186    0.221851
1.187    0.221658
1.188    0.221466
1.189    0.221276
1.19    0.221088
1.191    0.220901
1.192    0.220716
1.193    0.220532
1.194    0.22035
1.195    0.22017
1.196    0.219991
1.197    0.219814
1.198    0.219638
1.199    0.219464
1.2    0.219292
1.201    0.219121
1.202    0.218951
1.203    0.218784
1.204    0.218618
1.205    0.218453
1.206    0.21829
1.207    0.218129
1.208    0.217969
1.209    0.217811
1.21    0.217654
1.211    0.217499
1.212    0.217345
1.213    0.217193
1.214    0.217043
1.215    0.216894
1.216    0.216746
1.217    0.2166
1.218    0.216456
1.219    0.216313
1.22    0.216172
1.221    0.216032
1.222    0.215894
1.223    0.215757
1.224    0.215622
1.225    0.215488
1.226    0.215356
1.227    0.215225
1.228    0.215096
1.229    0.214968
1.23    0.214842
1.231    0.214717
1.232    0.214594
1.233    0.214472
1.234    0.214352
1.235    0.214233
1.236    0.214115
1.237    0.214
1.238    0.213885
1.239    0.213772
1.24    0.213661
1.241    0.213551
1.242    0.213442
1.243    0.213335
1.244    0.21323
1.245    0.213126
1.246    0.213023
1.247    0.212922
1.248    0.212822
1.249    0.212724
1.25    0.212627
1.251    0.212532
1.252    0.212438
1.253    0.212346
1.254    0.212255
1.255    0.212165
1.256    0.212077
1.257    0.21199
1.258    0.211905
1.259    0.211821
1.26    0.211739
1.261    0.211658
1.262    0.211579
1.263    0.211501
1.264    0.211424
1.265    0.211349
1.266    0.211275
1.267    0.211203
1.268    0.211132
1.269    0.211063
1.27    0.210995
1.271    0.210928
1.272    0.210863
1.273    0.210799
1.274    0.210737
1.275    0.210676
1.276    0.210617
1.277    0.210559
1.278    0.210502
1.279    0.210447
1.28    0.210393
1.281    0.210341
1.282    0.21029
1.283    0.21024
1.284    0.210192
1.285    0.210145
1.286    0.2101
1.287    0.210056
1.288    0.210014
1.289    0.209973
1.29    0.209933
1.291    0.209895
1.292    0.209858
1.293    0.209823
1.294    0.209789
1.295    0.209757
1.296    0.209725
1.297    0.209696
1.298    0.209668
1.299    0.209641
1.3    0.209615
1.301    0.209591
1.302    0.209569
1.303    0.209547
1.304    0.209528
1.305    0.209509
1.306    0.209492
1.307    0.209477
1.308    0.209463
1.309    0.20945
1.31    0.209439
1.311    0.209429
1.312    0.20942
1.313    0.209413
1.314    0.209408
1.315    0.209404
1.316    0.209401
1.317    0.209399
1.318    0.2094
1.319    0.209401
1.32    0.209404
1.321    0.209408
1.322    0.209414
1.323    0.209421
1.324    0.20943
1.325    0.20944
1.326    0.209452
1.327    0.209465
1.328    0.209479
1.329    0.209495
1.33    0.209512
1.331    0.209531
1.332    0.209551
1.333    0.209572
1.334    0.209595
1.335    0.20962
1.336    0.209646
1.337    0.209673
1.338    0.209702
1.339    0.209732
1.34    0.209764
1.341    0.209797
1.342    0.209831
1.343    0.209867
1.344    0.209905
1.345    0.209944
1.346    0.209984
1.347    0.210026
1.348    0.210069
1.349    0.210114
1.35    0.21016
1.351    0.210208
1.352    0.210257
1.353    0.210308
1.354    0.21036
1.355    0.210414
1.356    0.210469
1.357    0.210525
1.358    0.210583
1.359    0.210643
1.36    0.210704
1.361    0.210766
1.362    0.21083
1.363    0.210896
1.364    0.210963
1.365    0.211031
1.366    0.211101
1.367    0.211173
1.368    0.211246
1.369    0.211321
1.37    0.211397
1.371    0.211474
1.372    0.211553
1.373    0.211634
1.374    0.211716
1.375    0.2118
1.376    0.211885
1.377    0.211972
1.378    0.21206
1.379    0.21215
1.38    0.212241
1.381    0.212334
1.382    0.212428
1.383    0.212524
1.384    0.212622
1.385    0.212721
1.386    0.212822
1.387    0.212924
1.388    0.213028
1.389    0.213133
1.39    0.21324
1.391    0.213349
1.392    0.213459
1.393    0.213571
1.394    0.213684
1.395    0.213799
1.396    0.213916
1.397    0.214034
1.398    0.214154
1.399    0.214275
1.4    0.214398
1.401    0.214523
1.402    0.214649
1.403    0.214777
1.404    0.214906
1.405    0.215037
1.406    0.21517
1.407    0.215305
1.408    0.215441
1.409    0.215579
1.41    0.215718
1.411    0.215859
1.412    0.216002
1.413    0.216146
1.414    0.216292
1.415    0.21644
1.416    0.21659
1.417    0.216741
1.418    0.216894
1.419    0.217048
1.42    0.217205
1.421    0.217363
1.422    0.217522
1.423    0.217684
1.424    0.217847
1.425    0.218012
1.426    0.218179
1.427    0.218347
1.428    0.218517
1.429    0.218689
1.43    0.218863
1.431    0.219039
1.432    0.219216
1.433    0.219395
1.434    0.219576
1.435    0.219758
1.436    0.219943
1.437    0.220129
1.438    0.220317
1.439    0.220507
1.44    0.220699
1.441    0.220892
1.442    0.221088
1.443    0.221285
1.444    0.221484
1.445    0.221685
1.446    0.221888
1.447    0.222092
1.448    0.222299
1.449    0.222507
1.45    0.222718
1.451    0.22293
1.452    0.223144
1.453    0.22336
1.454    0.223578
1.455    0.223798
1.456    0.22402
1.457    0.224244
1.458    0.224469
1.459    0.224697
1.46    0.224927
1.461    0.225158
1.462    0.225392
1.463    0.225627
1.464    0.225865
1.465    0.226105
1.466    0.226346
1.467    0.22659
1.468    0.226836
1.469    0.227083
1.47    0.227333
1.471    0.227585
1.472    0.227839
1.473    0.228095
1.474    0.228353
1.475    0.228613
1.476    0.228875
1.477    0.229139
1.478    0.229406
1.479    0.229674
1.48    0.229945
1.481    0.230218
1.482    0.230493
1.483    0.23077
1.484    0.231049
1.485    0.231331
1.486    0.231614
1.487    0.2319
1.488    0.232188
1.489    0.232479
1.49    0.232771
1.491    0.233066
1.492    0.233363
1.493    0.233662
1.494    0.233964
1.495    0.234268
1.496    0.234574
1.497    0.234882
1.498    0.235193
1.499    0.235506
1.5    0.235822
1.501    0.23614
1.502    0.23646
1.503    0.236782
1.504    0.237107
1.505    0.237434
1.506    0.237764
1.507    0.238096
1.508    0.238431
1.509    0.238768
1.51    0.239107
1.511    0.239449
1.512    0.239793
1.513    0.24014
1.514    0.240489
1.515    0.240841
1.516    0.241195
1.517    0.241552
1.518    0.241912
1.519    0.242274
1.52    0.242638
1.521    0.243006
1.522    0.243375
1.523    0.243748
1.524    0.244123
1.525    0.2445
1.526    0.244881
1.527    0.245264
1.528    0.245649
1.529    0.246038
1.53    0.246429
1.531    0.246823
1.532    0.247219
1.533    0.247618
1.534    0.24802
1.535    0.248425
1.536    0.248833
1.537    0.249243
1.538    0.249657
1.539    0.250073
1.54    0.250492
1.541    0.250914
1.542    0.251339
1.543    0.251766
1.544    0.252197
1.545    0.25263
1.546    0.253067
1.547    0.253506
1.548    0.253949
1.549    0.254394
1.55    0.254843
1.551    0.255294
1.552    0.255749
1.553    0.256207
1.554    0.256667
1.555    0.257131
1.556    0.257598
1.557    0.258069
1.558    0.258542
1.559    0.259018
1.56    0.259498
1.561    0.259981
1.562    0.260467
1.563    0.260957
1.564    0.261449
1.565    0.261945
1.566    0.262445
1.567    0.262947
1.568    0.263453
1.569    0.263963
1.57    0.264476
1.571    0.264992
1.572    0.265511
1.573    0.266035
1.574    0.266561
1.575    0.267091
1.576    0.267625
1.577    0.268162
1.578    0.268703
1.579    0.269247
1.58    0.269795
1.581    0.270347
1.582    0.270902
1.583    0.271461
1.584    0.272023
1.585    0.27259
1.586    0.27316
1.587    0.273734
1.588    0.274311
1.589    0.274893
1.59    0.275478
1.591    0.276067
1.592    0.27666
1.593    0.277257
1.594    0.277858
1.595    0.278463
1.596    0.279072
1.597    0.279685
1.598    0.280302
1.599    0.280923
1.6    0.281548
1.601    0.282177
1.602    0.282811
1.603    0.283448
1.604    0.28409
1.605    0.284736
1.606    0.285386
1.607    0.286041
1.608    0.2867
1.609    0.287363
1.61    0.288031
1.611    0.288703
1.612    0.289379
1.613    0.29006
1.614    0.290746
1.615    0.291436
1.616    0.29213
1.617    0.292829
1.618    0.293533
1.619    0.294241
1.62    0.294954
1.621    0.295672
1.622    0.296395
1.623    0.297122
1.624    0.297854
1.625    0.298591
1.626    0.299333
1.627    0.30008
1.628    0.300832
1.629    0.301589
1.63    0.302351
1.631    0.303118
1.632    0.303889
1.633    0.304667
1.634    0.305449
1.635    0.306236
1.636    0.307029
1.637    0.307827
1.638    0.30863
1.639    0.309439
1.64    0.310253
1.641    0.311073
1.642    0.311898
1.643    0.312728
1.644    0.313564
1.645    0.314406
1.646    0.315254
1.647    0.316107
1.648    0.316965
1.649    0.31783
1.65    0.3187
1.651    0.319576
1.652    0.320458
1.653    0.321346
1.654    0.32224
1.655    0.32314
1.656    0.324047
1.657    0.324959
1.658    0.325877
1.659    0.326802
1.66    0.327733
1.661    0.32867
1.662    0.329614
1.663    0.330564
1.664    0.33152
1.665    0.332483
1.666    0.333452
1.667    0.334429
1.668    0.335411
1.669    0.336401
1.67    0.337397
1.671    0.3384
1.672    0.33941
1.673    0.340427
1.674    0.341451
1.675    0.342482
1.676    0.34352
1.677    0.344565
1.678    0.345618
1.679    0.346677
1.68    0.347744
1.681    0.348819
1.682    0.3499
1.683    0.35099
1.684    0.352086
1.685    0.353191
1.686    0.354303
1.687    0.355423
1.688    0.356551
1.689    0.357687
1.69    0.35883
1.691    0.359982
1.692    0.361141
1.693    0.362309
1.694    0.363485
1.695    0.36467
1.696    0.365862
1.697    0.367063
1.698    0.368273
1.699    0.369491
1.7    0.370718
1.701    0.371953
1.702    0.373197
1.703    0.374451
1.704    0.375713
1.705    0.376984
1.706    0.378264
1.707    0.379553
1.708    0.380852
1.709    0.382159
1.71    0.383477
1.711    0.384803
1.712    0.38614
1.713    0.387486
1.714    0.388841
1.715    0.390207
1.716    0.391582
1.717    0.392968
1.718    0.394363
1.719    0.395769
1.72    0.397185
1.721    0.398611
1.722    0.400048
1.723    0.401495
1.724    0.402953
1.725    0.404422
1.726    0.405901
1.727    0.407392
1.728    0.408893
1.729    0.410405
1.73    0.411929
1.731    0.413464
1.732    0.415011
1.733    0.416569
1.734    0.418139
1.735    0.41972
1.736    0.421313
1.737    0.422919
1.738    0.424536
1.739    0.426165
1.74    0.427807
1.741    0.429462
1.742    0.431128
1.743    0.432808
1.744    0.4345
1.745    0.436205
1.746    0.437923
1.747    0.439655
1.748    0.441399
1.749    0.443157
1.75    0.444929
1.751    0.446714
1.752    0.448513
1.753    0.450325
1.754    0.452152
1.755    0.453993
1.756    0.455849
1.757    0.457719
1.758    0.459603
1.759    0.461502
1.76    0.463417
1.761    0.465346
1.762    0.46729
1.763    0.46925
1.764    0.471225
1.765    0.473216
1.766    0.475223
1.767    0.477245
1.768    0.479284
1.769    0.481339
1.77    0.483411
1.771    0.485499
1.772    0.487604
1.773    0.489726
1.774    0.491865
1.775    0.494021
1.776    0.496195
1.777    0.498387
1.778    0.500596
1.779    0.502823
1.78    0.505069
1.781    0.507333
1.782    0.509616
1.783    0.511917
1.784    0.514238
1.785    0.516577
1.786    0.518936
1.787    0.521315
1.788    0.523714
1.789    0.526132
1.79    0.528571
1.791    0.53103
1.792    0.53351
1.793    0.536011
1.794    0.538533
1.795    0.541076
1.796    0.543641
1.797    0.546228
1.798    0.548837
1.799    0.551468
1.8    0.554122
1.801    0.556798
1.802    0.559497
1.803    0.56222
1.804    0.564967
1.805    0.567737
1.806    0.570531
1.807    0.57335
1.808    0.576193
1.809    0.579061
1.81    0.581955
1.811    0.584874
1.812    0.587818
1.813    0.590789
1.814    0.593786
1.815    0.59681
1.816    0.599861
1.817    0.602939
1.818    0.606045
1.819    0.609178
1.82    0.61234
1.821    0.615531
1.822    0.61875
1.823    0.621999
1.824    0.625277
1.825    0.628585
1.826    0.631923
1.827    0.635293
1.828    0.638693
1.829    0.642124
1.83    0.645588
1.831    0.649083
1.832    0.652611
1.833    0.656172
1.834    0.659767
1.835    0.663395
1.836    0.667057
1.837    0.670754
1.838    0.674486
1.839    0.678253
1.84    0.682056
1.841    0.685896
1.842    0.689772
1.843    0.693686
1.844    0.697637
1.845    0.701627
1.846    0.705655
1.847    0.709722
1.848    0.713829
1.849    0.717976
1.85    0.722164
1.851    0.726393
1.852    0.730664
1.853    0.734977
1.854    0.739333
1.855    0.743732
1.856    0.748175
1.857    0.752662
1.858    0.757195
1.859    0.761773
1.86    0.766398
1.861    0.77107
1.862    0.775789
1.863    0.780556
1.864    0.785372
1.865    0.790238
1.866    0.795153
1.867    0.80012
1.868    0.805138
1.869    0.810208
1.87    0.815331
1.871    0.820508
1.872    0.825739
1.873    0.831025
1.874    0.836367
1.875    0.841766
1.876    0.847222
1.877    0.852737
1.878    0.85831
1.879    0.863944
1.88    0.869638
1.881    0.875394
1.882    0.881212
1.883    0.887094
1.884    0.89304
1.885    0.899051
1.886    0.905129
1.887    0.911273
1.888    0.917486
1.889    0.923768
1.89    0.93012
1.891    0.936543
1.892    0.943038
1.893    0.949607
1.894    0.95625
1.895    0.962968
1.896    0.969763
1.897    0.976636
1.898    0.983588
1.899    0.99062
1.9    0.997733
1.901    1.00493
1.902    1.01221
1.903    1.01957
1.904    1.02702
1.905    1.03456
1.906    1.04219
1.907    1.04991
1.908    1.05772
1.909    1.06563
1.91    1.07363
1.911    1.08172
1.912    1.08992
1.913    1.09821
1.914    1.1066
1.915    1.1151
1.916    1.1237
1.917    1.13241
1.918    1.14122
1.919    1.15015
1.92    1.15919
1.921    1.16834
1.922    1.1776
1.923    1.18698
1.924    1.19648
1.925    1.20611
1.926    1.21585
1.927    1.22572
1.928    1.23572
1.929    1.24585
1.93    1.25611
1.931    1.2665
1.932    1.27703
1.933    1.2877
1.934    1.29851
1.935    1.30946
1.936    1.32056
1.937    1.3318
1.938    1.3432
1.939    1.35476
1.94    1.36646
1.941    1.37833
1.942    1.39036
1.943    1.40256
1.944    1.41493
1.945    1.42746
1.946    1.44017
1.947    1.45306
1.948    1.46613
1.949    1.47939
1.95    1.49283
1.951    1.50647
1.952    1.5203
1.953    1.53432
1.954    1.54856
1.955    1.56299
1.956    1.57764
1.957    1.59251
1.958    1.60759
1.959    1.62289
1.96    1.63842
1.961    1.65419
1.962    1.67019
1.963    1.68643
1.964    1.70292
1.965    1.71966
1.966    1.73666
1.967    1.75391
1.968    1.77144
1.969    1.78923
1.97    1.80731
1.971    1.82566
1.972    1.84431
1.973    1.86325
1.974    1.88249
1.975    1.90205
1.976    1.92191
1.977    1.9421
1.978    1.96262
1.979    1.98347
1.98    2.00466
1.981    2.02621
1.982    2.04811
1.983    2.07037
1.984    2.09302
1.985    2.11604
1.986    2.13945
1.987    2.16327
1.988    2.18749
1.989    2.21213
1.99    2.23719
1.991    2.2627
1.992    2.28865
1.993    2.31506
1.994    2.34194
1.995    2.3693
1.996    2.39714
1.997    2.4255
1.998    2.45436
1.999    2.48375
2    2.51369
2.001    2.54417
2.002    2.57523
2.003    2.60686
2.004    2.63909
2.005    2.67192
2.006    2.70539
2.007    2.73949
2.008    2.77425
2.009    2.80969
2.01    2.84581
2.011    2.88265
2.012    2.92021
2.013    2.95852
2.014    2.9976
2.015    3.03746
2.016    3.07813
2.017    3.11963
2.018    3.16199
2.019    3.20521
2.02    3.24934
2.021    3.29439
2.022    3.34039
2.023    3.38737
2.024    3.43535
2.025    3.48437
2.026    3.53444
2.027    3.58561
2.028    3.6379
2.029    3.69134
2.03    3.74598
2.031    3.80184
2.032    3.85896
2.033    3.91738
2.034    3.97714
2.035    4.03828
2.036    4.10084
2.037    4.16486
2.038    4.2304
2.039    4.29749
2.04    4.36619
2.041    4.43654
2.042    4.50861
2.043    4.58243
2.044    4.65808
2.045    4.73562
2.046    4.81509
2.047    4.89657
2.048    4.98013
2.049    5.06582
2.05    5.15374
2.051    5.24394
2.052    5.33652
2.053    5.43155
2.054    5.52912
2.055    5.62931
2.056    5.73223
2.057    5.83796
2.058    5.94661
2.059    6.05829
2.06    6.1731
2.061    6.29116
2.062    6.4126
2.063    6.53754
2.064    6.66611
2.065    6.79844
2.066    6.9347
2.067    7.07502
2.068    7.21956
2.069    7.3685
2.07    7.522
2.071    7.68025
2.072    7.84344
2.073    8.01178
2.074    8.18547
2.075    8.36474
2.076    8.54981
2.077    8.74094
2.078    8.93839
2.079    9.14241
2.08    9.35331
2.081    9.57137
2.082    9.79691
2.083    10.0303
2.084    10.2718
2.085    10.5219
2.086    10.7808
2.087    11.0491
2.088    11.3272
2.089    11.6155
2.09    11.9145
2.091    12.2248
2.092    12.5467
2.093    12.881
2.094    13.2282
2.095    13.589
2.096    13.9639
2.097    14.3538
2.098    14.7594
2.099    15.1815
2.1    15.6209
2.101    16.0784
2.102    16.5551
2.103    17.052
2.104    17.57
2.105    18.1104
2.106    18.6742
2.107    19.2628
2.108    19.8774
2.109    20.5195
2.11    21.1905
2.111    21.8919
2.112    22.6255
2.113    23.393
2.114    24.1961
2.115    25.0368
2.116    25.9171
2.117    26.8392
2.118    27.8052
2.119    28.8174
2.12    29.8783
2.121    30.9903
2.122    32.1559
2.123    33.378
2.124    34.659
2.125    36.0018
2.126    37.4091
2.127    38.8836
2.128    40.428
2.129    42.0448
2.13    43.7365
2.131    45.5051
2.132    47.3526
2.133    49.2803
2.134    51.2892
2.135    53.3795
2.136    55.5507
2.137    57.8012
2.138    60.1282
2.139    62.5278
2.14    64.9942
2.141    67.52
2.142    70.0958
2.143    72.7097
2.144    75.3478
2.145    77.9933
2.146    80.6269
2.147    83.2268
2.148    85.7685
2.149    88.2255
2.15    90.5694
2.151    92.7704
2.152    94.7982
2.153    96.6228
2.154    98.2153
2.155    99.5492
2.156    100.601
2.157    101.352
2.158    101.788
2.159    101.901
2.16    101.689
2.161    101.155
2.162    100.31
2.163    99.1692
2.164    97.7533
2.165    96.0867
2.166    94.1967
2.167    92.1125
2.168    89.8645
2.169    87.4828
2.17    84.9968
2.171    82.4344
2.172    79.8216
2.173    77.1821
2.174    74.5369
2.175    71.9046
2.176    69.3009
2.177    66.7392
2.178    64.2306
2.179    61.7839
2.18    59.406
2.181    57.102
2.182    54.8755
2.183    52.7289
2.184    50.6635
2.185    48.6794
2.186    46.7764
2.187    44.9531
2.188    43.2082
2.189    41.5397
2.19    39.9453
2.191    38.4225
2.192    36.9688
2.193    35.5815
2.194    34.2579
2.195    32.9951
2.196    31.7906
2.197    30.6416
2.198    29.5454
2.199    28.4997
2.2    27.5018
2.201    26.5495
2.202    25.6404
2.203    24.7723
2.204    23.9433
2.205    23.1512
2.206    22.3943
2.207    21.6707
2.208    20.9786
2.209    20.3166
2.21    19.683
2.211    19.0765
2.212    18.4956
2.213    17.939
2.214    17.4055
2.215    16.894
2.216    16.4034
2.217    15.9326
2.218    15.4806
2.219    15.0466
2.22    14.6296
2.221    14.2288
2.222    13.8435
2.223    13.4729
2.224    13.1163
2.225    12.7731
2.226    12.4426
2.227    12.1242
2.228    11.8174
2.229    11.5217
2.23    11.2365
2.231    10.9614
2.232    10.6959
2.233    10.4397
2.234    10.1922
2.235    9.95314
2.236    9.72215
2.237    9.49887
2.238    9.28297
2.239    9.07415
2.24    8.87211
2.241    8.67656
2.242    8.48725
2.243    8.30392
2.244    8.12632
2.245    7.95423
2.246    7.78743
2.247    7.62571
2.248    7.46887
2.249    7.31672
2.25    7.16908
2.251    7.02579
2.252    6.88667
2.253    6.75157
2.254    6.62034
2.255    6.49283
2.256    6.36892
2.257    6.24846
2.258    6.13134
2.259    6.01744
2.26    5.90664
2.261    5.79883
2.262    5.69391
2.263    5.59177
2.264    5.49233
2.265    5.39548
2.266    5.30115
2.267    5.20925
2.268    5.11969
2.269    5.0324
2.27    4.9473
2.271    4.86432
2.272    4.7834
2.273    4.70446
2.274    4.62745
2.275    4.5523
2.276    4.47896
2.277    4.40736
2.278    4.33745
2.279    4.26919
2.28    4.20252
2.281    4.13738
2.282    4.07375
2.283    4.01157
2.284    3.95079
2.285    3.89138
2.286    3.8333
2.287    3.7765
2.288    3.72095
2.289    3.66662
2.29    3.61347
2.291    3.56146
2.292    3.51057
2.293    3.46076
2.294    3.412
2.295    3.36427
2.296    3.31753
2.297    3.27176
2.298    3.22693
2.299    3.18301
2.3    3.13999
2.301    3.09784
2.302    3.05653
2.303    3.01604
2.304    2.97636
2.305    2.93745
2.306    2.89931
2.307    2.86191
2.308    2.82522
2.309    2.78925
2.31    2.75396
2.311    2.71933
2.312    2.68536
2.313    2.65203
2.314    2.61931
2.315    2.5872
2.316    2.55569
2.317    2.52474
2.318    2.49436
2.319    2.46453
2.32    2.43524
2.321    2.40647
2.322    2.3782
2.323    2.35044
2.324    2.32317
2.325    2.29637
2.326    2.27003
2.327    2.24416
2.328    2.21872
2.329    2.19372
2.33    2.16914
2.331    2.14498
2.332    2.12123
2.333    2.09787
2.334    2.0749
2.335    2.05231
2.336    2.03009
2.337    2.00823
2.338    1.98673
2.339    1.96557
2.34    1.94476
2.341    1.92428
2.342    1.90412
2.343    1.88429
2.344    1.86477
2.345    1.84555
2.346    1.82663
2.347    1.80801
2.348    1.78967
2.349    1.77162
2.35    1.75384
2.351    1.73633
2.352    1.71909
2.353    1.70211
2.354    1.68538
2.355    1.6689
2.356    1.65267
2.357    1.63667
2.358    1.62091
2.359    1.60538
2.36    1.59008
2.361    1.575
2.362    1.56014
2.363    1.54549
2.364    1.53104
2.365    1.51681
2.366    1.50277
2.367    1.48894
2.368    1.4753
2.369    1.46184
2.37    1.44858
2.371    1.4355
2.372    1.42259
2.373    1.40987
2.374    1.39732
2.375    1.38494
2.376    1.37273
2.377    1.36068
2.378    1.34879
2.379    1.33706
2.38    1.32549
2.381    1.31407
2.382    1.3028
2.383    1.29168
2.384    1.2807
2.385    1.26987
2.386    1.25918
2.387    1.24862
2.388    1.2382
2.389    1.22792
2.39    1.21776
2.391    1.20773
2.392    1.19783
2.393    1.18806
2.394    1.1784
2.395    1.16887
2.396    1.15946
2.397    1.15016
2.398    1.14098
2.399    1.1319
2.4    1.12294
2.401    1.11409
2.402    1.10535
2.403    1.09671
2.404    1.08818
2.405    1.07975
2.406    1.07141
2.407    1.06318
2.408    1.05505
2.409    1.04701
2.41    1.03906
2.411    1.03121
2.412    1.02345
2.413    1.01578
2.414    1.0082
2.415    1.00071
2.416    0.993297
2.417    0.985974
2.418    0.978734
2.419    0.971576
2.42    0.964499
2.421    0.957502
2.422    0.950583
2.423    0.943742
2.424    0.936977
2.425    0.930287
2.426    0.923671
2.427    0.917128
2.428    0.910656
2.429    0.904256
2.43    0.897925
2.431    0.891663
2.432    0.885469
2.433    0.879341
2.434    0.873279
2.435    0.867282
2.436    0.86135
2.437    0.85548
2.438    0.849672
2.439    0.843926
2.44    0.83824
2.441    0.832613
2.442    0.827046
2.443    0.821536
2.444    0.816084
2.445    0.810688
2.446    0.805347
2.447    0.800062
2.448    0.79483
2.449    0.789652
2.45    0.784526
2.451    0.779452
2.452    0.77443
2.453    0.769458
2.454    0.764536
2.455    0.759663
2.456    0.754839
2.457    0.750062
2.458    0.745333
2.459    0.74065
2.46    0.736014
2.461    0.731423
2.462    0.726877
2.463    0.722375
2.464    0.717916
2.465    0.713501
2.466    0.709129
2.467    0.704798
2.468    0.700509
2.469    0.696261
2.47    0.692053
2.471    0.687885
2.472    0.683757
2.473    0.679668
2.474    0.675617
2.475    0.671604
2.476    0.667628
2.477    0.66369
2.478    0.659788
2.479    0.655922
2.48    0.652092
2.481    0.648298
2.482    0.644537
2.483    0.640812
2.484    0.63712
2.485    0.633462
2.486    0.629837
2.487    0.626245
2.488    0.622685
2.489    0.619157
2.49    0.615661
2.491    0.612196
2.492    0.608761
2.493    0.605358
2.494    0.601984
2.495    0.59864
2.496    0.595326
2.497    0.59204
2.498    0.588784
2.499    0.585555
2.5    0.582355
2.501    0.579183
2.502    0.576038
2.503    0.57292
2.504    0.569829
2.505    0.566764
2.506    0.563726
2.507    0.560713
2.508    0.557726
2.509    0.554765
2.51    0.551828
2.511    0.548916
2.512    0.546029
2.513    0.543166
2.514    0.540326
2.515    0.537511
2.516    0.534719
2.517    0.53195
2.518    0.529203
2.519    0.52648
2.52    0.523779
2.521    0.5211
2.522    0.518443
2.523    0.515807
2.524    0.513193
2.525    0.510601
2.526    0.508029
2.527    0.505478
2.528    0.502947
2.529    0.500437
2.53    0.497947
2.531    0.495477
2.532    0.493026
2.533    0.490595
2.534    0.488183
2.535    0.48579
2.536    0.483416
2.537    0.481061
2.538    0.478724
2.539    0.476405
2.54    0.474104
2.541    0.471822
2.542    0.469557
2.543    0.467309
2.544    0.465079
2.545    0.462866
2.546    0.46067
2.547    0.458491
2.548    0.456329
2.549    0.454183
2.55    0.452053
2.551    0.449939
2.552    0.447842
2.553    0.44576
2.554    0.443694
2.555    0.441643
2.556    0.439608
2.557    0.437588
2.558    0.435583
2.559    0.433593
2.56    0.431617
2.561    0.429657
2.562    0.42771
2.563    0.425778
2.564    0.42386
2.565    0.421957
2.566    0.420067
2.567    0.418191
2.568    0.416328
2.569    0.414479
2.57    0.412644
2.571    0.410822
2.572    0.409012
2.573    0.407216
2.574    0.405433
2.575    0.403662
2.576    0.401905
2.577    0.400159
2.578    0.398426
2.579    0.396705
2.58    0.394997
2.581    0.3933
2.582    0.391616
2.583    0.389943
2.584    0.388282
2.585    0.386632
2.586    0.384994
2.587    0.383368
2.588    0.381753
2.589    0.380148
2.59    0.378555
2.591    0.376973
2.592    0.375402
2.593    0.373842
2.594    0.372292
2.595    0.370753
2.596    0.369224
2.597    0.367706
2.598    0.366198
2.599    0.3647
2.6    0.363213
2.601    0.361735
2.602    0.360267
2.603    0.35881
2.604    0.357362
2.605    0.355923
2.606    0.354494
2.607    0.353075
2.608    0.351665
2.609    0.350265
2.61    0.348873
2.611    0.347491
2.612    0.346118
2.613    0.344754
2.614    0.343399
2.615    0.342053
2.616    0.340716
2.617    0.339387
2.618    0.338067
2.619    0.336755
2.62    0.335452
2.621    0.334158
2.622    0.332871
2.623    0.331593
2.624    0.330323
2.625    0.329062
2.626    0.327808
2.627    0.326562
2.628    0.325325
2.629    0.324095
2.63    0.322873
2.631    0.321659
2.632    0.320452
2.633    0.319253
2.634    0.318061
2.635    0.316877
2.636    0.3157
2.637    0.314531
2.638    0.313369
2.639    0.312214
2.64    0.311067
2.641    0.309926
2.642    0.308793
2.643    0.307666
2.644    0.306547
2.645    0.305434
2.646    0.304328
2.647    0.303229
2.648    0.302137
2.649    0.301051
2.65    0.299972
2.651    0.2989
2.652    0.297834
2.653    0.296774
2.654    0.295721
2.655    0.294674
2.656    0.293634
2.657    0.2926
2.658    0.291572
2.659    0.29055
2.66    0.289534
2.661    0.288524
2.662    0.287521
2.663    0.286523
2.664    0.285531
2.665    0.284545
2.666    0.283565
2.667    0.28259
2.668    0.281622
2.669    0.280659
2.67    0.279702
2.671    0.27875
2.672    0.277804
2.673    0.276863
2.674    0.275928
2.675    0.274998
2.676    0.274074
2.677    0.273155
2.678    0.272241
2.679    0.271333
2.68    0.270429
2.681    0.269531
2.682    0.268639
2.683    0.267751
2.684    0.266868
2.685    0.265991
2.686    0.265118
2.687    0.26425
2.688    0.263388
2.689    0.26253
2.69    0.261677
2.691    0.260828
2.692    0.259985
2.693    0.259146
2.694    0.258312
2.695    0.257483
2.696    0.256658
2.697    0.255838
2.698    0.255023
2.699    0.254212
2.7    0.253406
2.701    0.252604
2.702    0.251806
2.703    0.251013
2.704    0.250224
2.705    0.24944
2.706    0.24866
2.707    0.247884
2.708    0.247113
2.709    0.246345
2.71    0.245582
2.711    0.244823
2.712    0.244068
2.713    0.243318
2.714    0.242571
2.715    0.241829
2.716    0.24109
2.717    0.240355
2.718    0.239625
2.719    0.238898
2.72    0.238175
2.721    0.237456
2.722    0.236741
2.723    0.23603
2.724    0.235323
2.725    0.234619
2.726    0.233919
2.727    0.233223
2.728    0.232531
2.729    0.231842
2.73    0.231157
2.731    0.230475
2.732    0.229797
2.733    0.229123
2.734    0.228452
2.735    0.227785
2.736    0.227121
2.737    0.226461
2.738    0.225804
2.739    0.22515
2.74    0.2245
2.741    0.223854
2.742    0.22321
2.743    0.22257
2.744    0.221934
2.745    0.2213
2.746    0.22067
2.747    0.220043
2.748    0.21942
2.749    0.218799
2.75    0.218182
2.751    0.217568
2.752    0.216957
2.753    0.216349
2.754    0.215745
2.755    0.215143
2.756    0.214545
2.757    0.213949
2.758    0.213357
2.759    0.212767
2.76    0.212181
2.761    0.211597
2.762    0.211017
2.763    0.210439
2.764    0.209864
2.765    0.209292
2.766    0.208723
2.767    0.208157
2.768    0.207594
2.769    0.207033
2.77    0.206476
2.771    0.205921
2.772    0.205369
2.773    0.204819
2.774    0.204273
2.775    0.203729
2.776    0.203187
2.777    0.202649
2.778    0.202113
2.779    0.20158
2.78    0.201049
2.781    0.200521
2.782    0.199996
2.783    0.199473
2.784    0.198952
2.785    0.198435
2.786    0.197919
2.787    0.197407
2.788    0.196896
2.789    0.196389
2.79    0.195883
2.791    0.195381
2.792    0.19488
2.793    0.194382
2.794    0.193887
2.795    0.193394
2.796    0.192903
2.797    0.192414
2.798    0.191928
2.799    0.191445
2.8    0.190963
2.801    0.190484
2.802    0.190007
2.803    0.189533
2.804    0.189061
2.805    0.188591
2.806    0.188123
2.807    0.187657
2.808    0.187194
2.809    0.186733
2.81    0.186274
2.811    0.185817
2.812    0.185363
2.813    0.18491
2.814    0.18446
2.815    0.184012
2.816    0.183566
2.817    0.183122
2.818    0.18268
2.819    0.18224
2.82    0.181803
2.821    0.181367
2.822    0.180933
2.823    0.180502
2.824    0.180072
2.825    0.179644
2.826    0.179219
2.827    0.178795
2.828    0.178374
2.829    0.177954
2.83    0.177536
2.831    0.177121
2.832    0.176707
2.833    0.176295
2.834    0.175885
2.835    0.175477
2.836    0.17507
2.837    0.174666
2.838    0.174263
2.839    0.173863
2.84    0.173464
2.841    0.173067
2.842    0.172672
2.843    0.172278
2.844    0.171887
2.845    0.171497
2.846    0.171109
2.847    0.170723
2.848    0.170339
2.849    0.169956
2.85    0.169575
2.851    0.169196
2.852    0.168818
2.853    0.168442
2.854    0.168068
2.855    0.167696
2.856    0.167325
2.857    0.166956
2.858    0.166589
2.859    0.166223
2.86    0.165859
2.861    0.165497
2.862    0.165136
2.863    0.164777
2.864    0.164419
2.865    0.164064
2.866    0.163709
2.867    0.163357
2.868    0.163005
2.869    0.162656
2.87    0.162308
2.871    0.161961
2.872    0.161617
2.873    0.161273
2.874    0.160931
2.875    0.160591
2.876    0.160252
2.877    0.159915
2.878    0.159579
2.879    0.159245
2.88    0.158912
2.881    0.158581
2.882    0.158251
2.883    0.157923
2.884    0.157596
2.885    0.15727
2.886    0.156946
2.887    0.156624
2.888    0.156303
2.889    0.155983
2.89    0.155665
2.891    0.155348
2.892    0.155032
2.893    0.154718
2.894    0.154405
2.895    0.154094
2.896    0.153784
2.897    0.153475
2.898    0.153168
2.899    0.152862
2.9    0.152557
2.901    0.152254
2.902    0.151952
2.903    0.151652
2.904    0.151352
2.905    0.151054
2.906    0.150758
2.907    0.150462
2.908    0.150168
2.909    0.149875
2.91    0.149584
2.911    0.149294
2.912    0.149005
2.913    0.148717
2.914    0.148431
2.915    0.148145
2.916    0.147861
2.917    0.147579
2.918    0.147297
2.919    0.147017
2.92    0.146738
2.921    0.14646
2.922    0.146183
2.923    0.145908
2.924    0.145634
2.925    0.145361
2.926    0.145089
2.927    0.144818
2.928    0.144549
2.929    0.14428
2.93    0.144013
2.931    0.143747
2.932    0.143482
2.933    0.143219
2.934    0.142956
2.935    0.142695
2.936    0.142434
2.937    0.142175
2.938    0.141917
2.939    0.14166
2.94    0.141404
2.941    0.14115
2.942    0.140896
2.943    0.140643
2.944    0.140392
2.945    0.140142
2.946    0.139892
2.947    0.139644
2.948    0.139397
2.949    0.139151
2.95    0.138906
2.951    0.138662
2.952    0.138419
2.953    0.138177
2.954    0.137937
2.955    0.137697
2.956    0.137458
2.957    0.137221
2.958    0.136984
2.959    0.136748
2.96    0.136514
2.961    0.13628
2.962    0.136048
2.963    0.135816
2.964    0.135585
2.965    0.135356
2.966    0.135127
2.967    0.1349
2.968    0.134673
2.969    0.134447
2.97    0.134223
2.971    0.133999
2.972    0.133776
2.973    0.133555
2.974    0.133334
2.975    0.133114
2.976    0.132895
2.977    0.132677
2.978    0.13246
2.979    0.132244
2.98    0.132029
2.981    0.131815
2.982    0.131601
2.983    0.131389
2.984    0.131178
2.985    0.130967
2.986    0.130758
2.987    0.130549
2.988    0.130341
2.989    0.130134
2.99    0.129928
2.991    0.129723
2.992    0.129519
2.993    0.129316
2.994    0.129113
2.995    0.128912
2.996    0.128711
2.997    0.128512
2.998    0.128313
2.999    0.128115
3    0.127917
3.001    0.127721
3.002    0.127526
3.003    0.127331
3.004    0.127137
3.005    0.126945
3.006    0.126753
3.007    0.126561
3.008    0.126371
3.009    0.126181
3.01    0.125993
3.011    0.125805
3.012    0.125618
3.013    0.125432
3.014    0.125246
3.015    0.125062
3.016    0.124878
3.017    0.124695
3.018    0.124513
3.019    0.124332
3.02    0.124151
3.021    0.123971
3.022    0.123792
3.023    0.123614
3.024    0.123437
3.025    0.12326
3.026    0.123085
3.027    0.12291
3.028    0.122736
3.029    0.122562
3.03    0.122389
3.031    0.122218
3.032    0.122046
3.033    0.121876
3.034    0.121707
3.035    0.121538
3.036    0.12137
3.037    0.121202
3.038    0.121036
3.039    0.12087
3.04    0.120705
3.041    0.120541
3.042    0.120377
3.043    0.120215
3.044    0.120053
3.045    0.119891
3.046    0.119731
3.047    0.119571
3.048    0.119412
3.049    0.119253
3.05    0.119096
3.051    0.118939
3.052    0.118783
3.053    0.118627
3.054    0.118472
3.055    0.118318
3.056    0.118165
3.057    0.118012
3.058    0.11786
3.059    0.117709
3.06    0.117559
3.061    0.117409
3.062    0.11726
3.063    0.117111
3.064    0.116964
3.065    0.116816
3.066    0.11667
3.067    0.116525
3.068    0.11638
3.069    0.116235
3.07    0.116092
3.071    0.115949
3.072    0.115807
3.073    0.115665
3.074    0.115524
3.075    0.115384
3.076    0.115244
3.077    0.115106
3.078    0.114967
3.079    0.11483
3.08    0.114693
3.081    0.114557
3.082    0.114421
3.083    0.114286
3.084    0.114152
3.085    0.114019
3.086    0.113886
3.087    0.113753
3.088    0.113622
3.089    0.113491
3.09    0.113361
3.091    0.113231
3.092    0.113102
3.093    0.112974
3.094    0.112846
3.095    0.112719
3.096    0.112592
3.097    0.112466
3.098    0.112341
3.099    0.112217
3.1    0.112093
3.101    0.11197
3.102    0.111847
3.103    0.111725
3.104    0.111603
3.105    0.111483
3.106    0.111363
3.107    0.111243
3.108    0.111124
3.109    0.111006
3.11    0.110888
3.111    0.110771
3.112    0.110655
3.113    0.110539
3.114    0.110424
3.115    0.110309
3.116    0.110195
3.117    0.110082
3.118    0.109969
3.119    0.109857
3.12    0.109745
3.121    0.109634
3.122    0.109524
3.123    0.109414
3.124    0.109305
3.125    0.109196
3.126    0.109088
3.127    0.108981
3.128    0.108874
3.129    0.108768
3.13    0.108662
3.131    0.108557
3.132    0.108453
3.133    0.108349
3.134    0.108246
3.135    0.108143
3.136    0.108041
3.137    0.107939
3.138    0.107838
3.139    0.107738
3.14    0.107638
3.141    0.107539
3.142    0.107441
3.143    0.107343
3.144    0.107245
3.145    0.107148
3.146    0.107052
3.147    0.106956
3.148    0.106861
3.149    0.106767
3.15    0.106673
3.151    0.106579
3.152    0.106487
3.153    0.106394
3.154    0.106303
3.155    0.106212
3.156    0.106121
3.157    0.106031
3.158    0.105942
3.159    0.105853
3.16    0.105765
3.161    0.105677
3.162    0.10559
3.163    0.105503
3.164    0.105417
3.165    0.105332
3.166    0.105247
3.167    0.105162
3.168    0.105079
3.169    0.104995
3.17    0.104913
3.171    0.104831
3.172    0.104749
3.173    0.104668
3.174    0.104588
3.175    0.104508
3.176    0.104428
3.177    0.10435
3.178    0.104271
3.179    0.104194
3.18    0.104117
3.181    0.10404
3.182    0.103964
3.183    0.103888
3.184    0.103814
3.185    0.103739
3.186    0.103665
3.187    0.103592
3.188    0.103519
3.189    0.103447
3.19    0.103376
3.191    0.103305
3.192    0.103234
3.193    0.103164
3.194    0.103095
3.195    0.103026
3.196    0.102957
3.197    0.10289
3.198    0.102822
3.199    0.102756
3.2    0.10269
3.201    0.102624
3.202    0.102559
3.203    0.102494
3.204    0.10243
3.205    0.102367
3.206    0.102304
3.207    0.102242
3.208    0.10218
3.209    0.102119
3.21    0.102058
3.211    0.101998
3.212    0.101938
3.213    0.101879
3.214    0.101821
3.215    0.101763
3.216    0.101705
3.217    0.101648
3.218    0.101592
3.219    0.101536
3.22    0.101481
3.221    0.101426
3.222    0.101372
3.223    0.101318
3.224    0.101265
3.225    0.101213
3.226    0.101161
3.227    0.101109
3.228    0.101058
3.229    0.101008
3.23    0.100958
3.231    0.100909
3.232    0.10086
3.233    0.100812
3.234    0.100764
3.235    0.100717
3.236    0.100671
3.237    0.100625
3.238    0.100579
3.239    0.100534
3.24    0.10049
3.241    0.100446
3.242    0.100403
3.243    0.10036
3.244    0.100318
3.245    0.100276
3.246    0.100235
3.247    0.100195
3.248    0.100155
3.249    0.100115
3.25    0.100076
3.251    0.100038
3.252    0.1
3.253    0.0999628
3.254    0.0999261
3.255    0.09989
3.256    0.0998544
3.257    0.0998193
3.258    0.0997848
3.259    0.0997509
3.26    0.0997175
3.261    0.0996847
3.262    0.0996524
3.263    0.0996207
3.264    0.0995895
3.265    0.0995589
3.266    0.0995288
3.267    0.0994994
3.268    0.0994704
3.269    0.099442
3.27    0.0994142
3.271    0.099387
3.272    0.0993603
3.273    0.0993342
3.274    0.0993086
3.275    0.0992836
3.276    0.0992591
3.277    0.0992353
3.278    0.099212
3.279    0.0991892
3.28    0.099167
3.281    0.0991454
3.282    0.0991244
3.283    0.0991039
3.284    0.099084
3.285    0.0990647
3.286    0.099046
3.287    0.0990278
3.288    0.0990102
3.289    0.0989932
3.29    0.0989767
3.291    0.0989608
3.292    0.0989456
3.293    0.0989308
3.294    0.0989167
3.295    0.0989032
3.296    0.0988902
3.297    0.0988778
3.298    0.098866
3.299    0.0988548
3.3    0.0988442
3.301    0.0988341
3.302    0.0988247
3.303    0.0988158
3.304    0.0988076
3.305    0.0987999
3.306    0.0987928
3.307    0.0987863
3.308    0.0987804
3.309    0.0987752
3.31    0.0987705
3.311    0.0987664
3.312    0.0987629
3.313    0.09876
3.314    0.0987578
3.315    0.0987561
3.316    0.098755
3.317    0.0987546
3.318    0.0987548
3.319    0.0987555
3.32    0.0987569
3.321    0.0987589
3.322    0.0987615
3.323    0.0987648
3.324    0.0987686
3.325    0.0987731
3.326    0.0987782
3.327    0.098784
3.328    0.0987903
3.329    0.0987973
3.33    0.0988049
3.331    0.0988132
3.332    0.0988221
3.333    0.0988316
3.334    0.0988417
3.335    0.0988525
3.336    0.098864
3.337    0.098876
3.338    0.0988887
3.339    0.0989021
3.34    0.0989161
3.341    0.0989308
3.342    0.0989461
3.343    0.0989621
3.344    0.0989787
3.345    0.098996
3.346    0.099014
3.347    0.0990326
3.348    0.0990518
3.349    0.0990718
3.35    0.0990924
3.351    0.0991137
3.352    0.0991356
3.353    0.0991582
3.354    0.0991815
3.355    0.0992055
3.356    0.0992302
3.357    0.0992555
3.358    0.0992816
3.359    0.0993083
3.36    0.0993357
3.361    0.0993638
3.362    0.0993927
3.363    0.0994222
3.364    0.0994524
3.365    0.0994833
3.366    0.0995149
3.367    0.0995472
3.368    0.0995803
3.369    0.099614
3.37    0.0996485
3.371    0.0996837
3.372    0.0997196
3.373    0.0997562
3.374    0.0997936
3.375    0.0998317
3.376    0.0998705
3.377    0.0999101
3.378    0.0999504
3.379    0.0999914
3.38    0.100033
3.381    0.100076
3.382    0.100119
3.383    0.100163
3.384    0.100208
3.385    0.100253
3.386    0.1003
3.387    0.100347
3.388    0.100395
3.389    0.100443
3.39    0.100493
3.391    0.100543
3.392    0.100594
3.393    0.100646
3.394    0.100698
3.395    0.100751
3.396    0.100806
3.397    0.10086
3.398    0.100916
3.399    0.100973
3.4    0.10103
3.401    0.101088
3.402    0.101147
3.403    0.101207
3.404    0.101268
3.405    0.101329
3.406    0.101391
3.407    0.101454
3.408    0.101518
3.409    0.101583
3.41    0.101649
3.411    0.101715
3.412    0.101783
3.413    0.101851
3.414    0.10192
3.415    0.10199
3.416    0.102061
3.417    0.102132
3.418    0.102205
3.419    0.102278
3.42    0.102353
3.421    0.102428
3.422    0.102504
3.423    0.102581
3.424    0.102659
3.425    0.102738
3.426    0.102818
3.427    0.102899
3.428    0.10298
3.429    0.103063
3.43    0.103146
3.431    0.103231
3.432    0.103316
3.433    0.103402
3.434    0.10349
3.435    0.103578
3.436    0.103667
3.437    0.103757
3.438    0.103848
3.439    0.10394
3.44    0.104034
3.441    0.104128
3.442    0.104223
3.443    0.104319
3.444    0.104416
3.445    0.104514
3.446    0.104613
3.447    0.104713
3.448    0.104815
3.449    0.104917
3.45    0.10502
3.451    0.105124
3.452    0.10523
3.453    0.105336
3.454    0.105444
3.455    0.105552
3.456    0.105662
3.457    0.105773
3.458    0.105884
3.459    0.105997
3.46    0.106111
3.461    0.106226
3.462    0.106343
3.463    0.10646
3.464    0.106578
3.465    0.106698
3.466    0.106819
3.467    0.106941
3.468    0.107064
3.469    0.107188
3.47    0.107313
3.471    0.10744
3.472    0.107568
3.473    0.107697
3.474    0.107827
3.475    0.107958
3.476    0.108091
3.477    0.108224
3.478    0.108359
3.479    0.108496
3.48    0.108633
3.481    0.108772
3.482    0.108912
3.483    0.109053
3.484    0.109196
3.485    0.10934
3.486    0.109485
3.487    0.109631
3.488    0.109779
3.489    0.109928
3.49    0.110078
3.491    0.11023
3.492    0.110383
3.493    0.110537
3.494    0.110693
3.495    0.11085
3.496    0.111009
3.497    0.111169
3.498    0.11133
3.499    0.111493
3.5    0.111657
3.501    0.111822
3.502    0.111989
3.503    0.112158
3.504    0.112328
3.505    0.112499
3.506    0.112672
3.507    0.112846
3.508    0.113022
3.509    0.113199
3.51    0.113378
3.511    0.113558
3.512    0.11374
3.513    0.113924
3.514    0.114109
3.515    0.114295
3.516    0.114484
3.517    0.114673
3.518    0.114865
3.519    0.115058
3.52    0.115252
3.521    0.115448
3.522    0.115646
3.523    0.115846
3.524    0.116047
3.525    0.11625
3.526    0.116455
3.527    0.116661
3.528    0.116869
3.529    0.117079
3.53    0.11729
3.531    0.117504
3.532    0.117719
3.533    0.117936
3.534    0.118154
3.535    0.118375
3.536    0.118597
3.537    0.118821
3.538    0.119047
3.539    0.119275
3.54    0.119505
3.541    0.119737
3.542    0.11997
3.543    0.120206
3.544    0.120443
3.545    0.120683
3.546    0.120924
3.547    0.121168
3.548    0.121413
3.549    0.121661
3.55    0.12191
3.551    0.122162
3.552    0.122415
3.553    0.122671
3.554    0.122929
3.555    0.123189
3.556    0.123451
3.557    0.123715
3.558    0.123982
3.559    0.12425
3.56    0.124521
3.561    0.124794
3.562    0.125069
3.563    0.125347
3.564    0.125627
3.565    0.125909
3.566    0.126193
3.567    0.12648
3.568    0.126769
3.569    0.127061
3.57    0.127355
3.571    0.127651
3.572    0.12795
3.573    0.128251
3.574    0.128555
3.575    0.128861
3.576    0.12917
3.577    0.129481
3.578    0.129795
3.579    0.130111
3.58    0.13043
3.581    0.130752
3.582    0.131076
3.583    0.131403
3.584    0.131733
3.585    0.132065
3.586    0.132401
3.587    0.132739
3.588    0.133079
3.589    0.133423
3.59    0.133769
3.591    0.134119
3.592    0.134471
3.593    0.134826
3.594    0.135184
3.595    0.135545
3.596    0.135909
3.597    0.136276
3.598    0.136647
3.599    0.13702
3.6    0.137396
3.601    0.137776
3.602    0.138158
3.603    0.138544
3.604    0.138933
3.605    0.139326
3.606    0.139721
3.607    0.14012
3.608    0.140523
3.609    0.140928
3.61    0.141337
3.611    0.14175
3.612    0.142166
3.613    0.142586
3.614    0.143009
3.615    0.143435
3.616    0.143866
3.617    0.1443
3.618    0.144737
3.619    0.145179
3.62    0.145624
3.621    0.146073
3.622    0.146526
3.623    0.146982
3.624    0.147443
3.625    0.147907
3.626    0.148375
3.627    0.148848
3.628    0.149324
3.629    0.149805
3.63    0.15029
3.631    0.150779
3.632    0.151272
3.633    0.151769
3.634    0.152271
3.635    0.152777
3.636    0.153288
3.637    0.153802
3.638    0.154322
3.639    0.154846
3.64    0.155374
3.641    0.155907
3.642    0.156445
3.643    0.156988
3.644    0.157535
3.645    0.158087
3.646    0.158644
3.647    0.159206
3.648    0.159773
3.649    0.160345
3.65    0.160922
3.651    0.161504
3.652    0.162091
3.653    0.162684
3.654    0.163282
3.655    0.163885
3.656    0.164493
3.657    0.165107
3.658    0.165727
3.659    0.166352
3.66    0.166983
3.661    0.16762
3.662    0.168262
3.663    0.16891
3.664    0.169564
3.665    0.170224
3.666    0.17089
3.667    0.171562
3.668    0.172241
3.669    0.172925
3.67    0.173616
3.671    0.174313
3.672    0.175017
3.673    0.175727
3.674    0.176444
3.675    0.177167
3.676    0.177897
3.677    0.178634
3.678    0.179378
3.679    0.180129
3.68    0.180887
3.681    0.181652
3.682    0.182424
3.683    0.183204
3.684    0.183991
3.685    0.184785
3.686    0.185587
3.687    0.186397
3.688    0.187215
3.689    0.18804
3.69    0.188873
3.691    0.189714
3.692    0.190564
3.693    0.191421
3.694    0.192287
3.695    0.193161
3.696    0.194044
3.697    0.194936
3.698    0.195836
3.699    0.196745
3.7    0.197663
3.701    0.19859
3.702    0.199526
3.703    0.200472
3.704    0.201427
3.705    0.202391
3.706    0.203365
3.707    0.204349
3.708    0.205342
3.709    0.206346
3.71    0.20736
3.711    0.208384
3.712    0.209418
3.713    0.210463
3.714    0.211519
3.715    0.212586
3.716    0.213663
3.717    0.214751
3.718    0.215851
3.719    0.216962
3.72    0.218085
3.721    0.219219
3.722    0.220365
3.723    0.221523
3.724    0.222693
3.725    0.223876
3.726    0.225071
3.727    0.226278
3.728    0.227499
3.729    0.228732
3.73    0.229979
3.731    0.231239
3.732    0.232512
3.733    0.233799
3.734    0.2351
3.735    0.236416
3.736    0.237745
3.737    0.239089
3.738    0.240447
3.739    0.241821
3.74    0.243209
3.741    0.244613
3.742    0.246033
3.743    0.247468
3.744    0.248919
3.745    0.250386
3.746    0.25187
3.747    0.25337
3.748    0.254888
3.749    0.256422
3.75    0.257974
3.751    0.259544
3.752    0.261131
3.753    0.262737
3.754    0.264361
3.755    0.266004
3.756    0.267666
3.757    0.269347
3.758    0.271048
3.759    0.272769
3.76    0.27451
3.761    0.276271
3.762    0.278053
3.763    0.279857
3.764    0.281682
3.765    0.283528
3.766    0.285397
3.767    0.287288
3.768    0.289202
3.769    0.291139
3.77    0.2931
3.771    0.295084
3.772    0.297093
3.773    0.299127
3.774    0.301186
3.775    0.30327
3.776    0.30538
3.777    0.307516
3.778    0.309679
3.779    0.311869
3.78    0.314087
3.781    0.316333
3.782    0.318608
3.783    0.320911
3.784    0.323244
3.785    0.325607
3.786    0.328
3.787    0.330425
3.788    0.332881
3.789    0.335369
3.79    0.33789
3.791    0.340443
3.792    0.343031
3.793    0.345653
3.794    0.34831
3.795    0.351002
3.796    0.353731
3.797    0.356496
3.798    0.359299
3.799    0.36214
3.8    0.36502
3.801    0.367939
3.802    0.370898
3.803    0.373899
3.804    0.376941
3.805    0.380025
3.806    0.383153
3.807    0.386325
3.808    0.389541
3.809    0.392803
3.81    0.396112
3.811    0.399468
3.812    0.402872
3.813    0.406326
3.814    0.40983
3.815    0.413384
3.816    0.416991
3.817    0.420651
3.818    0.424365
3.819    0.428134
3.82    0.431959
3.821    0.435842
3.822    0.439783
3.823    0.443784
3.824    0.447846
3.825    0.451969
3.826    0.456156
3.827    0.460407
3.828    0.464725
3.829    0.469109
3.83    0.473563
3.831    0.478086
3.832    0.48268
3.833    0.487348
3.834    0.49209
3.835    0.496908
3.836    0.501804
3.837    0.506779
3.838    0.511836
3.839    0.516975
3.84    0.522198
3.841    0.527508
3.842    0.532907
3.843    0.538395
3.844    0.543976
3.845    0.549651
3.846    0.555422
3.847    0.561292
3.848    0.567263
3.849    0.573337
3.85    0.579516
3.851    0.585803
3.852    0.5922
3.853    0.59871
3.854    0.605336
3.855    0.61208
3.856    0.618945
3.857    0.625934
3.858    0.633049
3.859    0.640295
3.86    0.647673
3.861    0.655188
3.862    0.662843
3.863    0.67064
3.864    0.678584
3.865    0.686678
3.866    0.694926
3.867    0.703332
3.868    0.7119
3.869    0.720634
3.87    0.729537
3.871    0.738616
3.872    0.747874
3.873    0.757315
3.874    0.766945
3.875    0.776769
3.876    0.786791
3.877    0.797017
3.878    0.807453
3.879    0.818105
3.88    0.828977
3.881    0.840077
3.882    0.85141
3.883    0.862983
3.884    0.874803
3.885    0.886876
3.886    0.899211
3.887    0.911813
3.888    0.924692
3.889    0.937855
3.89    0.95131
3.891    0.965066
3.892    0.979131
3.893    0.993516
3.894    1.00823
3.895    1.02328
3.896    1.03868
3.897    1.05444
3.898    1.07057
3.899    1.08708
3.9    1.10399
3.901    1.1213
3.902    1.13904
3.903    1.1572
3.904    1.17581
3.905    1.19489
3.906    1.21443
3.907    1.23448
3.908    1.25502
3.909    1.2761
3.91    1.29772
3.911    1.31989
3.912    1.34265
3.913    1.36601
3.914    1.38999
3.915    1.41462
3.916    1.4399
3.917    1.46588
3.918    1.49258
3.919    1.52001
3.92    1.54821
3.921    1.5772
3.922    1.60702
3.923    1.6377
3.924    1.66926
3.925    1.70174
3.926    1.73518
3.927    1.76962
3.928    1.80508
3.929    1.84162
3.93    1.87927
3.931    1.91808
3.932    1.9581
3.933    1.99937
3.934    2.04195
3.935    2.08588
3.936    2.13124
3.937    2.17806
3.938    2.22643
3.939    2.2764
3.94    2.32805
3.941    2.38144
3.942    2.43665
3.943    2.49376
3.944    2.55286
3.945    2.61404
3.946    2.67739
3.947    2.74301
3.948    2.811
3.949    2.88148
3.95    2.95456
3.951    3.03036
3.952    3.10902
3.953    3.19067
3.954    3.27545
3.955    3.36353
3.956    3.45505
3.957    3.5502
3.958    3.64916
3.959    3.75211
3.96    3.85926
3.961    3.97082
3.962    4.08702
3.963    4.2081
3.964    4.33432
3.965    4.46594
3.966    4.60325
3.967    4.74654
3.968    4.89615
3.969    5.05241
3.97    5.21566
3.971    5.3863
3.972    5.56471
3.973    5.75132
3.974    5.94656
3.975    6.15091
3.976    6.36485
3.977    6.58889
3.978    6.82358
3.979    7.06947
3.98    7.32714
3.981    7.59722
3.982    7.88033
3.983    8.17711
3.984    8.48824
3.985    8.81439
3.986    9.15624
3.987    9.51448
3.988    9.88978
3.989    10.2828
3.99    10.6942
3.991    11.1245
3.992    11.5742
3.993    12.0438
3.994    12.5336
3.995    13.0437
3.996    13.5741
3.997    14.1246
3.998    14.6947
3.999    15.2836
4    15.8902
4.001    16.5128
4.002    17.1494
4.003    17.7974
4.004    18.4536
4.005    19.1144
4.006    19.7752
4.007    20.431
4.008    21.0761
4.009    21.7041
4.01    22.3082
4.011    22.8812
4.012    23.4156
4.013    23.9037
4.014    24.3381
4.015    24.7119
4.016    25.0187
4.017    25.253
4.018    25.4106
4.019    25.4884
4.02    25.485
4.021    25.4006
4.022    25.2366
4.023    24.9961
4.024    24.6836
4.025    24.3045
4.026    23.8653
4.027    23.3731
4.028    22.8353
4.029    22.2594
4.03    21.653
4.031    21.0233
4.032    20.377
4.033    19.7206
4.034    19.0595
4.035    18.399
4.036    17.7432
4.037    17.096
4.038    16.4604
4.039    15.839
4.04    15.2338
4.041    14.6463
4.042    14.0777
4.043    13.5288
4.044    12.9999
4.045    12.4914
4.046    12.0033
4.047    11.5353
4.048    11.0871
4.049    10.6583
4.05    10.2484
4.051    9.85682
4.052    9.48289
4.053    9.12596
4.054    8.78537
4.055    8.46043
4.056    8.15045
4.057    7.85476
4.058    7.57269
4.059    7.3036
4.06    7.04685
4.061    6.80185
4.062    6.568
4.063    6.34475
4.064    6.13157
4.065    5.92793
4.066    5.73336
4.067    5.54739
4.068    5.36958
4.069    5.19951
4.07    5.03679
4.071    4.88104
4.072    4.73191
4.073    4.58906
4.074    4.45218
4.075    4.32096
4.076    4.19512
4.077    4.07439
4.078    3.95853
4.079    3.84729
4.08    3.74044
4.081    3.63777
4.082    3.53908
4.083    3.44419
4.084    3.3529
4.085    3.26505
4.086    3.18047
4.087    3.09902
4.088    3.02055
4.089    2.94492
4.09    2.87201
4.091    2.80169
4.092    2.73384
4.093    2.66836
4.094    2.60514
4.095    2.54409
4.096    2.4851
4.097    2.42809
4.098    2.37298
4.099    2.31969
4.1    2.26813
4.101    2.21824
4.102    2.16995
4.103    2.12319
4.104    2.07791
4.105    2.03403
4.106    1.99151
4.107    1.95029
4.108    1.91033
4.109    1.87156
4.11    1.83395
4.111    1.79745
4.112    1.76202
4.113    1.72762
4.114    1.69421
4.115    1.66175
4.116    1.63021
4.117    1.59955
4.118    1.56975
4.119    1.54077
4.12    1.51258
4.121    1.48516
4.122    1.45847
4.123    1.4325
4.124    1.40721
4.125    1.38259
4.126    1.35861
4.127    1.33525
4.128    1.31249
4.129    1.2903
4.13    1.26868
4.131    1.2476
4.132    1.22704
4.133    1.20699
4.134    1.18743
4.135    1.16834
4.136    1.14971
4.137    1.13153
4.138    1.11378
4.139    1.09645
4.14    1.07953
4.141    1.06299
4.142    1.04684
4.143    1.03106
4.144    1.01563
4.145    1.00056
4.146    0.98582
4.147    0.97141
4.148    0.957318
4.149    0.943534
4.15    0.930051
4.151    0.91686
4.152    0.903952
4.153    0.891319
4.154    0.878954
4.155    0.866849
4.156    0.854997
4.157    0.843392
4.158    0.832025
4.159    0.820892
4.16    0.809986
4.161    0.7993
4.162    0.788828
4.163    0.778566
4.164    0.768508
4.165    0.758648
4.166    0.748981
4.167    0.739502
4.168    0.730206
4.169    0.72109
4.17    0.712147
4.171    0.703375
4.172    0.694767
4.173    0.686322
4.174    0.678034
4.175    0.669899
4.176    0.661914
4.177    0.654076
4.178    0.64638
4.179    0.638824
4.18    0.631403
4.181    0.624116
4.182    0.616957
4.183    0.609926
4.184    0.603018
4.185    0.596231
4.186    0.589562
4.187    0.583008
4.188    0.576566
4.189    0.570235
4.19    0.564011
4.191    0.557893
4.192    0.551877
4.193    0.545962
4.194    0.540146
4.195    0.534425
4.196    0.528799
4.197    0.523264
4.198    0.51782
4.199    0.512464
4.2    0.507194
4.201    0.502008
4.202    0.496905
4.203    0.491883
4.204    0.48694
4.205    0.482074
4.206    0.477285
4.207    0.472569
4.208    0.467927
4.209    0.463356
4.21    0.458855
4.211    0.454422
4.212    0.450056
4.213    0.445756
4.214    0.441521
4.215    0.437349
4.216    0.433238
4.217    0.429188
4.218    0.425198
4.219    0.421266
4.22    0.417392
4.221    0.413573
4.222    0.409809
4.223    0.4061
4.224    0.402443
4.225    0.398838
4.226    0.395285
4.227    0.391781
4.228    0.388326
4.229    0.38492
4.23    0.381561
4.231    0.378248
4.232    0.374981
4.233    0.371758
4.234    0.36858
4.235    0.365444
4.236    0.362351
4.237    0.3593
4.238    0.356289
4.239    0.353318
4.24    0.350387
4.241    0.347495
4.242    0.34464
4.243    0.341823
4.244    0.339043
4.245    0.336298
4.246    0.33359
4.247    0.330916
4.248    0.328276
4.249    0.32567
4.25    0.323097
4.251    0.320556
4.252    0.318048
4.253    0.315571
4.254    0.313125
4.255    0.310709
4.256    0.308323
4.257    0.305967
4.258    0.303639
4.259    0.301341
4.26    0.29907
4.261    0.296826
4.262    0.29461
4.263    0.29242
4.264    0.290257
4.265    0.288119
4.266    0.286007
4.267    0.28392
4.268    0.281857
4.269    0.279819
4.27    0.277804
4.271    0.275813
4.272    0.273845
4.273    0.2719
4.274    0.269977
4.275    0.268077
4.276    0.266198
4.277    0.26434
4.278    0.262504
4.279    0.260688
4.28    0.258892
4.281    0.257117
4.282    0.255362
4.283    0.253626
4.284    0.251909
4.285    0.250211
4.286    0.248532
4.287    0.246871
4.288    0.245229
4.289    0.243604
4.29    0.241997
4.291    0.240407
4.292    0.238835
4.293    0.237279
4.294    0.23574
4.295    0.234217
4.296    0.23271
4.297    0.23122
4.298    0.229745
4.299    0.228285
4.3    0.226841
4.301    0.225411
4.302    0.223997
4.303    0.222597
4.304    0.221212
4.305    0.21984
4.306    0.218483
4.307    0.21714
4.308    0.21581
4.309    0.214494
4.31    0.213191
4.311    0.211901
4.312    0.210624
4.313    0.20936
4.314    0.208108
4.315    0.206869
4.316    0.205642
4.317    0.204427
4.318    0.203224
4.319    0.202033
4.32    0.200853
4.321    0.199685
4.322    0.198528
4.323    0.197383
4.324    0.196248
4.325    0.195124
4.326    0.194011
4.327    0.192909
4.328    0.191817
4.329    0.190735
4.33    0.189664
4.331    0.188602
4.332    0.187551
4.333    0.186509
4.334    0.185477
4.335    0.184455
4.336    0.183442
4.337    0.182438
4.338    0.181444
4.339    0.180459
4.34    0.179483
4.341    0.178515
4.342    0.177557
4.343    0.176607
4.344    0.175665
4.345    0.174733
4.346    0.173808
4.347    0.172892
4.348    0.171984
4.349    0.171084
4.35    0.170191
4.351    0.169307
4.352    0.168431
4.353    0.167562
4.354    0.166701
4.355    0.165847
4.356    0.165001
4.357    0.164162
4.358    0.16333
4.359    0.162506
4.36    0.161688
4.361    0.160878
4.362    0.160074
4.363    0.159278
4.364    0.158488
4.365    0.157704
4.366    0.156928
4.367    0.156158
4.368    0.155394
4.369    0.154637
4.37    0.153886
4.371    0.153141
4.372    0.152402
4.373    0.15167
4.374    0.150943
4.375    0.150223
4.376    0.149508
4.377    0.148799
4.378    0.148096
4.379    0.147399
4.38    0.146707
4.381    0.146021
4.382    0.145341
4.383    0.144665
4.384    0.143996
4.385    0.143331
4.386    0.142672
4.387    0.142018
4.388    0.14137
4.389    0.140726
4.39    0.140088
4.391    0.139454
4.392    0.138826
4.393    0.138202
4.394    0.137583
4.395    0.136969
4.396    0.13636
4.397    0.135755
4.398    0.135156
4.399    0.13456
4.4    0.13397
4.401    0.133383
4.402    0.132802
4.403    0.132224
4.404    0.131651
4.405    0.131083
4.406    0.130518
4.407    0.129958
4.408    0.129402
4.409    0.12885
4.41    0.128303
4.411    0.127759
4.412    0.127219
4.413    0.126684
4.414    0.126152
4.415    0.125624
4.416    0.1251
4.417    0.12458
4.418    0.124064
4.419    0.123551
4.42    0.123043
4.421    0.122538
4.422    0.122036
4.423    0.121538
4.424    0.121044
4.425    0.120553
4.426    0.120066
4.427    0.119582
4.428    0.119102
4.429    0.118625
4.43    0.118151
4.431    0.117681
4.432    0.117214
4.433    0.11675
4.434    0.11629
4.435    0.115833
4.436    0.115379
4.437    0.114928
4.438    0.11448
4.439    0.114035
4.44    0.113594
4.441    0.113155
4.442    0.11272
4.443    0.112287
4.444    0.111857
4.445    0.111431
4.446    0.111007
4.447    0.110586
4.448    0.110168
4.449    0.109752
4.45    0.10934
4.451    0.10893
4.452    0.108523
4.453    0.108119
4.454    0.107717
4.455    0.107318
4.456    0.106922
4.457    0.106528
4.458    0.106137
4.459    0.105749
4.46    0.105363
4.461    0.104979
4.462    0.104598
4.463    0.10422
4.464    0.103844
4.465    0.10347
4.466    0.103099
4.467    0.102731
4.468    0.102364
4.469    0.102
4.47    0.101638
4.471    0.101279
4.472    0.100922
4.473    0.100567
4.474    0.100215
4.475    0.0998642
4.476    0.099516
4.477    0.0991701
4.478    0.0988263
4.479    0.0984847
4.48    0.0981452
4.481    0.0978078
4.482    0.0974726
4.483    0.0971394
4.484    0.0968083
4.485    0.0964792
4.486    0.0961521
4.487    0.0958271
4.488    0.0955041
4.489    0.095183
4.49    0.0948639
4.491    0.0945468
4.492    0.0942315
4.493    0.0939182
4.494    0.0936068
4.495    0.0932973
4.496    0.0929896
4.497    0.0926838
4.498    0.0923798
4.499    0.0920777
4.5    0.0917773
4.501    0.0914787
4.502    0.0911819
4.503    0.0908869
4.504    0.0905936
4.505    0.0903021
4.506    0.0900122
4.507    0.0897241
4.508    0.0894377
4.509    0.0891529
4.51    0.0888698
4.511    0.0885884
4.512    0.0883086
4.513    0.0880304
4.514    0.0877538
4.515    0.0874788
4.516    0.0872054
4.517    0.0869336
4.518    0.0866633
4.519    0.0863946
4.52    0.0861274
4.521    0.0858618
4.522    0.0855976
4.523    0.085335
4.524    0.0850739
4.525    0.0848142
4.526    0.084556
4.527    0.0842992
4.528    0.0840439
4.529    0.08379
4.53    0.0835375
4.531    0.0832865
4.532    0.0830368
4.533    0.0827885
4.534    0.0825416
4.535    0.0822961
4.536    0.0820519
4.537    0.0818091
4.538    0.0815676
4.539    0.0813274
4.54    0.0810886
4.541    0.080851
4.542    0.0806148
4.543    0.0803798
4.544    0.0801461
4.545    0.0799137
4.546    0.0796825
4.547    0.0794526
4.548    0.0792239
4.549    0.0789965
4.55    0.0787702
4.551    0.0785452
4.552    0.0783214
4.553    0.0780987
4.554    0.0778773
4.555    0.077657
4.556    0.0774379
4.557    0.07722
4.558    0.0770032
4.559    0.0767875
4.56    0.076573
4.561    0.0763596
4.562    0.0761473
4.563    0.0759361
4.564    0.075726
4.565    0.0755171
4.566    0.0753092
4.567    0.0751023
4.568    0.0748966
4.569    0.0746919
4.57    0.0744883
4.571    0.0742857
4.572    0.0740841
4.573    0.0738836
4.574    0.0736841
4.575    0.0734856
4.576    0.0732881
4.577    0.0730917
4.578    0.0728962
4.579    0.0727017
4.58    0.0725082
4.581    0.0723157
4.582    0.0721241
4.583    0.0719335
4.584    0.0717439
4.585    0.0715552
4.586    0.0713674
4.587    0.0711806
4.588    0.0709947
4.589    0.0708097
4.59    0.0706256
4.591    0.0704425
4.592    0.0702602
4.593    0.0700789
4.594    0.0698984
4.595    0.0697188
4.596    0.0695401
4.597    0.0693623
4.598    0.0691853
4.599    0.0690092
4.6    0.068834
4.601    0.0686596
4.602    0.068486
4.603    0.0683133
4.604    0.0681414
4.605    0.0679703
4.606    0.0678001
4.607    0.0676307
4.608    0.0674621
4.609    0.0672942
4.61    0.0671272
4.611    0.066961
4.612    0.0667956
4.613    0.0666309
4.614    0.066467
4.615    0.0663039
4.616    0.0661416
4.617    0.06598
4.618    0.0658192
4.619    0.0656592
4.62    0.0654998
4.621    0.0653413
4.622    0.0651834
4.623    0.0650263
4.624    0.06487
4.625    0.0647143
4.626    0.0645594
4.627    0.0644052
4.628    0.0642517
4.629    0.0640989
4.63    0.0639468
4.631    0.0637954
4.632    0.0636447
4.633    0.0634946
4.634    0.0633453
4.635    0.0631966
4.636    0.0630486
4.637    0.0629013
4.638    0.0627547
4.639    0.0626087
4.64    0.0624633
4.641    0.0623186
4.642    0.0621746
4.643    0.0620312
4.644    0.0618885
4.645    0.0617463
4.646    0.0616049
4.647    0.061464
4.648    0.0613238
4.649    0.0611842
4.65    0.0610452
4.651    0.0609068
4.652    0.060769
4.653    0.0606319
4.654    0.0604953
4.655    0.0603594
4.656    0.060224
4.657    0.0600892
4.658    0.059955
4.659    0.0598214
4.66    0.0596884
4.661    0.0595559
4.662    0.0594241
4.663    0.0592928
4.664    0.059162
4.665    0.0590318
4.666    0.0589022
4.667    0.0587731
4.668    0.0586446
4.669    0.0585167
4.67    0.0583893
4.671    0.0582624
4.672    0.058136
4.673    0.0580102
4.674    0.057885
4.675    0.0577602
4.676    0.057636
4.677    0.0575123
4.678    0.0573892
4.679    0.0572665
4.68    0.0571444
4.681    0.0570227
4.682    0.0569016
4.683    0.056781
4.684    0.0566609
4.685    0.0565413
4.686    0.0564222
4.687    0.0563035
4.688    0.0561854
4.689    0.0560678
4.69    0.0559506
4.691    0.0558339
4.692    0.0557177
4.693    0.055602
4.694    0.0554867
4.695    0.055372
4.696    0.0552576
4.697    0.0551438
4.698    0.0550304
4.699    0.0549175
4.7    0.054805
4.701    0.054693
4.702    0.0545814
4.703    0.0544703
4.704    0.0543596
4.705    0.0542494
4.706    0.0541396
4.707    0.0540303
4.708    0.0539214
4.709    0.0538129
4.71    0.0537049
4.711    0.0535973
4.712    0.0534901
4.713    0.0533833
4.714    0.053277
4.715    0.0531711
4.716    0.0530656
4.717    0.0529605
4.718    0.0528558
4.719    0.0527515
4.72    0.0526477
4.721    0.0525442
4.722    0.0524412
4.723    0.0523386
4.724    0.0522363
4.725    0.0521345
4.726    0.052033
4.727    0.051932
4.728    0.0518313
4.729    0.051731
4.73    0.0516311
4.731    0.0515316
4.732    0.0514325
4.733    0.0513337
4.734    0.0512353
4.735    0.0511373
4.736    0.0510397
4.737    0.0509425
4.738    0.0508456
4.739    0.0507491
4.74    0.0506529
4.741    0.0505571
4.742    0.0504617
4.743    0.0503667
4.744    0.0502719
4.745    0.0501776
4.746    0.0500836
4.747    0.04999
4.748    0.0498967
4.749    0.0498037
4.75    0.0497111
4.751    0.0496189
4.752    0.0495269
4.753    0.0494354
4.754    0.0493441
4.755    0.0492532
4.756    0.0491627
4.757    0.0490724
4.758    0.0489826
4.759    0.048893
4.76    0.0488038
4.761    0.0487148
4.762    0.0486263
4.763    0.048538
4.764    0.0484501
4.765    0.0483624
4.766    0.0482751
4.767    0.0481881
4.768    0.0481015
4.769    0.0480151
4.77    0.0479291
4.771    0.0478433
4.772    0.0477579
4.773    0.0476728
4.774    0.047588
4.775    0.0475035
4.776    0.0474193
4.777    0.0473354
4.778    0.0472517
4.779    0.0471684
4.78    0.0470854
4.781    0.0470027
4.782    0.0469203
4.783    0.0468381
4.784    0.0467563
4.785    0.0466747
4.786    0.0465935
4.787    0.0465125
4.788    0.0464318
4.789    0.0463514
4.79    0.0462712
4.791    0.0461914
4.792    0.0461118
4.793    0.0460325
4.794    0.0459535
4.795    0.0458747
4.796    0.0457962
4.797    0.045718
4.798    0.0456401
4.799    0.0455624
4.8    0.045485
4.801    0.0454079
4.802    0.045331
4.803    0.0452544
4.804    0.0451781
4.805    0.045102
4.806    0.0450262
4.807    0.0449506
4.808    0.0448753
4.809    0.0448002
4.81    0.0447254
4.811    0.0446509
4.812    0.0445766
4.813    0.0445026
4.814    0.0444288
4.815    0.0443552
4.816    0.0442819
4.817    0.0442089
4.818    0.0441361
4.819    0.0440635
4.82    0.0439912
4.821    0.0439191
4.822    0.0438473
4.823    0.0437757
4.824    0.0437044
4.825    0.0436332
4.826    0.0435623
4.827    0.0434917
4.828    0.0434213
4.829    0.0433511
4.83    0.0432811
4.831    0.0432114
4.832    0.0431419
4.833    0.0430726
4.834    0.0430036
4.835    0.0429348
4.836    0.0428662
4.837    0.0427978
4.838    0.0427297
4.839    0.0426617
4.84    0.042594
4.841    0.0425266
4.842    0.0424593
4.843    0.0423922
4.844    0.0423254
4.845    0.0422588
4.846    0.0421924
4.847    0.0421262
4.848    0.0420602
4.849    0.0419945
4.85    0.0419289
4.851    0.0418636
4.852    0.0417984
4.853    0.0417335
4.854    0.0416688
4.855    0.0416042
4.856    0.0415399
4.857    0.0414758
4.858    0.0414119
4.859    0.0413482
4.86    0.0412847
4.861    0.0412214
4.862    0.0411583
4.863    0.0410954
4.864    0.0410326
4.865    0.0409701
4.866    0.0409078
4.867    0.0408457
4.868    0.0407837
4.869    0.040722
4.87    0.0406605
4.871    0.0405991
4.872    0.0405379
4.873    0.0404769
4.874    0.0404162
4.875    0.0403556
4.876    0.0402951
4.877    0.0402349
4.878    0.0401749
4.879    0.040115
4.88    0.0400553
4.881    0.0399958
4.882    0.0399365
4.883    0.0398774
4.884    0.0398184
4.885    0.0397596
4.886    0.0397011
4.887    0.0396426
4.888    0.0395844
4.889    0.0395263
4.89    0.0394684
4.891    0.0394107
4.892    0.0393532
4.893    0.0392958
4.894    0.0392386
4.895    0.0391816
4.896    0.0391247
4.897    0.039068
4.898    0.0390115
4.899    0.0389552
4.9    0.038899
4.901    0.038843
4.902    0.0387872
4.903    0.0387315
4.904    0.038676
4.905    0.0386206
4.906    0.0385654
4.907    0.0385104
4.908    0.0384555
4.909    0.0384008
4.91    0.0383463
4.911    0.0382919
4.912    0.0382377
4.913    0.0381836
4.914    0.0381297
4.915    0.038076
4.916    0.0380224
4.917    0.0379689
4.918    0.0379157
4.919    0.0378625
4.92    0.0378096
4.921    0.0377567
4.922    0.0377041
4.923    0.0376516
4.924    0.0375992
4.925    0.037547
4.926    0.0374949
4.927    0.037443
4.928    0.0373912
4.929    0.0373396
4.93    0.0372882
4.931    0.0372368
4.932    0.0371857
4.933    0.0371346
4.934    0.0370837
4.935    0.037033
4.936    0.0369824
4.937    0.036932
4.938    0.0368816
4.939    0.0368315
4.94    0.0367814
4.941    0.0367316
4.942    0.0366818
4.943    0.0366322
4.944    0.0365827
4.945    0.0365334
4.946    0.0364842
4.947    0.0364352
4.948    0.0363862
4.949    0.0363375
4.95    0.0362888
4.951    0.0362403
4.952    0.0361919
4.953    0.0361437
4.954    0.0360956
4.955    0.0360476
4.956    0.0359998
4.957    0.035952
4.958    0.0359045
4.959    0.035857
4.96    0.0358097
4.961    0.0357625
4.962    0.0357154
4.963    0.0356685
4.964    0.0356217
4.965    0.035575
4.966    0.0355285
4.967    0.0354821
4.968    0.0354358
4.969    0.0353896
4.97    0.0353436
4.971    0.0352976
4.972    0.0352518
4.973    0.0352062
4.974    0.0351606
4.975    0.0351152
4.976    0.0350699
4.977    0.0350247
4.978    0.0349796
4.979    0.0349347
4.98    0.0348899
4.981    0.0348452
4.982    0.0348006
4.983    0.0347561
4.984    0.0347118
4.985    0.0346675
4.986    0.0346234
4.987    0.0345794
4.988    0.0345356
4.989    0.0344918
4.99    0.0344482
4.991    0.0344046
4.992    0.0343612
4.993    0.0343179
4.994    0.0342747
4.995    0.0342316
4.996    0.0341887
4.997    0.0341458
4.998    0.0341031
4.999    0.0340605
5    0.0340179
5.001    0.0339755
5.002    0.0339332
5.003    0.0338911
5.004    0.033849
5.005    0.033807
5.006    0.0337652
5.007    0.0337234
5.008    0.0336818
5.009    0.0336402
5.01    0.0335988
5.011    0.0335575
5.012    0.0335163
5.013    0.0334752
5.014    0.0334342
5.015    0.0333932
5.016    0.0333525
5.017    0.0333118
5.018    0.0332712
5.019    0.0332307
5.02    0.0331903
5.021    0.03315
5.022    0.0331099
5.023    0.0330698
5.024    0.0330298
5.025    0.0329899
5.026    0.0329502
5.027    0.0329105
5.028    0.0328709
5.029    0.0328314
5.03    0.0327921
5.031    0.0327528
5.032    0.0327136
5.033    0.0326745
5.034    0.0326355
5.035    0.0325967
5.036    0.0325579
5.037    0.0325192
5.038    0.0324806
5.039    0.0324421
5.04    0.0324037
5.041    0.0323654
5.042    0.0323272
5.043    0.032289
5.044    0.032251
5.045    0.0322131
5.046    0.0321752
5.047    0.0321375
5.048    0.0320998
5.049    0.0320623
5.05    0.0320248
5.051    0.0319874
5.052    0.0319501
5.053    0.0319129
5.054    0.0318758
5.055    0.0318388
5.056    0.0318019
5.057    0.0317651
5.058    0.0317283
5.059    0.0316917
5.06    0.0316551
5.061    0.0316186
5.062    0.0315822
5.063    0.0315459
5.064    0.0315097
5.065    0.0314736
5.066    0.0314375
5.067    0.0314016
5.068    0.0313657
5.069    0.0313299
5.07    0.0312942
5.071    0.0312586
5.072    0.0312231
5.073    0.0311876
5.074    0.0311523
5.075    0.031117
5.076    0.0310818
5.077    0.0310467
5.078    0.0310117
5.079    0.0309767
5.08    0.0309419
5.081    0.0309071
5.082    0.0308724
5.083    0.0308378
5.084    0.0308032
5.085    0.0307688
5.086    0.0307344
5.087    0.0307001
5.088    0.0306659
5.089    0.0306318
5.09    0.0305977
5.091    0.0305638
5.092    0.0305299
5.093    0.030496
5.094    0.0304623
5.095    0.0304287
5.096    0.0303951
5.097    0.0303616
5.098    0.0303281
5.099    0.0302948
5.1    0.0302615
5.101    0.0302283
5.102    0.0301952
5.103    0.0301622
5.104    0.0301292
5.105    0.0300963
5.106    0.0300635
5.107    0.0300308
5.108    0.0299981
5.109    0.0299655
5.11    0.029933
5.111    0.0299005
5.112    0.0298682
5.113    0.0298359
5.114    0.0298037
5.115    0.0297715
5.116    0.0297394
5.117    0.0297074
5.118    0.0296755
5.119    0.0296436
5.12    0.0296118
5.121    0.0295801
5.122    0.0295485
5.123    0.0295169
5.124    0.0294854
5.125    0.029454
5.126    0.0294226
5.127    0.0293913
5.128    0.0293601
5.129    0.0293289
5.13    0.0292979
5.131    0.0292668
5.132    0.0292359
5.133    0.029205
5.134    0.0291742
5.135    0.0291435
5.136    0.0291128
5.137    0.0290822
5.138    0.0290517
5.139    0.0290212
5.14    0.0289908
5.141    0.0289605
5.142    0.0289302
5.143    0.0289
5.144    0.0288698
5.145    0.0288398
5.146    0.0288098
5.147    0.0287798
5.148    0.02875
5.149    0.0287201
5.15    0.0286904
5.151    0.0286607
5.152    0.0286311
5.153    0.0286016
5.154    0.0285721
5.155    0.0285426
5.156    0.0285133
5.157    0.028484
5.158    0.0284548
5.159    0.0284256
5.16    0.0283965
5.161    0.0283674
5.162    0.0283384
5.163    0.0283095
5.164    0.0282807
5.165    0.0282519
5.166    0.0282231
5.167    0.0281945
5.168    0.0281659
5.169    0.0281373
5.17    0.0281088
5.171    0.0280804
5.172    0.028052
5.173    0.0280237
5.174    0.0279955
5.175    0.0279673
5.176    0.0279391
5.177    0.0279111
5.178    0.027883
5.179    0.0278551
5.18    0.0278272
5.181    0.0277994
5.182    0.0277716
5.183    0.0277439
5.184    0.0277162
5.185    0.0276886
5.186    0.0276611
5.187    0.0276336
5.188    0.0276061
5.189    0.0275788
5.19    0.0275515
5.191    0.0275242
5.192    0.027497
5.193    0.0274698
5.194    0.0274428
5.195    0.0274157
5.196    0.0273887
5.197    0.0273618
5.198    0.027335
5.199    0.0273081
5.2    0.0272814
5.201    0.0272547
5.202    0.027228
5.203    0.0272015
5.204    0.0271749
5.205    0.0271484
5.206    0.027122
5.207    0.0270956
5.208    0.0270693
5.209    0.027043
5.21    0.0270168
5.211    0.0269907
5.212    0.0269646
5.213    0.0269385
5.214    0.0269125
5.215    0.0268866
5.216    0.0268607
5.217    0.0268348
5.218    0.026809
5.219    0.0267833
5.22    0.0267576
5.221    0.026732
5.222    0.0267064
5.223    0.0266808
5.224    0.0266554
5.225    0.0266299
5.226    0.0266046
5.227    0.0265792
5.228    0.0265539
5.229    0.0265287
5.23    0.0265035
5.231    0.0264784
5.232    0.0264533
5.233    0.0264283
5.234    0.0264033
5.235    0.0263784
5.236    0.0263535
5.237    0.0263287
5.238    0.0263039
5.239    0.0262792
5.24    0.0262545
5.241    0.0262299
5.242    0.0262053
5.243    0.0261807
5.244    0.0261563
5.245    0.0261318
5.246    0.0261074
5.247    0.0260831
5.248    0.0260588
5.249    0.0260345
5.25    0.0260103
5.251    0.0259862
5.252    0.0259621
5.253    0.025938
5.254    0.025914
5.255    0.02589
5.256    0.0258661
5.257    0.0258422
5.258    0.0258184
5.259    0.0257946
5.26    0.0257709
5.261    0.0257472
5.262    0.0257235
5.263    0.0256999
5.264    0.0256764
5.265    0.0256529
5.266    0.0256294
5.267    0.025606
5.268    0.0255826
5.269    0.0255593
5.27    0.025536
5.271    0.0255127
5.272    0.0254895
5.273    0.0254664
5.274    0.0254433
5.275    0.0254202
5.276    0.0253972
5.277    0.0253742
5.278    0.0253513
5.279    0.0253284
5.28    0.0253055
5.281    0.0252827
5.282    0.02526
5.283    0.0252373
5.284    0.0252146
5.285    0.025192
5.286    0.0251694
5.287    0.0251468
5.288    0.0251243
5.289    0.0251019
5.29    0.0250794
5.291    0.0250571
5.292    0.0250347
5.293    0.0250124
5.294    0.0249902
5.295    0.024968
5.296    0.0249458
5.297    0.0249237
5.298    0.0249016
5.299    0.0248795
5.3    0.0248575
5.301    0.0248355
5.302    0.0248136
5.303    0.0247917
5.304    0.0247699
5.305    0.0247481
5.306    0.0247263
5.307    0.0247046
5.308    0.0246829
5.309    0.0246613
5.31    0.0246397
5.311    0.0246181
5.312    0.0245966
5.313    0.0245751
5.314    0.0245537
5.315    0.0245322
5.316    0.0245109
5.317    0.0244895
5.318    0.0244683
5.319    0.024447
5.32    0.0244258
5.321    0.0244046
5.322    0.0243835
5.323    0.0243624
5.324    0.0243413
5.325    0.0243203
5.326    0.0242993
5.327    0.0242784
5.328    0.0242575
5.329    0.0242366
5.33    0.0242158
5.331    0.024195
5.332    0.0241742
5.333    0.0241535
5.334    0.0241328
5.335    0.0241122
5.336    0.0240916
5.337    0.024071
5.338    0.0240504
5.339    0.0240299
5.34    0.0240095
5.341    0.0239891
5.342    0.0239687
5.343    0.0239483
5.344    0.023928
5.345    0.0239077
5.346    0.0238875
5.347    0.0238673
5.348    0.0238471
5.349    0.0238269
5.35    0.0238068
5.351    0.0237868
5.352    0.0237667
5.353    0.0237467
5.354    0.0237268
5.355    0.0237069
5.356    0.023687
5.357    0.0236671
5.358    0.0236473
5.359    0.0236275
5.36    0.0236077
5.361    0.023588
5.362    0.0235683
5.363    0.0235487
5.364    0.0235291
5.365    0.0235095
5.366    0.02349
5.367    0.0234704
5.368    0.023451
5.369    0.0234315
5.37    0.0234121
5.371    0.0233927
5.372    0.0233734
5.373    0.0233541
5.374    0.0233348
5.375    0.0233155
5.376    0.0232963
5.377    0.0232772
5.378    0.023258
5.379    0.0232389
5.38    0.0232198
5.381    0.0232008
5.382    0.0231817
5.383    0.0231628
5.384    0.0231438
5.385    0.0231249
5.386    0.023106
5.387    0.0230872
5.388    0.0230683
5.389    0.0230495
5.39    0.0230308
5.391    0.0230121
5.392    0.0229934
5.393    0.0229747
5.394    0.0229561
5.395    0.0229375
5.396    0.0229189
5.397    0.0229004
5.398    0.0228819
5.399    0.0228634
5.4    0.0228449
5.401    0.0228265
5.402    0.0228082
5.403    0.0227898
5.404    0.0227715
5.405    0.0227532
5.406    0.0227349
5.407    0.0227167
5.408    0.0226985
5.409    0.0226803
5.41    0.0226622
5.411    0.0226441
5.412    0.022626
5.413    0.022608
5.414    0.02259
5.415    0.022572
5.416    0.022554
5.417    0.0225361
5.418    0.0225182
5.419    0.0225003
5.42    0.0224825
5.421    0.0224647
5.422    0.0224469
5.423    0.0224292
5.424    0.0224114
5.425    0.0223937
5.426    0.0223761
5.427    0.0223584
5.428    0.0223408
5.429    0.0223233
5.43    0.0223057
5.431    0.0222882
5.432    0.0222707
5.433    0.0222532
5.434    0.0222358
5.435    0.0222184
5.436    0.022201
5.437    0.0221837
5.438    0.0221664
5.439    0.0221491
5.44    0.0221318
5.441    0.0221146
5.442    0.0220974
5.443    0.0220802
5.444    0.022063
5.445    0.0220459
5.446    0.0220288
5.447    0.0220117
5.448    0.0219947
5.449    0.0219777
5.45    0.0219607
5.451    0.0219437
5.452    0.0219268
5.453    0.0219099
5.454    0.021893
5.455    0.0218762
5.456    0.0218593
5.457    0.0218425
5.458    0.0218258
5.459    0.021809
5.46    0.0217923
5.461    0.0217756
5.462    0.021759
5.463    0.0217423
5.464    0.0217257
5.465    0.0217091
5.466    0.0216926
5.467    0.021676
5.468    0.0216595
5.469    0.021643
5.47    0.0216266
5.471    0.0216102
5.472    0.0215938
5.473    0.0215774
5.474    0.021561
5.475    0.0215447
5.476    0.0215284
5.477    0.0215121
5.478    0.0214959
5.479    0.0214797
5.48    0.0214635
5.481    0.0214473
5.482    0.0214311
5.483    0.021415
5.484    0.0213989
5.485    0.0213828
5.486    0.0213668
5.487    0.0213508
5.488    0.0213348
5.489    0.0213188
5.49    0.0213029
5.491    0.0212869
5.492    0.021271
5.493    0.0212552
5.494    0.0212393
5.495    0.0212235
5.496    0.0212077
5.497    0.0211919
5.498    0.0211762
5.499    0.0211604
5.5    0.0211447
5.501    0.021129
5.502    0.0211134
5.503    0.0210978
5.504    0.0210822
5.505    0.0210666
5.506    0.021051
5.507    0.0210355
5.508    0.02102
5.509    0.0210045
5.51    0.020989
5.511    0.0209736
5.512    0.0209582
5.513    0.0209428
5.514    0.0209274
5.515    0.020912
5.516    0.0208967
5.517    0.0208814
5.518    0.0208661
5.519    0.0208509
5.52    0.0208356
5.521    0.0208204
5.522    0.0208053
5.523    0.0207901
5.524    0.020775
5.525    0.0207598
5.526    0.0207447
5.527    0.0207297
5.528    0.0207146
5.529    0.0206996
5.53    0.0206846
5.531    0.0206696
5.532    0.0206546
5.533    0.0206397
5.534    0.0206248
5.535    0.0206099
5.536    0.020595
5.537    0.0205802
5.538    0.0205654
5.539    0.0205505
5.54    0.0205358
5.541    0.020521
5.542    0.0205063
5.543    0.0204916
5.544    0.0204769
5.545    0.0204622
5.546    0.0204475
5.547    0.0204329
5.548    0.0204183
5.549    0.0204037
5.55    0.0203891
5.551    0.0203746
5.552    0.0203601
5.553    0.0203456
5.554    0.0203311
5.555    0.0203166
5.556    0.0203022
5.557    0.0202878
5.558    0.0202734
5.559    0.020259
5.56    0.0202447
5.561    0.0202303
5.562    0.020216
5.563    0.0202017
5.564    0.0201875
5.565    0.0201732
5.566    0.020159
5.567    0.0201448
5.568    0.0201306
5.569    0.0201164
5.57    0.0201023
5.571    0.0200881
5.572    0.020074
5.573    0.02006
5.574    0.0200459
5.575    0.0200318
5.576    0.0200178
5.577    0.0200038
5.578    0.0199898
5.579    0.0199759
5.58    0.0199619
5.581    0.019948
5.582    0.0199341
5.583    0.0199202
5.584    0.0199064
5.585    0.0198925
5.586    0.0198787
5.587    0.0198649
5.588    0.0198511
5.589    0.0198373
5.59    0.0198236
5.591    0.0198099
5.592    0.0197962
5.593    0.0197825
5.594    0.0197688
5.595    0.0197552
5.596    0.0197415
5.597    0.0197279
5.598    0.0197143
5.599    0.0197008
5.6    0.0196872
5.601    0.0196737
5.602    0.0196602
5.603    0.0196467
5.604    0.0196332
5.605    0.0196197
5.606    0.0196063
5.607    0.0195929
5.608    0.0195795
5.609    0.0195661
5.61    0.0195527
5.611    0.0195394
5.612    0.0195261
5.613    0.0195128
5.614    0.0194995
5.615    0.0194862
5.616    0.0194729
5.617    0.0194597
5.618    0.0194465
5.619    0.0194333
5.62    0.0194201
5.621    0.019407
5.622    0.0193938
5.623    0.0193807
5.624    0.0193676
5.625    0.0193545
5.626    0.0193414
5.627    0.0193284
5.628    0.0193154
5.629    0.0193024
5.63    0.0192894
5.631    0.0192764
5.632    0.0192634
5.633    0.0192505
5.634    0.0192375
5.635    0.0192246
5.636    0.0192118
5.637    0.0191989
5.638    0.019186
5.639    0.0191732
5.64    0.0191604
5.641    0.0191476
5.642    0.0191348
5.643    0.019122
5.644    0.0191093
5.645    0.0190965
5.646    0.0190838
5.647    0.0190711
5.648    0.0190585
5.649    0.0190458
5.65    0.0190331
5.651    0.0190205
5.652    0.0190079
5.653    0.0189953
5.654    0.0189827
5.655    0.0189702
5.656    0.0189576
5.657    0.0189451
5.658    0.0189326
5.659    0.0189201
5.66    0.0189076
5.661    0.0188952
5.662    0.0188827
5.663    0.0188703
5.664    0.0188579
5.665    0.0188455
5.666    0.0188331
5.667    0.0188208
5.668    0.0188084
5.669    0.0187961
5.67    0.0187838
5.671    0.0187715
5.672    0.0187592
5.673    0.018747
5.674    0.0187347
5.675    0.0187225
5.676    0.0187103
5.677    0.0186981
5.678    0.0186859
5.679    0.0186738
5.68    0.0186616
5.681    0.0186495
5.682    0.0186374
5.683    0.0186253
5.684    0.0186132
5.685    0.0186011
5.686    0.0185891
5.687    0.018577
5.688    0.018565
5.689    0.018553
5.69    0.018541
5.691    0.0185291
5.692    0.0185171
5.693    0.0185052
5.694    0.0184932
5.695    0.0184813
5.696    0.0184694
5.697    0.0184576
5.698    0.0184457
5.699    0.0184338
5.7    0.018422
5.701    0.0184102
5.702    0.0183984
5.703    0.0183866
5.704    0.0183749
5.705    0.0183631
5.706    0.0183514
5.707    0.0183396
5.708    0.0183279
5.709    0.0183162
5.71    0.0183046
5.711    0.0182929
5.712    0.0182812
5.713    0.0182696
5.714    0.018258
5.715    0.0182464
5.716    0.0182348
5.717    0.0182232
5.718    0.0182117
5.719    0.0182001
5.72    0.0181886
5.721    0.0181771
5.722    0.0181656
5.723    0.0181541
5.724    0.0181426
5.725    0.0181312
5.726    0.0181198
5.727    0.0181083
5.728    0.0180969
5.729    0.0180855
5.73    0.0180741
5.731    0.0180628
5.732    0.0180514
5.733    0.0180401
5.734    0.0180288
5.735    0.0180175
5.736    0.0180062
5.737    0.0179949
5.738    0.0179836
5.739    0.0179724
5.74    0.0179611
5.741    0.0179499
5.742    0.0179387
5.743    0.0179275
5.744    0.0179163
5.745    0.0179052
5.746    0.017894
5.747    0.0178829
5.748    0.0178717
5.749    0.0178606
5.75    0.0178495
5.751    0.0178384
5.752    0.0178274
5.753    0.0178163
5.754    0.0178053
5.755    0.0177943
5.756    0.0177832
5.757    0.0177722
5.758    0.0177613
5.759    0.0177503
5.76    0.0177393
5.761    0.0177284
5.762    0.0177175
5.763    0.0177065
5.764    0.0176956
5.765    0.0176847
5.766    0.0176739
5.767    0.017663
5.768    0.0176522
5.769    0.0176413
5.77    0.0176305
5.771    0.0176197
5.772    0.0176089
5.773    0.0175981
5.774    0.0175873
5.775    0.0175766
5.776    0.0175658
5.777    0.0175551
5.778    0.0175444
5.779    0.0175337
5.78    0.017523
5.781    0.0175123
5.782    0.0175017
5.783    0.017491
5.784    0.0174804
5.785    0.0174698
5.786    0.0174591
5.787    0.0174486
5.788    0.017438
5.789    0.0174274
5.79    0.0174168
5.791    0.0174063
5.792    0.0173958
5.793    0.0173852
5.794    0.0173747
5.795    0.0173642
5.796    0.0173538
5.797    0.0173433
5.798    0.0173328
5.799    0.0173224
5.8    0.0173119
5.801    0.0173015
5.802    0.0172911
5.803    0.0172807
5.804    0.0172703
5.805    0.01726
5.806    0.0172496
5.807    0.0172393
5.808    0.017229
5.809    0.0172186
5.81    0.0172083
5.811    0.017198
5.812    0.0171878
5.813    0.0171775
5.814    0.0171672
5.815    0.017157
5.816    0.0171468
5.817    0.0171365
5.818    0.0171263
5.819    0.0171161
5.82    0.0171059
5.821    0.0170958
5.822    0.0170856
5.823    0.0170755
5.824    0.0170653
5.825    0.0170552
5.826    0.0170451
5.827    0.017035
5.828    0.0170249
5.829    0.0170148
5.83    0.0170048
5.831    0.0169947
5.832    0.0169847
5.833    0.0169747
5.834    0.0169647
5.835    0.0169547
5.836    0.0169447
5.837    0.0169347
5.838    0.0169247
5.839    0.0169148
5.84    0.0169048
5.841    0.0168949
5.842    0.016885
5.843    0.0168751
5.844    0.0168652
5.845    0.0168553
5.846    0.0168454
5.847    0.0168355
5.848    0.0168257
5.849    0.0168158
5.85    0.016806
5.851    0.0167962
5.852    0.0167864
5.853    0.0167766
5.854    0.0167668
5.855    0.0167571
5.856    0.0167473
5.857    0.0167375
5.858    0.0167278
5.859    0.0167181
5.86    0.0167084
5.861    0.0166987
5.862    0.016689
5.863    0.0166793
5.864    0.0166696
5.865    0.01666
5.866    0.0166503
5.867    0.0166407
5.868    0.0166311
5.869    0.0166215
5.87    0.0166119
5.871    0.0166023
5.872    0.0165927
5.873    0.0165831
5.874    0.0165736
5.875    0.016564
5.876    0.0165545
5.877    0.016545
5.878    0.0165354
5.879    0.0165259
5.88    0.0165164
5.881    0.016507
5.882    0.0164975
5.883    0.016488
5.884    0.0164786
5.885    0.0164692
5.886    0.0164597
5.887    0.0164503
5.888    0.0164409
5.889    0.0164315
5.89    0.0164221
5.891    0.0164128
5.892    0.0164034
5.893    0.016394
5.894    0.0163847
5.895    0.0163754
5.896    0.016366
5.897    0.0163567
5.898    0.0163474
5.899    0.0163382
5.9    0.0163289
5.901    0.0163196
5.902    0.0163104
5.903    0.0163011
5.904    0.0162919
5.905    0.0162826
5.906    0.0162734
5.907    0.0162642
5.908    0.016255
5.909    0.0162458
5.91    0.0162367
5.911    0.0162275
5.912    0.0162184
5.913    0.0162092
5.914    0.0162001
5.915    0.016191
5.916    0.0161819
5.917    0.0161728
5.918    0.0161637
5.919    0.0161546
5.92    0.0161455
5.921    0.0161364
5.922    0.0161274
5.923    0.0161184
5.924    0.0161093
5.925    0.0161003
5.926    0.0160913
5.927    0.0160823
5.928    0.0160733
5.929    0.0160643
5.93    0.0160554
5.931    0.0160464
5.932    0.0160374
5.933    0.0160285
5.934    0.0160196
5.935    0.0160106
5.936    0.0160017
5.937    0.0159928
5.938    0.0159839
5.939    0.0159751
5.94    0.0159662
5.941    0.0159573
5.942    0.0159485
5.943    0.0159396
5.944    0.0159308
5.945    0.015922
5.946    0.0159132
5.947    0.0159044
5.948    0.0158956
5.949    0.0158868
5.95    0.015878
5.951    0.0158692
5.952    0.0158605
5.953    0.0158517
5.954    0.015843
5.955    0.0158343
5.956    0.0158256
5.957    0.0158169
5.958    0.0158082
5.959    0.0157995
5.96    0.0157908
5.961    0.0157821
5.962    0.0157735
5.963    0.0157648
5.964    0.0157562
5.965    0.0157475
5.966    0.0157389
5.967    0.0157303
5.968    0.0157217
5.969    0.0157131
5.97    0.0157045
5.971    0.0156959
5.972    0.0156874
5.973    0.0156788
5.974    0.0156703
5.975    0.0156617
5.976    0.0156532
5.977    0.0156447
5.978    0.0156362
5.979    0.0156277
5.98    0.0156192
5.981    0.0156107
5.982    0.0156022
5.983    0.0155937
5.984    0.0155853
5.985    0.0155768
5.986    0.0155684
5.987    0.01556
5.988    0.0155515
5.989    0.0155431
5.99    0.0155347
5.991    0.0155263
5.992    0.015518
5.993    0.0155096
5.994    0.0155012
5.995    0.0154928
5.996    0.0154845
5.997    0.0154762
5.998    0.0154678
5.999    0.0154595
6    0.0154512
6.001    0.0154429
6.002    0.0154346
6.003    0.0154263
6.004    0.015418
6.005    0.0154098
6.006    0.0154015
6.007    0.0153932
6.008    0.015385
6.009    0.0153768
6.01    0.0153685
6.011    0.0153603
6.012    0.0153521
6.013    0.0153439
6.014    0.0153357
6.015    0.0153275
6.016    0.0153194
6.017    0.0153112
6.018    0.015303
6.019    0.0152949
6.02    0.0152867
6.021    0.0152786
6.022    0.0152705
6.023    0.0152624
6.024    0.0152543
6.025    0.0152462
6.026    0.0152381
6.027    0.01523
6.028    0.0152219
6.029    0.0152139
6.03    0.0152058
6.031    0.0151978
6.032    0.0151897
6.033    0.0151817
6.034    0.0151737
6.035    0.0151657
6.036    0.0151577
6.037    0.0151497
6.038    0.0151417
6.039    0.0151337
6.04    0.0151257
6.041    0.0151178
6.042    0.0151098
6.043    0.0151018
6.044    0.0150939
6.045    0.015086
6.046    0.0150781
6.047    0.0150701
6.048    0.0150622
6.049    0.0150543
6.05    0.0150464
6.051    0.0150386
6.052    0.0150307
6.053    0.0150228
6.054    0.015015
6.055    0.0150071
6.056    0.0149993
6.057    0.0149914
6.058    0.0149836
6.059    0.0149758
6.06    0.014968
6.061    0.0149602
6.062    0.0149524
6.063    0.0149446
6.064    0.0149368
6.065    0.0149291
6.066    0.0149213
6.067    0.0149135
6.068    0.0149058
6.069    0.0148981
6.07    0.0148903
6.071    0.0148826
6.072    0.0148749
6.073    0.0148672
6.074    0.0148595
6.075    0.0148518
6.076    0.0148441
6.077    0.0148364
6.078    0.0148288
6.079    0.0148211
6.08    0.0148135
6.081    0.0148058
6.082    0.0147982
6.083    0.0147905
6.084    0.0147829
6.085    0.0147753
6.086    0.0147677
6.087    0.0147601
6.088    0.0147525
6.089    0.0147449
6.09    0.0147373
6.091    0.0147298
6.092    0.0147222
6.093    0.0147147
6.094    0.0147071
6.095    0.0146996
6.096    0.0146921
6.097    0.0146845
6.098    0.014677
6.099    0.0146695
6.1    0.014662
6.101    0.0146545
6.102    0.014647
6.103    0.0146396
6.104    0.0146321
6.105    0.0146246
6.106    0.0146172
6.107    0.0146097
6.108    0.0146023
6.109    0.0145948
6.11    0.0145874
6.111    0.01458
6.112    0.0145726
6.113    0.0145652
6.114    0.0145578
6.115    0.0145504
6.116    0.014543
6.117    0.0145356
6.118    0.0145283
6.119    0.0145209
6.12    0.0145136
6.121    0.0145062
6.122    0.0144989
6.123    0.0144916
6.124    0.0144842
6.125    0.0144769
6.126    0.0144696
6.127    0.0144623
6.128    0.014455
6.129    0.0144477
6.13    0.0144404
6.131    0.0144332
6.132    0.0144259
6.133    0.0144186
6.134    0.0144114
6.135    0.0144041
6.136    0.0143969
6.137    0.0143897
6.138    0.0143824
6.139    0.0143752
6.14    0.014368
6.141    0.0143608
6.142    0.0143536
6.143    0.0143464
6.144    0.0143393
6.145    0.0143321
6.146    0.0143249
6.147    0.0143178
6.148    0.0143106
6.149    0.0143035
6.15    0.0142963
6.151    0.0142892
6.152    0.0142821
6.153    0.0142749
6.154    0.0142678
6.155    0.0142607
6.156    0.0142536
6.157    0.0142465
6.158    0.0142394
6.159    0.0142324
6.16    0.0142253
6.161    0.0142182
6.162    0.0142112
6.163    0.0142041
6.164    0.0141971
6.165    0.01419
6.166    0.014183
6.167    0.014176
6.168    0.014169
6.169    0.014162
6.17    0.014155
6.171    0.014148
6.172    0.014141
6.173    0.014134
6.174    0.014127
6.175    0.01412
6.176    0.0141131
6.177    0.0141061
6.178    0.0140992
6.179    0.0140922
6.18    0.0140853
6.181    0.0140784
6.182    0.0140714
6.183    0.0140645
6.184    0.0140576
6.185    0.0140507
6.186    0.0140438
6.187    0.0140369
6.188    0.01403
6.189    0.0140232
6.19    0.0140163
6.191    0.0140094
6.192    0.0140026
6.193    0.0139957
6.194    0.0139889
6.195    0.013982
6.196    0.0139752
6.197    0.0139684
6.198    0.0139616
6.199    0.0139548
6.2    0.0139479
6.201    0.0139411
6.202    0.0139344
6.203    0.0139276
6.204    0.0139208
6.205    0.013914
6.206    0.0139072
6.207    0.0139005
6.208    0.0138937
6.209    0.013887
6.21    0.0138802
6.211    0.0138735
6.212    0.0138668
6.213    0.01386
6.214    0.0138533
6.215    0.0138466
6.216    0.0138399
6.217    0.0138332
6.218    0.0138265
6.219    0.0138198
6.22    0.0138132
6.221    0.0138065
6.222    0.0137998
6.223    0.0137932
6.224    0.0137865
6.225    0.0137799
6.226    0.0137732
6.227    0.0137666
6.228    0.0137599
6.229    0.0137533
6.23    0.0137467
6.231    0.0137401
6.232    0.0137335
6.233    0.0137269
6.234    0.0137203
6.235    0.0137137
6.236    0.0137071
6.237    0.0137006
6.238    0.013694
6.239    0.0136874
6.24    0.0136809
6.241    0.0136743
6.242    0.0136678
6.243    0.0136612
6.244    0.0136547
6.245    0.0136482
6.246    0.0136417
6.247    0.0136351
6.248    0.0136286
6.249    0.0136221
6.25    0.0136156
6.251    0.0136091
6.252    0.0136027
6.253    0.0135962
6.254    0.0135897
6.255    0.0135832
6.256    0.0135768
6.257    0.0135703
6.258    0.0135639
6.259    0.0135574
6.26    0.013551
6.261    0.0135446
6.262    0.0135381
6.263    0.0135317
6.264    0.0135253
6.265    0.0135189
6.266    0.0135125
6.267    0.0135061
6.268    0.0134997
6.269    0.0134933
6.27    0.013487
6.271    0.0134806
6.272    0.0134742
6.273    0.0134678
6.274    0.0134615
6.275    0.0134551
6.276    0.0134488
6.277    0.0134425
6.278    0.0134361
6.279    0.0134298
6.28    0.0134235
6.281    0.0134172
6.282    0.0134109
6.283    0.0134046
6.284    0.0133983
6.285    0.013392
6.286    0.0133857
6.287    0.0133794
6.288    0.0133731
6.289    0.0133668
6.29    0.0133606
6.291    0.0133543
6.292    0.0133481
6.293    0.0133418
6.294    0.0133356
6.295    0.0133293
6.296    0.0133231
6.297    0.0133169
6.298    0.0133107
6.299    0.0133045
6.3    0.0132982
6.301    0.013292
6.302    0.0132858
6.303    0.0132797
6.304    0.0132735
6.305    0.0132673
6.306    0.0132611
6.307    0.0132549
6.308    0.0132488
6.309    0.0132426
6.31    0.0132365
6.311    0.0132303
6.312    0.0132242
6.313    0.013218
6.314    0.0132119
6.315    0.0132058
6.316    0.0131997
6.317    0.0131935
6.318    0.0131874
6.319    0.0131813
6.32    0.0131752
6.321    0.0131691
6.322    0.013163
6.323    0.013157
6.324    0.0131509
6.325    0.0131448
6.326    0.0131388
6.327    0.0131327
6.328    0.0131266
6.329    0.0131206
6.33    0.0131145
6.331    0.0131085
6.332    0.0131025
6.333    0.0130964
6.334    0.0130904
6.335    0.0130844
6.336    0.0130784
6.337    0.0130724
6.338    0.0130664
6.339    0.0130604
6.34    0.0130544
6.341    0.0130484
6.342    0.0130424
6.343    0.0130364
6.344    0.0130305
6.345    0.0130245
6.346    0.0130185
6.347    0.0130126
6.348    0.0130066
6.349    0.0130007
6.35    0.0129947
6.351    0.0129888
6.352    0.0129829
6.353    0.0129769
6.354    0.012971
6.355    0.0129651
6.356    0.0129592
6.357    0.0129533
6.358    0.0129474
6.359    0.0129415
6.36    0.0129356
6.361    0.0129297
6.362    0.0129239
6.363    0.012918
6.364    0.0129121
6.365    0.0129063
6.366    0.0129004
6.367    0.0128945
6.368    0.0128887
6.369    0.0128828
6.37    0.012877
6.371    0.0128712
6.372    0.0128653
6.373    0.0128595
6.374    0.0128537
6.375    0.0128479
6.376    0.0128421
6.377    0.0128363
6.378    0.0128305
6.379    0.0128247
6.38    0.0128189
6.381    0.0128131
6.382    0.0128073
6.383    0.0128016
6.384    0.0127958
6.385    0.01279
6.386    0.0127843
6.387    0.0127785
6.388    0.0127728
6.389    0.012767
6.39    0.0127613
6.391    0.0127556
6.392    0.0127498
6.393    0.0127441
6.394    0.0127384
6.395    0.0127327
6.396    0.012727
6.397    0.0127213
6.398    0.0127156
6.399    0.0127099
6.4    0.0127042
6.401    0.0126985
6.402    0.0126928
6.403    0.0126871
6.404    0.0126815
6.405    0.0126758
6.406    0.0126701
6.407    0.0126645
6.408    0.0126588
6.409    0.0126532
6.41    0.0126475
6.411    0.0126419
6.412    0.0126363
6.413    0.0126306
6.414    0.012625
6.415    0.0126194
6.416    0.0126138
6.417    0.0126082
6.418    0.0126026
6.419    0.012597
6.42    0.0125914
6.421    0.0125858
6.422    0.0125802
6.423    0.0125746
6.424    0.012569
6.425    0.0125635
6.426    0.0125579
6.427    0.0125524
6.428    0.0125468
6.429    0.0125412
6.43    0.0125357
6.431    0.0125301
6.432    0.0125246
6.433    0.0125191
6.434    0.0125135
6.435    0.012508
6.436    0.0125025
6.437    0.012497
6.438    0.0124915
6.439    0.012486
6.44    0.0124805
6.441    0.012475
6.442    0.0124695
6.443    0.012464
6.444    0.0124585
6.445    0.012453
6.446    0.0124476
6.447    0.0124421
6.448    0.0124366
6.449    0.0124312
6.45    0.0124257
6.451    0.0124203
6.452    0.0124148
6.453    0.0124094
6.454    0.0124039
6.455    0.0123985
6.456    0.0123931
6.457    0.0123876
6.458    0.0123822
6.459    0.0123768
6.46    0.0123714
6.461    0.012366
6.462    0.0123606
6.463    0.0123552
6.464    0.0123498
6.465    0.0123444
6.466    0.012339
6.467    0.0123336
6.468    0.0123283
6.469    0.0123229
6.47    0.0123175
6.471    0.0123122
6.472    0.0123068
6.473    0.0123015
6.474    0.0122961
6.475    0.0122908
6.476    0.0122854
6.477    0.0122801
6.478    0.0122748
6.479    0.0122694
6.48    0.0122641
6.481    0.0122588
6.482    0.0122535
6.483    0.0122482
6.484    0.0122429
6.485    0.0122376
6.486    0.0122323
6.487    0.012227
6.488    0.0122217
6.489    0.0122164
6.49    0.0122111
6.491    0.0122058
6.492    0.0122006
6.493    0.0121953
6.494    0.01219
6.495    0.0121848
6.496    0.0121795
6.497    0.0121743
6.498    0.012169
6.499    0.0121638
6.5    0.0121586
6.501    0.0121533
6.502    0.0121481
6.503    0.0121429
6.504    0.0121376
6.505    0.0121324
6.506    0.0121272
6.507    0.012122
6.508    0.0121168
6.509    0.0121116
6.51    0.0121064
6.511    0.0121012
6.512    0.012096
6.513    0.0120909
6.514    0.0120857
6.515    0.0120805
6.516    0.0120753
6.517    0.0120702
6.518    0.012065
6.519    0.0120599
6.52    0.0120547
6.521    0.0120495
6.522    0.0120444
6.523    0.0120393
6.524    0.0120341
6.525    0.012029
6.526    0.0120239
6.527    0.0120187
6.528    0.0120136
6.529    0.0120085
6.53    0.0120034
6.531    0.0119983
6.532    0.0119932
6.533    0.0119881
6.534    0.011983
6.535    0.0119779
6.536    0.0119728
6.537    0.0119677
6.538    0.0119626
6.539    0.0119576
6.54    0.0119525
6.541    0.0119474
6.542    0.0119424
6.543    0.0119373
6.544    0.0119323
6.545    0.0119272
6.546    0.0119222
6.547    0.0119171
6.548    0.0119121
6.549    0.011907
6.55    0.011902
6.551    0.011897
6.552    0.011892
6.553    0.0118869
6.554    0.0118819
6.555    0.0118769
6.556    0.0118719
6.557    0.0118669
6.558    0.0118619
6.559    0.0118569
6.56    0.0118519
6.561    0.0118469
6.562    0.0118419
6.563    0.011837
6.564    0.011832
6.565    0.011827
6.566    0.011822
6.567    0.0118171
6.568    0.0118121
6.569    0.0118072
6.57    0.0118022
6.571    0.0117973
6.572    0.0117923
6.573    0.0117874
6.574    0.0117824
6.575    0.0117775
6.576    0.0117726
6.577    0.0117676
6.578    0.0117627
6.579    0.0117578
6.58    0.0117529
6.581    0.011748
6.582    0.0117431
6.583    0.0117382
6.584    0.0117333
6.585    0.0117284
6.586    0.0117235
6.587    0.0117186
6.588    0.0117137
6.589    0.0117088
6.59    0.011704
6.591    0.0116991
6.592    0.0116942
6.593    0.0116894
6.594    0.0116845
6.595    0.0116796
6.596    0.0116748
6.597    0.0116699
6.598    0.0116651
6.599    0.0116603
6.6    0.0116554
6.601    0.0116506
6.602    0.0116458
6.603    0.0116409
6.604    0.0116361
6.605    0.0116313
6.606    0.0116265
6.607    0.0116217
6.608    0.0116168
6.609    0.011612
6.61    0.0116072
6.611    0.0116024
6.612    0.0115976
6.613    0.0115929
6.614    0.0115881
6.615    0.0115833
6.616    0.0115785
6.617    0.0115737
6.618    0.011569
6.619    0.0115642
6.62    0.0115594
6.621    0.0115547
6.622    0.0115499
6.623    0.0115452
6.624    0.0115404
6.625    0.0115357
6.626    0.0115309
6.627    0.0115262
6.628    0.0115215
6.629    0.0115167
6.63    0.011512
6.631    0.0115073
6.632    0.0115025
6.633    0.0114978
6.634    0.0114931
6.635    0.0114884
6.636    0.0114837
6.637    0.011479
6.638    0.0114743
6.639    0.0114696
6.64    0.0114649
6.641    0.0114602
6.642    0.0114555
6.643    0.0114509
6.644    0.0114462
6.645    0.0114415
6.646    0.0114368
6.647    0.0114322
6.648    0.0114275
6.649    0.0114228
6.65    0.0114182
6.651    0.0114135
6.652    0.0114089
6.653    0.0114042
6.654    0.0113996
6.655    0.011395
6.656    0.0113903
6.657    0.0113857
6.658    0.0113811
6.659    0.0113764
6.66    0.0113718
6.661    0.0113672
6.662    0.0113626
6.663    0.011358
6.664    0.0113534
6.665    0.0113488
6.666    0.0113442
6.667    0.0113396
6.668    0.011335
6.669    0.0113304
6.67    0.0113258
6.671    0.0113212
6.672    0.0113166
6.673    0.0113121
6.674    0.0113075
6.675    0.0113029
6.676    0.0112984
6.677    0.0112938
6.678    0.0112892
6.679    0.0112847
6.68    0.0112801
6.681    0.0112756
6.682    0.011271
6.683    0.0112665
6.684    0.0112619
6.685    0.0112574
6.686    0.0112529
6.687    0.0112484
6.688    0.0112438
6.689    0.0112393
6.69    0.0112348
6.691    0.0112303
6.692    0.0112258
6.693    0.0112212
6.694    0.0112167
6.695    0.0112122
6.696    0.0112077
6.697    0.0112032
6.698    0.0111988
6.699    0.0111943
6.7    0.0111898
6.701    0.0111853
6.702    0.0111808
6.703    0.0111763
6.704    0.0111719
6.705    0.0111674
6.706    0.0111629
6.707    0.0111585
6.708    0.011154
6.709    0.0111496
6.71    0.0111451
6.711    0.0111407
6.712    0.0111362
6.713    0.0111318
6.714    0.0111273
6.715    0.0111229
6.716    0.0111185
6.717    0.011114
6.718    0.0111096
6.719    0.0111052
6.72    0.0111008
6.721    0.0110964
6.722    0.0110919
6.723    0.0110875
6.724    0.0110831
6.725    0.0110787
6.726    0.0110743
6.727    0.0110699
6.728    0.0110655
6.729    0.0110611
6.73    0.0110568
6.731    0.0110524
6.732    0.011048
6.733    0.0110436
6.734    0.0110392
6.735    0.0110349
6.736    0.0110305
6.737    0.0110261
6.738    0.0110218
6.739    0.0110174
6.74    0.0110131
6.741    0.0110087
6.742    0.0110044
6.743    0.011
6.744    0.0109957
6.745    0.0109913
6.746    0.010987
6.747    0.0109827
6.748    0.0109783
6.749    0.010974
6.75    0.0109697
6.751    0.0109654
6.752    0.0109611
6.753    0.0109567
6.754    0.0109524
6.755    0.0109481
6.756    0.0109438
6.757    0.0109395
6.758    0.0109352
6.759    0.0109309
6.76    0.0109266
6.761    0.0109223
6.762    0.010918
6.763    0.0109138
6.764    0.0109095
6.765    0.0109052
6.766    0.0109009
6.767    0.0108967
6.768    0.0108924
6.769    0.0108881
6.77    0.0108839
6.771    0.0108796
6.772    0.0108754
6.773    0.0108711
6.774    0.0108669
6.775    0.0108626
6.776    0.0108584
6.777    0.0108541
6.778    0.0108499
6.779    0.0108457
6.78    0.0108414
6.781    0.0108372
6.782    0.010833
6.783    0.0108288
6.784    0.0108245
6.785    0.0108203
6.786    0.0108161
6.787    0.0108119
6.788    0.0108077
6.789    0.0108035
6.79    0.0107993
6.791    0.0107951
6.792    0.0107909
6.793    0.0107867
6.794    0.0107825
6.795    0.0107783
6.796    0.0107741
6.797    0.01077
6.798    0.0107658
6.799    0.0107616
6.8    0.0107574
6.801    0.0107533
6.802    0.0107491
6.803    0.0107449
6.804    0.0107408
6.805    0.0107366
6.806    0.0107325
6.807    0.0107283
6.808    0.0107242
6.809    0.01072
6.81    0.0107159
6.811    0.0107118
6.812    0.0107076
6.813    0.0107035
6.814    0.0106994
6.815    0.0106952
6.816    0.0106911
6.817    0.010687
6.818    0.0106829
6.819    0.0106788
6.82    0.0106746
6.821    0.0106705
6.822    0.0106664
6.823    0.0106623
6.824    0.0106582
6.825    0.0106541
6.826    0.01065
6.827    0.0106459
6.828    0.0106419
6.829    0.0106378
6.83    0.0106337
6.831    0.0106296
6.832    0.0106255
6.833    0.0106214
6.834    0.0106174
6.835    0.0106133
6.836    0.0106092
6.837    0.0106052
6.838    0.0106011
6.839    0.0105971
6.84    0.010593
6.841    0.010589
6.842    0.0105849
6.843    0.0105809
6.844    0.0105768
6.845    0.0105728
6.846    0.0105687
6.847    0.0105647
6.848    0.0105607
6.849    0.0105566
6.85    0.0105526
6.851    0.0105486
6.852    0.0105446
6.853    0.0105406
6.854    0.0105365
6.855    0.0105325
6.856    0.0105285
6.857    0.0105245
6.858    0.0105205
6.859    0.0105165
6.86    0.0105125
6.861    0.0105085
6.862    0.0105045
6.863    0.0105005
6.864    0.0104965
6.865    0.0104926
6.866    0.0104886
6.867    0.0104846
6.868    0.0104806
6.869    0.0104766
6.87    0.0104727
6.871    0.0104687
6.872    0.0104647
6.873    0.0104608
6.874    0.0104568
6.875    0.0104529
6.876    0.0104489
6.877    0.010445
6.878    0.010441
6.879    0.0104371
6.88    0.0104331
6.881    0.0104292
6.882    0.0104252
6.883    0.0104213
6.884    0.0104174
6.885    0.0104134
6.886    0.0104095
6.887    0.0104056
6.888    0.0104017
6.889    0.0103977
6.89    0.0103938
6.891    0.0103899
6.892    0.010386
6.893    0.0103821
6.894    0.0103782
6.895    0.0103743
6.896    0.0103704
6.897    0.0103665
6.898    0.0103626
6.899    0.0103587
6.9    0.0103548
6.901    0.0103509
6.902    0.010347
6.903    0.0103432
6.904    0.0103393
6.905    0.0103354
6.906    0.0103315
6.907    0.0103277
6.908    0.0103238
6.909    0.0103199
6.91    0.0103161
6.911    0.0103122
6.912    0.0103083
6.913    0.0103045
6.914    0.0103006
6.915    0.0102968
6.916    0.0102929
6.917    0.0102891
6.918    0.0102852
6.919    0.0102814
6.92    0.0102776
6.921    0.0102737
6.922    0.0102699
6.923    0.0102661
6.924    0.0102622
6.925    0.0102584
6.926    0.0102546
6.927    0.0102508
6.928    0.010247
6.929    0.0102432
6.93    0.0102393
6.931    0.0102355
6.932    0.0102317
6.933    0.0102279
6.934    0.0102241
6.935    0.0102203
6.936    0.0102165
6.937    0.0102127
6.938    0.0102089
6.939    0.0102052
6.94    0.0102014
6.941    0.0101976
6.942    0.0101938
6.943    0.01019
6.944    0.0101863
6.945    0.0101825
6.946    0.0101787
6.947    0.0101749
6.948    0.0101712
6.949    0.0101674
6.95    0.0101637
6.951    0.0101599
6.952    0.0101561
6.953    0.0101524
6.954    0.0101486
6.955    0.0101449
6.956    0.0101411
6.957    0.0101374
6.958    0.0101337
6.959    0.0101299
6.96    0.0101262
6.961    0.0101225
6.962    0.0101187
6.963    0.010115
6.964    0.0101113
6.965    0.0101076
6.966    0.0101038
6.967    0.0101001
6.968    0.0100964
6.969    0.0100927
6.97    0.010089
6.971    0.0100853
6.972    0.0100816
6.973    0.0100779
6.974    0.0100742
6.975    0.0100705
6.976    0.0100668
6.977    0.0100631
6.978    0.0100594
6.979    0.0100557
6.98    0.010052
6.981    0.0100483
6.982    0.0100447
6.983    0.010041
6.984    0.0100373
6.985    0.0100336
6.986    0.01003
6.987    0.0100263
6.988    0.0100226
6.989    0.010019
6.99    0.0100153
6.991    0.0100116
6.992    0.010008
6.993    0.0100043
6.994    0.0100007
6.995    0.00999703
6.996    0.00999338
6.997    0.00998973
6.998    0.00998609
6.999    0.00998245
7    0.00997882
7.001    0.00997518
7.002    0.00997155
7.003    0.00996792
7.004    0.00996429
7.005    0.00996067
7.006    0.00995704
7.007    0.00995342
7.008    0.00994981
7.009    0.00994619
7.01    0.00994258
7.011    0.00993897
7.012    0.00993536
7.013    0.00993175
7.014    0.00992815
7.015    0.00992455
7.016    0.00992095
7.017    0.00991735
7.018    0.00991376
7.019    0.00991017
7.02    0.00990658
7.021    0.00990299
7.022    0.0098994
7.023    0.00989582
7.024    0.00989224
7.025    0.00988866
7.026    0.00988509
7.027    0.00988151
7.028    0.00987794
7.029    0.00987438
7.03    0.00987081
7.031    0.00986725
7.032    0.00986368
7.033    0.00986012
7.034    0.00985657
7.035    0.00985301
7.036    0.00984946
7.037    0.00984591
7.038    0.00984236
7.039    0.00983882
7.04    0.00983527
7.041    0.00983173
7.042    0.0098282
7.043    0.00982466
7.044    0.00982113
7.045    0.00981759
7.046    0.00981406
7.047    0.00981054
7.048    0.00980701
7.049    0.00980349
7.05    0.00979997
7.051    0.00979645
7.052    0.00979294
7.053    0.00978942
7.054    0.00978591
7.055    0.0097824
7.056    0.0097789
7.057    0.00977539
7.058    0.00977189
7.059    0.00976839
7.06    0.00976489
7.061    0.0097614
7.062    0.00975791
7.063    0.00975441
7.064    0.00975093
7.065    0.00974744
7.066    0.00974396
7.067    0.00974047
7.068    0.009737
7.069    0.00973352
7.07    0.00973004
7.071    0.00972657
7.072    0.0097231
7.073    0.00971963
7.074    0.00971617
7.075    0.0097127
7.076    0.00970924
7.077    0.00970578
7.078    0.00970232
7.079    0.00969887
7.08    0.00969542
7.081    0.00969196
7.082    0.00968852
7.083    0.00968507
7.084    0.00968163
7.085    0.00967818
7.086    0.00967475
7.087    0.00967131
7.088    0.00966787
7.089    0.00966444
7.09    0.00966101
7.091    0.00965758
7.092    0.00965415
7.093    0.00965073
7.094    0.00964731
7.095    0.00964389
7.096    0.00964047
7.097    0.00963705
7.098    0.00963364
7.099    0.00963023
7.1    0.00962682
7.101    0.00962341
7.102    0.00962001
7.103    0.00961661
7.104    0.00961321
7.105    0.00960981
7.106    0.00960641
7.107    0.00960302
7.108    0.00959963
7.109    0.00959624
7.11    0.00959285
7.111    0.00958947
7.112    0.00958608
7.113    0.0095827
7.114    0.00957932
7.115    0.00957595
7.116    0.00957257
7.117    0.0095692
7.118    0.00956583
7.119    0.00956246
7.12    0.00955909
7.121    0.00955573
7.122    0.00955237
7.123    0.00954901
7.124    0.00954565
7.125    0.0095423
7.126    0.00953894
7.127    0.00953559
7.128    0.00953224
7.129    0.0095289
7.13    0.00952555
7.131    0.00952221
7.132    0.00951887
7.133    0.00951553
7.134    0.00951219
7.135    0.00950886
7.136    0.00950553
7.137    0.0095022
7.138    0.00949887
7.139    0.00949554
7.14    0.00949222
7.141    0.0094889
7.142    0.00948558
7.143    0.00948226
7.144    0.00947894
7.145    0.00947563
7.146    0.00947232
7.147    0.00946901
7.148    0.0094657
7.149    0.0094624
7.15    0.00945909
7.151    0.00945579
7.152    0.00945249
7.153    0.0094492
7.154    0.0094459
7.155    0.00944261
7.156    0.00943932
7.157    0.00943603
7.158    0.00943274
7.159    0.00942946
7.16    0.00942618
7.161    0.0094229
7.162    0.00941962
7.163    0.00941634
7.164    0.00941307
7.165    0.00940979
7.166    0.00940652
7.167    0.00940325
7.168    0.00939999
7.169    0.00939672
7.17    0.00939346
7.171    0.0093902
7.172    0.00938694
7.173    0.00938369
7.174    0.00938043
7.175    0.00937718
7.176    0.00937393
7.177    0.00937068
7.178    0.00936744
7.179    0.00936419
7.18    0.00936095
7.181    0.00935771
7.182    0.00935447
7.183    0.00935124
7.184    0.009348
7.185    0.00934477
7.186    0.00934154
7.187    0.00933831
7.188    0.00933509
7.189    0.00933186
7.19    0.00932864
7.191    0.00932542
7.192    0.0093222
7.193    0.00931899
7.194    0.00931577
7.195    0.00931256
7.196    0.00930935
7.197    0.00930614
7.198    0.00930294
7.199    0.00929973
7.2    0.00929653
7.201    0.00929333
7.202    0.00929013
7.203    0.00928693
7.204    0.00928374
7.205    0.00928055
7.206    0.00927736
7.207    0.00927417
7.208    0.00927098
7.209    0.0092678
7.21    0.00926461
7.211    0.00926143
7.212    0.00925825
7.213    0.00925508
7.214    0.0092519
7.215    0.00924873
7.216    0.00924556
7.217    0.00924239
7.218    0.00923922
7.219    0.00923606
7.22    0.00923289
7.221    0.00922973
7.222    0.00922657
7.223    0.00922342
7.224    0.00922026
7.225    0.00921711
7.226    0.00921396
7.227    0.00921081
7.228    0.00920766
7.229    0.00920451
7.23    0.00920137
7.231    0.00919823
7.232    0.00919509
7.233    0.00919195
7.234    0.00918881
7.235    0.00918568
7.236    0.00918254
7.237    0.00917941
7.238    0.00917628
7.239    0.00917316
7.24    0.00917003
7.241    0.00916691
7.242    0.00916379
7.243    0.00916067
7.244    0.00915755
7.245    0.00915444
7.246    0.00915132
7.247    0.00914821
7.248    0.0091451
7.249    0.00914199
7.25    0.00913889
7.251    0.00913578
7.252    0.00913268
7.253    0.00912958
7.254    0.00912648
7.255    0.00912338
7.256    0.00912029
7.257    0.0091172
7.258    0.0091141
7.259    0.00911102
7.26    0.00910793
7.261    0.00910484
7.262    0.00910176
7.263    0.00909868
7.264    0.0090956
7.265    0.00909252
7.266    0.00908944
7.267    0.00908637
7.268    0.0090833
7.269    0.00908023
7.27    0.00907716
7.271    0.00907409
7.272    0.00907102
7.273    0.00906796
7.274    0.0090649
7.275    0.00906184
7.276    0.00905878
7.277    0.00905573
7.278    0.00905267
7.279    0.00904962
7.28    0.00904657
7.281    0.00904352
7.282    0.00904047
7.283    0.00903743
7.284    0.00903438
7.285    0.00903134
7.286    0.0090283
7.287    0.00902527
7.288    0.00902223
7.289    0.0090192
7.29    0.00901616
7.291    0.00901313
7.292    0.0090101
7.293    0.00900708
7.294    0.00900405
7.295    0.00900103
7.296    0.00899801
7.297    0.00899499
7.298    0.00899197
7.299    0.00898895
7.3    0.00898594
7.301    0.00898293
7.302    0.00897992
7.303    0.00897691
7.304    0.0089739
7.305    0.00897089
7.306    0.00896789
7.307    0.00896489
7.308    0.00896189
7.309    0.00895889
7.31    0.00895589
7.311    0.0089529
7.312    0.00894991
7.313    0.00894692
7.314    0.00894393
7.315    0.00894094
7.316    0.00893795
7.317    0.00893497
7.318    0.00893199
7.319    0.00892901
7.32    0.00892603
7.321    0.00892305
7.322    0.00892008
7.323    0.0089171
7.324    0.00891413
7.325    0.00891116
7.326    0.00890819
7.327    0.00890523
7.328    0.00890226
7.329    0.0088993
7.33    0.00889634
7.331    0.00889338
7.332    0.00889042
7.333    0.00888746
7.334    0.00888451
7.335    0.00888156
7.336    0.00887861
7.337    0.00887566
7.338    0.00887271
7.339    0.00886976
7.34    0.00886682
7.341    0.00886388
7.342    0.00886094
7.343    0.008858
7.344    0.00885506
7.345    0.00885213
7.346    0.00884919
7.347    0.00884626
7.348    0.00884333
7.349    0.0088404
7.35    0.00883748
7.351    0.00883455
7.352    0.00883163
7.353    0.00882871
7.354    0.00882579
7.355    0.00882287
7.356    0.00881995
7.357    0.00881704
7.358    0.00881413
7.359    0.00881121
7.36    0.0088083
7.361    0.0088054
7.362    0.00880249
7.363    0.00879959
7.364    0.00879668
7.365    0.00879378
7.366    0.00879088
7.367    0.00878799
7.368    0.00878509
7.369    0.00878219
7.37    0.0087793
7.371    0.00877641
7.372    0.00877352
7.373    0.00877063
7.374    0.00876775
7.375    0.00876486
7.376    0.00876198
7.377    0.0087591
7.378    0.00875622
7.379    0.00875334
7.38    0.00875047
7.381    0.00874759
7.382    0.00874472
7.383    0.00874185
7.384    0.00873898
7.385    0.00873611
7.386    0.00873325
7.387    0.00873038
7.388    0.00872752
7.389    0.00872466
7.39    0.0087218
7.391    0.00871894
7.392    0.00871609
7.393    0.00871323
7.394    0.00871038
7.395    0.00870753
7.396    0.00870468
7.397    0.00870183
7.398    0.00869899
7.399    0.00869614
7.4    0.0086933
7.401    0.00869046
7.402    0.00868762
7.403    0.00868478
7.404    0.00868194
7.405    0.00867911
7.406    0.00867628
7.407    0.00867345
7.408    0.00867062
7.409    0.00866779
7.41    0.00866496
7.411    0.00866214
7.412    0.00865931
7.413    0.00865649
7.414    0.00865367
7.415    0.00865085
7.416    0.00864804
7.417    0.00864522
7.418    0.00864241
7.419    0.0086396
7.42    0.00863679
7.421    0.00863398
7.422    0.00863117
7.423    0.00862836
7.424    0.00862556
7.425    0.00862276
7.426    0.00861996
7.427    0.00861716
7.428    0.00861436
7.429    0.00861157
7.43    0.00860877
7.431    0.00860598
7.432    0.00860319
7.433    0.0086004
7.434    0.00859761
7.435    0.00859482
7.436    0.00859204
7.437    0.00858926
7.438    0.00858648
7.439    0.0085837
7.44    0.00858092
7.441    0.00857814
7.442    0.00857537
7.443    0.00857259
7.444    0.00856982
7.445    0.00856705
7.446    0.00856428
7.447    0.00856151
7.448    0.00855875
7.449    0.00855598
7.45    0.00855322
7.451    0.00855046
7.452    0.0085477
7.453    0.00854494
7.454    0.00854219
7.455    0.00853943
7.456    0.00853668
7.457    0.00853393
7.458    0.00853118
7.459    0.00852843
7.46    0.00852568
7.461    0.00852294
7.462    0.00852019
7.463    0.00851745
7.464    0.00851471
7.465    0.00851197
7.466    0.00850923
7.467    0.0085065
7.468    0.00850376
7.469    0.00850103
7.47    0.0084983
7.471    0.00849557
7.472    0.00849284
7.473    0.00849011
7.474    0.00848739
7.475    0.00848466
7.476    0.00848194
7.477    0.00847922
7.478    0.0084765
7.479    0.00847378
7.48    0.00847107
7.481    0.00846835
7.482    0.00846564
7.483    0.00846293
7.484    0.00846022
7.485    0.00845751
7.486    0.0084548
7.487    0.0084521
7.488    0.00844939
7.489    0.00844669
7.49    0.00844399
7.491    0.00844129
7.492    0.00843859
7.493    0.0084359
7.494    0.0084332
7.495    0.00843051
7.496    0.00842782
7.497    0.00842513
7.498    0.00842244
7.499    0.00841975
7.5    0.00841706
7.501    0.00841438
7.502    0.0084117
7.503    0.00840902
7.504    0.00840634
7.505    0.00840366
7.506    0.00840098
7.507    0.00839831
7.508    0.00839563
7.509    0.00839296
7.51    0.00839029
7.511    0.00838762
7.512    0.00838495
7.513    0.00838229
7.514    0.00837962
7.515    0.00837696
7.516    0.0083743
7.517    0.00837164
7.518    0.00836898
7.519    0.00836632
7.52    0.00836366
7.521    0.00836101
7.522    0.00835836
7.523    0.0083557
7.524    0.00835305
7.525    0.00835041
7.526    0.00834776
7.527    0.00834511
7.528    0.00834247
7.529    0.00833983
7.53    0.00833718
7.531    0.00833455
7.532    0.00833191
7.533    0.00832927
7.534    0.00832663
7.535    0.008324
7.536    0.00832137
7.537    0.00831874
7.538    0.00831611
7.539    0.00831348
7.54    0.00831085
7.541    0.00830823
7.542    0.0083056
7.543    0.00830298
7.544    0.00830036
7.545    0.00829774
7.546    0.00829512
7.547    0.00829251
7.548    0.00828989
7.549    0.00828728
7.55    0.00828467
7.551    0.00828206
7.552    0.00827945
7.553    0.00827684
7.554    0.00827423
7.555    0.00827163
7.556    0.00826902
7.557    0.00826642
7.558    0.00826382
7.559    0.00826122
7.56    0.00825862
7.561    0.00825603
7.562    0.00825343
7.563    0.00825084
7.564    0.00824825
7.565    0.00824566
7.566    0.00824307
7.567    0.00824048
7.568    0.00823789
7.569    0.00823531
7.57    0.00823272
7.571    0.00823014
7.572    0.00822756
7.573    0.00822498
7.574    0.0082224
7.575    0.00821983
7.576    0.00821725
7.577    0.00821468
7.578    0.00821211
7.579    0.00820954
7.58    0.00820697
7.581    0.0082044
7.582    0.00820183
7.583    0.00819927
7.584    0.0081967
7.585    0.00819414
7.586    0.00819158
7.587    0.00818902
7.588    0.00818646
7.589    0.0081839
7.59    0.00818135
7.591    0.00817879
7.592    0.00817624
7.593    0.00817369
7.594    0.00817114
7.595    0.00816859
7.596    0.00816604
7.597    0.0081635
7.598    0.00816095
7.599    0.00815841
7.6    0.00815587
7.601    0.00815333
7.602    0.00815079
7.603    0.00814825
7.604    0.00814572
7.605    0.00814318
7.606    0.00814065
7.607    0.00813812
7.608    0.00813559
7.609    0.00813306
7.61    0.00813053
7.611    0.008128
7.612    0.00812548
7.613    0.00812295
7.614    0.00812043
7.615    0.00811791
7.616    0.00811539
7.617    0.00811287
7.618    0.00811036
7.619    0.00810784
7.62    0.00810533
7.621    0.00810281
7.622    0.0081003
7.623    0.00809779
7.624    0.00809528
7.625    0.00809278
7.626    0.00809027
7.627    0.00808776
7.628    0.00808526
7.629    0.00808276
7.63    0.00808026
7.631    0.00807776
7.632    0.00807526
7.633    0.00807276
7.634    0.00807027
7.635    0.00806778
7.636    0.00806528
7.637    0.00806279
7.638    0.0080603
7.639    0.00805781
7.64    0.00805533
7.641    0.00805284
7.642    0.00805036
7.643    0.00804787
7.644    0.00804539
7.645    0.00804291
7.646    0.00804043
7.647    0.00803795
7.648    0.00803548
7.649    0.008033
7.65    0.00803053
7.651    0.00802805
7.652    0.00802558
7.653    0.00802311
7.654    0.00802064
7.655    0.00801818
7.656    0.00801571
7.657    0.00801325
7.658    0.00801078
7.659    0.00800832
7.66    0.00800586
7.661    0.0080034
7.662    0.00800094
7.663    0.00799849
7.664    0.00799603
7.665    0.00799358
7.666    0.00799112
7.667    0.00798867
7.668    0.00798622
7.669    0.00798377
7.67    0.00798133
7.671    0.00797888
7.672    0.00797643
7.673    0.00797399
7.674    0.00797155
7.675    0.00796911
7.676    0.00796667
7.677    0.00796423
7.678    0.00796179
7.679    0.00795936
7.68    0.00795692
7.681    0.00795449
7.682    0.00795206
7.683    0.00794963
7.684    0.0079472
7.685    0.00794477
7.686    0.00794234
7.687    0.00793992
7.688    0.00793749
7.689    0.00793507
7.69    0.00793265
7.691    0.00793023
7.692    0.00792781
7.693    0.00792539
7.694    0.00792297
7.695    0.00792056
7.696    0.00791814
7.697    0.00791573
7.698    0.00791332
7.699    0.00791091
7.7    0.0079085
7.701    0.00790609
7.702    0.00790369
7.703    0.00790128
7.704    0.00789888
7.705    0.00789647
7.706    0.00789407
7.707    0.00789167
7.708    0.00788927
7.709    0.00788688
7.71    0.00788448
7.711    0.00788209
7.712    0.00787969
7.713    0.0078773
7.714    0.00787491
7.715    0.00787252
7.716    0.00787013
7.717    0.00786774
7.718    0.00786536
7.719    0.00786297
7.72    0.00786059
7.721    0.00785821
7.722    0.00785582
7.723    0.00785345
7.724    0.00785107
7.725    0.00784869
7.726    0.00784631
7.727    0.00784394
7.728    0.00784156
7.729    0.00783919
7.73    0.00783682
7.731    0.00783445
7.732    0.00783208
7.733    0.00782971
7.734    0.00782735
7.735    0.00782498
7.736    0.00782262
7.737    0.00782026
7.738    0.0078179
7.739    0.00781554
7.74    0.00781318
7.741    0.00781082
7.742    0.00780846
7.743    0.00780611
7.744    0.00780375
7.745    0.0078014
7.746    0.00779905
7.747    0.0077967
7.748    0.00779435
7.749    0.007792
7.75    0.00778966
7.751    0.00778731
7.752    0.00778497
7.753    0.00778263
7.754    0.00778028
7.755    0.00777794
7.756    0.0077756
7.757    0.00777327
7.758    0.00777093
7.759    0.00776859
7.76    0.00776626
7.761    0.00776393
7.762    0.0077616
7.763    0.00775926
7.764    0.00775694
7.765    0.00775461
7.766    0.00775228
7.767    0.00774995
7.768    0.00774763
7.769    0.00774531
7.77    0.00774298
7.771    0.00774066
7.772    0.00773834
7.773    0.00773602
7.774    0.00773371
7.775    0.00773139
7.776    0.00772908
7.777    0.00772676
7.778    0.00772445
7.779    0.00772214
7.78    0.00771983
7.781    0.00771752
7.782    0.00771521
7.783    0.00771291
7.784    0.0077106
7.785    0.0077083
7.786    0.00770599
7.787    0.00770369
7.788    0.00770139
7.789    0.00769909
7.79    0.00769679
7.791    0.0076945
7.792    0.0076922
7.793    0.0076899
7.794    0.00768761
7.795    0.00768532
7.796    0.00768303
7.797    0.00768074
7.798    0.00767845
7.799    0.00767616
7.8    0.00767388
7.801    0.00767159
7.802    0.00766931
7.803    0.00766702
7.804    0.00766474
7.805    0.00766246
7.806    0.00766018
7.807    0.0076579
7.808    0.00765563
7.809    0.00765335
7.81    0.00765108
7.811    0.0076488
7.812    0.00764653
7.813    0.00764426
7.814    0.00764199
7.815    0.00763972
7.816    0.00763745
7.817    0.00763518
7.818    0.00763292
7.819    0.00763066
7.82    0.00762839
7.821    0.00762613
7.822    0.00762387
7.823    0.00762161
7.824    0.00761935
7.825    0.00761709
7.826    0.00761484
7.827    0.00761258
7.828    0.00761033
7.829    0.00760808
7.83    0.00760583
7.831    0.00760357
7.832    0.00760133
7.833    0.00759908
7.834    0.00759683
7.835    0.00759458
7.836    0.00759234
7.837    0.0075901
7.838    0.00758785
7.839    0.00758561
7.84    0.00758337
7.841    0.00758113
7.842    0.0075789
7.843    0.00757666
7.844    0.00757442
7.845    0.00757219
7.846    0.00756996
7.847    0.00756772
7.848    0.00756549
7.849    0.00756326
7.85    0.00756103
7.851    0.00755881
7.852    0.00755658
7.853    0.00755436
7.854    0.00755213
7.855    0.00754991
7.856    0.00754769
7.857    0.00754547
7.858    0.00754325
7.859    0.00754103
7.86    0.00753881
7.861    0.00753659
7.862    0.00753438
7.863    0.00753216
7.864    0.00752995
7.865    0.00752774
7.866    0.00752553
7.867    0.00752332
7.868    0.00752111
7.869    0.0075189
7.87    0.0075167
7.871    0.00751449
7.872    0.00751229
7.873    0.00751009
7.874    0.00750788
7.875    0.00750568
7.876    0.00750348
7.877    0.00750128
7.878    0.00749909
7.879    0.00749689
7.88    0.0074947
7.881    0.0074925
7.882    0.00749031
7.883    0.00748812
7.884    0.00748593
7.885    0.00748374
7.886    0.00748155
7.887    0.00747936
7.888    0.00747717
7.889    0.00747499
7.89    0.00747281
7.891    0.00747062
7.892    0.00746844
7.893    0.00746626
7.894    0.00746408
7.895    0.0074619
7.896    0.00745972
7.897    0.00745755
7.898    0.00745537
7.899    0.0074532
7.9    0.00745103
7.901    0.00744885
7.902    0.00744668
7.903    0.00744451
7.904    0.00744234
7.905    0.00744018
7.906    0.00743801
7.907    0.00743584
7.908    0.00743368
7.909    0.00743152
7.91    0.00742935
7.911    0.00742719
7.912    0.00742503
7.913    0.00742287
7.914    0.00742072
7.915    0.00741856
7.916    0.0074164
7.917    0.00741425
7.918    0.00741209
7.919    0.00740994
7.92    0.00740779
7.921    0.00740564
7.922    0.00740349
7.923    0.00740134
7.924    0.00739919
7.925    0.00739705
7.926    0.0073949
7.927    0.00739276
7.928    0.00739062
7.929    0.00738847
7.93    0.00738633
7.931    0.00738419
7.932    0.00738206
7.933    0.00737992
7.934    0.00737778
7.935    0.00737565
7.936    0.00737351
7.937    0.00737138
7.938    0.00736925
7.939    0.00736711
7.94    0.00736498
7.941    0.00736286
7.942    0.00736073
7.943    0.0073586
7.944    0.00735647
7.945    0.00735435
7.946    0.00735223
7.947    0.0073501
7.948    0.00734798
7.949    0.00734586
7.95    0.00734374
7.951    0.00734162
7.952    0.0073395
7.953    0.00733739
7.954    0.00733527
7.955    0.00733316
7.956    0.00733104
7.957    0.00732893
7.958    0.00732682
7.959    0.00732471
7.96    0.0073226
7.961    0.00732049
7.962    0.00731839
7.963    0.00731628
7.964    0.00731418
7.965    0.00731207
7.966    0.00730997
7.967    0.00730787
7.968    0.00730577
7.969    0.00730367
7.97    0.00730157
7.971    0.00729947
7.972    0.00729737
7.973    0.00729528
7.974    0.00729318
7.975    0.00729109
7.976    0.007289
7.977    0.0072869
7.978    0.00728481
7.979    0.00728272
7.98    0.00728064
7.981    0.00727855
7.982    0.00727646
7.983    0.00727438
7.984    0.00727229
7.985    0.00727021
7.986    0.00726813
7.987    0.00726604
7.988    0.00726396
7.989    0.00726189
7.99    0.00725981
7.991    0.00725773
7.992    0.00725565
7.993    0.00725358
7.994    0.0072515
7.995    0.00724943
7.996    0.00724736
7.997    0.00724529
7.998    0.00724322
7.999    0.00724115
8    0.00723908
8.001    0.00723701
8.002    0.00723495
8.003    0.00723288
8.004    0.00723082
8.005    0.00722875
8.006    0.00722669
8.007    0.00722463
8.008    0.00722257
8.009    0.00722051
8.01    0.00721845
8.011    0.0072164
8.012    0.00721434
8.013    0.00721229
8.014    0.00721023
8.015    0.00720818
8.016    0.00720613
8.017    0.00720408
8.018    0.00720203
8.019    0.00719998
8.02    0.00719793
8.021    0.00719588
8.022    0.00719384
8.023    0.00719179
8.024    0.00718975
8.025    0.0071877
8.026    0.00718566
8.027    0.00718362
8.028    0.00718158
8.029    0.00717954
8.03    0.0071775
8.031    0.00717547
8.032    0.00717343
8.033    0.0071714
8.034    0.00716936
8.035    0.00716733
8.036    0.0071653
8.037    0.00716327
8.038    0.00716123
8.039    0.00715921
8.04    0.00715718
8.041    0.00715515
8.042    0.00715312
8.043    0.0071511
8.044    0.00714907
8.045    0.00714705
8.046    0.00714503
8.047    0.00714301
8.048    0.00714099
8.049    0.00713897
8.05    0.00713695
8.051    0.00713493
8.052    0.00713292
8.053    0.0071309
8.054    0.00712889
8.055    0.00712687
8.056    0.00712486
8.057    0.00712285
8.058    0.00712084
8.059    0.00711883
8.06    0.00711682
8.061    0.00711481
8.062    0.0071128
8.063    0.0071108
8.064    0.00710879
8.065    0.00710679
8.066    0.00710479
8.067    0.00710278
8.068    0.00710078
8.069    0.00709878
8.07    0.00709678
8.071    0.00709479
8.072    0.00709279
8.073    0.00709079
8.074    0.0070888
8.075    0.0070868
8.076    0.00708481
8.077    0.00708282
8.078    0.00708083
8.079    0.00707884
8.08    0.00707685
8.081    0.00707486
8.082    0.00707287
8.083    0.00707088
8.084    0.0070689
8.085    0.00706691
8.086    0.00706493
8.087    0.00706295
8.088    0.00706097
8.089    0.00705898
8.09    0.007057
8.091    0.00705503
8.092    0.00705305
8.093    0.00705107
8.094    0.00704909
8.095    0.00704712
8.096    0.00704514
8.097    0.00704317
8.098    0.0070412
8.099    0.00703923
8.1    0.00703726
8.101    0.00703529
8.102    0.00703332
8.103    0.00703135
8.104    0.00702938
8.105    0.00702742
8.106    0.00702545
8.107    0.00702349
8.108    0.00702153
8.109    0.00701956
8.11    0.0070176
8.111    0.00701564
8.112    0.00701368
8.113    0.00701173
8.114    0.00700977
8.115    0.00700781
8.116    0.00700586
8.117    0.0070039
8.118    0.00700195
8.119    0.00699999
8.12    0.00699804
8.121    0.00699609
8.122    0.00699414
8.123    0.00699219
8.124    0.00699025
8.125    0.0069883
8.126    0.00698635
8.127    0.00698441
8.128    0.00698246
8.129    0.00698052
8.13    0.00697858
8.131    0.00697663
8.132    0.00697469
8.133    0.00697275
8.134    0.00697081
8.135    0.00696888
8.136    0.00696694
8.137    0.006965
8.138    0.00696307
8.139    0.00696113
8.14    0.0069592
8.141    0.00695727
8.142    0.00695534
8.143    0.00695341
8.144    0.00695148
8.145    0.00694955
8.146    0.00694762
8.147    0.00694569
8.148    0.00694377
8.149    0.00694184
8.15    0.00693992
8.151    0.00693799
8.152    0.00693607
8.153    0.00693415
8.154    0.00693223
8.155    0.00693031
8.156    0.00692839
8.157    0.00692647
8.158    0.00692455
8.159    0.00692264
8.16    0.00692072
8.161    0.00691881
8.162    0.0069169
8.163    0.00691498
8.164    0.00691307
8.165    0.00691116
8.166    0.00690925
8.167    0.00690734
8.168    0.00690543
8.169    0.00690353
8.17    0.00690162
8.171    0.00689972
8.172    0.00689781
8.173    0.00689591
8.174    0.006894
8.175    0.0068921
8.176    0.0068902
8.177    0.0068883
8.178    0.0068864
8.179    0.0068845
8.18    0.00688261
8.181    0.00688071
8.182    0.00687882
8.183    0.00687692
8.184    0.00687503
8.185    0.00687313
8.186    0.00687124
8.187    0.00686935
8.188    0.00686746
8.189    0.00686557
8.19    0.00686368
8.191    0.0068618
8.192    0.00685991
8.193    0.00685802
8.194    0.00685614
8.195    0.00685425
8.196    0.00685237
8.197    0.00685049
8.198    0.00684861
8.199    0.00684673
8.2    0.00684485
8.201    0.00684297
8.202    0.00684109
8.203    0.00683921
8.204    0.00683734
8.205    0.00683546
8.206    0.00683359
8.207    0.00683171
8.208    0.00682984
8.209    0.00682797
8.21    0.0068261
8.211    0.00682423
8.212    0.00682236
8.213    0.00682049
8.214    0.00681862
8.215    0.00681676
8.216    0.00681489
8.217    0.00681303
8.218    0.00681116
8.219    0.0068093
8.22    0.00680744
8.221    0.00680557
8.222    0.00680371
8.223    0.00680185
8.224    0.0068
8.225    0.00679814
8.226    0.00679628
8.227    0.00679442
8.228    0.00679257
8.229    0.00679071
8.23    0.00678886
8.231    0.00678701
8.232    0.00678516
8.233    0.00678331
8.234    0.00678146
8.235    0.00677961
8.236    0.00677776
8.237    0.00677591
8.238    0.00677406
8.239    0.00677222
8.24    0.00677037
8.241    0.00676853
8.242    0.00676668
8.243    0.00676484
8.244    0.006763
8.245    0.00676116
8.246    0.00675932
8.247    0.00675748
8.248    0.00675564
8.249    0.0067538
8.25    0.00675197
8.251    0.00675013
8.252    0.0067483
8.253    0.00674646
8.254    0.00674463
8.255    0.0067428
8.256    0.00674097
8.257    0.00673914
8.258    0.00673731
8.259    0.00673548
8.26    0.00673365
8.261    0.00673182
8.262    0.00673
8.263    0.00672817
8.264    0.00672634
8.265    0.00672452
8.266    0.0067227
8.267    0.00672088
8.268    0.00671905
8.269    0.00671723
8.27    0.00671541
8.271    0.00671359
8.272    0.00671178
8.273    0.00670996
8.274    0.00670814
8.275    0.00670633
8.276    0.00670451
8.277    0.0067027
8.278    0.00670089
8.279    0.00669907
8.28    0.00669726
8.281    0.00669545
8.282    0.00669364
8.283    0.00669183
8.284    0.00669002
8.285    0.00668822
8.286    0.00668641
8.287    0.00668461
8.288    0.0066828
8.289    0.006681
8.29    0.00667919
8.291    0.00667739
8.292    0.00667559
8.293    0.00667379
8.294    0.00667199
8.295    0.00667019
8.296    0.00666839
8.297    0.00666659
8.298    0.0066648
8.299    0.006663
8.3    0.00666121
8.301    0.00665941
8.302    0.00665762
8.303    0.00665583
8.304    0.00665404
8.305    0.00665224
8.306    0.00665045
8.307    0.00664867
8.308    0.00664688
8.309    0.00664509
8.31    0.0066433
8.311    0.00664152
8.312    0.00663973
8.313    0.00663795
8.314    0.00663616
8.315    0.00663438
8.316    0.0066326
8.317    0.00663082
8.318    0.00662904
8.319    0.00662726
8.32    0.00662548
8.321    0.0066237
8.322    0.00662192
8.323    0.00662015
8.324    0.00661837
8.325    0.0066166
8.326    0.00661482
8.327    0.00661305
8.328    0.00661128
8.329    0.00660951
8.33    0.00660774
8.331    0.00660597
8.332    0.0066042
8.333    0.00660243
8.334    0.00660066
8.335    0.0065989
8.336    0.00659713
8.337    0.00659536
8.338    0.0065936
8.339    0.00659184
8.34    0.00659007
8.341    0.00658831
8.342    0.00658655
8.343    0.00658479
8.344    0.00658303
8.345    0.00658127
8.346    0.00657952
8.347    0.00657776
8.348    0.006576
8.349    0.00657425
8.35    0.00657249
8.351    0.00657074
8.352    0.00656899
8.353    0.00656723
8.354    0.00656548
8.355    0.00656373
8.356    0.00656198
8.357    0.00656023
8.358    0.00655848
8.359    0.00655674
8.36    0.00655499
8.361    0.00655324
8.362    0.0065515
8.363    0.00654975
8.364    0.00654801
8.365    0.00654627
8.366    0.00654452
8.367    0.00654278
8.368    0.00654104
8.369    0.0065393
8.37    0.00653756
8.371    0.00653583
8.372    0.00653409
8.373    0.00653235
8.374    0.00653062
8.375    0.00652888
8.376    0.00652715
8.377    0.00652541
8.378    0.00652368
8.379    0.00652195
8.38    0.00652022
8.381    0.00651849
8.382    0.00651676
8.383    0.00651503
8.384    0.0065133
8.385    0.00651157
8.386    0.00650985
8.387    0.00650812
8.388    0.0065064
8.389    0.00650467
8.39    0.00650295
8.391    0.00650122
8.392    0.0064995
8.393    0.00649778
8.394    0.00649606
8.395    0.00649434
8.396    0.00649262
8.397    0.0064909
8.398    0.00648919
8.399    0.00648747
8.4    0.00648576
8.401    0.00648404
8.402    0.00648233
8.403    0.00648061
8.404    0.0064789
8.405    0.00647719
8.406    0.00647548
8.407    0.00647377
8.408    0.00647206
8.409    0.00647035
8.41    0.00646864
8.411    0.00646693
8.412    0.00646523
8.413    0.00646352
8.414    0.00646181
8.415    0.00646011
8.416    0.00645841
8.417    0.0064567
8.418    0.006455
8.419    0.0064533
8.42    0.0064516
8.421    0.0064499
8.422    0.0064482
8.423    0.0064465
8.424    0.0064448
8.425    0.00644311
8.426    0.00644141
8.427    0.00643972
8.428    0.00643802
8.429    0.00643633
8.43    0.00643464
8.431    0.00643294
8.432    0.00643125
8.433    0.00642956
8.434    0.00642787
8.435    0.00642618
8.436    0.00642449
8.437    0.00642281
8.438    0.00642112
8.439    0.00641943
8.44    0.00641775
8.441    0.00641606
8.442    0.00641438
8.443    0.00641269
8.444    0.00641101
8.445    0.00640933
8.446    0.00640765
8.447    0.00640597
8.448    0.00640429
8.449    0.00640261
8.45    0.00640093
8.451    0.00639925
8.452    0.00639758
8.453    0.0063959
8.454    0.00639423
8.455    0.00639255
8.456    0.00639088
8.457    0.00638921
8.458    0.00638753
8.459    0.00638586
8.46    0.00638419
8.461    0.00638252
8.462    0.00638085
8.463    0.00637918
8.464    0.00637752
8.465    0.00637585
8.466    0.00637418
8.467    0.00637252
8.468    0.00637085
8.469    0.00636919
8.47    0.00636752
8.471    0.00636586
8.472    0.0063642
8.473    0.00636254
8.474    0.00636088
8.475    0.00635922
8.476    0.00635756
8.477    0.0063559
8.478    0.00635424
8.479    0.00635259
8.48    0.00635093
8.481    0.00634927
8.482    0.00634762
8.483    0.00634597
8.484    0.00634431
8.485    0.00634266
8.486    0.00634101
8.487    0.00633936
8.488    0.00633771
8.489    0.00633606
8.49    0.00633441
8.491    0.00633276
8.492    0.00633111
8.493    0.00632947
8.494    0.00632782
8.495    0.00632617
8.496    0.00632453
8.497    0.00632289
8.498    0.00632124
8.499    0.0063196
8.5    0.00631796
8.501    0.00631632
8.502    0.00631468
8.503    0.00631304
8.504    0.0063114
8.505    0.00630976
8.506    0.00630812
8.507    0.00630649
8.508    0.00630485
8.509    0.00630322
8.51    0.00630158
8.511    0.00629995
8.512    0.00629831
8.513    0.00629668
8.514    0.00629505
8.515    0.00629342
8.516    0.00629179
8.517    0.00629016
8.518    0.00628853
8.519    0.0062869
8.52    0.00628528
8.521    0.00628365
8.522    0.00628202
8.523    0.0062804
8.524    0.00627877
8.525    0.00627715
8.526    0.00627553
8.527    0.0062739
8.528    0.00627228
8.529    0.00627066
8.53    0.00626904
8.531    0.00626742
8.532    0.0062658
8.533    0.00626418
8.534    0.00626256
8.535    0.00626095
8.536    0.00625933
8.537    0.00625772
8.538    0.0062561
8.539    0.00625449
8.54    0.00625287
8.541    0.00625126
8.542    0.00624965
8.543    0.00624804
8.544    0.00624643
8.545    0.00624482
8.546    0.00624321
8.547    0.0062416
8.548    0.00623999
8.549    0.00623839
8.55    0.00623678
8.551    0.00623517
8.552    0.00623357
8.553    0.00623196
8.554    0.00623036
8.555    0.00622876
8.556    0.00622715
8.557    0.00622555
8.558    0.00622395
8.559    0.00622235
8.56    0.00622075
8.561    0.00621915
8.562    0.00621756
8.563    0.00621596
8.564    0.00621436
8.565    0.00621277
8.566    0.00621117
8.567    0.00620958
8.568    0.00620798
8.569    0.00620639
8.57    0.0062048
8.571    0.0062032
8.572    0.00620161
8.573    0.00620002
8.574    0.00619843
8.575    0.00619684
8.576    0.00619525
8.577    0.00619367
8.578    0.00619208
8.579    0.00619049
8.58    0.00618891
8.581    0.00618732
8.582    0.00618574
8.583    0.00618415
8.584    0.00618257
8.585    0.00618099
8.586    0.00617941
8.587    0.00617783
8.588    0.00617624
8.589    0.00617467
8.59    0.00617309
8.591    0.00617151
8.592    0.00616993
8.593    0.00616835
8.594    0.00616678
8.595    0.0061652
8.596    0.00616363
8.597    0.00616205
8.598    0.00616048
8.599    0.00615891
8.6    0.00615733
8.601    0.00615576
8.602    0.00615419
8.603    0.00615262
8.604    0.00615105
8.605    0.00614948
8.606    0.00614791
8.607    0.00614635
8.608    0.00614478
8.609    0.00614321
8.61    0.00614165
8.611    0.00614008
8.612    0.00613852
8.613    0.00613696
8.614    0.00613539
8.615    0.00613383
8.616    0.00613227
8.617    0.00613071
8.618    0.00612915
8.619    0.00612759
8.62    0.00612603
8.621    0.00612447
8.622    0.00612291
8.623    0.00612136
8.624    0.0061198
8.625    0.00611824
8.626    0.00611669
8.627    0.00611514
8.628    0.00611358
8.629    0.00611203
8.63    0.00611048
8.631    0.00610892
8.632    0.00610737
8.633    0.00610582
8.634    0.00610427
8.635    0.00610272
8.636    0.00610118
8.637    0.00609963
8.638    0.00609808
8.639    0.00609654
8.64    0.00609499
8.641    0.00609344
8.642    0.0060919
8.643    0.00609036
8.644    0.00608881
8.645    0.00608727
8.646    0.00608573
8.647    0.00608419
8.648    0.00608265
8.649    0.00608111
8.65    0.00607957
8.651    0.00607803
8.652    0.00607649
8.653    0.00607496
8.654    0.00607342
8.655    0.00607188
8.656    0.00607035
8.657    0.00606881
8.658    0.00606728
8.659    0.00606575
8.66    0.00606421
8.661    0.00606268
8.662    0.00606115
8.663    0.00605962
8.664    0.00605809
8.665    0.00605656
8.666    0.00605503
8.667    0.0060535
8.668    0.00605198
8.669    0.00605045
8.67    0.00604892
8.671    0.0060474
8.672    0.00604587
8.673    0.00604435
8.674    0.00604282
8.675    0.0060413
8.676    0.00603978
8.677    0.00603826
8.678    0.00603674
8.679    0.00603522
8.68    0.0060337
8.681    0.00603218
8.682    0.00603066
8.683    0.00602914
8.684    0.00602762
8.685    0.00602611
8.686    0.00602459
8.687    0.00602307
8.688    0.00602156
8.689    0.00602005
8.69    0.00601853
8.691    0.00601702
8.692    0.00601551
8.693    0.006014
8.694    0.00601249
8.695    0.00601098
8.696    0.00600947
8.697    0.00600796
8.698    0.00600645
8.699    0.00600494
8.7    0.00600343
8.701    0.00600193
8.702    0.00600042
8.703    0.00599892
8.704    0.00599741
8.705    0.00599591
8.706    0.0059944
8.707    0.0059929
8.708    0.0059914
8.709    0.0059899
8.71    0.0059884
8.711    0.0059869
8.712    0.0059854
8.713    0.0059839
8.714    0.0059824
8.715    0.0059809
8.716    0.00597941
8.717    0.00597791
8.718    0.00597641
8.719    0.00597492
8.72    0.00597342
8.721    0.00597193
8.722    0.00597044
8.723    0.00596894
8.724    0.00596745
8.725    0.00596596
8.726    0.00596447
8.727    0.00596298
8.728    0.00596149
8.729    0.00596
8.73    0.00595851
8.731    0.00595703
8.732    0.00595554
8.733    0.00595405
8.734    0.00595257
8.735    0.00595108
8.736    0.0059496
8.737    0.00594811
8.738    0.00594663
8.739    0.00594515
8.74    0.00594366
8.741    0.00594218
8.742    0.0059407
8.743    0.00593922
8.744    0.00593774
8.745    0.00593626
8.746    0.00593478
8.747    0.00593331
8.748    0.00593183
8.749    0.00593035
8.75    0.00592888
8.751    0.0059274
8.752    0.00592593
8.753    0.00592445
8.754    0.00592298
8.755    0.00592151
8.756    0.00592003
8.757    0.00591856
8.758    0.00591709
8.759    0.00591562
8.76    0.00591415
8.761    0.00591268
8.762    0.00591121
8.763    0.00590975
8.764    0.00590828
8.765    0.00590681
8.766    0.00590534
8.767    0.00590388
8.768    0.00590241
8.769    0.00590095
8.77    0.00589949
8.771    0.00589802
8.772    0.00589656
8.773    0.0058951
8.774    0.00589364
8.775    0.00589218
8.776    0.00589072
8.777    0.00588926
8.778    0.0058878
8.779    0.00588634
8.78    0.00588488
8.781    0.00588342
8.782    0.00588197
8.783    0.00588051
8.784    0.00587906
8.785    0.0058776
8.786    0.00587615
8.787    0.00587469
8.788    0.00587324
8.789    0.00587179
8.79    0.00587034
8.791    0.00586889
8.792    0.00586744
8.793    0.00586599
8.794    0.00586454
8.795    0.00586309
8.796    0.00586164
8.797    0.00586019
8.798    0.00585874
8.799    0.0058573
8.8    0.00585585
8.801    0.00585441
8.802    0.00585296
8.803    0.00585152
8.804    0.00585007
8.805    0.00584863
8.806    0.00584719
8.807    0.00584575
8.808    0.00584431
8.809    0.00584287
8.81    0.00584143
8.811    0.00583999
8.812    0.00583855
8.813    0.00583711
8.814    0.00583567
8.815    0.00583424
8.816    0.0058328
8.817    0.00583136
8.818    0.00582993
8.819    0.00582849
8.82    0.00582706
8.821    0.00582563
8.822    0.00582419
8.823    0.00582276
8.824    0.00582133
8.825    0.0058199
8.826    0.00581847
8.827    0.00581704
8.828    0.00581561
8.829    0.00581418
8.83    0.00581275
8.831    0.00581133
8.832    0.0058099
8.833    0.00580847
8.834    0.00580705
8.835    0.00580562
8.836    0.0058042
8.837    0.00580277
8.838    0.00580135
8.839    0.00579993
8.84    0.0057985
8.841    0.00579708
8.842    0.00579566
8.843    0.00579424
8.844    0.00579282
8.845    0.0057914
8.846    0.00578998
8.847    0.00578856
8.848    0.00578715
8.849    0.00578573
8.85    0.00578431
8.851    0.0057829
8.852    0.00578148
8.853    0.00578007
8.854    0.00577865
8.855    0.00577724
8.856    0.00577583
8.857    0.00577441
8.858    0.005773
8.859    0.00577159
8.86    0.00577018
8.861    0.00576877
8.862    0.00576736
8.863    0.00576595
8.864    0.00576454
8.865    0.00576313
8.866    0.00576173
8.867    0.00576032
8.868    0.00575891
8.869    0.00575751
8.87    0.0057561
8.871    0.0057547
8.872    0.00575329
8.873    0.00575189
8.874    0.00575049
8.875    0.00574909
8.876    0.00574768
8.877    0.00574628
8.878    0.00574488
8.879    0.00574348
8.88    0.00574208
8.881    0.00574068
8.882    0.00573929
8.883    0.00573789
8.884    0.00573649
8.885    0.00573509
8.886    0.0057337
8.887    0.0057323
8.888    0.00573091
8.889    0.00572951
8.89    0.00572812
8.891    0.00572673
8.892    0.00572533
8.893    0.00572394
8.894    0.00572255
8.895    0.00572116
8.896    0.00571977
8.897    0.00571838
8.898    0.00571699
8.899    0.0057156
8.9    0.00571421
8.901    0.00571283
8.902    0.00571144
8.903    0.00571005
8.904    0.00570867
8.905    0.00570728
8.906    0.0057059
8.907    0.00570451
8.908    0.00570313
8.909    0.00570175
8.91    0.00570036
8.911    0.00569898
8.912    0.0056976
8.913    0.00569622
8.914    0.00569484
8.915    0.00569346
8.916    0.00569208
8.917    0.0056907
8.918    0.00568932
8.919    0.00568795
8.92    0.00568657
8.921    0.00568519
8.922    0.00568382
8.923    0.00568244
8.924    0.00568107
8.925    0.00567969
8.926    0.00567832
8.927    0.00567695
8.928    0.00567557
8.929    0.0056742
8.93    0.00567283
8.931    0.00567146
8.932    0.00567009
8.933    0.00566872
8.934    0.00566735
8.935    0.00566598
8.936    0.00566461
8.937    0.00566324
8.938    0.00566188
8.939    0.00566051
8.94    0.00565914
8.941    0.00565778
8.942    0.00565641
8.943    0.00565505
8.944    0.00565369
8.945    0.00565232
8.946    0.00565096
8.947    0.0056496
8.948    0.00564824
8.949    0.00564688
8.95    0.00564551
8.951    0.00564415
8.952    0.0056428
8.953    0.00564144
8.954    0.00564008
8.955    0.00563872
8.956    0.00563736
8.957    0.00563601
8.958    0.00563465
8.959    0.00563329
8.96    0.00563194
8.961    0.00563058
8.962    0.00562923
8.963    0.00562788
8.964    0.00562652
8.965    0.00562517
8.966    0.00562382
8.967    0.00562247
8.968    0.00562112
8.969    0.00561977
8.97    0.00561842
8.971    0.00561707
8.972    0.00561572
8.973    0.00561437
8.974    0.00561302
8.975    0.00561168
8.976    0.00561033
8.977    0.00560898
8.978    0.00560764
8.979    0.00560629
8.98    0.00560495
8.981    0.00560361
8.982    0.00560226
8.983    0.00560092
8.984    0.00559958
8.985    0.00559824
8.986    0.00559689
8.987    0.00559555
8.988    0.00559421
8.989    0.00559287
8.99    0.00559154
8.991    0.0055902
8.992    0.00558886
8.993    0.00558752
8.994    0.00558618
8.995    0.00558485
8.996    0.00558351
8.997    0.00558218
8.998    0.00558084
8.999    0.00557951
9    0.00557817
9.001    0.00557684
9.002    0.00557551
9.003    0.00557418
9.004    0.00557284
9.005    0.00557151
9.006    0.00557018
9.007    0.00556885
9.008    0.00556752
9.009    0.00556619
9.01    0.00556487
9.011    0.00556354
9.012    0.00556221
9.013    0.00556088
9.014    0.00555956
9.015    0.00555823
9.016    0.00555691
9.017    0.00555558
9.018    0.00555426
9.019    0.00555293
9.02    0.00555161
9.021    0.00555029
9.022    0.00554896
9.023    0.00554764
9.024    0.00554632
9.025    0.005545
9.026    0.00554368
9.027    0.00554236
9.028    0.00554104
9.029    0.00553972
9.03    0.00553841
9.031    0.00553709
9.032    0.00553577
9.033    0.00553445
9.034    0.00553314
9.035    0.00553182
9.036    0.00553051
9.037    0.00552919
9.038    0.00552788
9.039    0.00552657
9.04    0.00552525
9.041    0.00552394
9.042    0.00552263
9.043    0.00552132
9.044    0.00552001
9.045    0.0055187
9.046    0.00551739
9.047    0.00551608
9.048    0.00551477
9.049    0.00551346
9.05    0.00551215
9.051    0.00551085
9.052    0.00550954
9.053    0.00550823
9.054    0.00550693
9.055    0.00550562
9.056    0.00550432
9.057    0.00550301
9.058    0.00550171
9.059    0.00550041
9.06    0.0054991
9.061    0.0054978
9.062    0.0054965
9.063    0.0054952
9.064    0.0054939
9.065    0.0054926
9.066    0.0054913
9.067    0.00549
9.068    0.0054887
9.069    0.0054874
9.07    0.00548611
9.071    0.00548481
9.072    0.00548351
9.073    0.00548222
9.074    0.00548092
9.075    0.00547963
9.076    0.00547833
9.077    0.00547704
9.078    0.00547574
9.079    0.00547445
9.08    0.00547316
9.081    0.00547187
9.082    0.00547057
9.083    0.00546928
9.084    0.00546799
9.085    0.0054667
9.086    0.00546541
9.087    0.00546412
9.088    0.00546284
9.089    0.00546155
9.09    0.00546026
9.091    0.00545897
9.092    0.00545769
9.093    0.0054564
9.094    0.00545512
9.095    0.00545383
9.096    0.00545255
9.097    0.00545126
9.098    0.00544998
9.099    0.0054487
9.1    0.00544741
9.101    0.00544613
9.102    0.00544485
9.103    0.00544357
9.104    0.00544229
9.105    0.00544101
9.106    0.00543973
9.107    0.00543845
9.108    0.00543717
9.109    0.00543589
9.11    0.00543462
9.111    0.00543334
9.112    0.00543206
9.113    0.00543079
9.114    0.00542951
9.115    0.00542824
9.116    0.00542696
9.117    0.00542569
9.118    0.00542441
9.119    0.00542314
9.12    0.00542187
9.121    0.0054206
9.122    0.00541933
9.123    0.00541805
9.124    0.00541678
9.125    0.00541551
9.126    0.00541424
9.127    0.00541297
9.128    0.00541171
9.129    0.00541044
9.13    0.00540917
9.131    0.0054079
9.132    0.00540664
9.133    0.00540537
9.134    0.0054041
9.135    0.00540284
9.136    0.00540158
9.137    0.00540031
9.138    0.00539905
9.139    0.00539778
9.14    0.00539652
9.141    0.00539526
9.142    0.005394
9.143    0.00539274
9.144    0.00539148
9.145    0.00539021
9.146    0.00538895
9.147    0.0053877
9.148    0.00538644
9.149    0.00538518
9.15    0.00538392
9.151    0.00538266
9.152    0.00538141
9.153    0.00538015
9.154    0.00537889
9.155    0.00537764
9.156    0.00537638
9.157    0.00537513
9.158    0.00537387
9.159    0.00537262
9.16    0.00537137
9.161    0.00537012
9.162    0.00536886
9.163    0.00536761
9.164    0.00536636
9.165    0.00536511
9.166    0.00536386
9.167    0.00536261
9.168    0.00536136
9.169    0.00536011
9.17    0.00535886
9.171    0.00535762
9.172    0.00535637
9.173    0.00535512
9.174    0.00535388
9.175    0.00535263
9.176    0.00535138
9.177    0.00535014
9.178    0.0053489
9.179    0.00534765
9.18    0.00534641
9.181    0.00534517
9.182    0.00534392
9.183    0.00534268
9.184    0.00534144
9.185    0.0053402
9.186    0.00533896
9.187    0.00533772
9.188    0.00533648
9.189    0.00533524
9.19    0.005334
9.191    0.00533276
9.192    0.00533152
9.193    0.00533029
9.194    0.00532905
9.195    0.00532781
9.196    0.00532658
9.197    0.00532534
9.198    0.00532411
9.199    0.00532287
9.2    0.00532164
9.201    0.00532041
9.202    0.00531917
9.203    0.00531794
9.204    0.00531671
9.205    0.00531548
9.206    0.00531424
9.207    0.00531301
9.208    0.00531178
9.209    0.00531055
9.21    0.00530932
9.211    0.0053081
9.212    0.00530687
9.213    0.00530564
9.214    0.00530441
9.215    0.00530319
9.216    0.00530196
9.217    0.00530073
9.218    0.00529951
9.219    0.00529828
9.22    0.00529706
9.221    0.00529583
9.222    0.00529461
9.223    0.00529339
9.224    0.00529216
9.225    0.00529094
9.226    0.00528972
9.227    0.0052885
9.228    0.00528728
9.229    0.00528606
9.23    0.00528484
9.231    0.00528362
9.232    0.0052824
9.233    0.00528118
9.234    0.00527996
9.235    0.00527874
9.236    0.00527753
9.237    0.00527631
9.238    0.00527509
9.239    0.00527388
9.24    0.00527266
9.241    0.00527145
9.242    0.00527023
9.243    0.00526902
9.244    0.00526781
9.245    0.00526659
9.246    0.00526538
9.247    0.00526417
9.248    0.00526296
9.249    0.00526175
9.25    0.00526053
9.251    0.00525932
9.252    0.00525811
9.253    0.00525691
9.254    0.0052557
9.255    0.00525449
9.256    0.00525328
9.257    0.00525207
9.258    0.00525087
9.259    0.00524966
9.26    0.00524845
9.261    0.00524725
9.262    0.00524604
9.263    0.00524484
9.264    0.00524363
9.265    0.00524243
9.266    0.00524122
9.267    0.00524002
9.268    0.00523882
9.269    0.00523762
9.27    0.00523642
9.271    0.00523521
9.272    0.00523401
9.273    0.00523281
9.274    0.00523161
9.275    0.00523041
9.276    0.00522922
9.277    0.00522802
9.278    0.00522682
9.279    0.00522562
9.28    0.00522442
9.281    0.00522323
9.282    0.00522203
9.283    0.00522084
9.284    0.00521964
9.285    0.00521845
9.286    0.00521725
9.287    0.00521606
9.288    0.00521486
9.289    0.00521367
9.29    0.00521248
9.291    0.00521129
9.292    0.00521009
9.293    0.0052089
9.294    0.00520771
9.295    0.00520652
9.296    0.00520533
9.297    0.00520414
9.298    0.00520295
9.299    0.00520176
9.3    0.00520058
9.301    0.00519939
9.302    0.0051982
9.303    0.00519701
9.304    0.00519583
9.305    0.00519464
9.306    0.00519346
9.307    0.00519227
9.308    0.00519109
9.309    0.0051899
9.31    0.00518872
9.311    0.00518754
9.312    0.00518635
9.313    0.00518517
9.314    0.00518399
9.315    0.00518281
9.316    0.00518163
9.317    0.00518045
9.318    0.00517927
9.319    0.00517809
9.32    0.00517691
9.321    0.00517573
9.322    0.00517455
9.323    0.00517337
9.324    0.00517219
9.325    0.00517102
9.326    0.00516984
9.327    0.00516866
9.328    0.00516749
9.329    0.00516631
9.33    0.00516514
9.331    0.00516396
9.332    0.00516279
9.333    0.00516162
9.334    0.00516044
9.335    0.00515927
9.336    0.0051581
9.337    0.00515693
9.338    0.00515575
9.339    0.00515458
9.34    0.00515341
9.341    0.00515224
9.342    0.00515107
9.343    0.0051499
9.344    0.00514874
9.345    0.00514757
9.346    0.0051464
9.347    0.00514523
9.348    0.00514407
9.349    0.0051429
9.35    0.00514173
9.351    0.00514057
9.352    0.0051394
9.353    0.00513824
9.354    0.00513707
9.355    0.00513591
9.356    0.00513474
9.357    0.00513358
9.358    0.00513242
9.359    0.00513126
9.36    0.00513009
9.361    0.00512893
9.362    0.00512777
9.363    0.00512661
9.364    0.00512545
9.365    0.00512429
9.366    0.00512313
9.367    0.00512197
9.368    0.00512082
9.369    0.00511966
9.37    0.0051185
9.371    0.00511734
9.372    0.00511619
9.373    0.00511503
9.374    0.00511387
9.375    0.00511272
9.376    0.00511156
9.377    0.00511041
9.378    0.00510926
9.379    0.0051081
9.38    0.00510695
9.381    0.0051058
9.382    0.00510464
9.383    0.00510349
9.384    0.00510234
9.385    0.00510119
9.386    0.00510004
9.387    0.00509889
9.388    0.00509774
9.389    0.00509659
9.39    0.00509544
9.391    0.00509429
9.392    0.00509314
9.393    0.005092
9.394    0.00509085
9.395    0.0050897
9.396    0.00508855
9.397    0.00508741
9.398    0.00508626
9.399    0.00508512
9.4    0.00508397
9.401    0.00508283
9.402    0.00508169
9.403    0.00508054
9.404    0.0050794
9.405    0.00507826
9.406    0.00507711
9.407    0.00507597
9.408    0.00507483
9.409    0.00507369
9.41    0.00507255
9.411    0.00507141
9.412    0.00507027
9.413    0.00506913
9.414    0.00506799
9.415    0.00506685
9.416    0.00506571
9.417    0.00506458
9.418    0.00506344
9.419    0.0050623
9.42    0.00506117
9.421    0.00506003
9.422    0.0050589
9.423    0.00505776
9.424    0.00505663
9.425    0.00505549
9.426    0.00505436
9.427    0.00505322
9.428    0.00505209
9.429    0.00505096
9.43    0.00504983
9.431    0.00504869
9.432    0.00504756
9.433    0.00504643
9.434    0.0050453
9.435    0.00504417
9.436    0.00504304
9.437    0.00504191
9.438    0.00504078
9.439    0.00503966
9.44    0.00503853
9.441    0.0050374
9.442    0.00503627
9.443    0.00503515
9.444    0.00503402
9.445    0.00503289
9.446    0.00503177
9.447    0.00503064
9.448    0.00502952
9.449    0.00502839
9.45    0.00502727
9.451    0.00502615
9.452    0.00502502
9.453    0.0050239
9.454    0.00502278
9.455    0.00502166
9.456    0.00502054
9.457    0.00501941
9.458    0.00501829
9.459    0.00501717
9.46    0.00501605
9.461    0.00501493
9.462    0.00501382
9.463    0.0050127
9.464    0.00501158
9.465    0.00501046
9.466    0.00500934
9.467    0.00500823
9.468    0.00500711
9.469    0.00500599
9.47    0.00500488
9.471    0.00500376
9.472    0.00500265
9.473    0.00500153
9.474    0.00500042
9.475    0.00499931
9.476    0.00499819
9.477    0.00499708
9.478    0.00499597
9.479    0.00499486
9.48    0.00499374
9.481    0.00499263
9.482    0.00499152
9.483    0.00499041
9.484    0.0049893
9.485    0.00498819
9.486    0.00498708
9.487    0.00498597
9.488    0.00498486
9.489    0.00498376
9.49    0.00498265
9.491    0.00498154
9.492    0.00498044
9.493    0.00497933
9.494    0.00497822
9.495    0.00497712
9.496    0.00497601
9.497    0.00497491
9.498    0.0049738
9.499    0.0049727
9.5    0.0049716
9.501    0.00497049
9.502    0.00496939
9.503    0.00496829
9.504    0.00496718
9.505    0.00496608
9.506    0.00496498
9.507    0.00496388
9.508    0.00496278
9.509    0.00496168
9.51    0.00496058
9.511    0.00495948
9.512    0.00495838
9.513    0.00495728
9.514    0.00495619
9.515    0.00495509
9.516    0.00495399
9.517    0.0049529
9.518    0.0049518
9.519    0.0049507
9.52    0.00494961
9.521    0.00494851
9.522    0.00494742
9.523    0.00494632
9.524    0.00494523
9.525    0.00494413
9.526    0.00494304
9.527    0.00494195
9.528    0.00494086
9.529    0.00493976
9.53    0.00493867
9.531    0.00493758
9.532    0.00493649
9.533    0.0049354
9.534    0.00493431
9.535    0.00493322
9.536    0.00493213
9.537    0.00493104
9.538    0.00492995
9.539    0.00492887
9.54    0.00492778
9.541    0.00492669
9.542    0.0049256
9.543    0.00492452
9.544    0.00492343
9.545    0.00492234
9.546    0.00492126
9.547    0.00492017
9.548    0.00491909
9.549    0.00491801
9.55    0.00491692
9.551    0.00491584
9.552    0.00491476
9.553    0.00491367
9.554    0.00491259
9.555    0.00491151
9.556    0.00491043
9.557    0.00490935
9.558    0.00490826
9.559    0.00490718
9.56    0.0049061
9.561    0.00490503
9.562    0.00490395
9.563    0.00490287
9.564    0.00490179
9.565    0.00490071
9.566    0.00489963
9.567    0.00489856
9.568    0.00489748
9.569    0.0048964
9.57    0.00489533
9.571    0.00489425
9.572    0.00489318
9.573    0.0048921
9.574    0.00489103
9.575    0.00488995
9.576    0.00488888
9.577    0.00488781
9.578    0.00488673
9.579    0.00488566
9.58    0.00488459
9.581    0.00488352
9.582    0.00488244
9.583    0.00488137
9.584    0.0048803
9.585    0.00487923
9.586    0.00487816
9.587    0.00487709
9.588    0.00487602
9.589    0.00487495
9.59    0.00487389
9.591    0.00487282
9.592    0.00487175
9.593    0.00487068
9.594    0.00486962
9.595    0.00486855
9.596    0.00486748
9.597    0.00486642
9.598    0.00486535
9.599    0.00486429
9.6    0.00486322
9.601    0.00486216
9.602    0.0048611
9.603    0.00486003
9.604    0.00485897
9.605    0.00485791
9.606    0.00485684
9.607    0.00485578
9.608    0.00485472
9.609    0.00485366
9.61    0.0048526
9.611    0.00485154
9.612    0.00485048
9.613    0.00484942
9.614    0.00484836
9.615    0.0048473
9.616    0.00484624
9.617    0.00484518
9.618    0.00484413
9.619    0.00484307
9.62    0.00484201
9.621    0.00484095
9.622    0.0048399
9.623    0.00483884
9.624    0.00483779
9.625    0.00483673
9.626    0.00483568
9.627    0.00483462
9.628    0.00483357
9.629    0.00483252
9.63    0.00483146
9.631    0.00483041
9.632    0.00482936
9.633    0.0048283
9.634    0.00482725
9.635    0.0048262
9.636    0.00482515
9.637    0.0048241
9.638    0.00482305
9.639    0.004822
9.64    0.00482095
9.641    0.0048199
9.642    0.00481885
9.643    0.0048178
9.644    0.00481676
9.645    0.00481571
9.646    0.00481466
9.647    0.00481361
9.648    0.00481257
9.649    0.00481152
9.65    0.00481048
9.651    0.00480943
9.652    0.00480839
9.653    0.00480734
9.654    0.0048063
9.655    0.00480525
9.656    0.00480421
9.657    0.00480317
9.658    0.00480212
9.659    0.00480108
9.66    0.00480004
9.661    0.004799
9.662    0.00479795
9.663    0.00479691
9.664    0.00479587
9.665    0.00479483
9.666    0.00479379
9.667    0.00479275
9.668    0.00479171
9.669    0.00479068
9.67    0.00478964
9.671    0.0047886
9.672    0.00478756
9.673    0.00478652
9.674    0.00478549
9.675    0.00478445
9.676    0.00478341
9.677    0.00478238
9.678    0.00478134
9.679    0.00478031
9.68    0.00477927
9.681    0.00477824
9.682    0.0047772
9.683    0.00477617
9.684    0.00477514
9.685    0.0047741
9.686    0.00477307
9.687    0.00477204
9.688    0.00477101
9.689    0.00476998
9.69    0.00476895
9.691    0.00476791
9.692    0.00476688
9.693    0.00476585
9.694    0.00476482
9.695    0.0047638
9.696    0.00476277
9.697    0.00476174
9.698    0.00476071
9.699    0.00475968
9.7    0.00475865
9.701    0.00475763
9.702    0.0047566
9.703    0.00475557
9.704    0.00475455
9.705    0.00475352
9.706    0.0047525
9.707    0.00475147
9.708    0.00475045
9.709    0.00474942
9.71    0.0047484
9.711    0.00474738
9.712    0.00474635
9.713    0.00474533
9.714    0.00474431
9.715    0.00474328
9.716    0.00474226
9.717    0.00474124
9.718    0.00474022
9.719    0.0047392
9.72    0.00473818
9.721    0.00473716
9.722    0.00473614
9.723    0.00473512
9.724    0.0047341
9.725    0.00473308
9.726    0.00473207
9.727    0.00473105
9.728    0.00473003
9.729    0.00472901
9.73    0.004728
9.731    0.00472698
9.732    0.00472596
9.733    0.00472495
9.734    0.00472393
9.735    0.00472292
9.736    0.0047219
9.737    0.00472089
9.738    0.00471988
9.739    0.00471886
9.74    0.00471785
9.741    0.00471684
9.742    0.00471582
9.743    0.00471481
9.744    0.0047138
9.745    0.00471279
9.746    0.00471178
9.747    0.00471077
9.748    0.00470976
9.749    0.00470875
9.75    0.00470774
9.751    0.00470673
9.752    0.00470572
9.753    0.00470471
9.754    0.0047037
9.755    0.00470269
9.756    0.00470169
9.757    0.00470068
9.758    0.00469967
9.759    0.00469866
9.76    0.00469766
9.761    0.00469665
9.762    0.00469565
9.763    0.00469464
9.764    0.00469364
9.765    0.00469263
9.766    0.00469163
9.767    0.00469063
9.768    0.00468962
9.769    0.00468862
9.77    0.00468762
9.771    0.00468661
9.772    0.00468561
9.773    0.00468461
9.774    0.00468361
9.775    0.00468261
9.776    0.00468161
9.777    0.00468061
9.778    0.00467961
9.779    0.00467861
9.78    0.00467761
9.781    0.00467661
9.782    0.00467561
9.783    0.00467461
9.784    0.00467362
9.785    0.00467262
9.786    0.00467162
9.787    0.00467062
9.788    0.00466963
9.789    0.00466863
9.79    0.00466764
9.791    0.00466664
9.792    0.00466565
9.793    0.00466465
9.794    0.00466366
9.795    0.00466266
9.796    0.00466167
9.797    0.00466068
9.798    0.00465968
9.799    0.00465869
9.8    0.0046577
9.801    0.00465671
9.802    0.00465571
9.803    0.00465472
9.804    0.00465373
9.805    0.00465274
9.806    0.00465175
9.807    0.00465076
9.808    0.00464977
9.809    0.00464878
9.81    0.00464779
9.811    0.00464681
9.812    0.00464582
9.813    0.00464483
9.814    0.00464384
9.815    0.00464285
9.816    0.00464187
9.817    0.00464088
9.818    0.0046399
9.819    0.00463891
9.82    0.00463792
9.821    0.00463694
9.822    0.00463595
9.823    0.00463497
9.824    0.00463399
9.825    0.004633
9.826    0.00463202
9.827    0.00463104
9.828    0.00463005
9.829    0.00462907
9.83    0.00462809
9.831    0.00462711
9.832    0.00462613
9.833    0.00462514
9.834    0.00462416
9.835    0.00462318
9.836    0.0046222
9.837    0.00462122
9.838    0.00462024
9.839    0.00461927
9.84    0.00461829
9.841    0.00461731
9.842    0.00461633
9.843    0.00461535
9.844    0.00461438
9.845    0.0046134
9.846    0.00461242
9.847    0.00461145
9.848    0.00461047
9.849    0.00460949
9.85    0.00460852
9.851    0.00460754
9.852    0.00460657
9.853    0.00460559
9.854    0.00460462
9.855    0.00460365
9.856    0.00460267
9.857    0.0046017
9.858    0.00460073
9.859    0.00459976
9.86    0.00459878
9.861    0.00459781
9.862    0.00459684
9.863    0.00459587
9.864    0.0045949
9.865    0.00459393
9.866    0.00459296
9.867    0.00459199
9.868    0.00459102
9.869    0.00459005
9.87    0.00458908
9.871    0.00458811
9.872    0.00458715
9.873    0.00458618
9.874    0.00458521
9.875    0.00458424
9.876    0.00458328
9.877    0.00458231
9.878    0.00458135
9.879    0.00458038
9.88    0.00457941
9.881    0.00457845
9.882    0.00457748
9.883    0.00457652
9.884    0.00457556
9.885    0.00457459
9.886    0.00457363
9.887    0.00457267
9.888    0.0045717
9.889    0.00457074
9.89    0.00456978
9.891    0.00456882
9.892    0.00456786
9.893    0.00456689
9.894    0.00456593
9.895    0.00456497
9.896    0.00456401
9.897    0.00456305
9.898    0.00456209
9.899    0.00456114
9.9    0.00456018
9.901    0.00455922
9.902    0.00455826
9.903    0.0045573
9.904    0.00455634
9.905    0.00455539
9.906    0.00455443
9.907    0.00455347
9.908    0.00455252
9.909    0.00455156
9.91    0.00455061
9.911    0.00454965
9.912    0.0045487
9.913    0.00454774
9.914    0.00454679
9.915    0.00454583
9.916    0.00454488
9.917    0.00454393
9.918    0.00454297
9.919    0.00454202
9.92    0.00454107
9.921    0.00454012
9.922    0.00453917
9.923    0.00453821
9.924    0.00453726
9.925    0.00453631
9.926    0.00453536
9.927    0.00453441
9.928    0.00453346
9.929    0.00453251
9.93    0.00453157
9.931    0.00453062
9.932    0.00452967
9.933    0.00452872
9.934    0.00452777
9.935    0.00452682
9.936    0.00452588
9.937    0.00452493
9.938    0.00452398
9.939    0.00452304
9.94    0.00452209
9.941    0.00452115
9.942    0.0045202
9.943    0.00451926
9.944    0.00451831
9.945    0.00451737
9.946    0.00451642
9.947    0.00451548
9.948    0.00451454
9.949    0.00451359
9.95    0.00451265
9.951    0.00451171
9.952    0.00451077
9.953    0.00450983
9.954    0.00450888
9.955    0.00450794
9.956    0.004507
9.957    0.00450606
9.958    0.00450512
9.959    0.00450418
9.96    0.00450324
9.961    0.0045023
9.962    0.00450137
9.963    0.00450043
9.964    0.00449949
9.965    0.00449855
9.966    0.00449761
9.967    0.00449668
9.968    0.00449574
9.969    0.0044948
9.97    0.00449387
9.971    0.00449293
9.972    0.00449199
9.973    0.00449106
9.974    0.00449012
9.975    0.00448919
9.976    0.00448826
9.977    0.00448732
9.978    0.00448639
9.979    0.00448545
9.98    0.00448452
9.981    0.00448359
9.982    0.00448266
9.983    0.00448172
9.984    0.00448079
9.985    0.00447986
9.986    0.00447893
9.987    0.004478
9.988    0.00447707
9.989    0.00447614
9.99    0.00447521
9.991    0.00447428
9.992    0.00447335
9.993    0.00447242
9.994    0.00447149
9.995    0.00447056
9.996    0.00446963
9.997    0.00446871
9.998    0.00446778
9.999    0.00446685
