-10    0.0058333
-9.999    0.00583461
-9.998    0.00583593
-9.997    0.00583725
-9.996    0.00583856
-9.995    0.00583988
-9.994    0.0058412
-9.993    0.00584252
-9.992    0.00584384
-9.991    0.00584516
-9.99    0.00584648
-9.989    0.0058478
-9.988    0.00584912
-9.987    0.00585044
-9.986    0.00585176
-9.985    0.00585309
-9.984    0.00585441
-9.983    0.00585573
-9.982    0.00585706
-9.981    0.00585838
-9.98    0.0058597
-9.979    0.00586103
-9.978    0.00586236
-9.977    0.00586368
-9.976    0.00586501
-9.975    0.00586634
-9.974    0.00586766
-9.973    0.00586899
-9.972    0.00587032
-9.971    0.00587165
-9.97    0.00587298
-9.969    0.00587431
-9.968    0.00587564
-9.967    0.00587697
-9.966    0.0058783
-9.965    0.00587963
-9.964    0.00588096
-9.963    0.0058823
-9.962    0.00588363
-9.961    0.00588496
-9.96    0.0058863
-9.959    0.00588763
-9.958    0.00588897
-9.957    0.0058903
-9.956    0.00589164
-9.955    0.00589297
-9.954    0.00589431
-9.953    0.00589565
-9.952    0.00589699
-9.951    0.00589832
-9.95    0.00589966
-9.949    0.005901
-9.948    0.00590234
-9.947    0.00590368
-9.946    0.00590502
-9.945    0.00590636
-9.944    0.0059077
-9.943    0.00590905
-9.942    0.00591039
-9.941    0.00591173
-9.94    0.00591308
-9.939    0.00591442
-9.938    0.00591576
-9.937    0.00591711
-9.936    0.00591845
-9.935    0.0059198
-9.934    0.00592115
-9.933    0.00592249
-9.932    0.00592384
-9.931    0.00592519
-9.93    0.00592653
-9.929    0.00592788
-9.928    0.00592923
-9.927    0.00593058
-9.926    0.00593193
-9.925    0.00593328
-9.924    0.00593463
-9.923    0.00593598
-9.922    0.00593734
-9.921    0.00593869
-9.92    0.00594004
-9.919    0.00594139
-9.918    0.00594275
-9.917    0.0059441
-9.916    0.00594546
-9.915    0.00594681
-9.914    0.00594817
-9.913    0.00594952
-9.912    0.00595088
-9.911    0.00595224
-9.91    0.0059536
-9.909    0.00595495
-9.908    0.00595631
-9.907    0.00595767
-9.906    0.00595903
-9.905    0.00596039
-9.904    0.00596175
-9.903    0.00596311
-9.902    0.00596447
-9.901    0.00596584
-9.9    0.0059672
-9.899    0.00596856
-9.898    0.00596992
-9.897    0.00597129
-9.896    0.00597265
-9.895    0.00597402
-9.894    0.00597538
-9.893    0.00597675
-9.892    0.00597811
-9.891    0.00597948
-9.89    0.00598085
-9.889    0.00598221
-9.888    0.00598358
-9.887    0.00598495
-9.886    0.00598632
-9.885    0.00598769
-9.884    0.00598906
-9.883    0.00599043
-9.882    0.0059918
-9.881    0.00599317
-9.88    0.00599455
-9.879    0.00599592
-9.878    0.00599729
-9.877    0.00599866
-9.876    0.00600004
-9.875    0.00600141
-9.874    0.00600279
-9.873    0.00600416
-9.872    0.00600554
-9.871    0.00600691
-9.87    0.00600829
-9.869    0.00600967
-9.868    0.00601105
-9.867    0.00601242
-9.866    0.0060138
-9.865    0.00601518
-9.864    0.00601656
-9.863    0.00601794
-9.862    0.00601932
-9.861    0.0060207
-9.86    0.00602209
-9.859    0.00602347
-9.858    0.00602485
-9.857    0.00602623
-9.856    0.00602762
-9.855    0.006029
-9.854    0.00603039
-9.853    0.00603177
-9.852    0.00603316
-9.851    0.00603454
-9.85    0.00603593
-9.849    0.00603732
-9.848    0.0060387
-9.847    0.00604009
-9.846    0.00604148
-9.845    0.00604287
-9.844    0.00604426
-9.843    0.00604565
-9.842    0.00604704
-9.841    0.00604843
-9.84    0.00604982
-9.839    0.00605121
-9.838    0.00605261
-9.837    0.006054
-9.836    0.00605539
-9.835    0.00605679
-9.834    0.00605818
-9.833    0.00605958
-9.832    0.00606097
-9.831    0.00606237
-9.83    0.00606376
-9.829    0.00606516
-9.828    0.00606656
-9.827    0.00606796
-9.826    0.00606935
-9.825    0.00607075
-9.824    0.00607215
-9.823    0.00607355
-9.822    0.00607495
-9.821    0.00607635
-9.82    0.00607776
-9.819    0.00607916
-9.818    0.00608056
-9.817    0.00608196
-9.816    0.00608337
-9.815    0.00608477
-9.814    0.00608617
-9.813    0.00608758
-9.812    0.00608898
-9.811    0.00609039
-9.81    0.0060918
-9.809    0.0060932
-9.808    0.00609461
-9.807    0.00609602
-9.806    0.00609743
-9.805    0.00609884
-9.804    0.00610024
-9.803    0.00610165
-9.802    0.00610306
-9.801    0.00610448
-9.8    0.00610589
-9.799    0.0061073
-9.798    0.00610871
-9.797    0.00611012
-9.796    0.00611154
-9.795    0.00611295
-9.794    0.00611437
-9.793    0.00611578
-9.792    0.0061172
-9.791    0.00611861
-9.79    0.00612003
-9.789    0.00612145
-9.788    0.00612286
-9.787    0.00612428
-9.786    0.0061257
-9.785    0.00612712
-9.784    0.00612854
-9.783    0.00612996
-9.782    0.00613138
-9.781    0.0061328
-9.78    0.00613422
-9.779    0.00613564
-9.778    0.00613706
-9.777    0.00613849
-9.776    0.00613991
-9.775    0.00614134
-9.774    0.00614276
-9.773    0.00614418
-9.772    0.00614561
-9.771    0.00614704
-9.77    0.00614846
-9.769    0.00614989
-9.768    0.00615132
-9.767    0.00615275
-9.766    0.00615417
-9.765    0.0061556
-9.764    0.00615703
-9.763    0.00615846
-9.762    0.00615989
-9.761    0.00616132
-9.76    0.00616276
-9.759    0.00616419
-9.758    0.00616562
-9.757    0.00616705
-9.756    0.00616849
-9.755    0.00616992
-9.754    0.00617136
-9.753    0.00617279
-9.752    0.00617423
-9.751    0.00617566
-9.75    0.0061771
-9.749    0.00617854
-9.748    0.00617998
-9.747    0.00618141
-9.746    0.00618285
-9.745    0.00618429
-9.744    0.00618573
-9.743    0.00618717
-9.742    0.00618861
-9.741    0.00619005
-9.74    0.0061915
-9.739    0.00619294
-9.738    0.00619438
-9.737    0.00619583
-9.736    0.00619727
-9.735    0.00619871
-9.734    0.00620016
-9.733    0.0062016
-9.732    0.00620305
-9.731    0.0062045
-9.73    0.00620594
-9.729    0.00620739
-9.728    0.00620884
-9.727    0.00621029
-9.726    0.00621174
-9.725    0.00621319
-9.724    0.00621464
-9.723    0.00621609
-9.722    0.00621754
-9.721    0.00621899
-9.72    0.00622044
-9.719    0.0062219
-9.718    0.00622335
-9.717    0.0062248
-9.716    0.00622626
-9.715    0.00622771
-9.714    0.00622917
-9.713    0.00623063
-9.712    0.00623208
-9.711    0.00623354
-9.71    0.006235
-9.709    0.00623645
-9.708    0.00623791
-9.707    0.00623937
-9.706    0.00624083
-9.705    0.00624229
-9.704    0.00624375
-9.703    0.00624521
-9.702    0.00624668
-9.701    0.00624814
-9.7    0.0062496
-9.699    0.00625106
-9.698    0.00625253
-9.697    0.00625399
-9.696    0.00625546
-9.695    0.00625692
-9.694    0.00625839
-9.693    0.00625986
-9.692    0.00626132
-9.691    0.00626279
-9.69    0.00626426
-9.689    0.00626573
-9.688    0.0062672
-9.687    0.00626867
-9.686    0.00627014
-9.685    0.00627161
-9.684    0.00627308
-9.683    0.00627455
-9.682    0.00627602
-9.681    0.0062775
-9.68    0.00627897
-9.679    0.00628044
-9.678    0.00628192
-9.677    0.00628339
-9.676    0.00628487
-9.675    0.00628634
-9.674    0.00628782
-9.673    0.0062893
-9.672    0.00629077
-9.671    0.00629225
-9.67    0.00629373
-9.669    0.00629521
-9.668    0.00629669
-9.667    0.00629817
-9.666    0.00629965
-9.665    0.00630113
-9.664    0.00630262
-9.663    0.0063041
-9.662    0.00630558
-9.661    0.00630706
-9.66    0.00630855
-9.659    0.00631003
-9.658    0.00631152
-9.657    0.006313
-9.656    0.00631449
-9.655    0.00631598
-9.654    0.00631746
-9.653    0.00631895
-9.652    0.00632044
-9.651    0.00632193
-9.65    0.00632342
-9.649    0.00632491
-9.648    0.0063264
-9.647    0.00632789
-9.646    0.00632938
-9.645    0.00633088
-9.644    0.00633237
-9.643    0.00633386
-9.642    0.00633536
-9.641    0.00633685
-9.64    0.00633834
-9.639    0.00633984
-9.638    0.00634134
-9.637    0.00634283
-9.636    0.00634433
-9.635    0.00634583
-9.634    0.00634733
-9.633    0.00634882
-9.632    0.00635032
-9.631    0.00635182
-9.63    0.00635332
-9.629    0.00635482
-9.628    0.00635633
-9.627    0.00635783
-9.626    0.00635933
-9.625    0.00636083
-9.624    0.00636234
-9.623    0.00636384
-9.622    0.00636535
-9.621    0.00636685
-9.62    0.00636836
-9.619    0.00636986
-9.618    0.00637137
-9.617    0.00637288
-9.616    0.00637439
-9.615    0.00637589
-9.614    0.0063774
-9.613    0.00637891
-9.612    0.00638042
-9.611    0.00638193
-9.61    0.00638345
-9.609    0.00638496
-9.608    0.00638647
-9.607    0.00638798
-9.606    0.0063895
-9.605    0.00639101
-9.604    0.00639253
-9.603    0.00639404
-9.602    0.00639556
-9.601    0.00639707
-9.6    0.00639859
-9.599    0.00640011
-9.598    0.00640163
-9.597    0.00640314
-9.596    0.00640466
-9.595    0.00640618
-9.594    0.0064077
-9.593    0.00640922
-9.592    0.00641074
-9.591    0.00641227
-9.59    0.00641379
-9.589    0.00641531
-9.588    0.00641684
-9.587    0.00641836
-9.586    0.00641988
-9.585    0.00642141
-9.584    0.00642294
-9.583    0.00642446
-9.582    0.00642599
-9.581    0.00642752
-9.58    0.00642904
-9.579    0.00643057
-9.578    0.0064321
-9.577    0.00643363
-9.576    0.00643516
-9.575    0.00643669
-9.574    0.00643822
-9.573    0.00643976
-9.572    0.00644129
-9.571    0.00644282
-9.57    0.00644435
-9.569    0.00644589
-9.568    0.00644742
-9.567    0.00644896
-9.566    0.00645049
-9.565    0.00645203
-9.564    0.00645357
-9.563    0.00645511
-9.562    0.00645664
-9.561    0.00645818
-9.56    0.00645972
-9.559    0.00646126
-9.558    0.0064628
-9.557    0.00646434
-9.556    0.00646588
-9.555    0.00646743
-9.554    0.00646897
-9.553    0.00647051
-9.552    0.00647206
-9.551    0.0064736
-9.55    0.00647514
-9.549    0.00647669
-9.548    0.00647824
-9.547    0.00647978
-9.546    0.00648133
-9.545    0.00648288
-9.544    0.00648443
-9.543    0.00648598
-9.542    0.00648752
-9.541    0.00648907
-9.54    0.00649063
-9.539    0.00649218
-9.538    0.00649373
-9.537    0.00649528
-9.536    0.00649683
-9.535    0.00649839
-9.534    0.00649994
-9.533    0.0065015
-9.532    0.00650305
-9.531    0.00650461
-9.53    0.00650616
-9.529    0.00650772
-9.528    0.00650928
-9.527    0.00651084
-9.526    0.00651239
-9.525    0.00651395
-9.524    0.00651551
-9.523    0.00651707
-9.522    0.00651863
-9.521    0.0065202
-9.52    0.00652176
-9.519    0.00652332
-9.518    0.00652488
-9.517    0.00652645
-9.516    0.00652801
-9.515    0.00652958
-9.514    0.00653114
-9.513    0.00653271
-9.512    0.00653427
-9.511    0.00653584
-9.51    0.00653741
-9.509    0.00653898
-9.508    0.00654055
-9.507    0.00654212
-9.506    0.00654369
-9.505    0.00654526
-9.504    0.00654683
-9.503    0.0065484
-9.502    0.00654997
-9.501    0.00655155
-9.5    0.00655312
-9.499    0.00655469
-9.498    0.00655627
-9.497    0.00655784
-9.496    0.00655942
-9.495    0.006561
-9.494    0.00656257
-9.493    0.00656415
-9.492    0.00656573
-9.491    0.00656731
-9.49    0.00656889
-9.489    0.00657047
-9.488    0.00657205
-9.487    0.00657363
-9.486    0.00657521
-9.485    0.0065768
-9.484    0.00657838
-9.483    0.00657996
-9.482    0.00658155
-9.481    0.00658313
-9.48    0.00658472
-9.479    0.0065863
-9.478    0.00658789
-9.477    0.00658948
-9.476    0.00659106
-9.475    0.00659265
-9.474    0.00659424
-9.473    0.00659583
-9.472    0.00659742
-9.471    0.00659901
-9.47    0.0066006
-9.469    0.00660219
-9.468    0.00660379
-9.467    0.00660538
-9.466    0.00660697
-9.465    0.00660857
-9.464    0.00661016
-9.463    0.00661176
-9.462    0.00661335
-9.461    0.00661495
-9.46    0.00661655
-9.459    0.00661815
-9.458    0.00661974
-9.457    0.00662134
-9.456    0.00662294
-9.455    0.00662454
-9.454    0.00662614
-9.453    0.00662774
-9.452    0.00662935
-9.451    0.00663095
-9.45    0.00663255
-9.449    0.00663416
-9.448    0.00663576
-9.447    0.00663736
-9.446    0.00663897
-9.445    0.00664058
-9.444    0.00664218
-9.443    0.00664379
-9.442    0.0066454
-9.441    0.00664701
-9.44    0.00664862
-9.439    0.00665023
-9.438    0.00665184
-9.437    0.00665345
-9.436    0.00665506
-9.435    0.00665667
-9.434    0.00665828
-9.433    0.0066599
-9.432    0.00666151
-9.431    0.00666313
-9.43    0.00666474
-9.429    0.00666636
-9.428    0.00666797
-9.427    0.00666959
-9.426    0.00667121
-9.425    0.00667283
-9.424    0.00667444
-9.423    0.00667606
-9.422    0.00667768
-9.421    0.0066793
-9.42    0.00668093
-9.419    0.00668255
-9.418    0.00668417
-9.417    0.00668579
-9.416    0.00668742
-9.415    0.00668904
-9.414    0.00669067
-9.413    0.00669229
-9.412    0.00669392
-9.411    0.00669554
-9.41    0.00669717
-9.409    0.0066988
-9.408    0.00670043
-9.407    0.00670206
-9.406    0.00670369
-9.405    0.00670532
-9.404    0.00670695
-9.403    0.00670858
-9.402    0.00671021
-9.401    0.00671184
-9.4    0.00671348
-9.399    0.00671511
-9.398    0.00671675
-9.397    0.00671838
-9.396    0.00672002
-9.395    0.00672165
-9.394    0.00672329
-9.393    0.00672493
-9.392    0.00672657
-9.391    0.0067282
-9.39    0.00672984
-9.389    0.00673148
-9.388    0.00673313
-9.387    0.00673477
-9.386    0.00673641
-9.385    0.00673805
-9.384    0.00673969
-9.383    0.00674134
-9.382    0.00674298
-9.381    0.00674463
-9.38    0.00674627
-9.379    0.00674792
-9.378    0.00674957
-9.377    0.00675121
-9.376    0.00675286
-9.375    0.00675451
-9.374    0.00675616
-9.373    0.00675781
-9.372    0.00675946
-9.371    0.00676111
-9.37    0.00676276
-9.369    0.00676442
-9.368    0.00676607
-9.367    0.00676772
-9.366    0.00676938
-9.365    0.00677103
-9.364    0.00677269
-9.363    0.00677435
-9.362    0.006776
-9.361    0.00677766
-9.36    0.00677932
-9.359    0.00678098
-9.358    0.00678264
-9.357    0.0067843
-9.356    0.00678596
-9.355    0.00678762
-9.354    0.00678928
-9.353    0.00679094
-9.352    0.00679261
-9.351    0.00679427
-9.35    0.00679593
-9.349    0.0067976
-9.348    0.00679926
-9.347    0.00680093
-9.346    0.0068026
-9.345    0.00680427
-9.344    0.00680593
-9.343    0.0068076
-9.342    0.00680927
-9.341    0.00681094
-9.34    0.00681261
-9.339    0.00681428
-9.338    0.00681596
-9.337    0.00681763
-9.336    0.0068193
-9.335    0.00682098
-9.334    0.00682265
-9.333    0.00682433
-9.332    0.006826
-9.331    0.00682768
-9.33    0.00682935
-9.329    0.00683103
-9.328    0.00683271
-9.327    0.00683439
-9.326    0.00683607
-9.325    0.00683775
-9.324    0.00683943
-9.323    0.00684111
-9.322    0.00684279
-9.321    0.00684448
-9.32    0.00684616
-9.319    0.00684784
-9.318    0.00684953
-9.317    0.00685121
-9.316    0.0068529
-9.315    0.00685459
-9.314    0.00685627
-9.313    0.00685796
-9.312    0.00685965
-9.311    0.00686134
-9.31    0.00686303
-9.309    0.00686472
-9.308    0.00686641
-9.307    0.0068681
-9.306    0.00686979
-9.305    0.00687149
-9.304    0.00687318
-9.303    0.00687488
-9.302    0.00687657
-9.301    0.00687827
-9.3    0.00687996
-9.299    0.00688166
-9.298    0.00688336
-9.297    0.00688505
-9.296    0.00688675
-9.295    0.00688845
-9.294    0.00689015
-9.293    0.00689185
-9.292    0.00689356
-9.291    0.00689526
-9.29    0.00689696
-9.289    0.00689866
-9.288    0.00690037
-9.287    0.00690207
-9.286    0.00690378
-9.285    0.00690548
-9.284    0.00690719
-9.283    0.0069089
-9.282    0.00691061
-9.281    0.00691231
-9.28    0.00691402
-9.279    0.00691573
-9.278    0.00691744
-9.277    0.00691915
-9.276    0.00692087
-9.275    0.00692258
-9.274    0.00692429
-9.273    0.00692601
-9.272    0.00692772
-9.271    0.00692944
-9.27    0.00693115
-9.269    0.00693287
-9.268    0.00693458
-9.267    0.0069363
-9.266    0.00693802
-9.265    0.00693974
-9.264    0.00694146
-9.263    0.00694318
-9.262    0.0069449
-9.261    0.00694662
-9.26    0.00694834
-9.259    0.00695007
-9.258    0.00695179
-9.257    0.00695352
-9.256    0.00695524
-9.255    0.00695697
-9.254    0.00695869
-9.253    0.00696042
-9.252    0.00696215
-9.251    0.00696387
-9.25    0.0069656
-9.249    0.00696733
-9.248    0.00696906
-9.247    0.00697079
-9.246    0.00697253
-9.245    0.00697426
-9.244    0.00697599
-9.243    0.00697772
-9.242    0.00697946
-9.241    0.00698119
-9.24    0.00698293
-9.239    0.00698467
-9.238    0.0069864
-9.237    0.00698814
-9.236    0.00698988
-9.235    0.00699162
-9.234    0.00699336
-9.233    0.0069951
-9.232    0.00699684
-9.231    0.00699858
-9.23    0.00700032
-9.229    0.00700206
-9.228    0.00700381
-9.227    0.00700555
-9.226    0.0070073
-9.225    0.00700904
-9.224    0.00701079
-9.223    0.00701254
-9.222    0.00701428
-9.221    0.00701603
-9.22    0.00701778
-9.219    0.00701953
-9.218    0.00702128
-9.217    0.00702303
-9.216    0.00702478
-9.215    0.00702653
-9.214    0.00702829
-9.213    0.00703004
-9.212    0.0070318
-9.211    0.00703355
-9.21    0.00703531
-9.209    0.00703706
-9.208    0.00703882
-9.207    0.00704058
-9.206    0.00704234
-9.205    0.00704409
-9.204    0.00704585
-9.203    0.00704761
-9.202    0.00704938
-9.201    0.00705114
-9.2    0.0070529
-9.199    0.00705466
-9.198    0.00705643
-9.197    0.00705819
-9.196    0.00705996
-9.195    0.00706172
-9.194    0.00706349
-9.193    0.00706526
-9.192    0.00706702
-9.191    0.00706879
-9.19    0.00707056
-9.189    0.00707233
-9.188    0.0070741
-9.187    0.00707587
-9.186    0.00707765
-9.185    0.00707942
-9.184    0.00708119
-9.183    0.00708297
-9.182    0.00708474
-9.181    0.00708652
-9.18    0.00708829
-9.179    0.00709007
-9.178    0.00709185
-9.177    0.00709362
-9.176    0.0070954
-9.175    0.00709718
-9.174    0.00709896
-9.173    0.00710074
-9.172    0.00710252
-9.171    0.00710431
-9.17    0.00710609
-9.169    0.00710787
-9.168    0.00710966
-9.167    0.00711144
-9.166    0.00711323
-9.165    0.00711502
-9.164    0.0071168
-9.163    0.00711859
-9.162    0.00712038
-9.161    0.00712217
-9.16    0.00712396
-9.159    0.00712575
-9.158    0.00712754
-9.157    0.00712933
-9.156    0.00713112
-9.155    0.00713292
-9.154    0.00713471
-9.153    0.00713651
-9.152    0.0071383
-9.151    0.0071401
-9.15    0.00714189
-9.149    0.00714369
-9.148    0.00714549
-9.147    0.00714729
-9.146    0.00714909
-9.145    0.00715089
-9.144    0.00715269
-9.143    0.00715449
-9.142    0.00715629
-9.141    0.0071581
-9.14    0.0071599
-9.139    0.00716171
-9.138    0.00716351
-9.137    0.00716532
-9.136    0.00716712
-9.135    0.00716893
-9.134    0.00717074
-9.133    0.00717255
-9.132    0.00717436
-9.131    0.00717617
-9.13    0.00717798
-9.129    0.00717979
-9.128    0.0071816
-9.127    0.00718342
-9.126    0.00718523
-9.125    0.00718704
-9.124    0.00718886
-9.123    0.00719067
-9.122    0.00719249
-9.121    0.00719431
-9.12    0.00719613
-9.119    0.00719794
-9.118    0.00719976
-9.117    0.00720158
-9.116    0.0072034
-9.115    0.00720523
-9.114    0.00720705
-9.113    0.00720887
-9.112    0.0072107
-9.111    0.00721252
-9.11    0.00721434
-9.109    0.00721617
-9.108    0.007218
-9.107    0.00721982
-9.106    0.00722165
-9.105    0.00722348
-9.104    0.00722531
-9.103    0.00722714
-9.102    0.00722897
-9.101    0.0072308
-9.1    0.00723263
-9.099    0.00723447
-9.098    0.0072363
-9.097    0.00723814
-9.096    0.00723997
-9.095    0.00724181
-9.094    0.00724364
-9.093    0.00724548
-9.092    0.00724732
-9.091    0.00724916
-9.09    0.007251
-9.089    0.00725284
-9.088    0.00725468
-9.087    0.00725652
-9.086    0.00725836
-9.085    0.0072602
-9.084    0.00726205
-9.083    0.00726389
-9.082    0.00726574
-9.081    0.00726758
-9.08    0.00726943
-9.079    0.00727128
-9.078    0.00727312
-9.077    0.00727497
-9.076    0.00727682
-9.075    0.00727867
-9.074    0.00728052
-9.073    0.00728238
-9.072    0.00728423
-9.071    0.00728608
-9.07    0.00728793
-9.069    0.00728979
-9.068    0.00729164
-9.067    0.0072935
-9.066    0.00729536
-9.065    0.00729721
-9.064    0.00729907
-9.063    0.00730093
-9.062    0.00730279
-9.061    0.00730465
-9.06    0.00730651
-9.059    0.00730837
-9.058    0.00731024
-9.057    0.0073121
-9.056    0.00731396
-9.055    0.00731583
-9.054    0.0073177
-9.053    0.00731956
-9.052    0.00732143
-9.051    0.0073233
-9.05    0.00732516
-9.049    0.00732703
-9.048    0.0073289
-9.047    0.00733077
-9.046    0.00733265
-9.045    0.00733452
-9.044    0.00733639
-9.043    0.00733826
-9.042    0.00734014
-9.041    0.00734201
-9.04    0.00734389
-9.039    0.00734577
-9.038    0.00734764
-9.037    0.00734952
-9.036    0.0073514
-9.035    0.00735328
-9.034    0.00735516
-9.033    0.00735704
-9.032    0.00735892
-9.031    0.00736081
-9.03    0.00736269
-9.029    0.00736457
-9.028    0.00736646
-9.027    0.00736834
-9.026    0.00737023
-9.025    0.00737212
-9.024    0.007374
-9.023    0.00737589
-9.022    0.00737778
-9.021    0.00737967
-9.02    0.00738156
-9.019    0.00738345
-9.018    0.00738535
-9.017    0.00738724
-9.016    0.00738913
-9.015    0.00739103
-9.014    0.00739292
-9.013    0.00739482
-9.012    0.00739672
-9.011    0.00739861
-9.01    0.00740051
-9.009    0.00740241
-9.008    0.00740431
-9.007    0.00740621
-9.006    0.00740811
-9.005    0.00741001
-9.004    0.00741192
-9.003    0.00741382
-9.002    0.00741572
-9.001    0.00741763
-9    0.00741953
-8.999    0.00742144
-8.998    0.00742335
-8.997    0.00742526
-8.996    0.00742717
-8.995    0.00742907
-8.994    0.00743098
-8.993    0.0074329
-8.992    0.00743481
-8.991    0.00743672
-8.99    0.00743863
-8.989    0.00744055
-8.988    0.00744246
-8.987    0.00744438
-8.986    0.00744629
-8.985    0.00744821
-8.984    0.00745013
-8.983    0.00745205
-8.982    0.00745397
-8.981    0.00745589
-8.98    0.00745781
-8.979    0.00745973
-8.978    0.00746165
-8.977    0.00746358
-8.976    0.0074655
-8.975    0.00746742
-8.974    0.00746935
-8.973    0.00747128
-8.972    0.0074732
-8.971    0.00747513
-8.97    0.00747706
-8.969    0.00747899
-8.968    0.00748092
-8.967    0.00748285
-8.966    0.00748478
-8.965    0.00748671
-8.964    0.00748865
-8.963    0.00749058
-8.962    0.00749252
-8.961    0.00749445
-8.96    0.00749639
-8.959    0.00749833
-8.958    0.00750026
-8.957    0.0075022
-8.956    0.00750414
-8.955    0.00750608
-8.954    0.00750802
-8.953    0.00750996
-8.952    0.00751191
-8.951    0.00751385
-8.95    0.00751579
-8.949    0.00751774
-8.948    0.00751968
-8.947    0.00752163
-8.946    0.00752358
-8.945    0.00752553
-8.944    0.00752747
-8.943    0.00752942
-8.942    0.00753137
-8.941    0.00753333
-8.94    0.00753528
-8.939    0.00753723
-8.938    0.00753918
-8.937    0.00754114
-8.936    0.00754309
-8.935    0.00754505
-8.934    0.007547
-8.933    0.00754896
-8.932    0.00755092
-8.931    0.00755288
-8.93    0.00755484
-8.929    0.0075568
-8.928    0.00755876
-8.927    0.00756072
-8.926    0.00756269
-8.925    0.00756465
-8.924    0.00756661
-8.923    0.00756858
-8.922    0.00757054
-8.921    0.00757251
-8.92    0.00757448
-8.919    0.00757645
-8.918    0.00757842
-8.917    0.00758039
-8.916    0.00758236
-8.915    0.00758433
-8.914    0.0075863
-8.913    0.00758827
-8.912    0.00759025
-8.911    0.00759222
-8.91    0.0075942
-8.909    0.00759617
-8.908    0.00759815
-8.907    0.00760013
-8.906    0.00760211
-8.905    0.00760409
-8.904    0.00760607
-8.903    0.00760805
-8.902    0.00761003
-8.901    0.00761201
-8.9    0.007614
-8.899    0.00761598
-8.898    0.00761796
-8.897    0.00761995
-8.896    0.00762194
-8.895    0.00762392
-8.894    0.00762591
-8.893    0.0076279
-8.892    0.00762989
-8.891    0.00763188
-8.89    0.00763387
-8.889    0.00763587
-8.888    0.00763786
-8.887    0.00763985
-8.886    0.00764185
-8.885    0.00764384
-8.884    0.00764584
-8.883    0.00764784
-8.882    0.00764983
-8.881    0.00765183
-8.88    0.00765383
-8.879    0.00765583
-8.878    0.00765783
-8.877    0.00765983
-8.876    0.00766184
-8.875    0.00766384
-8.874    0.00766585
-8.873    0.00766785
-8.872    0.00766986
-8.871    0.00767186
-8.87    0.00767387
-8.869    0.00767588
-8.868    0.00767789
-8.867    0.0076799
-8.866    0.00768191
-8.865    0.00768392
-8.864    0.00768593
-8.863    0.00768795
-8.862    0.00768996
-8.861    0.00769197
-8.86    0.00769399
-8.859    0.00769601
-8.858    0.00769802
-8.857    0.00770004
-8.856    0.00770206
-8.855    0.00770408
-8.854    0.0077061
-8.853    0.00770812
-8.852    0.00771015
-8.851    0.00771217
-8.85    0.00771419
-8.849    0.00771622
-8.848    0.00771824
-8.847    0.00772027
-8.846    0.0077223
-8.845    0.00772432
-8.844    0.00772635
-8.843    0.00772838
-8.842    0.00773041
-8.841    0.00773244
-8.84    0.00773448
-8.839    0.00773651
-8.838    0.00773854
-8.837    0.00774058
-8.836    0.00774261
-8.835    0.00774465
-8.834    0.00774669
-8.833    0.00774872
-8.832    0.00775076
-8.831    0.0077528
-8.83    0.00775484
-8.829    0.00775688
-8.828    0.00775892
-8.827    0.00776097
-8.826    0.00776301
-8.825    0.00776506
-8.824    0.0077671
-8.823    0.00776915
-8.822    0.00777119
-8.821    0.00777324
-8.82    0.00777529
-8.819    0.00777734
-8.818    0.00777939
-8.817    0.00778144
-8.816    0.00778349
-8.815    0.00778555
-8.814    0.0077876
-8.813    0.00778965
-8.812    0.00779171
-8.811    0.00779377
-8.81    0.00779582
-8.809    0.00779788
-8.808    0.00779994
-8.807    0.007802
-8.806    0.00780406
-8.805    0.00780612
-8.804    0.00780818
-8.803    0.00781025
-8.802    0.00781231
-8.801    0.00781437
-8.8    0.00781644
-8.799    0.00781851
-8.798    0.00782057
-8.797    0.00782264
-8.796    0.00782471
-8.795    0.00782678
-8.794    0.00782885
-8.793    0.00783092
-8.792    0.00783299
-8.791    0.00783507
-8.79    0.00783714
-8.789    0.00783921
-8.788    0.00784129
-8.787    0.00784337
-8.786    0.00784544
-8.785    0.00784752
-8.784    0.0078496
-8.783    0.00785168
-8.782    0.00785376
-8.781    0.00785584
-8.78    0.00785793
-8.779    0.00786001
-8.778    0.00786209
-8.777    0.00786418
-8.776    0.00786626
-8.775    0.00786835
-8.774    0.00787044
-8.773    0.00787253
-8.772    0.00787462
-8.771    0.00787671
-8.77    0.0078788
-8.769    0.00788089
-8.768    0.00788298
-8.767    0.00788507
-8.766    0.00788717
-8.765    0.00788926
-8.764    0.00789136
-8.763    0.00789346
-8.762    0.00789555
-8.761    0.00789765
-8.76    0.00789975
-8.759    0.00790185
-8.758    0.00790395
-8.757    0.00790606
-8.756    0.00790816
-8.755    0.00791026
-8.754    0.00791237
-8.753    0.00791447
-8.752    0.00791658
-8.751    0.00791869
-8.75    0.0079208
-8.749    0.0079229
-8.748    0.00792501
-8.747    0.00792713
-8.746    0.00792924
-8.745    0.00793135
-8.744    0.00793346
-8.743    0.00793558
-8.742    0.00793769
-8.741    0.00793981
-8.74    0.00794192
-8.739    0.00794404
-8.738    0.00794616
-8.737    0.00794828
-8.736    0.0079504
-8.735    0.00795252
-8.734    0.00795464
-8.733    0.00795677
-8.732    0.00795889
-8.731    0.00796102
-8.73    0.00796314
-8.729    0.00796527
-8.728    0.0079674
-8.727    0.00796952
-8.726    0.00797165
-8.725    0.00797378
-8.724    0.00797591
-8.723    0.00797805
-8.722    0.00798018
-8.721    0.00798231
-8.72    0.00798445
-8.719    0.00798658
-8.718    0.00798872
-8.717    0.00799085
-8.716    0.00799299
-8.715    0.00799513
-8.714    0.00799727
-8.713    0.00799941
-8.712    0.00800155
-8.711    0.0080037
-8.71    0.00800584
-8.709    0.00800798
-8.708    0.00801013
-8.707    0.00801227
-8.706    0.00801442
-8.705    0.00801657
-8.704    0.00801872
-8.703    0.00802087
-8.702    0.00802302
-8.701    0.00802517
-8.7    0.00802732
-8.699    0.00802947
-8.698    0.00803163
-8.697    0.00803378
-8.696    0.00803594
-8.695    0.00803809
-8.694    0.00804025
-8.693    0.00804241
-8.692    0.00804457
-8.691    0.00804673
-8.69    0.00804889
-8.689    0.00805105
-8.688    0.00805321
-8.687    0.00805538
-8.686    0.00805754
-8.685    0.00805971
-8.684    0.00806188
-8.683    0.00806404
-8.682    0.00806621
-8.681    0.00806838
-8.68    0.00807055
-8.679    0.00807272
-8.678    0.00807489
-8.677    0.00807707
-8.676    0.00807924
-8.675    0.00808141
-8.674    0.00808359
-8.673    0.00808577
-8.672    0.00808794
-8.671    0.00809012
-8.67    0.0080923
-8.669    0.00809448
-8.668    0.00809666
-8.667    0.00809884
-8.666    0.00810103
-8.665    0.00810321
-8.664    0.00810539
-8.663    0.00810758
-8.662    0.00810977
-8.661    0.00811195
-8.66    0.00811414
-8.659    0.00811633
-8.658    0.00811852
-8.657    0.00812071
-8.656    0.0081229
-8.655    0.0081251
-8.654    0.00812729
-8.653    0.00812948
-8.652    0.00813168
-8.651    0.00813388
-8.65    0.00813607
-8.649    0.00813827
-8.648    0.00814047
-8.647    0.00814267
-8.646    0.00814487
-8.645    0.00814707
-8.644    0.00814928
-8.643    0.00815148
-8.642    0.00815369
-8.641    0.00815589
-8.64    0.0081581
-8.639    0.00816031
-8.638    0.00816251
-8.637    0.00816472
-8.636    0.00816693
-8.635    0.00816914
-8.634    0.00817136
-8.633    0.00817357
-8.632    0.00817578
-8.631    0.008178
-8.63    0.00818021
-8.629    0.00818243
-8.628    0.00818465
-8.627    0.00818687
-8.626    0.00818909
-8.625    0.00819131
-8.624    0.00819353
-8.623    0.00819575
-8.622    0.00819797
-8.621    0.0082002
-8.62    0.00820242
-8.619    0.00820465
-8.618    0.00820688
-8.617    0.0082091
-8.616    0.00821133
-8.615    0.00821356
-8.614    0.00821579
-8.613    0.00821803
-8.612    0.00822026
-8.611    0.00822249
-8.61    0.00822473
-8.609    0.00822696
-8.608    0.0082292
-8.607    0.00823143
-8.606    0.00823367
-8.605    0.00823591
-8.604    0.00823815
-8.603    0.00824039
-8.602    0.00824264
-8.601    0.00824488
-8.6    0.00824712
-8.599    0.00824937
-8.598    0.00825161
-8.597    0.00825386
-8.596    0.00825611
-8.595    0.00825836
-8.594    0.00826061
-8.593    0.00826286
-8.592    0.00826511
-8.591    0.00826736
-8.59    0.00826961
-8.589    0.00827187
-8.588    0.00827412
-8.587    0.00827638
-8.586    0.00827864
-8.585    0.00828089
-8.584    0.00828315
-8.583    0.00828541
-8.582    0.00828767
-8.581    0.00828994
-8.58    0.0082922
-8.579    0.00829446
-8.578    0.00829673
-8.577    0.00829899
-8.576    0.00830126
-8.575    0.00830353
-8.574    0.0083058
-8.573    0.00830807
-8.572    0.00831034
-8.571    0.00831261
-8.57    0.00831488
-8.569    0.00831715
-8.568    0.00831943
-8.567    0.0083217
-8.566    0.00832398
-8.565    0.00832626
-8.564    0.00832853
-8.563    0.00833081
-8.562    0.00833309
-8.561    0.00833537
-8.56    0.00833766
-8.559    0.00833994
-8.558    0.00834222
-8.557    0.00834451
-8.556    0.00834679
-8.555    0.00834908
-8.554    0.00835137
-8.553    0.00835366
-8.552    0.00835595
-8.551    0.00835824
-8.55    0.00836053
-8.549    0.00836282
-8.548    0.00836512
-8.547    0.00836741
-8.546    0.00836971
-8.545    0.008372
-8.544    0.0083743
-8.543    0.0083766
-8.542    0.0083789
-8.541    0.0083812
-8.54    0.0083835
-8.539    0.0083858
-8.538    0.00838811
-8.537    0.00839041
-8.536    0.00839272
-8.535    0.00839502
-8.534    0.00839733
-8.533    0.00839964
-8.532    0.00840195
-8.531    0.00840426
-8.53    0.00840657
-8.529    0.00840888
-8.528    0.0084112
-8.527    0.00841351
-8.526    0.00841583
-8.525    0.00841814
-8.524    0.00842046
-8.523    0.00842278
-8.522    0.0084251
-8.521    0.00842742
-8.52    0.00842974
-8.519    0.00843206
-8.518    0.00843438
-8.517    0.00843671
-8.516    0.00843903
-8.515    0.00844136
-8.514    0.00844369
-8.513    0.00844601
-8.512    0.00844834
-8.511    0.00845067
-8.51    0.008453
-8.509    0.00845534
-8.508    0.00845767
-8.507    0.00846
-8.506    0.00846234
-8.505    0.00846467
-8.504    0.00846701
-8.503    0.00846935
-8.502    0.00847169
-8.501    0.00847403
-8.5    0.00847637
-8.499    0.00847871
-8.498    0.00848105
-8.497    0.0084834
-8.496    0.00848574
-8.495    0.00848809
-8.494    0.00849044
-8.493    0.00849278
-8.492    0.00849513
-8.491    0.00849748
-8.49    0.00849983
-8.489    0.00850219
-8.488    0.00850454
-8.487    0.00850689
-8.486    0.00850925
-8.485    0.0085116
-8.484    0.00851396
-8.483    0.00851632
-8.482    0.00851868
-8.481    0.00852104
-8.48    0.0085234
-8.479    0.00852576
-8.478    0.00852813
-8.477    0.00853049
-8.476    0.00853286
-8.475    0.00853522
-8.474    0.00853759
-8.473    0.00853996
-8.472    0.00854233
-8.471    0.0085447
-8.47    0.00854707
-8.469    0.00854944
-8.468    0.00855181
-8.467    0.00855419
-8.466    0.00855656
-8.465    0.00855894
-8.464    0.00856132
-8.463    0.0085637
-8.462    0.00856607
-8.461    0.00856846
-8.46    0.00857084
-8.459    0.00857322
-8.458    0.0085756
-8.457    0.00857799
-8.456    0.00858037
-8.455    0.00858276
-8.454    0.00858515
-8.453    0.00858754
-8.452    0.00858993
-8.451    0.00859232
-8.45    0.00859471
-8.449    0.0085971
-8.448    0.00859949
-8.447    0.00860189
-8.446    0.00860429
-8.445    0.00860668
-8.444    0.00860908
-8.443    0.00861148
-8.442    0.00861388
-8.441    0.00861628
-8.44    0.00861868
-8.439    0.00862109
-8.438    0.00862349
-8.437    0.0086259
-8.436    0.0086283
-8.435    0.00863071
-8.434    0.00863312
-8.433    0.00863553
-8.432    0.00863794
-8.431    0.00864035
-8.43    0.00864276
-8.429    0.00864517
-8.428    0.00864759
-8.427    0.00865
-8.426    0.00865242
-8.425    0.00865484
-8.424    0.00865726
-8.423    0.00865968
-8.422    0.0086621
-8.421    0.00866452
-8.42    0.00866694
-8.419    0.00866937
-8.418    0.00867179
-8.417    0.00867422
-8.416    0.00867664
-8.415    0.00867907
-8.414    0.0086815
-8.413    0.00868393
-8.412    0.00868636
-8.411    0.0086888
-8.41    0.00869123
-8.409    0.00869366
-8.408    0.0086961
-8.407    0.00869854
-8.406    0.00870097
-8.405    0.00870341
-8.404    0.00870585
-8.403    0.00870829
-8.402    0.00871074
-8.401    0.00871318
-8.4    0.00871562
-8.399    0.00871807
-8.398    0.00872051
-8.397    0.00872296
-8.396    0.00872541
-8.395    0.00872786
-8.394    0.00873031
-8.393    0.00873276
-8.392    0.00873521
-8.391    0.00873767
-8.39    0.00874012
-8.389    0.00874258
-8.388    0.00874503
-8.387    0.00874749
-8.386    0.00874995
-8.385    0.00875241
-8.384    0.00875487
-8.383    0.00875733
-8.382    0.0087598
-8.381    0.00876226
-8.38    0.00876473
-8.379    0.00876719
-8.378    0.00876966
-8.377    0.00877213
-8.376    0.0087746
-8.375    0.00877707
-8.374    0.00877954
-8.373    0.00878201
-8.372    0.00878449
-8.371    0.00878696
-8.37    0.00878944
-8.369    0.00879192
-8.368    0.00879439
-8.367    0.00879687
-8.366    0.00879935
-8.365    0.00880184
-8.364    0.00880432
-8.363    0.0088068
-8.362    0.00880929
-8.361    0.00881177
-8.36    0.00881426
-8.359    0.00881675
-8.358    0.00881924
-8.357    0.00882173
-8.356    0.00882422
-8.355    0.00882671
-8.354    0.0088292
-8.353    0.0088317
-8.352    0.00883419
-8.351    0.00883669
-8.35    0.00883919
-8.349    0.00884169
-8.348    0.00884419
-8.347    0.00884669
-8.346    0.00884919
-8.345    0.00885169
-8.344    0.0088542
-8.343    0.0088567
-8.342    0.00885921
-8.341    0.00886172
-8.34    0.00886423
-8.339    0.00886674
-8.338    0.00886925
-8.337    0.00887176
-8.336    0.00887427
-8.335    0.00887679
-8.334    0.0088793
-8.333    0.00888182
-8.332    0.00888434
-8.331    0.00888686
-8.33    0.00888938
-8.329    0.0088919
-8.328    0.00889442
-8.327    0.00889694
-8.326    0.00889947
-8.325    0.00890199
-8.324    0.00890452
-8.323    0.00890705
-8.322    0.00890957
-8.321    0.0089121
-8.32    0.00891463
-8.319    0.00891717
-8.318    0.0089197
-8.317    0.00892223
-8.316    0.00892477
-8.315    0.00892731
-8.314    0.00892984
-8.313    0.00893238
-8.312    0.00893492
-8.311    0.00893746
-8.31    0.00894
-8.309    0.00894255
-8.308    0.00894509
-8.307    0.00894764
-8.306    0.00895018
-8.305    0.00895273
-8.304    0.00895528
-8.303    0.00895783
-8.302    0.00896038
-8.301    0.00896293
-8.3    0.00896549
-8.299    0.00896804
-8.298    0.0089706
-8.297    0.00897315
-8.296    0.00897571
-8.295    0.00897827
-8.294    0.00898083
-8.293    0.00898339
-8.292    0.00898595
-8.291    0.00898852
-8.29    0.00899108
-8.289    0.00899365
-8.288    0.00899621
-8.287    0.00899878
-8.286    0.00900135
-8.285    0.00900392
-8.284    0.00900649
-8.283    0.00900907
-8.282    0.00901164
-8.281    0.00901421
-8.28    0.00901679
-8.279    0.00901937
-8.278    0.00902194
-8.277    0.00902452
-8.276    0.0090271
-8.275    0.00902969
-8.274    0.00903227
-8.273    0.00903485
-8.272    0.00903744
-8.271    0.00904002
-8.27    0.00904261
-8.269    0.0090452
-8.268    0.00904779
-8.267    0.00905038
-8.266    0.00905297
-8.265    0.00905557
-8.264    0.00905816
-8.263    0.00906076
-8.262    0.00906335
-8.261    0.00906595
-8.26    0.00906855
-8.259    0.00907115
-8.258    0.00907375
-8.257    0.00907635
-8.256    0.00907895
-8.255    0.00908156
-8.254    0.00908417
-8.253    0.00908677
-8.252    0.00908938
-8.251    0.00909199
-8.25    0.0090946
-8.249    0.00909721
-8.248    0.00909982
-8.247    0.00910244
-8.246    0.00910505
-8.245    0.00910767
-8.244    0.00911029
-8.243    0.00911291
-8.242    0.00911553
-8.241    0.00911815
-8.24    0.00912077
-8.239    0.00912339
-8.238    0.00912602
-8.237    0.00912864
-8.236    0.00913127
-8.235    0.0091339
-8.234    0.00913652
-8.233    0.00913915
-8.232    0.00914179
-8.231    0.00914442
-8.23    0.00914705
-8.229    0.00914969
-8.228    0.00915232
-8.227    0.00915496
-8.226    0.0091576
-8.225    0.00916024
-8.224    0.00916288
-8.223    0.00916552
-8.222    0.00916817
-8.221    0.00917081
-8.22    0.00917345
-8.219    0.0091761
-8.218    0.00917875
-8.217    0.0091814
-8.216    0.00918405
-8.215    0.0091867
-8.214    0.00918935
-8.213    0.00919201
-8.212    0.00919466
-8.211    0.00919732
-8.21    0.00919998
-8.209    0.00920263
-8.208    0.00920529
-8.207    0.00920795
-8.206    0.00921062
-8.205    0.00921328
-8.204    0.00921594
-8.203    0.00921861
-8.202    0.00922128
-8.201    0.00922395
-8.2    0.00922661
-8.199    0.00922928
-8.198    0.00923196
-8.197    0.00923463
-8.196    0.0092373
-8.195    0.00923998
-8.194    0.00924266
-8.193    0.00924533
-8.192    0.00924801
-8.191    0.00925069
-8.19    0.00925337
-8.189    0.00925606
-8.188    0.00925874
-8.187    0.00926142
-8.186    0.00926411
-8.185    0.0092668
-8.184    0.00926949
-8.183    0.00927218
-8.182    0.00927487
-8.181    0.00927756
-8.18    0.00928025
-8.179    0.00928295
-8.178    0.00928564
-8.177    0.00928834
-8.176    0.00929104
-8.175    0.00929374
-8.174    0.00929644
-8.173    0.00929914
-8.172    0.00930184
-8.171    0.00930455
-8.17    0.00930725
-8.169    0.00930996
-8.168    0.00931267
-8.167    0.00931538
-8.166    0.00931809
-8.165    0.0093208
-8.164    0.00932351
-8.163    0.00932623
-8.162    0.00932894
-8.161    0.00933166
-8.16    0.00933438
-8.159    0.00933709
-8.158    0.00933981
-8.157    0.00934254
-8.156    0.00934526
-8.155    0.00934798
-8.154    0.00935071
-8.153    0.00935343
-8.152    0.00935616
-8.151    0.00935889
-8.15    0.00936162
-8.149    0.00936435
-8.148    0.00936708
-8.147    0.00936982
-8.146    0.00937255
-8.145    0.00937529
-8.144    0.00937803
-8.143    0.00938076
-8.142    0.0093835
-8.141    0.00938625
-8.14    0.00938899
-8.139    0.00939173
-8.138    0.00939448
-8.137    0.00939722
-8.136    0.00939997
-8.135    0.00940272
-8.134    0.00940547
-8.133    0.00940822
-8.132    0.00941097
-8.131    0.00941373
-8.13    0.00941648
-8.129    0.00941924
-8.128    0.00942199
-8.127    0.00942475
-8.126    0.00942751
-8.125    0.00943027
-8.124    0.00943304
-8.123    0.0094358
-8.122    0.00943856
-8.121    0.00944133
-8.12    0.0094441
-8.119    0.00944687
-8.118    0.00944964
-8.117    0.00945241
-8.116    0.00945518
-8.115    0.00945795
-8.114    0.00946073
-8.113    0.0094635
-8.112    0.00946628
-8.111    0.00946906
-8.11    0.00947184
-8.109    0.00947462
-8.108    0.0094774
-8.107    0.00948019
-8.106    0.00948297
-8.105    0.00948576
-8.104    0.00948855
-8.103    0.00949133
-8.102    0.00949413
-8.101    0.00949692
-8.1    0.00949971
-8.099    0.0095025
-8.098    0.0095053
-8.097    0.00950809
-8.096    0.00951089
-8.095    0.00951369
-8.094    0.00951649
-8.093    0.00951929
-8.092    0.0095221
-8.091    0.0095249
-8.09    0.00952771
-8.089    0.00953051
-8.088    0.00953332
-8.087    0.00953613
-8.086    0.00953894
-8.085    0.00954175
-8.084    0.00954456
-8.083    0.00954738
-8.082    0.00955019
-8.081    0.00955301
-8.08    0.00955583
-8.079    0.00955865
-8.078    0.00956147
-8.077    0.00956429
-8.076    0.00956712
-8.075    0.00956994
-8.074    0.00957277
-8.073    0.00957559
-8.072    0.00957842
-8.071    0.00958125
-8.07    0.00958408
-8.069    0.00958692
-8.068    0.00958975
-8.067    0.00959258
-8.066    0.00959542
-8.065    0.00959826
-8.064    0.0096011
-8.063    0.00960394
-8.062    0.00960678
-8.061    0.00960962
-8.06    0.00961247
-8.059    0.00961531
-8.058    0.00961816
-8.057    0.00962101
-8.056    0.00962386
-8.055    0.00962671
-8.054    0.00962956
-8.053    0.00963241
-8.052    0.00963527
-8.051    0.00963812
-8.05    0.00964098
-8.049    0.00964384
-8.048    0.0096467
-8.047    0.00964956
-8.046    0.00965242
-8.045    0.00965529
-8.044    0.00965815
-8.043    0.00966102
-8.042    0.00966388
-8.041    0.00966675
-8.04    0.00966962
-8.039    0.0096725
-8.038    0.00967537
-8.037    0.00967824
-8.036    0.00968112
-8.035    0.009684
-8.034    0.00968687
-8.033    0.00968975
-8.032    0.00969263
-8.031    0.00969552
-8.03    0.0096984
-8.029    0.00970129
-8.028    0.00970417
-8.027    0.00970706
-8.026    0.00970995
-8.025    0.00971284
-8.024    0.00971573
-8.023    0.00971862
-8.022    0.00972152
-8.021    0.00972441
-8.02    0.00972731
-8.019    0.00973021
-8.018    0.00973311
-8.017    0.00973601
-8.016    0.00973891
-8.015    0.00974181
-8.014    0.00974472
-8.013    0.00974763
-8.012    0.00975053
-8.011    0.00975344
-8.01    0.00975635
-8.009    0.00975926
-8.008    0.00976218
-8.007    0.00976509
-8.006    0.00976801
-8.005    0.00977093
-8.004    0.00977384
-8.003    0.00977676
-8.002    0.00977968
-8.001    0.00978261
-8    0.00978553
-7.999    0.00978846
-7.998    0.00979138
-7.997    0.00979431
-7.996    0.00979724
-7.995    0.00980017
-7.994    0.0098031
-7.993    0.00980604
-7.992    0.00980897
-7.991    0.00981191
-7.99    0.00981484
-7.989    0.00981778
-7.988    0.00982072
-7.987    0.00982366
-7.986    0.00982661
-7.985    0.00982955
-7.984    0.0098325
-7.983    0.00983544
-7.982    0.00983839
-7.981    0.00984134
-7.98    0.00984429
-7.979    0.00984725
-7.978    0.0098502
-7.977    0.00985316
-7.976    0.00985611
-7.975    0.00985907
-7.974    0.00986203
-7.973    0.00986499
-7.972    0.00986795
-7.971    0.00987092
-7.97    0.00987388
-7.969    0.00987685
-7.968    0.00987981
-7.967    0.00988278
-7.966    0.00988575
-7.965    0.00988873
-7.964    0.0098917
-7.963    0.00989467
-7.962    0.00989765
-7.961    0.00990063
-7.96    0.00990361
-7.959    0.00990659
-7.958    0.00990957
-7.957    0.00991255
-7.956    0.00991553
-7.955    0.00991852
-7.954    0.00992151
-7.953    0.0099245
-7.952    0.00992749
-7.951    0.00993048
-7.95    0.00993347
-7.949    0.00993646
-7.948    0.00993946
-7.947    0.00994246
-7.946    0.00994545
-7.945    0.00994845
-7.944    0.00995145
-7.943    0.00995446
-7.942    0.00995746
-7.941    0.00996047
-7.94    0.00996347
-7.939    0.00996648
-7.938    0.00996949
-7.937    0.0099725
-7.936    0.00997551
-7.935    0.00997853
-7.934    0.00998154
-7.933    0.00998456
-7.932    0.00998758
-7.931    0.0099906
-7.93    0.00999362
-7.929    0.00999664
-7.928    0.00999966
-7.927    0.0100027
-7.926    0.0100057
-7.925    0.0100087
-7.924    0.0100118
-7.923    0.0100148
-7.922    0.0100178
-7.921    0.0100209
-7.92    0.0100239
-7.919    0.0100269
-7.918    0.01003
-7.917    0.010033
-7.916    0.0100361
-7.915    0.0100391
-7.914    0.0100421
-7.913    0.0100452
-7.912    0.0100482
-7.911    0.0100513
-7.91    0.0100543
-7.909    0.0100574
-7.908    0.0100604
-7.907    0.0100635
-7.906    0.0100665
-7.905    0.0100696
-7.904    0.0100727
-7.903    0.0100757
-7.902    0.0100788
-7.901    0.0100818
-7.9    0.0100849
-7.899    0.010088
-7.898    0.010091
-7.897    0.0100941
-7.896    0.0100972
-7.895    0.0101002
-7.894    0.0101033
-7.893    0.0101064
-7.892    0.0101095
-7.891    0.0101125
-7.89    0.0101156
-7.889    0.0101187
-7.888    0.0101218
-7.887    0.0101249
-7.886    0.0101279
-7.885    0.010131
-7.884    0.0101341
-7.883    0.0101372
-7.882    0.0101403
-7.881    0.0101434
-7.88    0.0101465
-7.879    0.0101496
-7.878    0.0101527
-7.877    0.0101558
-7.876    0.0101589
-7.875    0.010162
-7.874    0.0101651
-7.873    0.0101682
-7.872    0.0101713
-7.871    0.0101744
-7.87    0.0101775
-7.869    0.0101806
-7.868    0.0101837
-7.867    0.0101868
-7.866    0.0101899
-7.865    0.010193
-7.864    0.0101962
-7.863    0.0101993
-7.862    0.0102024
-7.861    0.0102055
-7.86    0.0102086
-7.859    0.0102118
-7.858    0.0102149
-7.857    0.010218
-7.856    0.0102211
-7.855    0.0102243
-7.854    0.0102274
-7.853    0.0102305
-7.852    0.0102337
-7.851    0.0102368
-7.85    0.0102399
-7.849    0.0102431
-7.848    0.0102462
-7.847    0.0102494
-7.846    0.0102525
-7.845    0.0102557
-7.844    0.0102588
-7.843    0.0102619
-7.842    0.0102651
-7.841    0.0102682
-7.84    0.0102714
-7.839    0.0102746
-7.838    0.0102777
-7.837    0.0102809
-7.836    0.010284
-7.835    0.0102872
-7.834    0.0102903
-7.833    0.0102935
-7.832    0.0102967
-7.831    0.0102998
-7.83    0.010303
-7.829    0.0103062
-7.828    0.0103093
-7.827    0.0103125
-7.826    0.0103157
-7.825    0.0103189
-7.824    0.010322
-7.823    0.0103252
-7.822    0.0103284
-7.821    0.0103316
-7.82    0.0103348
-7.819    0.0103379
-7.818    0.0103411
-7.817    0.0103443
-7.816    0.0103475
-7.815    0.0103507
-7.814    0.0103539
-7.813    0.0103571
-7.812    0.0103603
-7.811    0.0103635
-7.81    0.0103667
-7.809    0.0103699
-7.808    0.0103731
-7.807    0.0103763
-7.806    0.0103795
-7.805    0.0103827
-7.804    0.0103859
-7.803    0.0103891
-7.802    0.0103923
-7.801    0.0103955
-7.8    0.0103987
-7.799    0.0104019
-7.798    0.0104051
-7.797    0.0104084
-7.796    0.0104116
-7.795    0.0104148
-7.794    0.010418
-7.793    0.0104213
-7.792    0.0104245
-7.791    0.0104277
-7.79    0.0104309
-7.789    0.0104342
-7.788    0.0104374
-7.787    0.0104406
-7.786    0.0104439
-7.785    0.0104471
-7.784    0.0104503
-7.783    0.0104536
-7.782    0.0104568
-7.781    0.0104601
-7.78    0.0104633
-7.779    0.0104665
-7.778    0.0104698
-7.777    0.010473
-7.776    0.0104763
-7.775    0.0104795
-7.774    0.0104828
-7.773    0.010486
-7.772    0.0104893
-7.771    0.0104926
-7.77    0.0104958
-7.769    0.0104991
-7.768    0.0105023
-7.767    0.0105056
-7.766    0.0105089
-7.765    0.0105121
-7.764    0.0105154
-7.763    0.0105187
-7.762    0.010522
-7.761    0.0105252
-7.76    0.0105285
-7.759    0.0105318
-7.758    0.0105351
-7.757    0.0105383
-7.756    0.0105416
-7.755    0.0105449
-7.754    0.0105482
-7.753    0.0105515
-7.752    0.0105548
-7.751    0.010558
-7.75    0.0105613
-7.749    0.0105646
-7.748    0.0105679
-7.747    0.0105712
-7.746    0.0105745
-7.745    0.0105778
-7.744    0.0105811
-7.743    0.0105844
-7.742    0.0105877
-7.741    0.010591
-7.74    0.0105943
-7.739    0.0105976
-7.738    0.010601
-7.737    0.0106043
-7.736    0.0106076
-7.735    0.0106109
-7.734    0.0106142
-7.733    0.0106175
-7.732    0.0106209
-7.731    0.0106242
-7.73    0.0106275
-7.729    0.0106308
-7.728    0.0106341
-7.727    0.0106375
-7.726    0.0106408
-7.725    0.0106441
-7.724    0.0106475
-7.723    0.0106508
-7.722    0.0106541
-7.721    0.0106575
-7.72    0.0106608
-7.719    0.0106642
-7.718    0.0106675
-7.717    0.0106708
-7.716    0.0106742
-7.715    0.0106775
-7.714    0.0106809
-7.713    0.0106842
-7.712    0.0106876
-7.711    0.0106909
-7.71    0.0106943
-7.709    0.0106977
-7.708    0.010701
-7.707    0.0107044
-7.706    0.0107077
-7.705    0.0107111
-7.704    0.0107145
-7.703    0.0107178
-7.702    0.0107212
-7.701    0.0107246
-7.7    0.0107279
-7.699    0.0107313
-7.698    0.0107347
-7.697    0.0107381
-7.696    0.0107414
-7.695    0.0107448
-7.694    0.0107482
-7.693    0.0107516
-7.692    0.010755
-7.691    0.0107584
-7.69    0.0107618
-7.689    0.0107651
-7.688    0.0107685
-7.687    0.0107719
-7.686    0.0107753
-7.685    0.0107787
-7.684    0.0107821
-7.683    0.0107855
-7.682    0.0107889
-7.681    0.0107923
-7.68    0.0107957
-7.679    0.0107991
-7.678    0.0108025
-7.677    0.010806
-7.676    0.0108094
-7.675    0.0108128
-7.674    0.0108162
-7.673    0.0108196
-7.672    0.010823
-7.671    0.0108264
-7.67    0.0108299
-7.669    0.0108333
-7.668    0.0108367
-7.667    0.0108401
-7.666    0.0108436
-7.665    0.010847
-7.664    0.0108504
-7.663    0.0108539
-7.662    0.0108573
-7.661    0.0108607
-7.66    0.0108642
-7.659    0.0108676
-7.658    0.0108711
-7.657    0.0108745
-7.656    0.010878
-7.655    0.0108814
-7.654    0.0108848
-7.653    0.0108883
-7.652    0.0108917
-7.651    0.0108952
-7.65    0.0108987
-7.649    0.0109021
-7.648    0.0109056
-7.647    0.010909
-7.646    0.0109125
-7.645    0.010916
-7.644    0.0109194
-7.643    0.0109229
-7.642    0.0109264
-7.641    0.0109298
-7.64    0.0109333
-7.639    0.0109368
-7.638    0.0109403
-7.637    0.0109437
-7.636    0.0109472
-7.635    0.0109507
-7.634    0.0109542
-7.633    0.0109577
-7.632    0.0109612
-7.631    0.0109646
-7.63    0.0109681
-7.629    0.0109716
-7.628    0.0109751
-7.627    0.0109786
-7.626    0.0109821
-7.625    0.0109856
-7.624    0.0109891
-7.623    0.0109926
-7.622    0.0109961
-7.621    0.0109996
-7.62    0.0110031
-7.619    0.0110066
-7.618    0.0110101
-7.617    0.0110137
-7.616    0.0110172
-7.615    0.0110207
-7.614    0.0110242
-7.613    0.0110277
-7.612    0.0110312
-7.611    0.0110348
-7.61    0.0110383
-7.609    0.0110418
-7.608    0.0110453
-7.607    0.0110489
-7.606    0.0110524
-7.605    0.0110559
-7.604    0.0110595
-7.603    0.011063
-7.602    0.0110665
-7.601    0.0110701
-7.6    0.0110736
-7.599    0.0110772
-7.598    0.0110807
-7.597    0.0110843
-7.596    0.0110878
-7.595    0.0110914
-7.594    0.0110949
-7.593    0.0110985
-7.592    0.011102
-7.591    0.0111056
-7.59    0.0111091
-7.589    0.0111127
-7.588    0.0111163
-7.587    0.0111198
-7.586    0.0111234
-7.585    0.011127
-7.584    0.0111305
-7.583    0.0111341
-7.582    0.0111377
-7.581    0.0111413
-7.58    0.0111448
-7.579    0.0111484
-7.578    0.011152
-7.577    0.0111556
-7.576    0.0111592
-7.575    0.0111628
-7.574    0.0111663
-7.573    0.0111699
-7.572    0.0111735
-7.571    0.0111771
-7.57    0.0111807
-7.569    0.0111843
-7.568    0.0111879
-7.567    0.0111915
-7.566    0.0111951
-7.565    0.0111987
-7.564    0.0112023
-7.563    0.0112059
-7.562    0.0112095
-7.561    0.0112132
-7.56    0.0112168
-7.559    0.0112204
-7.558    0.011224
-7.557    0.0112276
-7.556    0.0112312
-7.555    0.0112349
-7.554    0.0112385
-7.553    0.0112421
-7.552    0.0112457
-7.551    0.0112494
-7.55    0.011253
-7.549    0.0112566
-7.548    0.0112603
-7.547    0.0112639
-7.546    0.0112675
-7.545    0.0112712
-7.544    0.0112748
-7.543    0.0112785
-7.542    0.0112821
-7.541    0.0112858
-7.54    0.0112894
-7.539    0.0112931
-7.538    0.0112967
-7.537    0.0113004
-7.536    0.011304
-7.535    0.0113077
-7.534    0.0113114
-7.533    0.011315
-7.532    0.0113187
-7.531    0.0113223
-7.53    0.011326
-7.529    0.0113297
-7.528    0.0113334
-7.527    0.011337
-7.526    0.0113407
-7.525    0.0113444
-7.524    0.0113481
-7.523    0.0113517
-7.522    0.0113554
-7.521    0.0113591
-7.52    0.0113628
-7.519    0.0113665
-7.518    0.0113702
-7.517    0.0113739
-7.516    0.0113776
-7.515    0.0113813
-7.514    0.011385
-7.513    0.0113887
-7.512    0.0113924
-7.511    0.0113961
-7.51    0.0113998
-7.509    0.0114035
-7.508    0.0114072
-7.507    0.0114109
-7.506    0.0114146
-7.505    0.0114183
-7.504    0.011422
-7.503    0.0114258
-7.502    0.0114295
-7.501    0.0114332
-7.5    0.0114369
-7.499    0.0114406
-7.498    0.0114444
-7.497    0.0114481
-7.496    0.0114518
-7.495    0.0114556
-7.494    0.0114593
-7.493    0.011463
-7.492    0.0114668
-7.491    0.0114705
-7.49    0.0114743
-7.489    0.011478
-7.488    0.0114818
-7.487    0.0114855
-7.486    0.0114893
-7.485    0.011493
-7.484    0.0114968
-7.483    0.0115005
-7.482    0.0115043
-7.481    0.011508
-7.48    0.0115118
-7.479    0.0115156
-7.478    0.0115193
-7.477    0.0115231
-7.476    0.0115269
-7.475    0.0115306
-7.474    0.0115344
-7.473    0.0115382
-7.472    0.011542
-7.471    0.0115457
-7.47    0.0115495
-7.469    0.0115533
-7.468    0.0115571
-7.467    0.0115609
-7.466    0.0115647
-7.465    0.0115685
-7.464    0.0115723
-7.463    0.011576
-7.462    0.0115798
-7.461    0.0115836
-7.46    0.0115874
-7.459    0.0115912
-7.458    0.011595
-7.457    0.0115989
-7.456    0.0116027
-7.455    0.0116065
-7.454    0.0116103
-7.453    0.0116141
-7.452    0.0116179
-7.451    0.0116217
-7.45    0.0116256
-7.449    0.0116294
-7.448    0.0116332
-7.447    0.011637
-7.446    0.0116409
-7.445    0.0116447
-7.444    0.0116485
-7.443    0.0116523
-7.442    0.0116562
-7.441    0.01166
-7.44    0.0116639
-7.439    0.0116677
-7.438    0.0116715
-7.437    0.0116754
-7.436    0.0116792
-7.435    0.0116831
-7.434    0.0116869
-7.433    0.0116908
-7.432    0.0116946
-7.431    0.0116985
-7.43    0.0117024
-7.429    0.0117062
-7.428    0.0117101
-7.427    0.011714
-7.426    0.0117178
-7.425    0.0117217
-7.424    0.0117256
-7.423    0.0117294
-7.422    0.0117333
-7.421    0.0117372
-7.42    0.0117411
-7.419    0.0117449
-7.418    0.0117488
-7.417    0.0117527
-7.416    0.0117566
-7.415    0.0117605
-7.414    0.0117644
-7.413    0.0117683
-7.412    0.0117722
-7.411    0.0117761
-7.41    0.01178
-7.409    0.0117839
-7.408    0.0117878
-7.407    0.0117917
-7.406    0.0117956
-7.405    0.0117995
-7.404    0.0118034
-7.403    0.0118073
-7.402    0.0118112
-7.401    0.0118151
-7.4    0.0118191
-7.399    0.011823
-7.398    0.0118269
-7.397    0.0118308
-7.396    0.0118348
-7.395    0.0118387
-7.394    0.0118426
-7.393    0.0118466
-7.392    0.0118505
-7.391    0.0118544
-7.39    0.0118584
-7.389    0.0118623
-7.388    0.0118663
-7.387    0.0118702
-7.386    0.0118741
-7.385    0.0118781
-7.384    0.011882
-7.383    0.011886
-7.382    0.01189
-7.381    0.0118939
-7.38    0.0118979
-7.379    0.0119018
-7.378    0.0119058
-7.377    0.0119098
-7.376    0.0119137
-7.375    0.0119177
-7.374    0.0119217
-7.373    0.0119257
-7.372    0.0119296
-7.371    0.0119336
-7.37    0.0119376
-7.369    0.0119416
-7.368    0.0119456
-7.367    0.0119495
-7.366    0.0119535
-7.365    0.0119575
-7.364    0.0119615
-7.363    0.0119655
-7.362    0.0119695
-7.361    0.0119735
-7.36    0.0119775
-7.359    0.0119815
-7.358    0.0119855
-7.357    0.0119895
-7.356    0.0119935
-7.355    0.0119975
-7.354    0.0120016
-7.353    0.0120056
-7.352    0.0120096
-7.351    0.0120136
-7.35    0.0120176
-7.349    0.0120217
-7.348    0.0120257
-7.347    0.0120297
-7.346    0.0120337
-7.345    0.0120378
-7.344    0.0120418
-7.343    0.0120458
-7.342    0.0120499
-7.341    0.0120539
-7.34    0.012058
-7.339    0.012062
-7.338    0.0120661
-7.337    0.0120701
-7.336    0.0120742
-7.335    0.0120782
-7.334    0.0120823
-7.333    0.0120863
-7.332    0.0120904
-7.331    0.0120944
-7.33    0.0120985
-7.329    0.0121026
-7.328    0.0121066
-7.327    0.0121107
-7.326    0.0121148
-7.325    0.0121189
-7.324    0.0121229
-7.323    0.012127
-7.322    0.0121311
-7.321    0.0121352
-7.32    0.0121393
-7.319    0.0121434
-7.318    0.0121474
-7.317    0.0121515
-7.316    0.0121556
-7.315    0.0121597
-7.314    0.0121638
-7.313    0.0121679
-7.312    0.012172
-7.311    0.0121761
-7.31    0.0121802
-7.309    0.0121843
-7.308    0.0121885
-7.307    0.0121926
-7.306    0.0121967
-7.305    0.0122008
-7.304    0.0122049
-7.303    0.012209
-7.302    0.0122132
-7.301    0.0122173
-7.3    0.0122214
-7.299    0.0122256
-7.298    0.0122297
-7.297    0.0122338
-7.296    0.012238
-7.295    0.0122421
-7.294    0.0122462
-7.293    0.0122504
-7.292    0.0122545
-7.291    0.0122587
-7.29    0.0122628
-7.289    0.012267
-7.288    0.0122711
-7.287    0.0122753
-7.286    0.0122795
-7.285    0.0122836
-7.284    0.0122878
-7.283    0.0122919
-7.282    0.0122961
-7.281    0.0123003
-7.28    0.0123045
-7.279    0.0123086
-7.278    0.0123128
-7.277    0.012317
-7.276    0.0123212
-7.275    0.0123253
-7.274    0.0123295
-7.273    0.0123337
-7.272    0.0123379
-7.271    0.0123421
-7.27    0.0123463
-7.269    0.0123505
-7.268    0.0123547
-7.267    0.0123589
-7.266    0.0123631
-7.265    0.0123673
-7.264    0.0123715
-7.263    0.0123757
-7.262    0.0123799
-7.261    0.0123841
-7.26    0.0123884
-7.259    0.0123926
-7.258    0.0123968
-7.257    0.012401
-7.256    0.0124052
-7.255    0.0124095
-7.254    0.0124137
-7.253    0.0124179
-7.252    0.0124222
-7.251    0.0124264
-7.25    0.0124306
-7.249    0.0124349
-7.248    0.0124391
-7.247    0.0124434
-7.246    0.0124476
-7.245    0.0124519
-7.244    0.0124561
-7.243    0.0124604
-7.242    0.0124646
-7.241    0.0124689
-7.24    0.0124732
-7.239    0.0124774
-7.238    0.0124817
-7.237    0.012486
-7.236    0.0124902
-7.235    0.0124945
-7.234    0.0124988
-7.233    0.0125031
-7.232    0.0125073
-7.231    0.0125116
-7.23    0.0125159
-7.229    0.0125202
-7.228    0.0125245
-7.227    0.0125288
-7.226    0.0125331
-7.225    0.0125374
-7.224    0.0125417
-7.223    0.012546
-7.222    0.0125503
-7.221    0.0125546
-7.22    0.0125589
-7.219    0.0125632
-7.218    0.0125675
-7.217    0.0125718
-7.216    0.0125761
-7.215    0.0125804
-7.214    0.0125848
-7.213    0.0125891
-7.212    0.0125934
-7.211    0.0125977
-7.21    0.0126021
-7.209    0.0126064
-7.208    0.0126107
-7.207    0.0126151
-7.206    0.0126194
-7.205    0.0126237
-7.204    0.0126281
-7.203    0.0126324
-7.202    0.0126368
-7.201    0.0126411
-7.2    0.0126455
-7.199    0.0126498
-7.198    0.0126542
-7.197    0.0126586
-7.196    0.0126629
-7.195    0.0126673
-7.194    0.0126717
-7.193    0.012676
-7.192    0.0126804
-7.191    0.0126848
-7.19    0.0126892
-7.189    0.0126935
-7.188    0.0126979
-7.187    0.0127023
-7.186    0.0127067
-7.185    0.0127111
-7.184    0.0127155
-7.183    0.0127199
-7.182    0.0127243
-7.181    0.0127286
-7.18    0.012733
-7.179    0.0127375
-7.178    0.0127419
-7.177    0.0127463
-7.176    0.0127507
-7.175    0.0127551
-7.174    0.0127595
-7.173    0.0127639
-7.172    0.0127683
-7.171    0.0127728
-7.17    0.0127772
-7.169    0.0127816
-7.168    0.012786
-7.167    0.0127905
-7.166    0.0127949
-7.165    0.0127993
-7.164    0.0128038
-7.163    0.0128082
-7.162    0.0128127
-7.161    0.0128171
-7.16    0.0128216
-7.159    0.012826
-7.158    0.0128305
-7.157    0.0128349
-7.156    0.0128394
-7.155    0.0128438
-7.154    0.0128483
-7.153    0.0128528
-7.152    0.0128572
-7.151    0.0128617
-7.15    0.0128662
-7.149    0.0128706
-7.148    0.0128751
-7.147    0.0128796
-7.146    0.0128841
-7.145    0.0128886
-7.144    0.012893
-7.143    0.0128975
-7.142    0.012902
-7.141    0.0129065
-7.14    0.012911
-7.139    0.0129155
-7.138    0.01292
-7.137    0.0129245
-7.136    0.012929
-7.135    0.0129335
-7.134    0.012938
-7.133    0.0129426
-7.132    0.0129471
-7.131    0.0129516
-7.13    0.0129561
-7.129    0.0129606
-7.128    0.0129652
-7.127    0.0129697
-7.126    0.0129742
-7.125    0.0129788
-7.124    0.0129833
-7.123    0.0129878
-7.122    0.0129924
-7.121    0.0129969
-7.12    0.0130015
-7.119    0.013006
-7.118    0.0130106
-7.117    0.0130151
-7.116    0.0130197
-7.115    0.0130242
-7.114    0.0130288
-7.113    0.0130333
-7.112    0.0130379
-7.111    0.0130425
-7.11    0.0130471
-7.109    0.0130516
-7.108    0.0130562
-7.107    0.0130608
-7.106    0.0130654
-7.105    0.0130699
-7.104    0.0130745
-7.103    0.0130791
-7.102    0.0130837
-7.101    0.0130883
-7.1    0.0130929
-7.099    0.0130975
-7.098    0.0131021
-7.097    0.0131067
-7.096    0.0131113
-7.095    0.0131159
-7.094    0.0131205
-7.093    0.0131251
-7.092    0.0131297
-7.091    0.0131344
-7.09    0.013139
-7.089    0.0131436
-7.088    0.0131482
-7.087    0.0131529
-7.086    0.0131575
-7.085    0.0131621
-7.084    0.0131668
-7.083    0.0131714
-7.082    0.013176
-7.081    0.0131807
-7.08    0.0131853
-7.079    0.01319
-7.078    0.0131946
-7.077    0.0131993
-7.076    0.0132039
-7.075    0.0132086
-7.074    0.0132133
-7.073    0.0132179
-7.072    0.0132226
-7.071    0.0132273
-7.07    0.0132319
-7.069    0.0132366
-7.068    0.0132413
-7.067    0.013246
-7.066    0.0132506
-7.065    0.0132553
-7.064    0.01326
-7.063    0.0132647
-7.062    0.0132694
-7.061    0.0132741
-7.06    0.0132788
-7.059    0.0132835
-7.058    0.0132882
-7.057    0.0132929
-7.056    0.0132976
-7.055    0.0133023
-7.054    0.013307
-7.053    0.0133117
-7.052    0.0133165
-7.051    0.0133212
-7.05    0.0133259
-7.049    0.0133306
-7.048    0.0133354
-7.047    0.0133401
-7.046    0.0133448
-7.045    0.0133496
-7.044    0.0133543
-7.043    0.013359
-7.042    0.0133638
-7.041    0.0133685
-7.04    0.0133733
-7.039    0.013378
-7.038    0.0133828
-7.037    0.0133875
-7.036    0.0133923
-7.035    0.0133971
-7.034    0.0134018
-7.033    0.0134066
-7.032    0.0134114
-7.031    0.0134161
-7.03    0.0134209
-7.029    0.0134257
-7.028    0.0134305
-7.027    0.0134353
-7.026    0.01344
-7.025    0.0134448
-7.024    0.0134496
-7.023    0.0134544
-7.022    0.0134592
-7.021    0.013464
-7.02    0.0134688
-7.019    0.0134736
-7.018    0.0134784
-7.017    0.0134832
-7.016    0.013488
-7.015    0.0134929
-7.014    0.0134977
-7.013    0.0135025
-7.012    0.0135073
-7.011    0.0135122
-7.01    0.013517
-7.009    0.0135218
-7.008    0.0135266
-7.007    0.0135315
-7.006    0.0135363
-7.005    0.0135412
-7.004    0.013546
-7.003    0.0135509
-7.002    0.0135557
-7.001    0.0135606
-7    0.0135654
-6.999    0.0135703
-6.998    0.0135751
-6.997    0.01358
-6.996    0.0135849
-6.995    0.0135897
-6.994    0.0135946
-6.993    0.0135995
-6.992    0.0136044
-6.991    0.0136092
-6.99    0.0136141
-6.989    0.013619
-6.988    0.0136239
-6.987    0.0136288
-6.986    0.0136337
-6.985    0.0136386
-6.984    0.0136435
-6.983    0.0136484
-6.982    0.0136533
-6.981    0.0136582
-6.98    0.0136631
-6.979    0.013668
-6.978    0.0136729
-6.977    0.0136779
-6.976    0.0136828
-6.975    0.0136877
-6.974    0.0136926
-6.973    0.0136976
-6.972    0.0137025
-6.971    0.0137074
-6.97    0.0137124
-6.969    0.0137173
-6.968    0.0137223
-6.967    0.0137272
-6.966    0.0137321
-6.965    0.0137371
-6.964    0.0137421
-6.963    0.013747
-6.962    0.013752
-6.961    0.0137569
-6.96    0.0137619
-6.959    0.0137669
-6.958    0.0137718
-6.957    0.0137768
-6.956    0.0137818
-6.955    0.0137868
-6.954    0.0137918
-6.953    0.0137967
-6.952    0.0138017
-6.951    0.0138067
-6.95    0.0138117
-6.949    0.0138167
-6.948    0.0138217
-6.947    0.0138267
-6.946    0.0138317
-6.945    0.0138367
-6.944    0.0138417
-6.943    0.0138468
-6.942    0.0138518
-6.941    0.0138568
-6.94    0.0138618
-6.939    0.0138668
-6.938    0.0138719
-6.937    0.0138769
-6.936    0.0138819
-6.935    0.013887
-6.934    0.013892
-6.933    0.013897
-6.932    0.0139021
-6.931    0.0139071
-6.93    0.0139122
-6.929    0.0139172
-6.928    0.0139223
-6.927    0.0139274
-6.926    0.0139324
-6.925    0.0139375
-6.924    0.0139426
-6.923    0.0139476
-6.922    0.0139527
-6.921    0.0139578
-6.92    0.0139629
-6.919    0.0139679
-6.918    0.013973
-6.917    0.0139781
-6.916    0.0139832
-6.915    0.0139883
-6.914    0.0139934
-6.913    0.0139985
-6.912    0.0140036
-6.911    0.0140087
-6.91    0.0140138
-6.909    0.0140189
-6.908    0.014024
-6.907    0.0140291
-6.906    0.0140343
-6.905    0.0140394
-6.904    0.0140445
-6.903    0.0140496
-6.902    0.0140548
-6.901    0.0140599
-6.9    0.014065
-6.899    0.0140702
-6.898    0.0140753
-6.897    0.0140805
-6.896    0.0140856
-6.895    0.0140908
-6.894    0.0140959
-6.893    0.0141011
-6.892    0.0141062
-6.891    0.0141114
-6.89    0.0141166
-6.889    0.0141217
-6.888    0.0141269
-6.887    0.0141321
-6.886    0.0141373
-6.885    0.0141425
-6.884    0.0141476
-6.883    0.0141528
-6.882    0.014158
-6.881    0.0141632
-6.88    0.0141684
-6.879    0.0141736
-6.878    0.0141788
-6.877    0.014184
-6.876    0.0141892
-6.875    0.0141944
-6.874    0.0141996
-6.873    0.0142049
-6.872    0.0142101
-6.871    0.0142153
-6.87    0.0142205
-6.869    0.0142258
-6.868    0.014231
-6.867    0.0142362
-6.866    0.0142415
-6.865    0.0142467
-6.864    0.014252
-6.863    0.0142572
-6.862    0.0142624
-6.861    0.0142677
-6.86    0.014273
-6.859    0.0142782
-6.858    0.0142835
-6.857    0.0142887
-6.856    0.014294
-6.855    0.0142993
-6.854    0.0143046
-6.853    0.0143098
-6.852    0.0143151
-6.851    0.0143204
-6.85    0.0143257
-6.849    0.014331
-6.848    0.0143363
-6.847    0.0143416
-6.846    0.0143469
-6.845    0.0143522
-6.844    0.0143575
-6.843    0.0143628
-6.842    0.0143681
-6.841    0.0143734
-6.84    0.0143787
-6.839    0.014384
-6.838    0.0143894
-6.837    0.0143947
-6.836    0.0144
-6.835    0.0144053
-6.834    0.0144107
-6.833    0.014416
-6.832    0.0144214
-6.831    0.0144267
-6.83    0.0144321
-6.829    0.0144374
-6.828    0.0144428
-6.827    0.0144481
-6.826    0.0144535
-6.825    0.0144588
-6.824    0.0144642
-6.823    0.0144696
-6.822    0.0144749
-6.821    0.0144803
-6.82    0.0144857
-6.819    0.0144911
-6.818    0.0144965
-6.817    0.0145019
-6.816    0.0145072
-6.815    0.0145126
-6.814    0.014518
-6.813    0.0145234
-6.812    0.0145288
-6.811    0.0145343
-6.81    0.0145397
-6.809    0.0145451
-6.808    0.0145505
-6.807    0.0145559
-6.806    0.0145613
-6.805    0.0145668
-6.804    0.0145722
-6.803    0.0145776
-6.802    0.0145831
-6.801    0.0145885
-6.8    0.0145939
-6.799    0.0145994
-6.798    0.0146048
-6.797    0.0146103
-6.796    0.0146157
-6.795    0.0146212
-6.794    0.0146266
-6.793    0.0146321
-6.792    0.0146376
-6.791    0.014643
-6.79    0.0146485
-6.789    0.014654
-6.788    0.0146595
-6.787    0.014665
-6.786    0.0146704
-6.785    0.0146759
-6.784    0.0146814
-6.783    0.0146869
-6.782    0.0146924
-6.781    0.0146979
-6.78    0.0147034
-6.779    0.0147089
-6.778    0.0147145
-6.777    0.01472
-6.776    0.0147255
-6.775    0.014731
-6.774    0.0147365
-6.773    0.0147421
-6.772    0.0147476
-6.771    0.0147531
-6.77    0.0147587
-6.769    0.0147642
-6.768    0.0147697
-6.767    0.0147753
-6.766    0.0147808
-6.765    0.0147864
-6.764    0.014792
-6.763    0.0147975
-6.762    0.0148031
-6.761    0.0148086
-6.76    0.0148142
-6.759    0.0148198
-6.758    0.0148254
-6.757    0.0148309
-6.756    0.0148365
-6.755    0.0148421
-6.754    0.0148477
-6.753    0.0148533
-6.752    0.0148589
-6.751    0.0148645
-6.75    0.0148701
-6.749    0.0148757
-6.748    0.0148813
-6.747    0.0148869
-6.746    0.0148925
-6.745    0.0148982
-6.744    0.0149038
-6.743    0.0149094
-6.742    0.014915
-6.741    0.0149207
-6.74    0.0149263
-6.739    0.0149319
-6.738    0.0149376
-6.737    0.0149432
-6.736    0.0149489
-6.735    0.0149545
-6.734    0.0149602
-6.733    0.0149658
-6.732    0.0149715
-6.731    0.0149772
-6.73    0.0149828
-6.729    0.0149885
-6.728    0.0149942
-6.727    0.0149999
-6.726    0.0150056
-6.725    0.0150112
-6.724    0.0150169
-6.723    0.0150226
-6.722    0.0150283
-6.721    0.015034
-6.72    0.0150397
-6.719    0.0150454
-6.718    0.0150511
-6.717    0.0150568
-6.716    0.0150626
-6.715    0.0150683
-6.714    0.015074
-6.713    0.0150797
-6.712    0.0150855
-6.711    0.0150912
-6.71    0.0150969
-6.709    0.0151027
-6.708    0.0151084
-6.707    0.0151142
-6.706    0.0151199
-6.705    0.0151257
-6.704    0.0151314
-6.703    0.0151372
-6.702    0.0151429
-6.701    0.0151487
-6.7    0.0151545
-6.699    0.0151603
-6.698    0.015166
-6.697    0.0151718
-6.696    0.0151776
-6.695    0.0151834
-6.694    0.0151892
-6.693    0.015195
-6.692    0.0152008
-6.691    0.0152066
-6.69    0.0152124
-6.689    0.0152182
-6.688    0.015224
-6.687    0.0152298
-6.686    0.0152356
-6.685    0.0152415
-6.684    0.0152473
-6.683    0.0152531
-6.682    0.0152589
-6.681    0.0152648
-6.68    0.0152706
-6.679    0.0152765
-6.678    0.0152823
-6.677    0.0152882
-6.676    0.015294
-6.675    0.0152999
-6.674    0.0153057
-6.673    0.0153116
-6.672    0.0153175
-6.671    0.0153233
-6.67    0.0153292
-6.669    0.0153351
-6.668    0.015341
-6.667    0.0153469
-6.666    0.0153527
-6.665    0.0153586
-6.664    0.0153645
-6.663    0.0153704
-6.662    0.0153763
-6.661    0.0153822
-6.66    0.0153882
-6.659    0.0153941
-6.658    0.0154
-6.657    0.0154059
-6.656    0.0154118
-6.655    0.0154178
-6.654    0.0154237
-6.653    0.0154296
-6.652    0.0154356
-6.651    0.0154415
-6.65    0.0154475
-6.649    0.0154534
-6.648    0.0154594
-6.647    0.0154653
-6.646    0.0154713
-6.645    0.0154772
-6.644    0.0154832
-6.643    0.0154892
-6.642    0.0154951
-6.641    0.0155011
-6.64    0.0155071
-6.639    0.0155131
-6.638    0.0155191
-6.637    0.0155251
-6.636    0.0155311
-6.635    0.0155371
-6.634    0.0155431
-6.633    0.0155491
-6.632    0.0155551
-6.631    0.0155611
-6.63    0.0155671
-6.629    0.0155731
-6.628    0.0155792
-6.627    0.0155852
-6.626    0.0155912
-6.625    0.0155973
-6.624    0.0156033
-6.623    0.0156093
-6.622    0.0156154
-6.621    0.0156214
-6.62    0.0156275
-6.619    0.0156336
-6.618    0.0156396
-6.617    0.0156457
-6.616    0.0156517
-6.615    0.0156578
-6.614    0.0156639
-6.613    0.01567
-6.612    0.0156761
-6.611    0.0156821
-6.61    0.0156882
-6.609    0.0156943
-6.608    0.0157004
-6.607    0.0157065
-6.606    0.0157126
-6.605    0.0157187
-6.604    0.0157249
-6.603    0.015731
-6.602    0.0157371
-6.601    0.0157432
-6.6    0.0157493
-6.599    0.0157555
-6.598    0.0157616
-6.597    0.0157678
-6.596    0.0157739
-6.595    0.01578
-6.594    0.0157862
-6.593    0.0157923
-6.592    0.0157985
-6.591    0.0158047
-6.59    0.0158108
-6.589    0.015817
-6.588    0.0158232
-6.587    0.0158293
-6.586    0.0158355
-6.585    0.0158417
-6.584    0.0158479
-6.583    0.0158541
-6.582    0.0158603
-6.581    0.0158665
-6.58    0.0158727
-6.579    0.0158789
-6.578    0.0158851
-6.577    0.0158913
-6.576    0.0158975
-6.575    0.0159038
-6.574    0.01591
-6.573    0.0159162
-6.572    0.0159224
-6.571    0.0159287
-6.57    0.0159349
-6.569    0.0159412
-6.568    0.0159474
-6.567    0.0159537
-6.566    0.0159599
-6.565    0.0159662
-6.564    0.0159725
-6.563    0.0159787
-6.562    0.015985
-6.561    0.0159913
-6.56    0.0159975
-6.559    0.0160038
-6.558    0.0160101
-6.557    0.0160164
-6.556    0.0160227
-6.555    0.016029
-6.554    0.0160353
-6.553    0.0160416
-6.552    0.0160479
-6.551    0.0160542
-6.55    0.0160605
-6.549    0.0160669
-6.548    0.0160732
-6.547    0.0160795
-6.546    0.0160859
-6.545    0.0160922
-6.544    0.0160985
-6.543    0.0161049
-6.542    0.0161112
-6.541    0.0161176
-6.54    0.0161239
-6.539    0.0161303
-6.538    0.0161367
-6.537    0.016143
-6.536    0.0161494
-6.535    0.0161558
-6.534    0.0161622
-6.533    0.0161685
-6.532    0.0161749
-6.531    0.0161813
-6.53    0.0161877
-6.529    0.0161941
-6.528    0.0162005
-6.527    0.0162069
-6.526    0.0162133
-6.525    0.0162198
-6.524    0.0162262
-6.523    0.0162326
-6.522    0.016239
-6.521    0.0162455
-6.52    0.0162519
-6.519    0.0162583
-6.518    0.0162648
-6.517    0.0162712
-6.516    0.0162777
-6.515    0.0162841
-6.514    0.0162906
-6.513    0.0162971
-6.512    0.0163035
-6.511    0.01631
-6.51    0.0163165
-6.509    0.016323
-6.508    0.0163294
-6.507    0.0163359
-6.506    0.0163424
-6.505    0.0163489
-6.504    0.0163554
-6.503    0.0163619
-6.502    0.0163684
-6.501    0.0163749
-6.5    0.0163815
-6.499    0.016388
-6.498    0.0163945
-6.497    0.016401
-6.496    0.0164076
-6.495    0.0164141
-6.494    0.0164206
-6.493    0.0164272
-6.492    0.0164337
-6.491    0.0164403
-6.49    0.0164468
-6.489    0.0164534
-6.488    0.01646
-6.487    0.0164665
-6.486    0.0164731
-6.485    0.0164797
-6.484    0.0164863
-6.483    0.0164929
-6.482    0.0164994
-6.481    0.016506
-6.48    0.0165126
-6.479    0.0165192
-6.478    0.0165258
-6.477    0.0165324
-6.476    0.0165391
-6.475    0.0165457
-6.474    0.0165523
-6.473    0.0165589
-6.472    0.0165656
-6.471    0.0165722
-6.47    0.0165788
-6.469    0.0165855
-6.468    0.0165921
-6.467    0.0165988
-6.466    0.0166054
-6.465    0.0166121
-6.464    0.0166188
-6.463    0.0166254
-6.462    0.0166321
-6.461    0.0166388
-6.46    0.0166455
-6.459    0.0166521
-6.458    0.0166588
-6.457    0.0166655
-6.456    0.0166722
-6.455    0.0166789
-6.454    0.0166856
-6.453    0.0166923
-6.452    0.016699
-6.451    0.0167058
-6.45    0.0167125
-6.449    0.0167192
-6.448    0.0167259
-6.447    0.0167327
-6.446    0.0167394
-6.445    0.0167462
-6.444    0.0167529
-6.443    0.0167597
-6.442    0.0167664
-6.441    0.0167732
-6.44    0.0167799
-6.439    0.0167867
-6.438    0.0167935
-6.437    0.0168003
-6.436    0.0168071
-6.435    0.0168138
-6.434    0.0168206
-6.433    0.0168274
-6.432    0.0168342
-6.431    0.016841
-6.43    0.0168478
-6.429    0.0168546
-6.428    0.0168615
-6.427    0.0168683
-6.426    0.0168751
-6.425    0.0168819
-6.424    0.0168888
-6.423    0.0168956
-6.422    0.0169025
-6.421    0.0169093
-6.42    0.0169161
-6.419    0.016923
-6.418    0.0169299
-6.417    0.0169367
-6.416    0.0169436
-6.415    0.0169505
-6.414    0.0169573
-6.413    0.0169642
-6.412    0.0169711
-6.411    0.016978
-6.41    0.0169849
-6.409    0.0169918
-6.408    0.0169987
-6.407    0.0170056
-6.406    0.0170125
-6.405    0.0170194
-6.404    0.0170264
-6.403    0.0170333
-6.402    0.0170402
-6.401    0.0170471
-6.4    0.0170541
-6.399    0.017061
-6.398    0.017068
-6.397    0.0170749
-6.396    0.0170819
-6.395    0.0170888
-6.394    0.0170958
-6.393    0.0171028
-6.392    0.0171098
-6.391    0.0171167
-6.39    0.0171237
-6.389    0.0171307
-6.388    0.0171377
-6.387    0.0171447
-6.386    0.0171517
-6.385    0.0171587
-6.384    0.0171657
-6.383    0.0171727
-6.382    0.0171797
-6.381    0.0171868
-6.38    0.0171938
-6.379    0.0172008
-6.378    0.0172079
-6.377    0.0172149
-6.376    0.0172219
-6.375    0.017229
-6.374    0.017236
-6.373    0.0172431
-6.372    0.0172502
-6.371    0.0172572
-6.37    0.0172643
-6.369    0.0172714
-6.368    0.0172785
-6.367    0.0172856
-6.366    0.0172926
-6.365    0.0172997
-6.364    0.0173068
-6.363    0.0173139
-6.362    0.017321
-6.361    0.0173282
-6.36    0.0173353
-6.359    0.0173424
-6.358    0.0173495
-6.357    0.0173567
-6.356    0.0173638
-6.355    0.0173709
-6.354    0.0173781
-6.353    0.0173852
-6.352    0.0173924
-6.351    0.0173995
-6.35    0.0174067
-6.349    0.0174139
-6.348    0.0174211
-6.347    0.0174282
-6.346    0.0174354
-6.345    0.0174426
-6.344    0.0174498
-6.343    0.017457
-6.342    0.0174642
-6.341    0.0174714
-6.34    0.0174786
-6.339    0.0174858
-6.338    0.017493
-6.337    0.0175003
-6.336    0.0175075
-6.335    0.0175147
-6.334    0.017522
-6.333    0.0175292
-6.332    0.0175365
-6.331    0.0175437
-6.33    0.017551
-6.329    0.0175582
-6.328    0.0175655
-6.327    0.0175728
-6.326    0.01758
-6.325    0.0175873
-6.324    0.0175946
-6.323    0.0176019
-6.322    0.0176092
-6.321    0.0176165
-6.32    0.0176238
-6.319    0.0176311
-6.318    0.0176384
-6.317    0.0176457
-6.316    0.0176531
-6.315    0.0176604
-6.314    0.0176677
-6.313    0.017675
-6.312    0.0176824
-6.311    0.0176897
-6.31    0.0176971
-6.309    0.0177044
-6.308    0.0177118
-6.307    0.0177192
-6.306    0.0177265
-6.305    0.0177339
-6.304    0.0177413
-6.303    0.0177487
-6.302    0.0177561
-6.301    0.0177635
-6.3    0.0177709
-6.299    0.0177783
-6.298    0.0177857
-6.297    0.0177931
-6.296    0.0178005
-6.295    0.0178079
-6.294    0.0178154
-6.293    0.0178228
-6.292    0.0178302
-6.291    0.0178377
-6.29    0.0178451
-6.289    0.0178526
-6.288    0.01786
-6.287    0.0178675
-6.286    0.017875
-6.285    0.0178824
-6.284    0.0178899
-6.283    0.0178974
-6.282    0.0179049
-6.281    0.0179124
-6.28    0.0179199
-6.279    0.0179274
-6.278    0.0179349
-6.277    0.0179424
-6.276    0.0179499
-6.275    0.0179574
-6.274    0.017965
-6.273    0.0179725
-6.272    0.01798
-6.271    0.0179876
-6.27    0.0179951
-6.269    0.0180027
-6.268    0.0180102
-6.267    0.0180178
-6.266    0.0180253
-6.265    0.0180329
-6.264    0.0180405
-6.263    0.0180481
-6.262    0.0180556
-6.261    0.0180632
-6.26    0.0180708
-6.259    0.0180784
-6.258    0.018086
-6.257    0.0180937
-6.256    0.0181013
-6.255    0.0181089
-6.254    0.0181165
-6.253    0.0181241
-6.252    0.0181318
-6.251    0.0181394
-6.25    0.0181471
-6.249    0.0181547
-6.248    0.0181624
-6.247    0.01817
-6.246    0.0181777
-6.245    0.0181854
-6.244    0.018193
-6.243    0.0182007
-6.242    0.0182084
-6.241    0.0182161
-6.24    0.0182238
-6.239    0.0182315
-6.238    0.0182392
-6.237    0.0182469
-6.236    0.0182546
-6.235    0.0182624
-6.234    0.0182701
-6.233    0.0182778
-6.232    0.0182856
-6.231    0.0182933
-6.23    0.018301
-6.229    0.0183088
-6.228    0.0183166
-6.227    0.0183243
-6.226    0.0183321
-6.225    0.0183399
-6.224    0.0183476
-6.223    0.0183554
-6.222    0.0183632
-6.221    0.018371
-6.22    0.0183788
-6.219    0.0183866
-6.218    0.0183944
-6.217    0.0184022
-6.216    0.01841
-6.215    0.0184179
-6.214    0.0184257
-6.213    0.0184335
-6.212    0.0184414
-6.211    0.0184492
-6.21    0.0184571
-6.209    0.0184649
-6.208    0.0184728
-6.207    0.0184807
-6.206    0.0184885
-6.205    0.0184964
-6.204    0.0185043
-6.203    0.0185122
-6.202    0.0185201
-6.201    0.018528
-6.2    0.0185359
-6.199    0.0185438
-6.198    0.0185517
-6.197    0.0185596
-6.196    0.0185675
-6.195    0.0185755
-6.194    0.0185834
-6.193    0.0185913
-6.192    0.0185993
-6.191    0.0186072
-6.19    0.0186152
-6.189    0.0186231
-6.188    0.0186311
-6.187    0.0186391
-6.186    0.0186471
-6.185    0.018655
-6.184    0.018663
-6.183    0.018671
-6.182    0.018679
-6.181    0.018687
-6.18    0.018695
-6.179    0.0187031
-6.178    0.0187111
-6.177    0.0187191
-6.176    0.0187271
-6.175    0.0187352
-6.174    0.0187432
-6.173    0.0187513
-6.172    0.0187593
-6.171    0.0187674
-6.17    0.0187754
-6.169    0.0187835
-6.168    0.0187916
-6.167    0.0187997
-6.166    0.0188077
-6.165    0.0188158
-6.164    0.0188239
-6.163    0.018832
-6.162    0.0188401
-6.161    0.0188483
-6.16    0.0188564
-6.159    0.0188645
-6.158    0.0188726
-6.157    0.0188808
-6.156    0.0188889
-6.155    0.018897
-6.154    0.0189052
-6.153    0.0189133
-6.152    0.0189215
-6.151    0.0189297
-6.15    0.0189378
-6.149    0.018946
-6.148    0.0189542
-6.147    0.0189624
-6.146    0.0189706
-6.145    0.0189788
-6.144    0.018987
-6.143    0.0189952
-6.142    0.0190034
-6.141    0.0190117
-6.14    0.0190199
-6.139    0.0190281
-6.138    0.0190364
-6.137    0.0190446
-6.136    0.0190529
-6.135    0.0190611
-6.134    0.0190694
-6.133    0.0190776
-6.132    0.0190859
-6.131    0.0190942
-6.13    0.0191025
-6.129    0.0191108
-6.128    0.0191191
-6.127    0.0191274
-6.126    0.0191357
-6.125    0.019144
-6.124    0.0191523
-6.123    0.0191606
-6.122    0.0191689
-6.121    0.0191773
-6.12    0.0191856
-6.119    0.019194
-6.118    0.0192023
-6.117    0.0192107
-6.116    0.019219
-6.115    0.0192274
-6.114    0.0192358
-6.113    0.0192442
-6.112    0.0192526
-6.111    0.0192609
-6.11    0.0192693
-6.109    0.0192777
-6.108    0.0192862
-6.107    0.0192946
-6.106    0.019303
-6.105    0.0193114
-6.104    0.0193199
-6.103    0.0193283
-6.102    0.0193367
-6.101    0.0193452
-6.1    0.0193536
-6.099    0.0193621
-6.098    0.0193706
-6.097    0.019379
-6.096    0.0193875
-6.095    0.019396
-6.094    0.0194045
-6.093    0.019413
-6.092    0.0194215
-6.091    0.01943
-6.09    0.0194385
-6.089    0.019447
-6.088    0.0194556
-6.087    0.0194641
-6.086    0.0194726
-6.085    0.0194812
-6.084    0.0194897
-6.083    0.0194983
-6.082    0.0195068
-6.081    0.0195154
-6.08    0.019524
-6.079    0.0195325
-6.078    0.0195411
-6.077    0.0195497
-6.076    0.0195583
-6.075    0.0195669
-6.074    0.0195755
-6.073    0.0195841
-6.072    0.0195928
-6.071    0.0196014
-6.07    0.01961
-6.069    0.0196186
-6.068    0.0196273
-6.067    0.0196359
-6.066    0.0196446
-6.065    0.0196533
-6.064    0.0196619
-6.063    0.0196706
-6.062    0.0196793
-6.061    0.019688
-6.06    0.0196966
-6.059    0.0197053
-6.058    0.019714
-6.057    0.0197228
-6.056    0.0197315
-6.055    0.0197402
-6.054    0.0197489
-6.053    0.0197577
-6.052    0.0197664
-6.051    0.0197751
-6.05    0.0197839
-6.049    0.0197926
-6.048    0.0198014
-6.047    0.0198102
-6.046    0.019819
-6.045    0.0198277
-6.044    0.0198365
-6.043    0.0198453
-6.042    0.0198541
-6.041    0.0198629
-6.04    0.0198717
-6.039    0.0198806
-6.038    0.0198894
-6.037    0.0198982
-6.036    0.019907
-6.035    0.0199159
-6.034    0.0199247
-6.033    0.0199336
-6.032    0.0199425
-6.031    0.0199513
-6.03    0.0199602
-6.029    0.0199691
-6.028    0.019978
-6.027    0.0199869
-6.026    0.0199957
-6.025    0.0200047
-6.024    0.0200136
-6.023    0.0200225
-6.022    0.0200314
-6.021    0.0200403
-6.02    0.0200493
-6.019    0.0200582
-6.018    0.0200672
-6.017    0.0200761
-6.016    0.0200851
-6.015    0.020094
-6.014    0.020103
-6.013    0.020112
-6.012    0.020121
-6.011    0.02013
-6.01    0.020139
-6.009    0.020148
-6.008    0.020157
-6.007    0.020166
-6.006    0.020175
-6.005    0.0201841
-6.004    0.0201931
-6.003    0.0202021
-6.002    0.0202112
-6.001    0.0202202
-6    0.0202293
-5.999    0.0202384
-5.998    0.0202474
-5.997    0.0202565
-5.996    0.0202656
-5.995    0.0202747
-5.994    0.0202838
-5.993    0.0202929
-5.992    0.020302
-5.991    0.0203111
-5.99    0.0203203
-5.989    0.0203294
-5.988    0.0203385
-5.987    0.0203477
-5.986    0.0203568
-5.985    0.020366
-5.984    0.0203752
-5.983    0.0203843
-5.982    0.0203935
-5.981    0.0204027
-5.98    0.0204119
-5.979    0.0204211
-5.978    0.0204303
-5.977    0.0204395
-5.976    0.0204487
-5.975    0.0204579
-5.974    0.0204671
-5.973    0.0204764
-5.972    0.0204856
-5.971    0.0204949
-5.97    0.0205041
-5.969    0.0205134
-5.968    0.0205227
-5.967    0.0205319
-5.966    0.0205412
-5.965    0.0205505
-5.964    0.0205598
-5.963    0.0205691
-5.962    0.0205784
-5.961    0.0205877
-5.96    0.020597
-5.959    0.0206064
-5.958    0.0206157
-5.957    0.020625
-5.956    0.0206344
-5.955    0.0206437
-5.954    0.0206531
-5.953    0.0206625
-5.952    0.0206718
-5.951    0.0206812
-5.95    0.0206906
-5.949    0.0207
-5.948    0.0207094
-5.947    0.0207188
-5.946    0.0207282
-5.945    0.0207376
-5.944    0.0207471
-5.943    0.0207565
-5.942    0.0207659
-5.941    0.0207754
-5.94    0.0207848
-5.939    0.0207943
-5.938    0.0208038
-5.937    0.0208132
-5.936    0.0208227
-5.935    0.0208322
-5.934    0.0208417
-5.933    0.0208512
-5.932    0.0208607
-5.931    0.0208702
-5.93    0.0208798
-5.929    0.0208893
-5.928    0.0208988
-5.927    0.0209084
-5.926    0.0209179
-5.925    0.0209275
-5.924    0.020937
-5.923    0.0209466
-5.922    0.0209562
-5.921    0.0209658
-5.92    0.0209754
-5.919    0.0209849
-5.918    0.0209946
-5.917    0.0210042
-5.916    0.0210138
-5.915    0.0210234
-5.914    0.021033
-5.913    0.0210427
-5.912    0.0210523
-5.911    0.021062
-5.91    0.0210716
-5.909    0.0210813
-5.908    0.021091
-5.907    0.0211006
-5.906    0.0211103
-5.905    0.02112
-5.904    0.0211297
-5.903    0.0211394
-5.902    0.0211492
-5.901    0.0211589
-5.9    0.0211686
-5.899    0.0211783
-5.898    0.0211881
-5.897    0.0211978
-5.896    0.0212076
-5.895    0.0212174
-5.894    0.0212271
-5.893    0.0212369
-5.892    0.0212467
-5.891    0.0212565
-5.89    0.0212663
-5.889    0.0212761
-5.888    0.0212859
-5.887    0.0212957
-5.886    0.0213055
-5.885    0.0213154
-5.884    0.0213252
-5.883    0.0213351
-5.882    0.0213449
-5.881    0.0213548
-5.88    0.0213647
-5.879    0.0213745
-5.878    0.0213844
-5.877    0.0213943
-5.876    0.0214042
-5.875    0.0214141
-5.874    0.021424
-5.873    0.021434
-5.872    0.0214439
-5.871    0.0214538
-5.87    0.0214638
-5.869    0.0214737
-5.868    0.0214837
-5.867    0.0214936
-5.866    0.0215036
-5.865    0.0215136
-5.864    0.0215236
-5.863    0.0215336
-5.862    0.0215436
-5.861    0.0215536
-5.86    0.0215636
-5.859    0.0215736
-5.858    0.0215836
-5.857    0.0215937
-5.856    0.0216037
-5.855    0.0216138
-5.854    0.0216238
-5.853    0.0216339
-5.852    0.021644
-5.851    0.021654
-5.85    0.0216641
-5.849    0.0216742
-5.848    0.0216843
-5.847    0.0216944
-5.846    0.0217046
-5.845    0.0217147
-5.844    0.0217248
-5.843    0.021735
-5.842    0.0217451
-5.841    0.0217553
-5.84    0.0217654
-5.839    0.0217756
-5.838    0.0217858
-5.837    0.0217959
-5.836    0.0218061
-5.835    0.0218163
-5.834    0.0218265
-5.833    0.0218368
-5.832    0.021847
-5.831    0.0218572
-5.83    0.0218674
-5.829    0.0218777
-5.828    0.0218879
-5.827    0.0218982
-5.826    0.0219085
-5.825    0.0219187
-5.824    0.021929
-5.823    0.0219393
-5.822    0.0219496
-5.821    0.0219599
-5.82    0.0219702
-5.819    0.0219805
-5.818    0.0219909
-5.817    0.0220012
-5.816    0.0220115
-5.815    0.0220219
-5.814    0.0220323
-5.813    0.0220426
-5.812    0.022053
-5.811    0.0220634
-5.81    0.0220738
-5.809    0.0220842
-5.808    0.0220946
-5.807    0.022105
-5.806    0.0221154
-5.805    0.0221258
-5.804    0.0221363
-5.803    0.0221467
-5.802    0.0221571
-5.801    0.0221676
-5.8    0.0221781
-5.799    0.0221885
-5.798    0.022199
-5.797    0.0222095
-5.796    0.02222
-5.795    0.0222305
-5.794    0.022241
-5.793    0.0222515
-5.792    0.0222621
-5.791    0.0222726
-5.79    0.0222832
-5.789    0.0222937
-5.788    0.0223043
-5.787    0.0223148
-5.786    0.0223254
-5.785    0.022336
-5.784    0.0223466
-5.783    0.0223572
-5.782    0.0223678
-5.781    0.0223784
-5.78    0.022389
-5.779    0.0223996
-5.778    0.0224103
-5.777    0.0224209
-5.776    0.0224316
-5.775    0.0224422
-5.774    0.0224529
-5.773    0.0224636
-5.772    0.0224743
-5.771    0.022485
-5.77    0.0224957
-5.769    0.0225064
-5.768    0.0225171
-5.767    0.0225278
-5.766    0.0225386
-5.765    0.0225493
-5.764    0.02256
-5.763    0.0225708
-5.762    0.0225816
-5.761    0.0225923
-5.76    0.0226031
-5.759    0.0226139
-5.758    0.0226247
-5.757    0.0226355
-5.756    0.0226463
-5.755    0.0226572
-5.754    0.022668
-5.753    0.0226788
-5.752    0.0226897
-5.751    0.0227005
-5.75    0.0227114
-5.749    0.0227223
-5.748    0.0227331
-5.747    0.022744
-5.746    0.0227549
-5.745    0.0227658
-5.744    0.0227767
-5.743    0.0227876
-5.742    0.0227986
-5.741    0.0228095
-5.74    0.0228205
-5.739    0.0228314
-5.738    0.0228424
-5.737    0.0228533
-5.736    0.0228643
-5.735    0.0228753
-5.734    0.0228863
-5.733    0.0228973
-5.732    0.0229083
-5.731    0.0229193
-5.73    0.0229304
-5.729    0.0229414
-5.728    0.0229524
-5.727    0.0229635
-5.726    0.0229745
-5.725    0.0229856
-5.724    0.0229967
-5.723    0.0230078
-5.722    0.0230189
-5.721    0.02303
-5.72    0.0230411
-5.719    0.0230522
-5.718    0.0230633
-5.717    0.0230745
-5.716    0.0230856
-5.715    0.0230968
-5.714    0.0231079
-5.713    0.0231191
-5.712    0.0231303
-5.711    0.0231415
-5.71    0.0231527
-5.709    0.0231639
-5.708    0.0231751
-5.707    0.0231863
-5.706    0.0231975
-5.705    0.0232088
-5.704    0.02322
-5.703    0.0232313
-5.702    0.0232425
-5.701    0.0232538
-5.7    0.0232651
-5.699    0.0232764
-5.698    0.0232877
-5.697    0.023299
-5.696    0.0233103
-5.695    0.0233216
-5.694    0.0233329
-5.693    0.0233443
-5.692    0.0233556
-5.691    0.023367
-5.69    0.0233784
-5.689    0.0233897
-5.688    0.0234011
-5.687    0.0234125
-5.686    0.0234239
-5.685    0.0234353
-5.684    0.0234467
-5.683    0.0234582
-5.682    0.0234696
-5.681    0.023481
-5.68    0.0234925
-5.679    0.023504
-5.678    0.0235154
-5.677    0.0235269
-5.676    0.0235384
-5.675    0.0235499
-5.674    0.0235614
-5.673    0.0235729
-5.672    0.0235845
-5.671    0.023596
-5.67    0.0236075
-5.669    0.0236191
-5.668    0.0236306
-5.667    0.0236422
-5.666    0.0236538
-5.665    0.0236654
-5.664    0.023677
-5.663    0.0236886
-5.662    0.0237002
-5.661    0.0237118
-5.66    0.0237234
-5.659    0.0237351
-5.658    0.0237467
-5.657    0.0237584
-5.656    0.02377
-5.655    0.0237817
-5.654    0.0237934
-5.653    0.0238051
-5.652    0.0238168
-5.651    0.0238285
-5.65    0.0238402
-5.649    0.023852
-5.648    0.0238637
-5.647    0.0238755
-5.646    0.0238872
-5.645    0.023899
-5.644    0.0239108
-5.643    0.0239225
-5.642    0.0239343
-5.641    0.0239461
-5.64    0.0239579
-5.639    0.0239698
-5.638    0.0239816
-5.637    0.0239934
-5.636    0.0240053
-5.635    0.0240171
-5.634    0.024029
-5.633    0.0240409
-5.632    0.0240528
-5.631    0.0240647
-5.63    0.0240766
-5.629    0.0240885
-5.628    0.0241004
-5.627    0.0241123
-5.626    0.0241243
-5.625    0.0241362
-5.624    0.0241482
-5.623    0.0241602
-5.622    0.0241721
-5.621    0.0241841
-5.62    0.0241961
-5.619    0.0242081
-5.618    0.0242201
-5.617    0.0242322
-5.616    0.0242442
-5.615    0.0242562
-5.614    0.0242683
-5.613    0.0242804
-5.612    0.0242924
-5.611    0.0243045
-5.61    0.0243166
-5.609    0.0243287
-5.608    0.0243408
-5.607    0.0243529
-5.606    0.0243651
-5.605    0.0243772
-5.604    0.0243893
-5.603    0.0244015
-5.602    0.0244137
-5.601    0.0244258
-5.6    0.024438
-5.599    0.0244502
-5.598    0.0244624
-5.597    0.0244746
-5.596    0.0244869
-5.595    0.0244991
-5.594    0.0245113
-5.593    0.0245236
-5.592    0.0245358
-5.591    0.0245481
-5.59    0.0245604
-5.589    0.0245727
-5.588    0.024585
-5.587    0.0245973
-5.586    0.0246096
-5.585    0.024622
-5.584    0.0246343
-5.583    0.0246466
-5.582    0.024659
-5.581    0.0246714
-5.58    0.0246837
-5.579    0.0246961
-5.578    0.0247085
-5.577    0.0247209
-5.576    0.0247334
-5.575    0.0247458
-5.574    0.0247582
-5.573    0.0247707
-5.572    0.0247831
-5.571    0.0247956
-5.57    0.0248081
-5.569    0.0248206
-5.568    0.024833
-5.567    0.0248456
-5.566    0.0248581
-5.565    0.0248706
-5.564    0.0248831
-5.563    0.0248957
-5.562    0.0249082
-5.561    0.0249208
-5.56    0.0249334
-5.559    0.024946
-5.558    0.0249585
-5.557    0.0249712
-5.556    0.0249838
-5.555    0.0249964
-5.554    0.025009
-5.553    0.0250217
-5.552    0.0250343
-5.551    0.025047
-5.55    0.0250597
-5.549    0.0250724
-5.548    0.025085
-5.547    0.0250978
-5.546    0.0251105
-5.545    0.0251232
-5.544    0.0251359
-5.543    0.0251487
-5.542    0.0251614
-5.541    0.0251742
-5.54    0.025187
-5.539    0.0251998
-5.538    0.0252126
-5.537    0.0252254
-5.536    0.0252382
-5.535    0.025251
-5.534    0.0252638
-5.533    0.0252767
-5.532    0.0252896
-5.531    0.0253024
-5.53    0.0253153
-5.529    0.0253282
-5.528    0.0253411
-5.527    0.025354
-5.526    0.0253669
-5.525    0.0253799
-5.524    0.0253928
-5.523    0.0254057
-5.522    0.0254187
-5.521    0.0254317
-5.52    0.0254447
-5.519    0.0254577
-5.518    0.0254707
-5.517    0.0254837
-5.516    0.0254967
-5.515    0.0255097
-5.514    0.0255228
-5.513    0.0255358
-5.512    0.0255489
-5.511    0.025562
-5.51    0.0255751
-5.509    0.0255882
-5.508    0.0256013
-5.507    0.0256144
-5.506    0.0256275
-5.505    0.0256406
-5.504    0.0256538
-5.503    0.025667
-5.502    0.0256801
-5.501    0.0256933
-5.5    0.0257065
-5.499    0.0257197
-5.498    0.0257329
-5.497    0.0257461
-5.496    0.0257594
-5.495    0.0257726
-5.494    0.0257859
-5.493    0.0257991
-5.492    0.0258124
-5.491    0.0258257
-5.49    0.025839
-5.489    0.0258523
-5.488    0.0258656
-5.487    0.025879
-5.486    0.0258923
-5.485    0.0259057
-5.484    0.025919
-5.483    0.0259324
-5.482    0.0259458
-5.481    0.0259592
-5.48    0.0259726
-5.479    0.025986
-5.478    0.0259994
-5.477    0.0260129
-5.476    0.0260263
-5.475    0.0260398
-5.474    0.0260533
-5.473    0.0260668
-5.472    0.0260803
-5.471    0.0260938
-5.47    0.0261073
-5.469    0.0261208
-5.468    0.0261343
-5.467    0.0261479
-5.466    0.0261615
-5.465    0.026175
-5.464    0.0261886
-5.463    0.0262022
-5.462    0.0262158
-5.461    0.0262294
-5.46    0.0262431
-5.459    0.0262567
-5.458    0.0262703
-5.457    0.026284
-5.456    0.0262977
-5.455    0.0263114
-5.454    0.026325
-5.453    0.0263388
-5.452    0.0263525
-5.451    0.0263662
-5.45    0.0263799
-5.449    0.0263937
-5.448    0.0264075
-5.447    0.0264212
-5.446    0.026435
-5.445    0.0264488
-5.444    0.0264626
-5.443    0.0264764
-5.442    0.0264903
-5.441    0.0265041
-5.44    0.026518
-5.439    0.0265318
-5.438    0.0265457
-5.437    0.0265596
-5.436    0.0265735
-5.435    0.0265874
-5.434    0.0266013
-5.433    0.0266152
-5.432    0.0266292
-5.431    0.0266431
-5.43    0.0266571
-5.429    0.0266711
-5.428    0.0266851
-5.427    0.0266991
-5.426    0.0267131
-5.425    0.0267271
-5.424    0.0267411
-5.423    0.0267552
-5.422    0.0267692
-5.421    0.0267833
-5.42    0.0267974
-5.419    0.0268115
-5.418    0.0268256
-5.417    0.0268397
-5.416    0.0268538
-5.415    0.026868
-5.414    0.0268821
-5.413    0.0268963
-5.412    0.0269105
-5.411    0.0269247
-5.41    0.0269389
-5.409    0.0269531
-5.408    0.0269673
-5.407    0.0269815
-5.406    0.0269958
-5.405    0.02701
-5.404    0.0270243
-5.403    0.0270386
-5.402    0.0270529
-5.401    0.0270672
-5.4    0.0270815
-5.399    0.0270958
-5.398    0.0271102
-5.397    0.0271245
-5.396    0.0271389
-5.395    0.0271533
-5.394    0.0271677
-5.393    0.0271821
-5.392    0.0271965
-5.391    0.0272109
-5.39    0.0272253
-5.389    0.0272398
-5.388    0.0272542
-5.387    0.0272687
-5.386    0.0272832
-5.385    0.0272977
-5.384    0.0273122
-5.383    0.0273267
-5.382    0.0273413
-5.381    0.0273558
-5.38    0.0273704
-5.379    0.0273849
-5.378    0.0273995
-5.377    0.0274141
-5.376    0.0274287
-5.375    0.0274433
-5.374    0.027458
-5.373    0.0274726
-5.372    0.0274873
-5.371    0.0275019
-5.37    0.0275166
-5.369    0.0275313
-5.368    0.027546
-5.367    0.0275607
-5.366    0.0275755
-5.365    0.0275902
-5.364    0.027605
-5.363    0.0276197
-5.362    0.0276345
-5.361    0.0276493
-5.36    0.0276641
-5.359    0.0276789
-5.358    0.0276938
-5.357    0.0277086
-5.356    0.0277235
-5.355    0.0277383
-5.354    0.0277532
-5.353    0.0277681
-5.352    0.027783
-5.351    0.0277979
-5.35    0.0278128
-5.349    0.0278278
-5.348    0.0278427
-5.347    0.0278577
-5.346    0.0278727
-5.345    0.0278877
-5.344    0.0279027
-5.343    0.0279177
-5.342    0.0279327
-5.341    0.0279478
-5.34    0.0279628
-5.339    0.0279779
-5.338    0.027993
-5.337    0.0280081
-5.336    0.0280232
-5.335    0.0280383
-5.334    0.0280534
-5.333    0.0280686
-5.332    0.0280837
-5.331    0.0280989
-5.33    0.0281141
-5.329    0.0281293
-5.328    0.0281445
-5.327    0.0281597
-5.326    0.028175
-5.325    0.0281902
-5.324    0.0282055
-5.323    0.0282208
-5.322    0.028236
-5.321    0.0282513
-5.32    0.0282667
-5.319    0.028282
-5.318    0.0282973
-5.317    0.0283127
-5.316    0.028328
-5.315    0.0283434
-5.314    0.0283588
-5.313    0.0283742
-5.312    0.0283896
-5.311    0.0284051
-5.31    0.0284205
-5.309    0.028436
-5.308    0.0284514
-5.307    0.0284669
-5.306    0.0284824
-5.305    0.0284979
-5.304    0.0285135
-5.303    0.028529
-5.302    0.0285446
-5.301    0.0285601
-5.3    0.0285757
-5.299    0.0285913
-5.298    0.0286069
-5.297    0.0286225
-5.296    0.0286381
-5.295    0.0286538
-5.294    0.0286694
-5.293    0.0286851
-5.292    0.0287008
-5.291    0.0287165
-5.29    0.0287322
-5.289    0.0287479
-5.288    0.0287637
-5.287    0.0287794
-5.286    0.0287952
-5.285    0.028811
-5.284    0.0288268
-5.283    0.0288426
-5.282    0.0288584
-5.281    0.0288742
-5.28    0.0288901
-5.279    0.028906
-5.278    0.0289218
-5.277    0.0289377
-5.276    0.0289536
-5.275    0.0289695
-5.274    0.0289855
-5.273    0.0290014
-5.272    0.0290174
-5.271    0.0290333
-5.27    0.0290493
-5.269    0.0290653
-5.268    0.0290813
-5.267    0.0290974
-5.266    0.0291134
-5.265    0.0291295
-5.264    0.0291455
-5.263    0.0291616
-5.262    0.0291777
-5.261    0.0291938
-5.26    0.02921
-5.259    0.0292261
-5.258    0.0292422
-5.257    0.0292584
-5.256    0.0292746
-5.255    0.0292908
-5.254    0.029307
-5.253    0.0293232
-5.252    0.0293395
-5.251    0.0293557
-5.25    0.029372
-5.249    0.0293883
-5.248    0.0294046
-5.247    0.0294209
-5.246    0.0294372
-5.245    0.0294535
-5.244    0.0294699
-5.243    0.0294862
-5.242    0.0295026
-5.241    0.029519
-5.24    0.0295354
-5.239    0.0295518
-5.238    0.0295683
-5.237    0.0295847
-5.236    0.0296012
-5.235    0.0296177
-5.234    0.0296342
-5.233    0.0296507
-5.232    0.0296672
-5.231    0.0296837
-5.23    0.0297003
-5.229    0.0297169
-5.228    0.0297334
-5.227    0.02975
-5.226    0.0297667
-5.225    0.0297833
-5.224    0.0297999
-5.223    0.0298166
-5.222    0.0298332
-5.221    0.0298499
-5.22    0.0298666
-5.219    0.0298833
-5.218    0.0299001
-5.217    0.0299168
-5.216    0.0299336
-5.215    0.0299503
-5.214    0.0299671
-5.213    0.0299839
-5.212    0.0300007
-5.211    0.0300176
-5.21    0.0300344
-5.209    0.0300513
-5.208    0.0300682
-5.207    0.0300851
-5.206    0.030102
-5.205    0.0301189
-5.204    0.0301358
-5.203    0.0301528
-5.202    0.0301697
-5.201    0.0301867
-5.2    0.0302037
-5.199    0.0302207
-5.198    0.0302378
-5.197    0.0302548
-5.196    0.0302719
-5.195    0.0302889
-5.194    0.030306
-5.193    0.0303231
-5.192    0.0303402
-5.191    0.0303574
-5.19    0.0303745
-5.189    0.0303917
-5.188    0.0304089
-5.187    0.030426
-5.186    0.0304433
-5.185    0.0304605
-5.184    0.0304777
-5.183    0.030495
-5.182    0.0305122
-5.181    0.0305295
-5.18    0.0305468
-5.179    0.0305641
-5.178    0.0305815
-5.177    0.0305988
-5.176    0.0306162
-5.175    0.0306336
-5.174    0.030651
-5.173    0.0306684
-5.172    0.0306858
-5.171    0.0307032
-5.17    0.0307207
-5.169    0.0307382
-5.168    0.0307556
-5.167    0.0307732
-5.166    0.0307907
-5.165    0.0308082
-5.164    0.0308258
-5.163    0.0308433
-5.162    0.0308609
-5.161    0.0308785
-5.16    0.0308961
-5.159    0.0309137
-5.158    0.0309314
-5.157    0.030949
-5.156    0.0309667
-5.155    0.0309844
-5.154    0.0310021
-5.153    0.0310198
-5.152    0.0310376
-5.151    0.0310553
-5.15    0.0310731
-5.149    0.0310909
-5.148    0.0311087
-5.147    0.0311265
-5.146    0.0311444
-5.145    0.0311622
-5.144    0.0311801
-5.143    0.031198
-5.142    0.0312159
-5.141    0.0312338
-5.14    0.0312517
-5.139    0.0312697
-5.138    0.0312876
-5.137    0.0313056
-5.136    0.0313236
-5.135    0.0313416
-5.134    0.0313597
-5.133    0.0313777
-5.132    0.0313958
-5.131    0.0314139
-5.13    0.0314319
-5.129    0.0314501
-5.128    0.0314682
-5.127    0.0314863
-5.126    0.0315045
-5.125    0.0315227
-5.124    0.0315409
-5.123    0.0315591
-5.122    0.0315773
-5.121    0.0315956
-5.12    0.0316138
-5.119    0.0316321
-5.118    0.0316504
-5.117    0.0316687
-5.116    0.031687
-5.115    0.0317054
-5.114    0.0317237
-5.113    0.0317421
-5.112    0.0317605
-5.111    0.0317789
-5.11    0.0317973
-5.109    0.0318158
-5.108    0.0318343
-5.107    0.0318527
-5.106    0.0318712
-5.105    0.0318897
-5.104    0.0319083
-5.103    0.0319268
-5.102    0.0319454
-5.101    0.031964
-5.1    0.0319826
-5.099    0.0320012
-5.098    0.0320198
-5.097    0.0320385
-5.096    0.0320571
-5.095    0.0320758
-5.094    0.0320945
-5.093    0.0321132
-5.092    0.032132
-5.091    0.0321507
-5.09    0.0321695
-5.089    0.0321883
-5.088    0.0322071
-5.087    0.0322259
-5.086    0.0322447
-5.085    0.0322636
-5.084    0.0322825
-5.083    0.0323013
-5.082    0.0323203
-5.081    0.0323392
-5.08    0.0323581
-5.079    0.0323771
-5.078    0.0323961
-5.077    0.0324151
-5.076    0.0324341
-5.075    0.0324531
-5.074    0.0324721
-5.073    0.0324912
-5.072    0.0325103
-5.071    0.0325294
-5.07    0.0325485
-5.069    0.0325676
-5.068    0.0325868
-5.067    0.032606
-5.066    0.0326252
-5.065    0.0326444
-5.064    0.0326636
-5.063    0.0326828
-5.062    0.0327021
-5.061    0.0327214
-5.06    0.0327407
-5.059    0.03276
-5.058    0.0327793
-5.057    0.0327987
-5.056    0.032818
-5.055    0.0328374
-5.054    0.0328568
-5.053    0.0328762
-5.052    0.0328957
-5.051    0.0329151
-5.05    0.0329346
-5.049    0.0329541
-5.048    0.0329736
-5.047    0.0329932
-5.046    0.0330127
-5.045    0.0330323
-5.044    0.0330519
-5.043    0.0330715
-5.042    0.0330911
-5.041    0.0331107
-5.04    0.0331304
-5.039    0.0331501
-5.038    0.0331698
-5.037    0.0331895
-5.036    0.0332092
-5.035    0.033229
-5.034    0.0332487
-5.033    0.0332685
-5.032    0.0332883
-5.031    0.0333082
-5.03    0.033328
-5.029    0.0333479
-5.028    0.0333677
-5.027    0.0333876
-5.026    0.0334076
-5.025    0.0334275
-5.024    0.0334475
-5.023    0.0334674
-5.022    0.0334874
-5.021    0.0335074
-5.02    0.0335275
-5.019    0.0335475
-5.018    0.0335676
-5.017    0.0335877
-5.016    0.0336078
-5.015    0.0336279
-5.014    0.033648
-5.013    0.0336682
-5.012    0.0336884
-5.011    0.0337086
-5.01    0.0337288
-5.009    0.0337491
-5.008    0.0337693
-5.007    0.0337896
-5.006    0.0338099
-5.005    0.0338302
-5.004    0.0338505
-5.003    0.0338709
-5.002    0.0338913
-5.001    0.0339117
-5    0.0339321
-4.999    0.0339525
-4.998    0.033973
-4.997    0.0339934
-4.996    0.0340139
-4.995    0.0340344
-4.994    0.034055
-4.993    0.0340755
-4.992    0.0340961
-4.991    0.0341167
-4.99    0.0341373
-4.989    0.0341579
-4.988    0.0341786
-4.987    0.0341992
-4.986    0.0342199
-4.985    0.0342406
-4.984    0.0342614
-4.983    0.0342821
-4.982    0.0343029
-4.981    0.0343236
-4.98    0.0343445
-4.979    0.0343653
-4.978    0.0343861
-4.977    0.034407
-4.976    0.0344279
-4.975    0.0344488
-4.974    0.0344697
-4.973    0.0344907
-4.972    0.0345116
-4.971    0.0345326
-4.97    0.0345536
-4.969    0.0345746
-4.968    0.0345957
-4.967    0.0346167
-4.966    0.0346378
-4.965    0.0346589
-4.964    0.0346801
-4.963    0.0347012
-4.962    0.0347224
-4.961    0.0347436
-4.96    0.0347648
-4.959    0.034786
-4.958    0.0348073
-4.957    0.0348285
-4.956    0.0348498
-4.955    0.0348711
-4.954    0.0348925
-4.953    0.0349138
-4.952    0.0349352
-4.951    0.0349566
-4.95    0.034978
-4.949    0.0349994
-4.948    0.0350209
-4.947    0.0350423
-4.946    0.0350638
-4.945    0.0350854
-4.944    0.0351069
-4.943    0.0351285
-4.942    0.03515
-4.941    0.0351716
-4.94    0.0351933
-4.939    0.0352149
-4.938    0.0352366
-4.937    0.0352582
-4.936    0.03528
-4.935    0.0353017
-4.934    0.0353234
-4.933    0.0353452
-4.932    0.035367
-4.931    0.0353888
-4.93    0.0354106
-4.929    0.0354325
-4.928    0.0354544
-4.927    0.0354763
-4.926    0.0354982
-4.925    0.0355201
-4.924    0.0355421
-4.923    0.035564
-4.922    0.0355861
-4.921    0.0356081
-4.92    0.0356301
-4.919    0.0356522
-4.918    0.0356743
-4.917    0.0356964
-4.916    0.0357185
-4.915    0.0357407
-4.914    0.0357629
-4.913    0.035785
-4.912    0.0358073
-4.911    0.0358295
-4.91    0.0358518
-4.909    0.0358741
-4.908    0.0358964
-4.907    0.0359187
-4.906    0.035941
-4.905    0.0359634
-4.904    0.0359858
-4.903    0.0360082
-4.902    0.0360307
-4.901    0.0360531
-4.9    0.0360756
-4.899    0.0360981
-4.898    0.0361206
-4.897    0.0361432
-4.896    0.0361657
-4.895    0.0361883
-4.894    0.036211
-4.893    0.0362336
-4.892    0.0362562
-4.891    0.0362789
-4.89    0.0363016
-4.889    0.0363244
-4.888    0.0363471
-4.887    0.0363699
-4.886    0.0363927
-4.885    0.0364155
-4.884    0.0364383
-4.883    0.0364612
-4.882    0.0364841
-4.881    0.036507
-4.88    0.0365299
-4.879    0.0365529
-4.878    0.0365758
-4.877    0.0365988
-4.876    0.0366219
-4.875    0.0366449
-4.874    0.036668
-4.873    0.0366911
-4.872    0.0367142
-4.871    0.0367373
-4.87    0.0367605
-4.869    0.0367836
-4.868    0.0368068
-4.867    0.0368301
-4.866    0.0368533
-4.865    0.0368766
-4.864    0.0368999
-4.863    0.0369232
-4.862    0.0369466
-4.861    0.0369699
-4.86    0.0369933
-4.859    0.0370167
-4.858    0.0370402
-4.857    0.0370636
-4.856    0.0370871
-4.855    0.0371106
-4.854    0.0371341
-4.853    0.0371577
-4.852    0.0371813
-4.851    0.0372049
-4.85    0.0372285
-4.849    0.0372522
-4.848    0.0372758
-4.847    0.0372995
-4.846    0.0373232
-4.845    0.037347
-4.844    0.0373708
-4.843    0.0373945
-4.842    0.0374184
-4.841    0.0374422
-4.84    0.0374661
-4.839    0.0374899
-4.838    0.0375139
-4.837    0.0375378
-4.836    0.0375617
-4.835    0.0375857
-4.834    0.0376097
-4.833    0.0376338
-4.832    0.0376578
-4.831    0.0376819
-4.83    0.037706
-4.829    0.0377301
-4.828    0.0377543
-4.827    0.0377785
-4.826    0.0378027
-4.825    0.0378269
-4.824    0.0378511
-4.823    0.0378754
-4.822    0.0378997
-4.821    0.037924
-4.82    0.0379484
-4.819    0.0379728
-4.818    0.0379972
-4.817    0.0380216
-4.816    0.038046
-4.815    0.0380705
-4.814    0.038095
-4.813    0.0381195
-4.812    0.0381441
-4.811    0.0381687
-4.81    0.0381932
-4.809    0.0382179
-4.808    0.0382425
-4.807    0.0382672
-4.806    0.0382919
-4.805    0.0383166
-4.804    0.0383414
-4.803    0.0383661
-4.802    0.0383909
-4.801    0.0384158
-4.8    0.0384406
-4.799    0.0384655
-4.798    0.0384904
-4.797    0.0385153
-4.796    0.0385403
-4.795    0.0385652
-4.794    0.0385902
-4.793    0.0386153
-4.792    0.0386403
-4.791    0.0386654
-4.79    0.0386905
-4.789    0.0387156
-4.788    0.0387408
-4.787    0.038766
-4.786    0.0387912
-4.785    0.0388164
-4.784    0.0388417
-4.783    0.0388669
-4.782    0.0388923
-4.781    0.0389176
-4.78    0.038943
-4.779    0.0389683
-4.778    0.0389938
-4.777    0.0390192
-4.776    0.0390447
-4.775    0.0390702
-4.774    0.0390957
-4.773    0.0391212
-4.772    0.0391468
-4.771    0.0391724
-4.77    0.039198
-4.769    0.0392237
-4.768    0.0392494
-4.767    0.0392751
-4.766    0.0393008
-4.765    0.0393266
-4.764    0.0393523
-4.763    0.0393782
-4.762    0.039404
-4.761    0.0394299
-4.76    0.0394557
-4.759    0.0394817
-4.758    0.0395076
-4.757    0.0395336
-4.756    0.0395596
-4.755    0.0395856
-4.754    0.0396117
-4.753    0.0396377
-4.752    0.0396639
-4.751    0.03969
-4.75    0.0397161
-4.749    0.0397423
-4.748    0.0397686
-4.747    0.0397948
-4.746    0.0398211
-4.745    0.0398474
-4.744    0.0398737
-4.743    0.0399
-4.742    0.0399264
-4.741    0.0399528
-4.74    0.0399793
-4.739    0.0400057
-4.738    0.0400322
-4.737    0.0400587
-4.736    0.0400853
-4.735    0.0401119
-4.734    0.0401385
-4.733    0.0401651
-4.732    0.0401918
-4.731    0.0402184
-4.73    0.0402452
-4.729    0.0402719
-4.728    0.0402987
-4.727    0.0403255
-4.726    0.0403523
-4.725    0.0403791
-4.724    0.040406
-4.723    0.0404329
-4.722    0.0404599
-4.721    0.0404869
-4.72    0.0405138
-4.719    0.0405409
-4.718    0.0405679
-4.717    0.040595
-4.716    0.0406221
-4.715    0.0406493
-4.714    0.0406764
-4.713    0.0407036
-4.712    0.0407308
-4.711    0.0407581
-4.71    0.0407854
-4.709    0.0408127
-4.708    0.04084
-4.707    0.0408674
-4.706    0.0408948
-4.705    0.0409222
-4.704    0.0409497
-4.703    0.0409772
-4.702    0.0410047
-4.701    0.0410322
-4.7    0.0410598
-4.699    0.0410874
-4.698    0.041115
-4.697    0.0411427
-4.696    0.0411704
-4.695    0.0411981
-4.694    0.0412258
-4.693    0.0412536
-4.692    0.0412814
-4.691    0.0413093
-4.69    0.0413371
-4.689    0.041365
-4.688    0.041393
-4.687    0.0414209
-4.686    0.0414489
-4.685    0.0414769
-4.684    0.041505
-4.683    0.041533
-4.682    0.0415611
-4.681    0.0415893
-4.68    0.0416174
-4.679    0.0416456
-4.678    0.0416739
-4.677    0.0417021
-4.676    0.0417304
-4.675    0.0417587
-4.674    0.0417871
-4.673    0.0418154
-4.672    0.0418439
-4.671    0.0418723
-4.67    0.0419008
-4.669    0.0419293
-4.668    0.0419578
-4.667    0.0419864
-4.666    0.0420149
-4.665    0.0420436
-4.664    0.0420722
-4.663    0.0421009
-4.662    0.0421296
-4.661    0.0421584
-4.66    0.0421871
-4.659    0.0422159
-4.658    0.0422448
-4.657    0.0422737
-4.656    0.0423026
-4.655    0.0423315
-4.654    0.0423605
-4.653    0.0423895
-4.652    0.0424185
-4.651    0.0424475
-4.65    0.0424766
-4.649    0.0425057
-4.648    0.0425349
-4.647    0.0425641
-4.646    0.0425933
-4.645    0.0426225
-4.644    0.0426518
-4.643    0.0426811
-4.642    0.0427105
-4.641    0.0427399
-4.64    0.0427693
-4.639    0.0427987
-4.638    0.0428282
-4.637    0.0428577
-4.636    0.0428872
-4.635    0.0429168
-4.634    0.0429464
-4.633    0.042976
-4.632    0.0430057
-4.631    0.0430354
-4.63    0.0430651
-4.629    0.0430948
-4.628    0.0431246
-4.627    0.0431545
-4.626    0.0431843
-4.625    0.0432142
-4.624    0.0432441
-4.623    0.0432741
-4.622    0.0433041
-4.621    0.0433341
-4.62    0.0433642
-4.619    0.0433942
-4.618    0.0434244
-4.617    0.0434545
-4.616    0.0434847
-4.615    0.0435149
-4.614    0.0435452
-4.613    0.0435755
-4.612    0.0436058
-4.611    0.0436361
-4.61    0.0436665
-4.609    0.0436969
-4.608    0.0437274
-4.607    0.0437579
-4.606    0.0437884
-4.605    0.043819
-4.604    0.0438496
-4.603    0.0438802
-4.602    0.0439108
-4.601    0.0439415
-4.6    0.0439722
-4.599    0.044003
-4.598    0.0440338
-4.597    0.0440646
-4.596    0.0440955
-4.595    0.0441264
-4.594    0.0441573
-4.593    0.0441883
-4.592    0.0442193
-4.591    0.0442503
-4.59    0.0442814
-4.589    0.0443125
-4.588    0.0443436
-4.587    0.0443748
-4.586    0.044406
-4.585    0.0444372
-4.584    0.0444685
-4.583    0.0444998
-4.582    0.0445311
-4.581    0.0445625
-4.58    0.0445939
-4.579    0.0446254
-4.578    0.0446568
-4.577    0.0446884
-4.576    0.0447199
-4.575    0.0447515
-4.574    0.0447831
-4.573    0.0448148
-4.572    0.0448465
-4.571    0.0448782
-4.57    0.04491
-4.569    0.0449418
-4.568    0.0449736
-4.567    0.0450055
-4.566    0.0450374
-4.565    0.0450693
-4.564    0.0451013
-4.563    0.0451333
-4.562    0.0451654
-4.561    0.0451974
-4.56    0.0452296
-4.559    0.0452617
-4.558    0.0452939
-4.557    0.0453262
-4.556    0.0453584
-4.555    0.0453907
-4.554    0.0454231
-4.553    0.0454554
-4.552    0.0454879
-4.551    0.0455203
-4.55    0.0455528
-4.549    0.0455853
-4.548    0.0456179
-4.547    0.0456505
-4.546    0.0456831
-4.545    0.0457158
-4.544    0.0457485
-4.543    0.0457812
-4.542    0.045814
-4.541    0.0458468
-4.54    0.0458797
-4.539    0.0459126
-4.538    0.0459455
-4.537    0.0459785
-4.536    0.0460115
-4.535    0.0460445
-4.534    0.0460776
-4.533    0.0461107
-4.532    0.0461439
-4.531    0.0461771
-4.53    0.0462103
-4.529    0.0462436
-4.528    0.0462769
-4.527    0.0463102
-4.526    0.0463436
-4.525    0.046377
-4.524    0.0464105
-4.523    0.046444
-4.522    0.0464775
-4.521    0.0465111
-4.52    0.0465447
-4.519    0.0465783
-4.518    0.046612
-4.517    0.0466457
-4.516    0.0466795
-4.515    0.0467133
-4.514    0.0467471
-4.513    0.046781
-4.512    0.046815
-4.511    0.0468489
-4.51    0.0468829
-4.509    0.0469169
-4.508    0.046951
-4.507    0.0469851
-4.506    0.0470193
-4.505    0.0470535
-4.504    0.0470877
-4.503    0.047122
-4.502    0.0471563
-4.501    0.0471907
-4.5    0.047225
-4.499    0.0472595
-4.498    0.0472939
-4.497    0.0473285
-4.496    0.047363
-4.495    0.0473976
-4.494    0.0474322
-4.493    0.0474669
-4.492    0.0475016
-4.491    0.0475364
-4.49    0.0475711
-4.489    0.047606
-4.488    0.0476408
-4.487    0.0476758
-4.486    0.0477107
-4.485    0.0477457
-4.484    0.0477807
-4.483    0.0478158
-4.482    0.0478509
-4.481    0.0478861
-4.48    0.0479213
-4.479    0.0479565
-4.478    0.0479918
-4.477    0.0480271
-4.476    0.0480625
-4.475    0.0480979
-4.474    0.0481333
-4.473    0.0481688
-4.472    0.0482043
-4.471    0.0482399
-4.47    0.0482755
-4.469    0.0483111
-4.468    0.0483468
-4.467    0.0483826
-4.466    0.0484183
-4.465    0.0484542
-4.464    0.04849
-4.463    0.0485259
-4.462    0.0485619
-4.461    0.0485978
-4.46    0.0486339
-4.459    0.0486699
-4.458    0.048706
-4.457    0.0487422
-4.456    0.0487784
-4.455    0.0488146
-4.454    0.0488509
-4.453    0.0488872
-4.452    0.0489236
-4.451    0.04896
-4.45    0.0489965
-4.449    0.049033
-4.448    0.0490695
-4.447    0.0491061
-4.446    0.0491427
-4.445    0.0491794
-4.444    0.0492161
-4.443    0.0492528
-4.442    0.0492896
-4.441    0.0493265
-4.44    0.0493634
-4.439    0.0494003
-4.438    0.0494373
-4.437    0.0494743
-4.436    0.0495113
-4.435    0.0495485
-4.434    0.0495856
-4.433    0.0496228
-4.432    0.04966
-4.431    0.0496973
-4.43    0.0497346
-4.429    0.049772
-4.428    0.0498094
-4.427    0.0498469
-4.426    0.0498844
-4.425    0.0499219
-4.424    0.0499595
-4.423    0.0499972
-4.422    0.0500348
-4.421    0.0500726
-4.42    0.0501103
-4.419    0.0501482
-4.418    0.050186
-4.417    0.0502239
-4.416    0.0502619
-4.415    0.0502999
-4.414    0.0503379
-4.413    0.050376
-4.412    0.0504141
-4.411    0.0504523
-4.41    0.0504906
-4.409    0.0505288
-4.408    0.0505671
-4.407    0.0506055
-4.406    0.0506439
-4.405    0.0506824
-4.404    0.0507209
-4.403    0.0507594
-4.402    0.050798
-4.401    0.0508367
-4.4    0.0508754
-4.399    0.0509141
-4.398    0.0509529
-4.397    0.0509917
-4.396    0.0510306
-4.395    0.0510695
-4.394    0.0511085
-4.393    0.0511475
-4.392    0.0511865
-4.391    0.0512257
-4.39    0.0512648
-4.389    0.051304
-4.388    0.0513433
-4.387    0.0513826
-4.386    0.0514219
-4.385    0.0514613
-4.384    0.0515008
-4.383    0.0515402
-4.382    0.0515798
-4.381    0.0516194
-4.38    0.051659
-4.379    0.0516987
-4.378    0.0517384
-4.377    0.0517782
-4.376    0.051818
-4.375    0.0518579
-4.374    0.0518978
-4.373    0.0519378
-4.372    0.0519778
-4.371    0.0520179
-4.37    0.052058
-4.369    0.0520982
-4.368    0.0521384
-4.367    0.0521787
-4.366    0.052219
-4.365    0.0522594
-4.364    0.0522998
-4.363    0.0523403
-4.362    0.0523808
-4.361    0.0524213
-4.36    0.0524619
-4.359    0.0525026
-4.358    0.0525433
-4.357    0.0525841
-4.356    0.0526249
-4.355    0.0526658
-4.354    0.0527067
-4.353    0.0527477
-4.352    0.0527887
-4.351    0.0528297
-4.35    0.0528709
-4.349    0.052912
-4.348    0.0529532
-4.347    0.0529945
-4.346    0.0530358
-4.345    0.0530772
-4.344    0.0531186
-4.343    0.0531601
-4.342    0.0532016
-4.341    0.0532432
-4.34    0.0532848
-4.339    0.0533265
-4.338    0.0533682
-4.337    0.05341
-4.336    0.0534519
-4.335    0.0534937
-4.334    0.0535357
-4.333    0.0535777
-4.332    0.0536197
-4.331    0.0536618
-4.33    0.053704
-4.329    0.0537462
-4.328    0.0537884
-4.327    0.0538307
-4.326    0.0538731
-4.325    0.0539155
-4.324    0.0539579
-4.323    0.0540005
-4.322    0.054043
-4.321    0.0540856
-4.32    0.0541283
-4.319    0.0541711
-4.318    0.0542138
-4.317    0.0542567
-4.316    0.0542996
-4.315    0.0543425
-4.314    0.0543855
-4.313    0.0544286
-4.312    0.0544717
-4.311    0.0545148
-4.31    0.054558
-4.309    0.0546013
-4.308    0.0546446
-4.307    0.054688
-4.306    0.0547314
-4.305    0.0547749
-4.304    0.0548185
-4.303    0.0548621
-4.302    0.0549057
-4.301    0.0549494
-4.3    0.0549932
-4.299    0.055037
-4.298    0.0550809
-4.297    0.0551248
-4.296    0.0551688
-4.295    0.0552128
-4.294    0.0552569
-4.293    0.055301
-4.292    0.0553453
-4.291    0.0553895
-4.29    0.0554338
-4.289    0.0554782
-4.288    0.0555226
-4.287    0.0555671
-4.286    0.0556117
-4.285    0.0556563
-4.284    0.0557009
-4.283    0.0557456
-4.282    0.0557904
-4.281    0.0558352
-4.28    0.0558801
-4.279    0.0559251
-4.278    0.05597
-4.277    0.0560151
-4.276    0.0560602
-4.275    0.0561054
-4.274    0.0561506
-4.273    0.0561959
-4.272    0.0562412
-4.271    0.0562866
-4.27    0.0563321
-4.269    0.0563776
-4.268    0.0564232
-4.267    0.0564688
-4.266    0.0565145
-4.265    0.0565603
-4.264    0.0566061
-4.263    0.056652
-4.262    0.0566979
-4.261    0.0567439
-4.26    0.0567899
-4.259    0.056836
-4.258    0.0568822
-4.257    0.0569284
-4.256    0.0569747
-4.255    0.0570211
-4.254    0.0570675
-4.253    0.0571139
-4.252    0.0571604
-4.251    0.057207
-4.25    0.0572537
-4.249    0.0573004
-4.248    0.0573471
-4.247    0.057394
-4.246    0.0574408
-4.245    0.0574878
-4.244    0.0575348
-4.243    0.0575819
-4.242    0.057629
-4.241    0.0576762
-4.24    0.0577234
-4.239    0.0577708
-4.238    0.0578181
-4.237    0.0578656
-4.236    0.0579131
-4.235    0.0579606
-4.234    0.0580082
-4.233    0.0580559
-4.232    0.0581037
-4.231    0.0581515
-4.23    0.0581994
-4.229    0.0582473
-4.228    0.0582953
-4.227    0.0583433
-4.226    0.0583915
-4.225    0.0584396
-4.224    0.0584879
-4.223    0.0585362
-4.222    0.0585846
-4.221    0.058633
-4.22    0.0586815
-4.219    0.0587301
-4.218    0.0587787
-4.217    0.0588274
-4.216    0.0588762
-4.215    0.058925
-4.214    0.0589739
-4.213    0.0590228
-4.212    0.0590718
-4.211    0.0591209
-4.21    0.05917
-4.209    0.0592192
-4.208    0.0592685
-4.207    0.0593179
-4.206    0.0593673
-4.205    0.0594167
-4.204    0.0594663
-4.203    0.0595159
-4.202    0.0595655
-4.201    0.0596152
-4.2    0.059665
-4.199    0.0597149
-4.198    0.0597648
-4.197    0.0598148
-4.196    0.0598649
-4.195    0.059915
-4.194    0.0599652
-4.193    0.0600155
-4.192    0.0600658
-4.191    0.0601162
-4.19    0.0601666
-4.189    0.0602172
-4.188    0.0602678
-4.187    0.0603184
-4.186    0.0603692
-4.185    0.06042
-4.184    0.0604708
-4.183    0.0605218
-4.182    0.0605728
-4.181    0.0606238
-4.18    0.060675
-4.179    0.0607262
-4.178    0.0607774
-4.177    0.0608288
-4.176    0.0608802
-4.175    0.0609317
-4.174    0.0609832
-4.173    0.0610349
-4.172    0.0610865
-4.171    0.0611383
-4.17    0.0611901
-4.169    0.061242
-4.168    0.061294
-4.167    0.061346
-4.166    0.0613981
-4.165    0.0614503
-4.164    0.0615026
-4.163    0.0615549
-4.162    0.0616073
-4.161    0.0616597
-4.16    0.0617123
-4.159    0.0617649
-4.158    0.0618175
-4.157    0.0618703
-4.156    0.0619231
-4.155    0.061976
-4.154    0.0620289
-4.153    0.062082
-4.152    0.0621351
-4.151    0.0621883
-4.15    0.0622415
-4.149    0.0622948
-4.148    0.0623482
-4.147    0.0624017
-4.146    0.0624552
-4.145    0.0625088
-4.144    0.0625625
-4.143    0.0626163
-4.142    0.0626701
-4.141    0.062724
-4.14    0.062778
-4.139    0.062832
-4.138    0.0628862
-4.137    0.0629404
-4.136    0.0629946
-4.135    0.063049
-4.134    0.0631034
-4.133    0.0631579
-4.132    0.0632125
-4.131    0.0632671
-4.13    0.0633218
-4.129    0.0633766
-4.128    0.0634315
-4.127    0.0634864
-4.126    0.0635415
-4.125    0.0635966
-4.124    0.0636517
-4.123    0.063707
-4.122    0.0637623
-4.121    0.0638177
-4.12    0.0638732
-4.119    0.0639288
-4.118    0.0639844
-4.117    0.0640401
-4.116    0.0640959
-4.115    0.0641517
-4.114    0.0642077
-4.113    0.0642637
-4.112    0.0643198
-4.111    0.064376
-4.11    0.0644322
-4.109    0.0644886
-4.108    0.064545
-4.107    0.0646014
-4.106    0.064658
-4.105    0.0647147
-4.104    0.0647714
-4.103    0.0648282
-4.102    0.0648851
-4.101    0.064942
-4.1    0.0649991
-4.099    0.0650562
-4.098    0.0651134
-4.097    0.0651706
-4.096    0.065228
-4.095    0.0652854
-4.094    0.065343
-4.093    0.0654006
-4.092    0.0654582
-4.091    0.065516
-4.09    0.0655738
-4.089    0.0656318
-4.088    0.0656898
-4.087    0.0657478
-4.086    0.065806
-4.085    0.0658643
-4.084    0.0659226
-4.083    0.065981
-4.082    0.0660395
-4.081    0.0660981
-4.08    0.0661567
-4.079    0.0662155
-4.078    0.0662743
-4.077    0.0663332
-4.076    0.0663922
-4.075    0.0664513
-4.074    0.0665104
-4.073    0.0665697
-4.072    0.066629
-4.071    0.0666884
-4.07    0.0667479
-4.069    0.0668075
-4.068    0.0668671
-4.067    0.0669269
-4.066    0.0669867
-4.065    0.0670466
-4.064    0.0671066
-4.063    0.0671667
-4.062    0.0672269
-4.061    0.0672871
-4.06    0.0673475
-4.059    0.0674079
-4.058    0.0674684
-4.057    0.067529
-4.056    0.0675897
-4.055    0.0676505
-4.054    0.0677114
-4.053    0.0677723
-4.052    0.0678334
-4.051    0.0678945
-4.05    0.0679557
-4.049    0.068017
-4.048    0.0680784
-4.047    0.0681398
-4.046    0.0682014
-4.045    0.0682631
-4.044    0.0683248
-4.043    0.0683866
-4.042    0.0684486
-4.041    0.0685106
-4.04    0.0685727
-4.039    0.0686348
-4.038    0.0686971
-4.037    0.0687595
-4.036    0.0688219
-4.035    0.0688845
-4.034    0.0689471
-4.033    0.0690098
-4.032    0.0690727
-4.031    0.0691356
-4.03    0.0691986
-4.029    0.0692617
-4.028    0.0693248
-4.027    0.0693881
-4.026    0.0694515
-4.025    0.0695149
-4.024    0.0695785
-4.023    0.0696421
-4.022    0.0697059
-4.021    0.0697697
-4.02    0.0698336
-4.019    0.0698976
-4.018    0.0699617
-4.017    0.0700259
-4.016    0.0700902
-4.015    0.0701546
-4.014    0.0702191
-4.013    0.0702837
-4.012    0.0703483
-4.011    0.0704131
-4.01    0.0704779
-4.009    0.0705429
-4.008    0.0706079
-4.007    0.0706731
-4.006    0.0707383
-4.005    0.0708037
-4.004    0.0708691
-4.003    0.0709346
-4.002    0.0710003
-4.001    0.071066
-4    0.0711318
-3.999    0.0711977
-3.998    0.0712637
-3.997    0.0713298
-3.996    0.071396
-3.995    0.0714623
-3.994    0.0715287
-3.993    0.0715952
-3.992    0.0716618
-3.991    0.0717285
-3.99    0.0717953
-3.989    0.0718622
-3.988    0.0719292
-3.987    0.0719963
-3.986    0.0720635
-3.985    0.0721308
-3.984    0.0721982
-3.983    0.0722657
-3.982    0.0723333
-3.981    0.072401
-3.98    0.0724688
-3.979    0.0725367
-3.978    0.0726046
-3.977    0.0726727
-3.976    0.0727409
-3.975    0.0728092
-3.974    0.0728777
-3.973    0.0729462
-3.972    0.0730148
-3.971    0.0730835
-3.97    0.0731523
-3.969    0.0732212
-3.968    0.0732902
-3.967    0.0733593
-3.966    0.0734286
-3.965    0.0734979
-3.964    0.0735673
-3.963    0.0736369
-3.962    0.0737065
-3.961    0.0737763
-3.96    0.0738461
-3.959    0.0739161
-3.958    0.0739861
-3.957    0.0740563
-3.956    0.0741266
-3.955    0.074197
-3.954    0.0742675
-3.953    0.0743381
-3.952    0.0744088
-3.951    0.0744796
-3.95    0.0745505
-3.949    0.0746215
-3.948    0.0746926
-3.947    0.0747639
-3.946    0.0748352
-3.945    0.0749067
-3.944    0.0749782
-3.943    0.0750499
-3.942    0.0751217
-3.941    0.0751936
-3.94    0.0752656
-3.939    0.0753377
-3.938    0.0754099
-3.937    0.0754822
-3.936    0.0755547
-3.935    0.0756272
-3.934    0.0756999
-3.933    0.0757727
-3.932    0.0758456
-3.931    0.0759185
-3.93    0.0759917
-3.929    0.0760649
-3.928    0.0761382
-3.927    0.0762117
-3.926    0.0762852
-3.925    0.0763589
-3.924    0.0764327
-3.923    0.0765066
-3.922    0.0765806
-3.921    0.0766547
-3.92    0.0767289
-3.919    0.0768033
-3.918    0.0768778
-3.917    0.0769523
-3.916    0.077027
-3.915    0.0771019
-3.914    0.0771768
-3.913    0.0772518
-3.912    0.077327
-3.911    0.0774023
-3.91    0.0774777
-3.909    0.0775532
-3.908    0.0776288
-3.907    0.0777045
-3.906    0.0777804
-3.905    0.0778564
-3.904    0.0779325
-3.903    0.0780087
-3.902    0.078085
-3.901    0.0781615
-3.9    0.0782381
-3.899    0.0783148
-3.898    0.0783916
-3.897    0.0784685
-3.896    0.0785456
-3.895    0.0786228
-3.894    0.0787001
-3.893    0.0787775
-3.892    0.078855
-3.891    0.0789327
-3.89    0.0790104
-3.889    0.0790884
-3.888    0.0791664
-3.887    0.0792445
-3.886    0.0793228
-3.885    0.0794012
-3.884    0.0794797
-3.883    0.0795584
-3.882    0.0796371
-3.881    0.079716
-3.88    0.079795
-3.879    0.0798742
-3.878    0.0799534
-3.877    0.0800328
-3.876    0.0801123
-3.875    0.080192
-3.874    0.0802717
-3.873    0.0803516
-3.872    0.0804317
-3.871    0.0805118
-3.87    0.0805921
-3.869    0.0806725
-3.868    0.080753
-3.867    0.0808337
-3.866    0.0809144
-3.865    0.0809954
-3.864    0.0810764
-3.863    0.0811576
-3.862    0.0812389
-3.861    0.0813203
-3.86    0.0814019
-3.859    0.0814836
-3.858    0.0815654
-3.857    0.0816473
-3.856    0.0817294
-3.855    0.0818116
-3.854    0.081894
-3.853    0.0819765
-3.852    0.0820591
-3.851    0.0821418
-3.85    0.0822247
-3.849    0.0823077
-3.848    0.0823909
-3.847    0.0824741
-3.846    0.0825576
-3.845    0.0826411
-3.844    0.0827248
-3.843    0.0828086
-3.842    0.0828926
-3.841    0.0829766
-3.84    0.0830609
-3.839    0.0831452
-3.838    0.0832297
-3.837    0.0833144
-3.836    0.0833991
-3.835    0.083484
-3.834    0.0835691
-3.833    0.0836543
-3.832    0.0837396
-3.831    0.0838251
-3.83    0.0839107
-3.829    0.0839964
-3.828    0.0840823
-3.827    0.0841683
-3.826    0.0842545
-3.825    0.0843408
-3.824    0.0844272
-3.823    0.0845138
-3.822    0.0846005
-3.821    0.0846874
-3.82    0.0847744
-3.819    0.0848615
-3.818    0.0849488
-3.817    0.0850363
-3.816    0.0851239
-3.815    0.0852116
-3.814    0.0852994
-3.813    0.0853875
-3.812    0.0854756
-3.811    0.0855639
-3.81    0.0856524
-3.809    0.085741
-3.808    0.0858297
-3.807    0.0859186
-3.806    0.0860076
-3.805    0.0860968
-3.804    0.0861861
-3.803    0.0862756
-3.802    0.0863652
-3.801    0.086455
-3.8    0.0865449
-3.799    0.086635
-3.798    0.0867252
-3.797    0.0868156
-3.796    0.0869061
-3.795    0.0869968
-3.794    0.0870876
-3.793    0.0871786
-3.792    0.0872697
-3.791    0.087361
-3.79    0.0874524
-3.789    0.087544
-3.788    0.0876357
-3.787    0.0877276
-3.786    0.0878197
-3.785    0.0879119
-3.784    0.0880042
-3.783    0.0880967
-3.782    0.0881894
-3.781    0.0882822
-3.78    0.0883752
-3.779    0.0884683
-3.778    0.0885616
-3.777    0.088655
-3.776    0.0887486
-3.775    0.0888424
-3.774    0.0889363
-3.773    0.0890304
-3.772    0.0891246
-3.771    0.089219
-3.77    0.0893135
-3.769    0.0894082
-3.768    0.0895031
-3.767    0.0895981
-3.766    0.0896933
-3.765    0.0897887
-3.764    0.0898842
-3.763    0.0899799
-3.762    0.0900757
-3.761    0.0901717
-3.76    0.0902679
-3.759    0.0903642
-3.758    0.0904607
-3.757    0.0905574
-3.756    0.0906542
-3.755    0.0907512
-3.754    0.0908483
-3.753    0.0909457
-3.752    0.0910432
-3.751    0.0911408
-3.75    0.0912386
-3.749    0.0913366
-3.748    0.0914348
-3.747    0.0915331
-3.746    0.0916316
-3.745    0.0917303
-3.744    0.0918291
-3.743    0.0919281
-3.742    0.0920273
-3.741    0.0921266
-3.74    0.0922261
-3.739    0.0923258
-3.738    0.0924257
-3.737    0.0925257
-3.736    0.0926259
-3.735    0.0927263
-3.734    0.0928268
-3.733    0.0929276
-3.732    0.0930285
-3.731    0.0931295
-3.73    0.0932308
-3.729    0.0933322
-3.728    0.0934338
-3.727    0.0935356
-3.726    0.0936375
-3.725    0.0937397
-3.724    0.093842
-3.723    0.0939445
-3.722    0.0940472
-3.721    0.09415
-3.72    0.094253
-3.719    0.0943562
-3.718    0.0944596
-3.717    0.0945632
-3.716    0.0946669
-3.715    0.0947709
-3.714    0.094875
-3.713    0.0949793
-3.712    0.0950838
-3.711    0.0951884
-3.71    0.0952933
-3.709    0.0953983
-3.708    0.0955035
-3.707    0.0956089
-3.706    0.0957145
-3.705    0.0958203
-3.704    0.0959263
-3.703    0.0960324
-3.702    0.0961388
-3.701    0.0962453
-3.7    0.096352
-3.699    0.0964589
-3.698    0.096566
-3.697    0.0966733
-3.696    0.0967807
-3.695    0.0968884
-3.694    0.0969963
-3.693    0.0971043
-3.692    0.0972126
-3.691    0.097321
-3.69    0.0974296
-3.689    0.0975384
-3.688    0.0976475
-3.687    0.0977567
-3.686    0.0978661
-3.685    0.0979757
-3.684    0.0980855
-3.683    0.0981955
-3.682    0.0983056
-3.681    0.098416
-3.68    0.0985266
-3.679    0.0986374
-3.678    0.0987484
-3.677    0.0988596
-3.676    0.098971
-3.675    0.0990825
-3.674    0.0991943
-3.673    0.0993063
-3.672    0.0994185
-3.671    0.0995309
-3.67    0.0996435
-3.669    0.0997563
-3.668    0.0998693
-3.667    0.0999825
-3.666    0.100096
-3.665    0.10021
-3.664    0.100323
-3.663    0.100437
-3.662    0.100552
-3.661    0.100666
-3.66    0.100781
-3.659    0.100896
-3.658    0.101011
-3.657    0.101126
-3.656    0.101241
-3.655    0.101357
-3.654    0.101473
-3.653    0.101589
-3.652    0.101706
-3.651    0.101822
-3.65    0.101939
-3.649    0.102056
-3.648    0.102173
-3.647    0.10229
-3.646    0.102408
-3.645    0.102526
-3.644    0.102644
-3.643    0.102762
-3.642    0.102881
-3.641    0.102999
-3.64    0.103118
-3.639    0.103238
-3.638    0.103357
-3.637    0.103477
-3.636    0.103596
-3.635    0.103716
-3.634    0.103837
-3.633    0.103957
-3.632    0.104078
-3.631    0.104199
-3.63    0.10432
-3.629    0.104441
-3.628    0.104563
-3.627    0.104685
-3.626    0.104807
-3.625    0.104929
-3.624    0.105052
-3.623    0.105174
-3.622    0.105297
-3.621    0.105421
-3.62    0.105544
-3.619    0.105668
-3.618    0.105792
-3.617    0.105916
-3.616    0.10604
-3.615    0.106165
-3.614    0.10629
-3.613    0.106415
-3.612    0.10654
-3.611    0.106665
-3.61    0.106791
-3.609    0.106917
-3.608    0.107044
-3.607    0.10717
-3.606    0.107297
-3.605    0.107424
-3.604    0.107551
-3.603    0.107678
-3.602    0.107806
-3.601    0.107934
-3.6    0.108062
-3.599    0.108191
-3.598    0.108319
-3.597    0.108448
-3.596    0.108577
-3.595    0.108707
-3.594    0.108837
-3.593    0.108966
-3.592    0.109097
-3.591    0.109227
-3.59    0.109358
-3.589    0.109489
-3.588    0.10962
-3.587    0.109751
-3.586    0.109883
-3.585    0.110015
-3.584    0.110147
-3.583    0.110279
-3.582    0.110412
-3.581    0.110545
-3.58    0.110678
-3.579    0.110812
-3.578    0.110945
-3.577    0.111079
-3.576    0.111213
-3.575    0.111348
-3.574    0.111483
-3.573    0.111618
-3.572    0.111753
-3.571    0.111888
-3.57    0.112024
-3.569    0.11216
-3.568    0.112297
-3.567    0.112433
-3.566    0.11257
-3.565    0.112707
-3.564    0.112845
-3.563    0.112982
-3.562    0.11312
-3.561    0.113258
-3.56    0.113397
-3.559    0.113536
-3.558    0.113675
-3.557    0.113814
-3.556    0.113953
-3.555    0.114093
-3.554    0.114233
-3.553    0.114374
-3.552    0.114514
-3.551    0.114655
-3.55    0.114796
-3.549    0.114938
-3.548    0.11508
-3.547    0.115222
-3.546    0.115364
-3.545    0.115507
-3.544    0.11565
-3.543    0.115793
-3.542    0.115936
-3.541    0.11608
-3.54    0.116224
-3.539    0.116368
-3.538    0.116513
-3.537    0.116658
-3.536    0.116803
-3.535    0.116949
-3.534    0.117094
-3.533    0.11724
-3.532    0.117387
-3.531    0.117533
-3.53    0.11768
-3.529    0.117828
-3.528    0.117975
-3.527    0.118123
-3.526    0.118271
-3.525    0.11842
-3.524    0.118568
-3.523    0.118717
-3.522    0.118867
-3.521    0.119016
-3.52    0.119166
-3.519    0.119316
-3.518    0.119467
-3.517    0.119618
-3.516    0.119769
-3.515    0.11992
-3.514    0.120072
-3.513    0.120224
-3.512    0.120377
-3.511    0.120529
-3.51    0.120682
-3.509    0.120836
-3.508    0.120989
-3.507    0.121143
-3.506    0.121297
-3.505    0.121452
-3.504    0.121607
-3.503    0.121762
-3.502    0.121918
-3.501    0.122073
-3.5    0.12223
-3.499    0.122386
-3.498    0.122543
-3.497    0.1227
-3.496    0.122858
-3.495    0.123015
-3.494    0.123173
-3.493    0.123332
-3.492    0.123491
-3.491    0.12365
-3.49    0.123809
-3.489    0.123969
-3.488    0.124129
-3.487    0.124289
-3.486    0.12445
-3.485    0.124611
-3.484    0.124772
-3.483    0.124934
-3.482    0.125096
-3.481    0.125259
-3.48    0.125422
-3.479    0.125585
-3.478    0.125748
-3.477    0.125912
-3.476    0.126076
-3.475    0.12624
-3.474    0.126405
-3.473    0.12657
-3.472    0.126736
-3.471    0.126902
-3.47    0.127068
-3.469    0.127235
-3.468    0.127401
-3.467    0.127569
-3.466    0.127736
-3.465    0.127904
-3.464    0.128073
-3.463    0.128241
-3.462    0.12841
-3.461    0.12858
-3.46    0.128749
-3.459    0.12892
-3.458    0.12909
-3.457    0.129261
-3.456    0.129432
-3.455    0.129604
-3.454    0.129776
-3.453    0.129948
-3.452    0.13012
-3.451    0.130294
-3.45    0.130467
-3.449    0.130641
-3.448    0.130815
-3.447    0.130989
-3.446    0.131164
-3.445    0.13134
-3.444    0.131515
-3.443    0.131691
-3.442    0.131868
-3.441    0.132044
-3.44    0.132222
-3.439    0.132399
-3.438    0.132577
-3.437    0.132755
-3.436    0.132934
-3.435    0.133113
-3.434    0.133293
-3.433    0.133473
-3.432    0.133653
-3.431    0.133833
-3.43    0.134015
-3.429    0.134196
-3.428    0.134378
-3.427    0.13456
-3.426    0.134743
-3.425    0.134926
-3.424    0.135109
-3.423    0.135293
-3.422    0.135477
-3.421    0.135662
-3.42    0.135847
-3.419    0.136032
-3.418    0.136218
-3.417    0.136405
-3.416    0.136591
-3.415    0.136778
-3.414    0.136966
-3.413    0.137154
-3.412    0.137342
-3.411    0.137531
-3.41    0.13772
-3.409    0.13791
-3.408    0.1381
-3.407    0.13829
-3.406    0.138481
-3.405    0.138672
-3.404    0.138864
-3.403    0.139056
-3.402    0.139249
-3.401    0.139442
-3.4    0.139635
-3.399    0.139829
-3.398    0.140023
-3.397    0.140218
-3.396    0.140413
-3.395    0.140609
-3.394    0.140805
-3.393    0.141001
-3.392    0.141198
-3.391    0.141395
-3.39    0.141593
-3.389    0.141792
-3.388    0.14199
-3.387    0.142189
-3.386    0.142389
-3.385    0.142589
-3.384    0.14279
-3.383    0.142991
-3.382    0.143192
-3.381    0.143394
-3.38    0.143596
-3.379    0.143799
-3.378    0.144002
-3.377    0.144206
-3.376    0.14441
-3.375    0.144615
-3.374    0.14482
-3.373    0.145026
-3.372    0.145232
-3.371    0.145438
-3.37    0.145645
-3.369    0.145853
-3.368    0.146061
-3.367    0.146269
-3.366    0.146478
-3.365    0.146688
-3.364    0.146897
-3.363    0.147108
-3.362    0.147319
-3.361    0.14753
-3.36    0.147742
-3.359    0.147954
-3.358    0.148167
-3.357    0.14838
-3.356    0.148594
-3.355    0.148809
-3.354    0.149023
-3.353    0.149239
-3.352    0.149454
-3.351    0.149671
-3.35    0.149888
-3.349    0.150105
-3.348    0.150323
-3.347    0.150541
-3.346    0.15076
-3.345    0.150979
-3.344    0.151199
-3.343    0.15142
-3.342    0.151641
-3.341    0.151862
-3.34    0.152084
-3.339    0.152307
-3.338    0.15253
-3.337    0.152753
-3.336    0.152977
-3.335    0.153202
-3.334    0.153427
-3.333    0.153653
-3.332    0.153879
-3.331    0.154106
-3.33    0.154333
-3.329    0.154561
-3.328    0.154789
-3.327    0.155018
-3.326    0.155248
-3.325    0.155478
-3.324    0.155709
-3.323    0.15594
-3.322    0.156171
-3.321    0.156404
-3.32    0.156636
-3.319    0.15687
-3.318    0.157104
-3.317    0.157338
-3.316    0.157573
-3.315    0.157809
-3.314    0.158045
-3.313    0.158282
-3.312    0.158519
-3.311    0.158757
-3.31    0.158996
-3.309    0.159235
-3.308    0.159475
-3.307    0.159715
-3.306    0.159956
-3.305    0.160197
-3.304    0.160439
-3.303    0.160682
-3.302    0.160925
-3.301    0.161169
-3.3    0.161413
-3.299    0.161658
-3.298    0.161904
-3.297    0.16215
-3.296    0.162397
-3.295    0.162644
-3.294    0.162892
-3.293    0.163141
-3.292    0.16339
-3.291    0.16364
-3.29    0.163891
-3.289    0.164142
-3.288    0.164394
-3.287    0.164646
-3.286    0.164899
-3.285    0.165153
-3.284    0.165407
-3.283    0.165662
-3.282    0.165917
-3.281    0.166174
-3.28    0.16643
-3.279    0.166688
-3.278    0.166946
-3.277    0.167205
-3.276    0.167464
-3.275    0.167724
-3.274    0.167985
-3.273    0.168246
-3.272    0.168508
-3.271    0.168771
-3.27    0.169035
-3.269    0.169299
-3.268    0.169563
-3.267    0.169829
-3.266    0.170095
-3.265    0.170361
-3.264    0.170629
-3.263    0.170897
-3.262    0.171166
-3.261    0.171435
-3.26    0.171705
-3.259    0.171976
-3.258    0.172248
-3.257    0.17252
-3.256    0.172793
-3.255    0.173067
-3.254    0.173341
-3.253    0.173616
-3.252    0.173892
-3.251    0.174168
-3.25    0.174445
-3.249    0.174723
-3.248    0.175002
-3.247    0.175281
-3.246    0.175561
-3.245    0.175842
-3.244    0.176124
-3.243    0.176406
-3.242    0.176689
-3.241    0.176973
-3.24    0.177257
-3.239    0.177542
-3.238    0.177828
-3.237    0.178115
-3.236    0.178402
-3.235    0.178691
-3.234    0.17898
-3.233    0.179269
-3.232    0.17956
-3.231    0.179851
-3.23    0.180143
-3.229    0.180436
-3.228    0.180729
-3.227    0.181024
-3.226    0.181319
-3.225    0.181615
-3.224    0.181912
-3.223    0.182209
-3.222    0.182507
-3.221    0.182806
-3.22    0.183106
-3.219    0.183407
-3.218    0.183708
-3.217    0.184011
-3.216    0.184314
-3.215    0.184618
-3.214    0.184922
-3.213    0.185228
-3.212    0.185534
-3.211    0.185842
-3.21    0.18615
-3.209    0.186458
-3.208    0.186768
-3.207    0.187079
-3.206    0.18739
-3.205    0.187702
-3.204    0.188015
-3.203    0.188329
-3.202    0.188644
-3.201    0.18896
-3.2    0.189276
-3.199    0.189594
-3.198    0.189912
-3.197    0.190231
-3.196    0.190551
-3.195    0.190872
-3.194    0.191193
-3.193    0.191516
-3.192    0.19184
-3.191    0.192164
-3.19    0.192489
-3.189    0.192815
-3.188    0.193143
-3.187    0.193471
-3.186    0.193799
-3.185    0.194129
-3.184    0.19446
-3.183    0.194792
-3.182    0.195124
-3.181    0.195458
-3.18    0.195792
-3.179    0.196128
-3.178    0.196464
-3.177    0.196801
-3.176    0.197139
-3.175    0.197479
-3.174    0.197819
-3.173    0.19816
-3.172    0.198502
-3.171    0.198845
-3.17    0.199189
-3.169    0.199534
-3.168    0.19988
-3.167    0.200226
-3.166    0.200574
-3.165    0.200923
-3.164    0.201273
-3.163    0.201624
-3.162    0.201976
-3.161    0.202329
-3.16    0.202682
-3.159    0.203037
-3.158    0.203393
-3.157    0.20375
-3.156    0.204108
-3.155    0.204467
-3.154    0.204827
-3.153    0.205188
-3.152    0.20555
-3.151    0.205913
-3.15    0.206277
-3.149    0.206643
-3.148    0.207009
-3.147    0.207376
-3.146    0.207745
-3.145    0.208114
-3.144    0.208485
-3.143    0.208857
-3.142    0.209229
-3.141    0.209603
-3.14    0.209978
-3.139    0.210354
-3.138    0.210731
-3.137    0.211109
-3.136    0.211489
-3.135    0.211869
-3.134    0.212251
-3.133    0.212634
-3.132    0.213017
-3.131    0.213402
-3.13    0.213789
-3.129    0.214176
-3.128    0.214564
-3.127    0.214954
-3.126    0.215345
-3.125    0.215736
-3.124    0.21613
-3.123    0.216524
-3.122    0.216919
-3.121    0.217316
-3.12    0.217714
-3.119    0.218113
-3.118    0.218513
-3.117    0.218914
-3.116    0.219317
-3.115    0.219721
-3.114    0.220126
-3.113    0.220532
-3.112    0.22094
-3.111    0.221348
-3.11    0.221758
-3.109    0.22217
-3.108    0.222582
-3.107    0.222996
-3.106    0.223411
-3.105    0.223827
-3.104    0.224245
-3.103    0.224664
-3.102    0.225084
-3.101    0.225505
-3.1    0.225928
-3.099    0.226352
-3.098    0.226778
-3.097    0.227204
-3.096    0.227632
-3.095    0.228062
-3.094    0.228492
-3.093    0.228924
-3.092    0.229358
-3.091    0.229792
-3.09    0.230228
-3.089    0.230666
-3.088    0.231104
-3.087    0.231545
-3.086    0.231986
-3.085    0.232429
-3.084    0.232873
-3.083    0.233319
-3.082    0.233766
-3.081    0.234215
-3.08    0.234665
-3.079    0.235116
-3.078    0.235569
-3.077    0.236023
-3.076    0.236479
-3.075    0.236936
-3.074    0.237395
-3.073    0.237855
-3.072    0.238316
-3.071    0.238779
-3.07    0.239244
-3.069    0.23971
-3.068    0.240177
-3.067    0.240646
-3.066    0.241117
-3.065    0.241589
-3.064    0.242063
-3.063    0.242538
-3.062    0.243014
-3.061    0.243493
-3.06    0.243972
-3.059    0.244454
-3.058    0.244937
-3.057    0.245421
-3.056    0.245907
-3.055    0.246395
-3.054    0.246884
-3.053    0.247375
-3.052    0.247867
-3.051    0.248361
-3.05    0.248857
-3.049    0.249354
-3.048    0.249853
-3.047    0.250354
-3.046    0.250856
-3.045    0.25136
-3.044    0.251866
-3.043    0.252373
-3.042    0.252882
-3.041    0.253393
-3.04    0.253906
-3.039    0.25442
-3.038    0.254936
-3.037    0.255453
-3.036    0.255973
-3.035    0.256494
-3.034    0.257017
-3.033    0.257541
-3.032    0.258068
-3.031    0.258596
-3.03    0.259126
-3.029    0.259658
-3.028    0.260191
-3.027    0.260727
-3.026    0.261264
-3.025    0.261803
-3.024    0.262344
-3.023    0.262887
-3.022    0.263432
-3.021    0.263978
-3.02    0.264527
-3.019    0.265077
-3.018    0.265629
-3.017    0.266184
-3.016    0.26674
-3.015    0.267298
-3.014    0.267858
-3.013    0.26842
-3.012    0.268983
-3.011    0.269549
-3.01    0.270117
-3.009    0.270687
-3.008    0.271259
-3.007    0.271833
-3.006    0.272408
-3.005    0.272986
-3.004    0.273566
-3.003    0.274148
-3.002    0.274732
-3.001    0.275318
-3    0.275907
-2.999    0.276497
-2.998    0.277089
-2.997    0.277684
-2.996    0.27828
-2.995    0.278879
-2.994    0.27948
-2.993    0.280083
-2.992    0.280689
-2.991    0.281296
-2.99    0.281906
-2.989    0.282518
-2.988    0.283132
-2.987    0.283748
-2.986    0.284366
-2.985    0.284987
-2.984    0.28561
-2.983    0.286236
-2.982    0.286863
-2.981    0.287493
-2.98    0.288125
-2.979    0.28876
-2.978    0.289397
-2.977    0.290036
-2.976    0.290678
-2.975    0.291322
-2.974    0.291968
-2.973    0.292617
-2.972    0.293268
-2.971    0.293922
-2.97    0.294578
-2.969    0.295237
-2.968    0.295898
-2.967    0.296561
-2.966    0.297227
-2.965    0.297895
-2.964    0.298566
-2.963    0.29924
-2.962    0.299916
-2.961    0.300595
-2.96    0.301276
-2.959    0.30196
-2.958    0.302646
-2.957    0.303335
-2.956    0.304027
-2.955    0.304721
-2.954    0.305418
-2.953    0.306118
-2.952    0.30682
-2.951    0.307525
-2.95    0.308233
-2.949    0.308944
-2.948    0.309657
-2.947    0.310373
-2.946    0.311092
-2.945    0.311814
-2.944    0.312538
-2.943    0.313265
-2.942    0.313996
-2.941    0.314729
-2.94    0.315465
-2.939    0.316203
-2.938    0.316945
-2.937    0.31769
-2.936    0.318437
-2.935    0.319188
-2.934    0.319942
-2.933    0.320698
-2.932    0.321458
-2.931    0.32222
-2.93    0.322986
-2.929    0.323755
-2.928    0.324527
-2.927    0.325302
-2.926    0.32608
-2.925    0.326861
-2.924    0.327645
-2.923    0.328433
-2.922    0.329224
-2.921    0.330018
-2.92    0.330815
-2.919    0.331616
-2.918    0.332419
-2.917    0.333226
-2.916    0.334037
-2.915    0.334851
-2.914    0.335668
-2.913    0.336488
-2.912    0.337312
-2.911    0.338139
-2.91    0.33897
-2.909    0.339804
-2.908    0.340642
-2.907    0.341483
-2.906    0.342328
-2.905    0.343176
-2.904    0.344028
-2.903    0.344883
-2.902    0.345743
-2.901    0.346605
-2.9    0.347472
-2.899    0.348342
-2.898    0.349215
-2.897    0.350093
-2.896    0.350974
-2.895    0.351859
-2.894    0.352748
-2.893    0.35364
-2.892    0.354537
-2.891    0.355437
-2.89    0.356341
-2.889    0.357249
-2.888    0.358162
-2.887    0.359078
-2.886    0.359998
-2.885    0.360922
-2.884    0.36185
-2.883    0.362782
-2.882    0.363718
-2.881    0.364659
-2.88    0.365603
-2.879    0.366552
-2.878    0.367505
-2.877    0.368462
-2.876    0.369424
-2.875    0.37039
-2.874    0.37136
-2.873    0.372334
-2.872    0.373313
-2.871    0.374296
-2.87    0.375284
-2.869    0.376276
-2.868    0.377272
-2.867    0.378274
-2.866    0.379279
-2.865    0.38029
-2.864    0.381304
-2.863    0.382324
-2.862    0.383348
-2.861    0.384377
-2.86    0.385411
-2.859    0.386449
-2.858    0.387493
-2.857    0.388541
-2.856    0.389594
-2.855    0.390652
-2.854    0.391715
-2.853    0.392782
-2.852    0.393855
-2.851    0.394933
-2.85    0.396016
-2.849    0.397104
-2.848    0.398197
-2.847    0.399296
-2.846    0.400399
-2.845    0.401508
-2.844    0.402623
-2.843    0.403742
-2.842    0.404867
-2.841    0.405997
-2.84    0.407133
-2.839    0.408275
-2.838    0.409421
-2.837    0.410574
-2.836    0.411732
-2.835    0.412895
-2.834    0.414065
-2.833    0.41524
-2.832    0.416421
-2.831    0.417608
-2.83    0.4188
-2.829    0.419999
-2.828    0.421203
-2.827    0.422413
-2.826    0.42363
-2.825    0.424852
-2.824    0.426081
-2.823    0.427316
-2.822    0.428557
-2.821    0.429804
-2.82    0.431058
-2.819    0.432318
-2.818    0.433584
-2.817    0.434857
-2.816    0.436137
-2.815    0.437423
-2.814    0.438715
-2.813    0.440015
-2.812    0.44132
-2.811    0.442633
-2.81    0.443953
-2.809    0.445279
-2.808    0.446612
-2.807    0.447953
-2.806    0.4493
-2.805    0.450654
-2.804    0.452016
-2.803    0.453385
-2.802    0.454761
-2.801    0.456144
-2.8    0.457535
-2.799    0.458933
-2.798    0.460339
-2.797    0.461752
-2.796    0.463173
-2.795    0.464601
-2.794    0.466037
-2.793    0.467481
-2.792    0.468933
-2.791    0.470393
-2.79    0.471861
-2.789    0.473337
-2.788    0.474821
-2.787    0.476313
-2.786    0.477813
-2.785    0.479322
-2.784    0.480839
-2.783    0.482365
-2.782    0.483899
-2.781    0.485442
-2.78    0.486993
-2.779    0.488553
-2.778    0.490122
-2.777    0.4917
-2.776    0.493287
-2.775    0.494883
-2.774    0.496489
-2.773    0.498103
-2.772    0.499727
-2.771    0.50136
-2.77    0.503002
-2.769    0.504655
-2.768    0.506316
-2.767    0.507988
-2.766    0.509669
-2.765    0.51136
-2.764    0.513061
-2.763    0.514772
-2.762    0.516494
-2.761    0.518225
-2.76    0.519967
-2.759    0.52172
-2.758    0.523483
-2.757    0.525256
-2.756    0.52704
-2.755    0.528836
-2.754    0.530642
-2.753    0.532459
-2.752    0.534287
-2.751    0.536126
-2.75    0.537977
-2.749    0.539839
-2.748    0.541713
-2.747    0.543598
-2.746    0.545495
-2.745    0.547404
-2.744    0.549325
-2.743    0.551258
-2.742    0.553203
-2.741    0.555161
-2.74    0.557131
-2.739    0.559114
-2.738    0.561109
-2.737    0.563117
-2.736    0.565139
-2.735    0.567173
-2.734    0.56922
-2.733    0.571281
-2.732    0.573355
-2.731    0.575443
-2.73    0.577545
-2.729    0.57966
-2.728    0.58179
-2.727    0.583933
-2.726    0.586091
-2.725    0.588264
-2.724    0.590451
-2.723    0.592652
-2.722    0.594869
-2.721    0.597101
-2.72    0.599347
-2.719    0.60161
-2.718    0.603887
-2.717    0.606181
-2.716    0.60849
-2.715    0.610816
-2.714    0.613157
-2.713    0.615515
-2.712    0.61789
-2.711    0.620281
-2.71    0.622689
-2.709    0.625114
-2.708    0.627556
-2.707    0.630016
-2.706    0.632494
-2.705    0.634989
-2.704    0.637502
-2.703    0.640034
-2.702    0.642584
-2.701    0.645153
-2.7    0.64774
-2.699    0.650347
-2.698    0.652973
-2.697    0.655619
-2.696    0.658284
-2.695    0.660969
-2.694    0.663674
-2.693    0.6664
-2.692    0.669146
-2.691    0.671913
-2.69    0.674702
-2.689    0.677512
-2.688    0.680343
-2.687    0.683196
-2.686    0.686072
-2.685    0.68897
-2.684    0.69189
-2.683    0.694834
-2.682    0.697801
-2.681    0.700791
-2.68    0.703805
-2.679    0.706843
-2.678    0.709906
-2.677    0.712993
-2.676    0.716105
-2.675    0.719243
-2.674    0.722406
-2.673    0.725595
-2.672    0.72881
-2.671    0.732053
-2.67    0.735322
-2.669    0.738618
-2.668    0.741942
-2.667    0.745294
-2.666    0.748674
-2.665    0.752083
-2.664    0.755521
-2.663    0.758989
-2.662    0.762486
-2.661    0.766014
-2.66    0.769573
-2.659    0.773162
-2.658    0.776784
-2.657    0.780437
-2.656    0.784122
-2.655    0.78784
-2.654    0.791592
-2.653    0.795377
-2.652    0.799197
-2.651    0.803051
-2.65    0.80694
-2.649    0.810865
-2.648    0.814826
-2.647    0.818824
-2.646    0.822859
-2.645    0.826932
-2.644    0.831043
-2.643    0.835193
-2.642    0.839382
-2.641    0.843611
-2.64    0.847881
-2.639    0.852192
-2.638    0.856544
-2.637    0.860939
-2.636    0.865377
-2.635    0.869859
-2.634    0.874385
-2.633    0.878956
-2.632    0.883573
-2.631    0.888236
-2.63    0.892946
-2.629    0.897704
-2.628    0.902511
-2.627    0.907367
-2.626    0.912273
-2.625    0.91723
-2.624    0.922239
-2.623    0.927301
-2.622    0.932416
-2.621    0.937585
-2.62    0.942809
-2.619    0.948089
-2.618    0.953427
-2.617    0.958822
-2.616    0.964277
-2.615    0.969791
-2.614    0.975366
-2.613    0.981003
-2.612    0.986703
-2.611    0.992467
-2.61    0.998297
-2.609    1.00419
-2.608    1.01016
-2.607    1.01619
-2.606    1.02229
-2.605    1.02846
-2.604    1.03471
-2.603    1.04103
-2.602    1.04742
-2.601    1.05389
-2.6    1.06044
-2.599    1.06706
-2.598    1.07377
-2.597    1.08056
-2.596    1.08744
-2.595    1.0944
-2.594    1.10144
-2.593    1.10858
-2.592    1.1158
-2.591    1.12312
-2.59    1.13053
-2.589    1.13803
-2.588    1.14564
-2.587    1.15334
-2.586    1.16114
-2.585    1.16905
-2.584    1.17706
-2.583    1.18518
-2.582    1.19341
-2.581    1.20175
-2.58    1.21021
-2.579    1.21878
-2.578    1.22748
-2.577    1.23629
-2.576    1.24523
-2.575    1.25429
-2.574    1.26349
-2.573    1.27282
-2.572    1.28228
-2.571    1.29188
-2.57    1.30162
-2.569    1.31151
-2.568    1.32154
-2.567    1.33172
-2.566    1.34206
-2.565    1.35256
-2.564    1.36322
-2.563    1.37404
-2.562    1.38504
-2.561    1.3962
-2.56    1.40754
-2.559    1.41907
-2.558    1.43078
-2.557    1.44268
-2.556    1.45477
-2.555    1.46706
-2.554    1.47956
-2.553    1.49227
-2.552    1.50519
-2.551    1.51833
-2.55    1.5317
-2.549    1.5453
-2.548    1.55913
-2.547    1.57321
-2.546    1.58754
-2.545    1.60213
-2.544    1.61697
-2.543    1.63209
-2.542    1.64749
-2.541    1.66316
-2.54    1.67914
-2.539    1.69541
-2.538    1.71199
-2.537    1.72889
-2.536    1.74611
-2.535    1.76367
-2.534    1.78158
-2.533    1.79984
-2.532    1.81846
-2.531    1.83746
-2.53    1.85685
-2.529    1.87663
-2.528    1.89683
-2.527    1.91745
-2.526    1.9385
-2.525    1.96
-2.524    1.98197
-2.523    2.00441
-2.522    2.02734
-2.521    2.05078
-2.52    2.07474
-2.519    2.09925
-2.518    2.12431
-2.517    2.14995
-2.516    2.17618
-2.515    2.20303
-2.514    2.23051
-2.513    2.25865
-2.512    2.28747
-2.511    2.31699
-2.51    2.34723
-2.509    2.37823
-2.508    2.41001
-2.507    2.44259
-2.506    2.47601
-2.505    2.5103
-2.504    2.54548
-2.503    2.58159
-2.502    2.61866
-2.501    2.65674
-2.5    2.69585
-2.499    2.73604
-2.498    2.77736
-2.497    2.81983
-2.496    2.86351
-2.495    2.90845
-2.494    2.9547
-2.493    3.0023
-2.492    3.05132
-2.491    3.10181
-2.49    3.15383
-2.489    3.20745
-2.488    3.26273
-2.487    3.31975
-2.486    3.37857
-2.485    3.43929
-2.484    3.50197
-2.483    3.56671
-2.482    3.6336
-2.481    3.70273
-2.48    3.77421
-2.479    3.84814
-2.478    3.92463
-2.477    4.00381
-2.476    4.0858
-2.475    4.17073
-2.474    4.25875
-2.473    4.35
-2.472    4.44464
-2.471    4.54284
-2.47    4.64476
-2.469    4.7506
-2.468    4.86055
-2.467    4.97482
-2.466    5.09363
-2.465    5.21721
-2.464    5.3458
-2.463    5.47967
-2.462    5.61909
-2.461    5.76436
-2.46    5.91577
-2.459    6.07366
-2.458    6.23838
-2.457    6.41027
-2.456    6.58974
-2.455    6.77718
-2.454    6.97303
-2.453    7.17773
-2.452    7.39175
-2.451    7.6156
-2.45    7.8498
-2.449    8.0949
-2.448    8.35146
-2.447    8.62009
-2.446    8.90139
-2.445    9.19601
-2.444    9.5046
-2.443    9.82784
-2.442    10.1664
-2.441    10.521
-2.44    10.8922
-2.439    11.2809
-2.438    11.6875
-2.437    12.1128
-2.436    12.5572
-2.435    13.0213
-2.434    13.5055
-2.433    14.01
-2.432    14.5349
-2.431    15.0801
-2.43    15.6454
-2.429    16.23
-2.428    16.8332
-2.427    17.4536
-2.426    18.0894
-2.425    18.7385
-2.424    19.3979
-2.423    20.0645
-2.422    20.7341
-2.421    21.4021
-2.42    22.0632
-2.419    22.7115
-2.418    23.3404
-2.417    23.943
-2.416    24.5119
-2.415    25.0395
-2.414    25.5183
-2.413    25.941
-2.412    26.3007
-2.411    26.5915
-2.41    26.8082
-2.409    26.947
-2.408    27.0055
-2.407    26.9828
-2.406    26.8794
-2.405    26.6975
-2.404    26.4407
-2.403    26.1138
-2.402    25.7227
-2.401    25.274
-2.4    24.775
-2.399    24.2332
-2.398    23.6561
-2.397    23.0512
-2.396    22.4256
-2.395    21.786
-2.394    21.1383
-2.393    20.488
-2.392    19.8399
-2.391    19.1981
-2.39    18.5662
-2.389    17.947
-2.388    17.3429
-2.387    16.7557
-2.386    16.1869
-2.385    15.6374
-2.384    15.1078
-2.383    14.5987
-2.382    14.11
-2.381    13.6417
-2.38    13.1937
-2.379    12.7654
-2.378    12.3566
-2.377    11.9666
-2.376    11.5948
-2.375    11.2406
-2.374    10.9033
-2.373    10.5823
-2.372    10.2768
-2.371    9.98626
-2.37    9.70992
-2.369    9.44715
-2.368    9.19729
-2.367    8.95975
-2.366    8.73392
-2.365    8.51923
-2.364    8.31513
-2.363    8.1211
-2.362    7.93664
-2.361    7.76128
-2.36    7.59455
-2.359    7.43604
-2.358    7.28534
-2.357    7.14206
-2.356    7.00584
-2.355    6.87634
-2.354    6.75323
-2.353    6.6362
-2.352    6.52496
-2.351    6.41925
-2.35    6.3188
-2.349    6.22337
-2.348    6.13272
-2.347    6.04665
-2.346    5.96494
-2.345    5.88741
-2.344    5.81387
-2.343    5.74415
-2.342    5.67809
-2.341    5.61554
-2.34    5.55635
-2.339    5.50038
-2.338    5.44751
-2.337    5.39762
-2.336    5.35059
-2.335    5.30631
-2.334    5.26469
-2.333    5.22563
-2.332    5.18903
-2.331    5.15481
-2.33    5.1229
-2.329    5.09322
-2.328    5.06569
-2.327    5.04024
-2.326    5.01683
-2.325    4.99537
-2.324    4.97583
-2.323    4.95814
-2.322    4.94226
-2.321    4.92814
-2.32    4.91574
-2.319    4.90501
-2.318    4.89592
-2.317    4.88843
-2.316    4.88251
-2.315    4.87813
-2.314    4.87526
-2.313    4.87386
-2.312    4.87393
-2.311    4.87542
-2.31    4.87834
-2.309    4.88264
-2.308    4.88832
-2.307    4.89536
-2.306    4.90375
-2.305    4.91347
-2.304    4.92451
-2.303    4.93687
-2.302    4.95053
-2.301    4.96549
-2.3    4.98174
-2.299    4.99928
-2.298    5.01811
-2.297    5.03823
-2.296    5.05962
-2.295    5.08231
-2.294    5.10628
-2.293    5.13155
-2.292    5.15812
-2.291    5.18599
-2.29    5.21517
-2.289    5.24568
-2.288    5.27751
-2.287    5.31069
-2.286    5.34523
-2.285    5.38113
-2.284    5.41842
-2.283    5.45712
-2.282    5.49723
-2.281    5.53878
-2.28    5.58179
-2.279    5.62629
-2.278    5.67229
-2.277    5.71982
-2.276    5.76891
-2.275    5.81958
-2.274    5.87187
-2.273    5.92581
-2.272    5.98143
-2.271    6.03876
-2.27    6.09785
-2.269    6.15872
-2.268    6.22142
-2.267    6.286
-2.266    6.3525
-2.265    6.42095
-2.264    6.49142
-2.263    6.56396
-2.262    6.63861
-2.261    6.71544
-2.26    6.79449
-2.259    6.87584
-2.258    6.95955
-2.257    7.04568
-2.256    7.1343
-2.255    7.2255
-2.254    7.31933
-2.253    7.4159
-2.252    7.51527
-2.251    7.61753
-2.25    7.72279
-2.249    7.83113
-2.248    7.94265
-2.247    8.05746
-2.246    8.17567
-2.245    8.2974
-2.244    8.42276
-2.243    8.55189
-2.242    8.68491
-2.241    8.82196
-2.24    8.96318
-2.239    9.10874
-2.238    9.25879
-2.237    9.4135
-2.236    9.57304
-2.235    9.73759
-2.234    9.90735
-2.233    10.0825
-2.232    10.2633
-2.231    10.45
-2.23    10.6427
-2.229    10.8418
-2.228    11.0475
-2.227    11.26
-2.226    11.4797
-2.225    11.7068
-2.224    11.9417
-2.223    12.1848
-2.222    12.4363
-2.221    12.6966
-2.22    12.9661
-2.219    13.2454
-2.218    13.5347
-2.217    13.8345
-2.216    14.1454
-2.215    14.4678
-2.214    14.8023
-2.213    15.1495
-2.212    15.5099
-2.211    15.8843
-2.21    16.2732
-2.209    16.6775
-2.208    17.0978
-2.207    17.535
-2.206    17.99
-2.205    18.4635
-2.204    18.9566
-2.203    19.4703
-2.202    20.0056
-2.201    20.5637
-2.2    21.1458
-2.199    21.7531
-2.198    22.3869
-2.197    23.0487
-2.196    23.74
-2.195    24.4622
-2.194    25.2172
-2.193    26.0066
-2.192    26.8323
-2.191    27.6962
-2.19    28.6004
-2.189    29.5469
-2.188    30.5381
-2.187    31.5762
-2.186    32.6637
-2.185    33.803
-2.184    34.9967
-2.183    36.2476
-2.182    37.5582
-2.181    38.9315
-2.18    40.37
-2.179    41.8765
-2.178    43.4537
-2.177    45.1041
-2.176    46.8301
-2.175    48.6339
-2.174    50.5172
-2.173    52.4814
-2.172    54.5274
-2.171    56.6553
-2.17    58.8644
-2.169    61.1531
-2.168    63.5185
-2.167    65.9563
-2.166    68.4607
-2.165    71.0239
-2.164    73.6363
-2.163    76.2858
-2.162    78.958
-2.161    81.6359
-2.16    84.2998
-2.159    86.9276
-2.158    89.4947
-2.157    91.974
-2.156    94.3371
-2.155    96.5541
-2.154    98.5947
-2.153    100.429
-2.152    102.028
-2.151    103.367
-2.15    104.421
-2.149    105.173
-2.148    105.61
-2.147    105.724
-2.146    105.514
-2.145    104.984
-2.144    104.146
-2.143    103.015
-2.142    101.614
-2.141    99.9659
-2.14    98.0997
-2.139    96.0444
-2.138    93.8303
-2.137    91.4878
-2.136    89.0459
-2.135    86.5326
-2.134    83.9734
-2.133    81.3917
-2.132    78.8083
-2.131    76.2414
-2.13    73.7066
-2.129    71.2169
-2.128    68.7831
-2.127    66.4139
-2.126    64.1158
-2.125    61.894
-2.124    59.7519
-2.123    57.6917
-2.122    55.7146
-2.121    53.8208
-2.12    52.01
-2.119    50.2808
-2.118    48.632
-2.117    47.0614
-2.116    45.5669
-2.115    44.1461
-2.114    42.7965
-2.113    41.5154
-2.112    40.3003
-2.111    39.1485
-2.11    38.0573
-2.109    37.0242
-2.108    36.0467
-2.107    35.1223
-2.106    34.2488
-2.105    33.4238
-2.104    32.6453
-2.103    31.9112
-2.102    31.2196
-2.101    30.5686
-2.1    29.9565
-2.099    29.3817
-2.098    28.8427
-2.097    28.338
-2.096    27.8663
-2.095    27.4264
-2.094    27.017
-2.093    26.6371
-2.092    26.2857
-2.091    25.9619
-2.09    25.6649
-2.089    25.3938
-2.088    25.1479
-2.087    24.9267
-2.086    24.7296
-2.085    24.5559
-2.084    24.4054
-2.083    24.2776
-2.082    24.1722
-2.081    24.0889
-2.08    24.0275
-2.079    23.9878
-2.078    23.9698
-2.077    23.9733
-2.076    23.9985
-2.075    24.0453
-2.074    24.1138
-2.073    24.2043
-2.072    24.317
-2.071    24.4521
-2.07    24.6099
-2.069    24.791
-2.068    24.9957
-2.067    25.2245
-2.066    25.4781
-2.065    25.757
-2.064    26.0621
-2.063    26.394
-2.062    26.7537
-2.061    27.1421
-2.06    27.5601
-2.059    28.0089
-2.058    28.4897
-2.057    29.0038
-2.056    29.5524
-2.055    30.137
-2.054    30.7593
-2.053    31.4207
-2.052    32.1231
-2.051    32.8684
-2.05    33.6584
-2.049    34.4953
-2.048    35.3811
-2.047    36.3182
-2.046    37.3088
-2.045    38.3555
-2.044    39.4608
-2.043    40.6272
-2.042    41.8573
-2.041    43.1539
-2.04    44.5195
-2.039    45.9567
-2.038    47.4681
-2.037    49.0561
-2.036    50.7227
-2.035    52.4698
-2.034    54.2989
-2.033    56.2111
-2.032    58.2066
-2.031    60.2851
-2.03    62.4452
-2.029    64.6845
-2.028    66.9991
-2.027    69.384
-2.026    71.8319
-2.025    74.3339
-2.024    76.8789
-2.023    79.4533
-2.022    82.0411
-2.021    84.6236
-2.02    87.1796
-2.019    89.6852
-2.018    92.1144
-2.017    94.439
-2.016    96.6297
-2.015    98.6562
-2.014    100.488
-2.013    102.096
-2.012    103.454
-2.011    104.536
-2.01    105.322
-2.009    105.798
-2.008    105.952
-2.007    105.783
-2.006    105.291
-2.005    104.486
-2.004    103.382
-2.003    101.998
-2.002    100.357
-2.001    98.4863
-2    96.4147
-1.999    94.1722
-1.998    91.7891
-1.997    89.2951
-1.996    86.7185
-1.995    84.0857
-1.994    81.421
-1.993    78.7462
-1.992    76.0804
-1.991    73.44
-1.99    70.8392
-1.989    68.2894
-1.988    65.8
-1.987    63.3784
-1.986    61.0302
-1.985    58.7592
-1.984    56.5682
-1.983    54.4587
-1.982    52.4311
-1.981    50.4851
-1.98    48.6198
-1.979    46.8338
-1.978    45.1252
-1.977    43.4917
-1.976    41.9311
-1.975    40.4406
-1.974    39.0177
-1.973    37.6595
-1.972    36.3634
-1.971    35.1266
-1.97    33.9465
-1.969    32.8203
-1.968    31.7455
-1.967    30.7196
-1.966    29.7402
-1.965    28.805
-1.964    27.9119
-1.963    27.0585
-1.962    26.2431
-1.961    25.4636
-1.96    24.7182
-1.959    24.0051
-1.958    23.3229
-1.957    22.6698
-1.956    22.0444
-1.955    21.4453
-1.954    20.8711
-1.953    20.3208
-1.952    19.793
-1.951    19.2866
-1.95    18.8006
-1.949    18.334
-1.948    17.8858
-1.947    17.4552
-1.946    17.0414
-1.945    16.6434
-1.944    16.2606
-1.943    15.8923
-1.942    15.5378
-1.941    15.1964
-1.94    14.8676
-1.939    14.5507
-1.938    14.2453
-1.937    13.9508
-1.936    13.6668
-1.935    13.3928
-1.934    13.1283
-1.933    12.873
-1.932    12.6264
-1.931    12.3883
-1.93    12.1581
-1.929    11.9357
-1.928    11.7206
-1.927    11.5127
-1.926    11.3115
-1.925    11.1168
-1.924    10.9285
-1.923    10.7461
-1.922    10.5695
-1.921    10.3985
-1.92    10.2329
-1.919    10.0724
-1.918    9.91683
-1.917    9.76605
-1.916    9.61988
-1.915    9.47813
-1.914    9.34066
-1.913    9.2073
-1.912    9.07791
-1.911    8.95236
-1.91    8.83051
-1.909    8.71223
-1.908    8.59741
-1.907    8.48592
-1.906    8.37765
-1.905    8.27251
-1.904    8.17038
-1.903    8.07117
-1.902    7.97479
-1.901    7.88114
-1.9    7.79015
-1.899    7.70172
-1.898    7.61578
-1.897    7.53226
-1.896    7.45108
-1.895    7.37218
-1.894    7.29548
-1.893    7.22092
-1.892    7.14844
-1.891    7.07798
-1.89    7.00949
-1.889    6.94291
-1.888    6.87818
-1.887    6.81527
-1.886    6.75411
-1.885    6.69467
-1.884    6.63689
-1.883    6.58074
-1.882    6.52617
-1.881    6.47315
-1.88    6.42163
-1.879    6.37158
-1.878    6.32297
-1.877    6.27575
-1.876    6.2299
-1.875    6.18539
-1.874    6.14218
-1.873    6.10024
-1.872    6.05956
-1.871    6.02009
-1.87    5.98182
-1.869    5.94472
-1.868    5.90877
-1.867    5.87393
-1.866    5.8402
-1.865    5.80754
-1.864    5.77594
-1.863    5.74538
-1.862    5.71584
-1.861    5.6873
-1.86    5.65974
-1.859    5.63314
-1.858    5.6075
-1.857    5.58279
-1.856    5.55899
-1.855    5.5361
-1.854    5.51411
-1.853    5.49298
-1.852    5.47273
-1.851    5.45332
-1.85    5.43476
-1.849    5.41702
-1.848    5.4001
-1.847    5.384
-1.846    5.36869
-1.845    5.35416
-1.844    5.34042
-1.843    5.32746
-1.842    5.31525
-1.841    5.30381
-1.84    5.29311
-1.839    5.28315
-1.838    5.27394
-1.837    5.26545
-1.836    5.25769
-1.835    5.25065
-1.834    5.24432
-1.833    5.2387
-1.832    5.23379
-1.831    5.22959
-1.83    5.22608
-1.829    5.22327
-1.828    5.22115
-1.827    5.21972
-1.826    5.21898
-1.825    5.21893
-1.824    5.21956
-1.823    5.22088
-1.822    5.22289
-1.821    5.22557
-1.82    5.22894
-1.819    5.23299
-1.818    5.23772
-1.817    5.24314
-1.816    5.24925
-1.815    5.25604
-1.814    5.26352
-1.813    5.27168
-1.812    5.28055
-1.811    5.2901
-1.81    5.30036
-1.809    5.31131
-1.808    5.32297
-1.807    5.33534
-1.806    5.34843
-1.805    5.36223
-1.804    5.37675
-1.803    5.392
-1.802    5.40798
-1.801    5.4247
-1.8    5.44217
-1.799    5.46039
-1.798    5.47937
-1.797    5.49911
-1.796    5.51963
-1.795    5.54093
-1.794    5.56302
-1.793    5.58591
-1.792    5.60961
-1.791    5.63412
-1.79    5.65947
-1.789    5.68565
-1.788    5.71268
-1.787    5.74058
-1.786    5.76934
-1.785    5.799
-1.784    5.82955
-1.783    5.86101
-1.782    5.89339
-1.781    5.92672
-1.78    5.961
-1.779    5.99625
-1.778    6.03248
-1.777    6.06972
-1.776    6.10798
-1.775    6.14727
-1.774    6.18762
-1.773    6.22904
-1.772    6.27156
-1.771    6.31519
-1.77    6.35995
-1.769    6.40588
-1.768    6.45298
-1.767    6.50128
-1.766    6.55082
-1.765    6.6016
-1.764    6.65366
-1.763    6.70703
-1.762    6.76173
-1.761    6.81779
-1.76    6.87524
-1.759    6.93411
-1.758    6.99444
-1.757    7.05625
-1.756    7.11957
-1.755    7.18446
-1.754    7.25093
-1.753    7.31903
-1.752    7.3888
-1.751    7.46027
-1.75    7.5335
-1.749    7.60851
-1.748    7.68536
-1.747    7.7641
-1.746    7.84476
-1.745    7.9274
-1.744    8.01208
-1.743    8.09884
-1.742    8.18774
-1.741    8.27883
-1.74    8.37218
-1.739    8.46785
-1.738    8.56589
-1.737    8.66638
-1.736    8.76939
-1.735    8.87498
-1.734    8.98324
-1.733    9.09422
-1.732    9.20803
-1.731    9.32473
-1.73    9.44441
-1.729    9.56716
-1.728    9.69308
-1.727    9.82226
-1.726    9.9548
-1.725    10.0908
-1.724    10.2304
-1.723    10.3736
-1.722    10.5207
-1.721    10.6716
-1.72    10.8267
-1.719    10.9859
-1.718    11.1494
-1.717    11.3174
-1.716    11.4899
-1.715    11.6673
-1.714    11.8496
-1.713    12.0369
-1.712    12.2296
-1.711    12.4276
-1.71    12.6314
-1.709    12.8409
-1.708    13.0566
-1.707    13.2785
-1.706    13.5068
-1.705    13.742
-1.704    13.9841
-1.703    14.2335
-1.702    14.4903
-1.701    14.755
-1.7    15.0278
-1.699    15.309
-1.698    15.599
-1.697    15.8981
-1.696    16.2066
-1.695    16.5249
-1.694    16.8535
-1.693    17.1927
-1.692    17.543
-1.691    17.9049
-1.69    18.2787
-1.689    18.6651
-1.688    19.0646
-1.687    19.4777
-1.686    19.9051
-1.685    20.3472
-1.684    20.8049
-1.683    21.2788
-1.682    21.7696
-1.681    22.278
-1.68    22.805
-1.679    23.3513
-1.678    23.9178
-1.677    24.5056
-1.676    25.1155
-1.675    25.7487
-1.674    26.4063
-1.673    27.0895
-1.672    27.7994
-1.671    28.5375
-1.67    29.3051
-1.669    30.1037
-1.668    30.9349
-1.667    31.8003
-1.666    32.7016
-1.665    33.6408
-1.664    34.6198
-1.663    35.6407
-1.662    36.7056
-1.661    37.8169
-1.66    38.977
-1.659    40.1886
-1.658    41.4544
-1.657    42.7773
-1.656    44.1604
-1.655    45.6069
-1.654    47.1202
-1.653    48.704
-1.652    50.362
-1.651    52.0981
-1.65    53.9167
-1.649    55.822
-1.648    57.8186
-1.647    59.9113
-1.646    62.105
-1.645    64.4047
-1.644    66.8158
-1.643    69.3436
-1.642    71.9935
-1.641    74.7711
-1.64    77.6817
-1.639    80.7307
-1.638    83.9234
-1.637    87.2645
-1.636    90.7586
-1.635    94.4095
-1.634    98.2204
-1.633    102.193
-1.632    106.329
-1.631    110.627
-1.63    115.084
-1.629    119.697
-1.628    124.456
-1.627    129.353
-1.626    134.373
-1.625    139.498
-1.624    144.705
-1.623    149.969
-1.622    155.257
-1.621    160.531
-1.62    165.749
-1.619    170.865
-1.618    175.824
-1.617    180.573
-1.616    185.051
-1.615    189.198
-1.614    192.954
-1.613    196.26
-1.612    199.062
-1.611    201.312
-1.61    202.968
-1.609    204.001
-1.608    204.39
-1.607    204.129
-1.606    203.222
-1.605    201.686
-1.604    199.549
-1.603    196.852
-1.602    193.639
-1.601    189.965
-1.6    185.888
-1.599    181.468
-1.598    176.764
-1.597    171.838
-1.596    166.744
-1.595    161.537
-1.594    156.265
-1.593    150.972
-1.592    145.695
-1.591    140.467
-1.59    135.318
-1.589    130.269
-1.588    125.34
-1.587    120.546
-1.586    115.897
-1.585    111.401
-1.584    107.064
-1.583    102.89
-1.582    98.8776
-1.581    95.0278
-1.58    91.3385
-1.579    87.8067
-1.578    84.4286
-1.577    81.2001
-1.576    78.1161
-1.575    75.1717
-1.574    72.3614
-1.573    69.6799
-1.572    67.1216
-1.571    64.6811
-1.57    62.353
-1.569    60.132
-1.568    58.0131
-1.567    55.9912
-1.566    54.0615
-1.565    52.2196
-1.564    50.4608
-1.563    48.7811
-1.562    47.1764
-1.561    45.6429
-1.56    44.1769
-1.559    42.775
-1.558    41.4339
-1.557    40.1505
-1.556    38.9219
-1.555    37.7453
-1.554    36.618
-1.553    35.5375
-1.552    34.5016
-1.551    33.508
-1.55    32.5545
-1.549    31.6393
-1.548    30.7603
-1.547    29.916
-1.546    29.1044
-1.545    28.3242
-1.544    27.5738
-1.543    26.8518
-1.542    26.1568
-1.541    25.4876
-1.54    24.843
-1.539    24.2219
-1.538    23.6231
-1.537    23.0457
-1.536    22.4887
-1.535    21.9512
-1.534    21.4323
-1.533    20.9313
-1.532    20.4472
-1.531    19.9795
-1.53    19.5274
-1.529    19.0903
-1.528    18.6674
-1.527    18.2583
-1.526    17.8623
-1.525    17.479
-1.524    17.1077
-1.523    16.748
-1.522    16.3995
-1.521    16.0616
-1.52    15.7341
-1.519    15.4164
-1.518    15.1082
-1.517    14.8091
-1.516    14.5188
-1.515    14.2369
-1.514    13.9632
-1.513    13.6973
-1.512    13.4389
-1.511    13.1878
-1.51    12.9436
-1.509    12.7063
-1.508    12.4754
-1.507    12.2508
-1.506    12.0322
-1.505    11.8195
-1.504    11.6124
-1.503    11.4107
-1.502    11.2143
-1.501    11.023
-1.5    10.8365
-1.499    10.6549
-1.498    10.4778
-1.497    10.3051
-1.496    10.1367
-1.495    9.97248
-1.494    9.81226
-1.493    9.65593
-1.492    9.50336
-1.491    9.35444
-1.49    9.20905
-1.489    9.06708
-1.488    8.92843
-1.487    8.79299
-1.486    8.66066
-1.485    8.53136
-1.484    8.40499
-1.483    8.28147
-1.482    8.16071
-1.481    8.04262
-1.48    7.92714
-1.479    7.81418
-1.478    7.70368
-1.477    7.59556
-1.476    7.48976
-1.475    7.3862
-1.474    7.28484
-1.473    7.1856
-1.472    7.08843
-1.471    6.99326
-1.47    6.90006
-1.469    6.80876
-1.468    6.71931
-1.467    6.63166
-1.466    6.54577
-1.465    6.46158
-1.464    6.37906
-1.463    6.29815
-1.462    6.21883
-1.461    6.14104
-1.46    6.06475
-1.459    5.98992
-1.458    5.91651
-1.457    5.84449
-1.456    5.77382
-1.455    5.70447
-1.454    5.63641
-1.453    5.5696
-1.452    5.50401
-1.451    5.43962
-1.45    5.37639
-1.449    5.3143
-1.448    5.25332
-1.447    5.19342
-1.446    5.13459
-1.445    5.07678
-1.444    5.01999
-1.443    4.96418
-1.442    4.90933
-1.441    4.85543
-1.44    4.80244
-1.439    4.75036
-1.438    4.69915
-1.437    4.6488
-1.436    4.5993
-1.435    4.55061
-1.434    4.50273
-1.433    4.45563
-1.432    4.4093
-1.431    4.36372
-1.43    4.31888
-1.429    4.27475
-1.428    4.23134
-1.427    4.18861
-1.426    4.14655
-1.425    4.10516
-1.424    4.06441
-1.423    4.02429
-1.422    3.9848
-1.421    3.94591
-1.42    3.90762
-1.419    3.86991
-1.418    3.83277
-1.417    3.7962
-1.416    3.76017
-1.415    3.72467
-1.414    3.68971
-1.413    3.65525
-1.412    3.62131
-1.411    3.58786
-1.41    3.5549
-1.409    3.52241
-1.408    3.4904
-1.407    3.45884
-1.406    3.42773
-1.405    3.39706
-1.404    3.36683
-1.403    3.33702
-1.402    3.30762
-1.401    3.27864
-1.4    3.25006
-1.399    3.22187
-1.398    3.19407
-1.397    3.16665
-1.396    3.1396
-1.395    3.11291
-1.394    3.08659
-1.393    3.06062
-1.392    3.035
-1.391    3.00971
-1.39    2.98476
-1.389    2.96014
-1.388    2.93584
-1.387    2.91186
-1.386    2.88819
-1.385    2.86483
-1.384    2.84176
-1.383    2.819
-1.382    2.79652
-1.381    2.77433
-1.38    2.75241
-1.379    2.73078
-1.378    2.70941
-1.377    2.68832
-1.376    2.66748
-1.375    2.6469
-1.374    2.62658
-1.373    2.6065
-1.372    2.58668
-1.371    2.56709
-1.37    2.54774
-1.369    2.52862
-1.368    2.50973
-1.367    2.49107
-1.366    2.47263
-1.365    2.45441
-1.364    2.43641
-1.363    2.41861
-1.362    2.40103
-1.361    2.38365
-1.36    2.36647
-1.359    2.34949
-1.358    2.33271
-1.357    2.31612
-1.356    2.29972
-1.355    2.28351
-1.354    2.26748
-1.353    2.25163
-1.352    2.23596
-1.351    2.22047
-1.35    2.20515
-1.349    2.19
-1.348    2.17502
-1.347    2.1602
-1.346    2.14555
-1.345    2.13106
-1.344    2.11672
-1.343    2.10254
-1.342    2.08852
-1.341    2.07465
-1.34    2.06092
-1.339    2.04735
-1.338    2.03392
-1.337    2.02063
-1.336    2.00748
-1.335    1.99447
-1.334    1.9816
-1.333    1.96886
-1.332    1.95626
-1.331    1.94378
-1.33    1.93144
-1.329    1.91922
-1.328    1.90713
-1.327    1.89517
-1.326    1.88332
-1.325    1.8716
-1.324    1.86
-1.323    1.84851
-1.322    1.83714
-1.321    1.82588
-1.32    1.81474
-1.319    1.80371
-1.318    1.79278
-1.317    1.78197
-1.316    1.77126
-1.315    1.76066
-1.314    1.75016
-1.313    1.73976
-1.312    1.72947
-1.311    1.71927
-1.31    1.70917
-1.309    1.69918
-1.308    1.68927
-1.307    1.67946
-1.306    1.66975
-1.305    1.66013
-1.304    1.6506
-1.303    1.64116
-1.302    1.6318
-1.301    1.62254
-1.3    1.61336
-1.299    1.60427
-1.298    1.59526
-1.297    1.58634
-1.296    1.5775
-1.295    1.56874
-1.294    1.56006
-1.293    1.55146
-1.292    1.54294
-1.291    1.53449
-1.29    1.52613
-1.289    1.51784
-1.288    1.50962
-1.287    1.50148
-1.286    1.49341
-1.285    1.48541
-1.284    1.47748
-1.283    1.46962
-1.282    1.46184
-1.281    1.45412
-1.28    1.44647
-1.279    1.43888
-1.278    1.43137
-1.277    1.42391
-1.276    1.41653
-1.275    1.4092
-1.274    1.40194
-1.273    1.39475
-1.272    1.38761
-1.271    1.38054
-1.27    1.37352
-1.269    1.36657
-1.268    1.35967
-1.267    1.35283
-1.266    1.34606
-1.265    1.33933
-1.264    1.33267
-1.263    1.32606
-1.262    1.3195
-1.261    1.313
-1.26    1.30655
-1.259    1.30016
-1.258    1.29382
-1.257    1.28753
-1.256    1.28129
-1.255    1.27511
-1.254    1.26897
-1.253    1.26289
-1.252    1.25685
-1.251    1.25086
-1.25    1.24492
-1.249    1.23903
-1.248    1.23319
-1.247    1.22739
-1.246    1.22164
-1.245    1.21593
-1.244    1.21027
-1.243    1.20466
-1.242    1.19909
-1.241    1.19356
-1.24    1.18808
-1.239    1.18264
-1.238    1.17724
-1.237    1.17188
-1.236    1.16657
-1.235    1.16129
-1.234    1.15606
-1.233    1.15087
-1.232    1.14572
-1.231    1.1406
-1.23    1.13553
-1.229    1.1305
-1.228    1.1255
-1.227    1.12054
-1.226    1.11562
-1.225    1.11073
-1.224    1.10589
-1.223    1.10108
-1.222    1.0963
-1.221    1.09156
-1.22    1.08686
-1.219    1.08219
-1.218    1.07756
-1.217    1.07296
-1.216    1.06839
-1.215    1.06386
-1.214    1.05936
-1.213    1.0549
-1.212    1.05046
-1.211    1.04606
-1.21    1.0417
-1.209    1.03736
-1.208    1.03305
-1.207    1.02878
-1.206    1.02454
-1.205    1.02032
-1.204    1.01614
-1.203    1.01199
-1.202    1.00787
-1.201    1.00377
-1.2    0.999708
-1.199    0.995673
-1.198    0.991666
-1.197    0.987688
-1.196    0.983737
-1.195    0.979815
-1.194    0.97592
-1.193    0.972052
-1.192    0.968212
-1.191    0.964398
-1.19    0.96061
-1.189    0.956849
-1.188    0.953114
-1.187    0.949405
-1.186    0.945722
-1.185    0.942063
-1.184    0.93843
-1.183    0.934822
-1.182    0.931239
-1.181    0.92768
-1.18    0.924145
-1.179    0.920634
-1.178    0.917147
-1.177    0.913684
-1.176    0.910244
-1.175    0.906827
-1.174    0.903434
-1.173    0.900063
-1.172    0.896714
-1.171    0.893388
-1.17    0.890085
-1.169    0.886803
-1.168    0.883543
-1.167    0.880305
-1.166    0.877088
-1.165    0.873892
-1.164    0.870717
-1.163    0.867564
-1.162    0.864431
-1.161    0.861318
-1.16    0.858226
-1.159    0.855154
-1.158    0.852102
-1.157    0.84907
-1.156    0.846058
-1.155    0.843065
-1.154    0.840091
-1.153    0.837137
-1.152    0.834202
-1.151    0.831286
-1.15    0.828388
-1.149    0.825509
-1.148    0.822648
-1.147    0.819806
-1.146    0.816981
-1.145    0.814175
-1.144    0.811386
-1.143    0.808616
-1.142    0.805862
-1.141    0.803126
-1.14    0.800408
-1.139    0.797706
-1.138    0.795021
-1.137    0.792353
-1.136    0.789702
-1.135    0.787068
-1.134    0.78445
-1.133    0.781848
-1.132    0.779262
-1.131    0.776693
-1.13    0.774139
-1.129    0.771601
-1.128    0.769079
-1.127    0.766572
-1.126    0.764081
-1.125    0.761605
-1.124    0.759145
-1.123    0.756699
-1.122    0.754268
-1.121    0.751852
-1.12    0.749451
-1.119    0.747065
-1.118    0.744693
-1.117    0.742335
-1.116    0.739992
-1.115    0.737663
-1.114    0.735347
-1.113    0.733046
-1.112    0.730759
-1.111    0.728485
-1.11    0.726226
-1.109    0.723979
-1.108    0.721746
-1.107    0.719527
-1.106    0.71732
-1.105    0.715127
-1.104    0.712947
-1.103    0.71078
-1.102    0.708626
-1.101    0.706484
-1.1    0.704355
-1.099    0.702239
-1.098    0.700135
-1.097    0.698043
-1.096    0.695964
-1.095    0.693897
-1.094    0.691842
-1.093    0.6898
-1.092    0.687769
-1.091    0.68575
-1.09    0.683743
-1.089    0.681747
-1.088    0.679763
-1.087    0.677791
-1.086    0.67583
-1.085    0.673881
-1.084    0.671942
-1.083    0.670015
-1.082    0.6681
-1.081    0.666195
-1.08    0.664301
-1.079    0.662418
-1.078    0.660546
-1.077    0.658684
-1.076    0.656834
-1.075    0.654994
-1.074    0.653164
-1.073    0.651345
-1.072    0.649536
-1.071    0.647738
-1.07    0.64595
-1.069    0.644172
-1.068    0.642404
-1.067    0.640646
-1.066    0.638898
-1.065    0.63716
-1.064    0.635432
-1.063    0.633713
-1.062    0.632005
-1.061    0.630306
-1.06    0.628616
-1.059    0.626936
-1.058    0.625266
-1.057    0.623605
-1.056    0.621953
-1.055    0.62031
-1.054    0.618677
-1.053    0.617053
-1.052    0.615438
-1.051    0.613832
-1.05    0.612235
-1.049    0.610646
-1.048    0.609067
-1.047    0.607497
-1.046    0.605935
-1.045    0.604382
-1.044    0.602837
-1.043    0.601301
-1.042    0.599774
-1.041    0.598255
-1.04    0.596744
-1.039    0.595242
-1.038    0.593748
-1.037    0.592263
-1.036    0.590785
-1.035    0.589316
-1.034    0.587855
-1.033    0.586402
-1.032    0.584957
-1.031    0.58352
-1.03    0.58209
-1.029    0.580669
-1.028    0.579255
-1.027    0.577849
-1.026    0.576451
-1.025    0.575061
-1.024    0.573678
-1.023    0.572303
-1.022    0.570935
-1.021    0.569575
-1.02    0.568222
-1.019    0.566877
-1.018    0.565538
-1.017    0.564208
-1.016    0.562884
-1.015    0.561568
-1.014    0.560259
-1.013    0.558957
-1.012    0.557662
-1.011    0.556374
-1.01    0.555093
-1.009    0.553819
-1.008    0.552552
-1.007    0.551292
-1.006    0.550039
-1.005    0.548793
-1.004    0.547553
-1.003    0.54632
-1.002    0.545094
-1.001    0.543874
-1    0.542661
-0.999    0.541455
-0.998    0.540255
-0.997    0.539062
-0.996    0.537875
-0.995    0.536695
-0.994    0.535521
-0.993    0.534353
-0.992    0.533192
-0.991    0.532037
-0.99    0.530888
-0.989    0.529745
-0.988    0.528609
-0.987    0.527479
-0.986    0.526355
-0.985    0.525237
-0.984    0.524125
-0.983    0.523019
-0.982    0.521919
-0.981    0.520825
-0.98    0.519737
-0.979    0.518655
-0.978    0.517579
-0.977    0.516508
-0.976    0.515444
-0.975    0.514385
-0.974    0.513332
-0.973    0.512284
-0.972    0.511242
-0.971    0.510206
-0.97    0.509176
-0.969    0.508151
-0.968    0.507132
-0.967    0.506118
-0.966    0.50511
-0.965    0.504107
-0.964    0.50311
-0.963    0.502118
-0.962    0.501131
-0.961    0.50015
-0.96    0.499174
-0.959    0.498204
-0.958    0.497239
-0.957    0.496279
-0.956    0.495324
-0.955    0.494375
-0.954    0.493431
-0.953    0.492492
-0.952    0.491558
-0.951    0.490629
-0.95    0.489705
-0.949    0.488786
-0.948    0.487873
-0.947    0.486964
-0.946    0.48606
-0.945    0.485162
-0.944    0.484268
-0.943    0.483379
-0.942    0.482495
-0.941    0.481616
-0.94    0.480742
-0.939    0.479873
-0.938    0.479008
-0.937    0.478148
-0.936    0.477293
-0.935    0.476443
-0.934    0.475598
-0.933    0.474757
-0.932    0.473921
-0.931    0.473089
-0.93    0.472262
-0.929    0.47144
-0.928    0.470622
-0.927    0.469809
-0.926    0.469001
-0.925    0.468197
-0.924    0.467397
-0.923    0.466602
-0.922    0.465812
-0.921    0.465026
-0.92    0.464244
-0.919    0.463467
-0.918    0.462694
-0.917    0.461926
-0.916    0.461162
-0.915    0.460402
-0.914    0.459647
-0.913    0.458896
-0.912    0.458149
-0.911    0.457406
-0.91    0.456668
-0.909    0.455934
-0.908    0.455204
-0.907    0.454479
-0.906    0.453757
-0.905    0.45304
-0.904    0.452327
-0.903    0.451618
-0.902    0.450913
-0.901    0.450212
-0.9    0.449516
-0.899    0.448823
-0.898    0.448135
-0.897    0.44745
-0.896    0.44677
-0.895    0.446093
-0.894    0.445421
-0.893    0.444752
-0.892    0.444088
-0.891    0.443427
-0.89    0.442771
-0.889    0.442118
-0.888    0.441469
-0.887    0.440824
-0.886    0.440183
-0.885    0.439546
-0.884    0.438913
-0.883    0.438283
-0.882    0.437658
-0.881    0.437036
-0.88    0.436418
-0.879    0.435803
-0.878    0.435193
-0.877    0.434586
-0.876    0.433983
-0.875    0.433384
-0.874    0.432788
-0.873    0.432196
-0.872    0.431608
-0.871    0.431024
-0.87    0.430443
-0.869    0.429866
-0.868    0.429292
-0.867    0.428722
-0.866    0.428156
-0.865    0.427594
-0.864    0.427035
-0.863    0.426479
-0.862    0.425927
-0.861    0.425379
-0.86    0.424834
-0.859    0.424293
-0.858    0.423755
-0.857    0.423221
-0.856    0.42269
-0.855    0.422163
-0.854    0.421639
-0.853    0.421119
-0.852    0.420603
-0.851    0.420089
-0.85    0.419579
-0.849    0.419073
-0.848    0.41857
-0.847    0.418071
-0.846    0.417574
-0.845    0.417082
-0.844    0.416592
-0.843    0.416106
-0.842    0.415624
-0.841    0.415145
-0.84    0.414669
-0.839    0.414196
-0.838    0.413727
-0.837    0.413261
-0.836    0.412799
-0.835    0.41234
-0.834    0.411884
-0.833    0.411431
-0.832    0.410982
-0.831    0.410536
-0.83    0.410093
-0.829    0.409654
-0.828    0.409217
-0.827    0.408784
-0.826    0.408355
-0.825    0.407928
-0.824    0.407505
-0.823    0.407085
-0.822    0.406668
-0.821    0.406254
-0.82    0.405844
-0.819    0.405437
-0.818    0.405033
-0.817    0.404632
-0.816    0.404234
-0.815    0.40384
-0.814    0.403448
-0.813    0.40306
-0.812    0.402675
-0.811    0.402293
-0.81    0.401914
-0.809    0.401539
-0.808    0.401166
-0.807    0.400797
-0.806    0.40043
-0.805    0.400067
-0.804    0.399707
-0.803    0.39935
-0.802    0.398996
-0.801    0.398645
-0.8    0.398298
-0.799    0.397953
-0.798    0.397611
-0.797    0.397273
-0.796    0.396937
-0.795    0.396605
-0.794    0.396276
-0.793    0.395949
-0.792    0.395626
-0.791    0.395306
-0.79    0.394989
-0.789    0.394675
-0.788    0.394364
-0.787    0.394056
-0.786    0.39375
-0.785    0.393448
-0.784    0.393149
-0.783    0.392853
-0.782    0.39256
-0.781    0.39227
-0.78    0.391983
-0.779    0.391699
-0.778    0.391418
-0.777    0.39114
-0.776    0.390865
-0.775    0.390593
-0.774    0.390324
-0.773    0.390058
-0.772    0.389795
-0.771    0.389535
-0.77    0.389278
-0.769    0.389023
-0.768    0.388772
-0.767    0.388524
-0.766    0.388278
-0.765    0.388036
-0.764    0.387797
-0.763    0.38756
-0.762    0.387327
-0.761    0.387096
-0.76    0.386869
-0.759    0.386644
-0.758    0.386422
-0.757    0.386204
-0.756    0.385988
-0.755    0.385775
-0.754    0.385565
-0.753    0.385358
-0.752    0.385154
-0.751    0.384953
-0.75    0.384755
-0.749    0.38456
-0.748    0.384367
-0.747    0.384178
-0.746    0.383992
-0.745    0.383808
-0.744    0.383628
-0.743    0.38345
-0.742    0.383276
-0.741    0.383104
-0.74    0.382935
-0.739    0.382769
-0.738    0.382607
-0.737    0.382447
-0.736    0.38229
-0.735    0.382136
-0.734    0.381985
-0.733    0.381836
-0.732    0.381691
-0.731    0.381549
-0.73    0.38141
-0.729    0.381273
-0.728    0.38114
-0.727    0.381009
-0.726    0.380882
-0.725    0.380757
-0.724    0.380636
-0.723    0.380517
-0.722    0.380401
-0.721    0.380288
-0.72    0.380179
-0.719    0.380072
-0.718    0.379968
-0.717    0.379867
-0.716    0.379769
-0.715    0.379674
-0.714    0.379582
-0.713    0.379493
-0.712    0.379407
-0.711    0.379324
-0.71    0.379244
-0.709    0.379167
-0.708    0.379093
-0.707    0.379022
-0.706    0.378953
-0.705    0.378888
-0.704    0.378826
-0.703    0.378767
-0.702    0.378711
-0.701    0.378658
-0.7    0.378608
-0.699    0.378561
-0.698    0.378517
-0.697    0.378476
-0.696    0.378438
-0.695    0.378403
-0.694    0.378371
-0.693    0.378343
-0.692    0.378317
-0.691    0.378294
-0.69    0.378275
-0.689    0.378258
-0.688    0.378245
-0.687    0.378234
-0.686    0.378227
-0.685    0.378223
-0.684    0.378221
-0.683    0.378223
-0.682    0.378229
-0.681    0.378237
-0.68    0.378248
-0.679    0.378262
-0.678    0.37828
-0.677    0.378301
-0.676    0.378324
-0.675    0.378351
-0.674    0.378382
-0.673    0.378415
-0.672    0.378451
-0.671    0.378491
-0.67    0.378534
-0.669    0.37858
-0.668    0.378629
-0.667    0.378681
-0.666    0.378737
-0.665    0.378796
-0.664    0.378858
-0.663    0.378923
-0.662    0.378992
-0.661    0.379063
-0.66    0.379139
-0.659    0.379217
-0.658    0.379298
-0.657    0.379383
-0.656    0.379471
-0.655    0.379563
-0.654    0.379658
-0.653    0.379756
-0.652    0.379857
-0.651    0.379962
-0.65    0.38007
-0.649    0.380181
-0.648    0.380296
-0.647    0.380414
-0.646    0.380536
-0.645    0.380661
-0.644    0.380789
-0.643    0.380921
-0.642    0.381056
-0.641    0.381195
-0.64    0.381337
-0.639    0.381483
-0.638    0.381632
-0.637    0.381784
-0.636    0.38194
-0.635    0.3821
-0.634    0.382263
-0.633    0.382429
-0.632    0.382599
-0.631    0.382773
-0.63    0.38295
-0.629    0.383131
-0.628    0.383315
-0.627    0.383503
-0.626    0.383695
-0.625    0.38389
-0.624    0.384089
-0.623    0.384291
-0.622    0.384498
-0.621    0.384707
-0.62    0.384921
-0.619    0.385138
-0.618    0.385359
-0.617    0.385584
-0.616    0.385812
-0.615    0.386044
-0.614    0.38628
-0.613    0.38652
-0.612    0.386764
-0.611    0.387011
-0.61    0.387262
-0.609    0.387517
-0.608    0.387776
-0.607    0.388039
-0.606    0.388306
-0.605    0.388577
-0.604    0.388851
-0.603    0.38913
-0.602    0.389412
-0.601    0.389699
-0.6    0.389989
-0.599    0.390284
-0.598    0.390582
-0.597    0.390885
-0.596    0.391191
-0.595    0.391502
-0.594    0.391817
-0.593    0.392136
-0.592    0.392459
-0.591    0.392787
-0.59    0.393118
-0.589    0.393454
-0.588    0.393794
-0.587    0.394138
-0.586    0.394486
-0.585    0.394839
-0.584    0.395196
-0.583    0.395557
-0.582    0.395923
-0.581    0.396293
-0.58    0.396667
-0.579    0.397046
-0.578    0.39743
-0.577    0.397817
-0.576    0.398209
-0.575    0.398606
-0.574    0.399007
-0.573    0.399413
-0.572    0.399823
-0.571    0.400238
-0.57    0.400658
-0.569    0.401082
-0.568    0.401511
-0.567    0.401944
-0.566    0.402382
-0.565    0.402825
-0.564    0.403273
-0.563    0.403726
-0.562    0.404183
-0.561    0.404645
-0.56    0.405112
-0.559    0.405584
-0.558    0.406061
-0.557    0.406542
-0.556    0.407029
-0.555    0.407521
-0.554    0.408018
-0.553    0.408519
-0.552    0.409026
-0.551    0.409538
-0.55    0.410055
-0.549    0.410578
-0.548    0.411105
-0.547    0.411638
-0.546    0.412176
-0.545    0.412719
-0.544    0.413268
-0.543    0.413822
-0.542    0.414381
-0.541    0.414946
-0.54    0.415516
-0.539    0.416092
-0.538    0.416673
-0.537    0.41726
-0.536    0.417852
-0.535    0.41845
-0.534    0.419054
-0.533    0.419663
-0.532    0.420278
-0.531    0.420899
-0.53    0.421525
-0.529    0.422158
-0.528    0.422796
-0.527    0.42344
-0.526    0.42409
-0.525    0.424747
-0.524    0.425409
-0.523    0.426077
-0.522    0.426751
-0.521    0.427432
-0.52    0.428118
-0.519    0.428811
-0.518    0.42951
-0.517    0.430215
-0.516    0.430927
-0.515    0.431645
-0.514    0.43237
-0.513    0.4331
-0.512    0.433838
-0.511    0.434582
-0.51    0.435333
-0.509    0.43609
-0.508    0.436854
-0.507    0.437624
-0.506    0.438402
-0.505    0.439186
-0.504    0.439977
-0.503    0.440775
-0.502    0.441581
-0.501    0.442393
-0.5    0.443212
-0.499    0.444038
-0.498    0.444871
-0.497    0.445712
-0.496    0.44656
-0.495    0.447415
-0.494    0.448278
-0.493    0.449148
-0.492    0.450025
-0.491    0.45091
-0.49    0.451803
-0.489    0.452703
-0.488    0.453611
-0.487    0.454527
-0.486    0.455451
-0.485    0.456382
-0.484    0.457322
-0.483    0.458269
-0.482    0.459224
-0.481    0.460188
-0.48    0.46116
-0.479    0.46214
-0.478    0.463128
-0.477    0.464124
-0.476    0.46513
-0.475    0.466143
-0.474    0.467165
-0.473    0.468196
-0.472    0.469235
-0.471    0.470284
-0.47    0.471341
-0.469    0.472406
-0.468    0.473481
-0.467    0.474565
-0.466    0.475658
-0.465    0.47676
-0.464    0.477872
-0.463    0.478993
-0.462    0.480123
-0.461    0.481262
-0.46    0.482412
-0.459    0.48357
-0.458    0.484739
-0.457    0.485917
-0.456    0.487106
-0.455    0.488304
-0.454    0.489512
-0.453    0.49073
-0.452    0.491959
-0.451    0.493198
-0.45    0.494447
-0.449    0.495706
-0.448    0.496977
-0.447    0.498257
-0.446    0.499549
-0.445    0.500851
-0.444    0.502164
-0.443    0.503489
-0.442    0.504824
-0.441    0.506171
-0.44    0.507528
-0.439    0.508898
-0.438    0.510278
-0.437    0.511671
-0.436    0.513075
-0.435    0.51449
-0.434    0.515918
-0.433    0.517358
-0.432    0.518809
-0.431    0.520273
-0.43    0.521749
-0.429    0.523238
-0.428    0.524739
-0.427    0.526253
-0.426    0.52778
-0.425    0.529319
-0.424    0.530872
-0.423    0.532437
-0.422    0.534016
-0.421    0.535608
-0.42    0.537214
-0.419    0.538833
-0.418    0.540466
-0.417    0.542113
-0.416    0.543774
-0.415    0.545449
-0.414    0.547138
-0.413    0.548841
-0.412    0.550559
-0.411    0.552292
-0.41    0.55404
-0.409    0.555802
-0.408    0.55758
-0.407    0.559372
-0.406    0.56118
-0.405    0.563004
-0.404    0.564843
-0.403    0.566698
-0.402    0.568569
-0.401    0.570456
-0.4    0.572359
-0.399    0.574279
-0.398    0.576216
-0.397    0.578169
-0.396    0.580139
-0.395    0.582126
-0.394    0.58413
-0.393    0.586152
-0.392    0.588192
-0.391    0.590249
-0.39    0.592324
-0.389    0.594417
-0.388    0.596529
-0.387    0.598659
-0.386    0.600808
-0.385    0.602976
-0.384    0.605162
-0.383    0.607368
-0.382    0.609594
-0.381    0.611839
-0.38    0.614104
-0.379    0.616389
-0.378    0.618695
-0.377    0.621021
-0.376    0.623368
-0.375    0.625735
-0.374    0.628124
-0.373    0.630535
-0.372    0.632966
-0.371    0.63542
-0.37    0.637896
-0.369    0.640394
-0.368    0.642915
-0.367    0.645458
-0.366    0.648025
-0.365    0.650614
-0.364    0.653228
-0.363    0.655865
-0.362    0.658526
-0.361    0.661212
-0.36    0.663922
-0.359    0.666657
-0.358    0.669417
-0.357    0.672203
-0.356    0.675014
-0.355    0.677851
-0.354    0.680715
-0.353    0.683605
-0.352    0.686522
-0.351    0.689467
-0.35    0.692438
-0.349    0.695438
-0.348    0.698466
-0.347    0.701522
-0.346    0.704607
-0.345    0.707721
-0.344    0.710865
-0.343    0.714038
-0.342    0.717242
-0.341    0.720476
-0.34    0.723741
-0.339    0.727037
-0.338    0.730365
-0.337    0.733725
-0.336    0.737117
-0.335    0.740542
-0.334    0.744
-0.333    0.747491
-0.332    0.751017
-0.331    0.754576
-0.33    0.758171
-0.329    0.761801
-0.328    0.765466
-0.327    0.769167
-0.326    0.772905
-0.325    0.77668
-0.324    0.780492
-0.323    0.784343
-0.322    0.788231
-0.321    0.792158
-0.32    0.796125
-0.319    0.800131
-0.318    0.804178
-0.317    0.808265
-0.316    0.812394
-0.315    0.816565
-0.314    0.820778
-0.313    0.825034
-0.312    0.829334
-0.311    0.833677
-0.31    0.838065
-0.309    0.842499
-0.308    0.846978
-0.307    0.851504
-0.306    0.856076
-0.305    0.860697
-0.304    0.865365
-0.303    0.870083
-0.302    0.87485
-0.301    0.879667
-0.3    0.884535
-0.299    0.889455
-0.298    0.894426
-0.297    0.899451
-0.296    0.90453
-0.295    0.909663
-0.294    0.914851
-0.293    0.920096
-0.292    0.925397
-0.291    0.930755
-0.29    0.936172
-0.289    0.941648
-0.288    0.947184
-0.287    0.95278
-0.286    0.958439
-0.285    0.96416
-0.284    0.969944
-0.283    0.975792
-0.282    0.981706
-0.281    0.987686
-0.28    0.993733
-0.279    0.999849
-0.278    1.00603
-0.277    1.01229
-0.276    1.01861
-0.275    1.02501
-0.274    1.03148
-0.273    1.03803
-0.272    1.04465
-0.271    1.05135
-0.27    1.05812
-0.269    1.06497
-0.268    1.07191
-0.267    1.07892
-0.266    1.08602
-0.265    1.0932
-0.264    1.10047
-0.263    1.10782
-0.262    1.11526
-0.261    1.12279
-0.26    1.13041
-0.259    1.13813
-0.258    1.14593
-0.257    1.15383
-0.256    1.16183
-0.255    1.16992
-0.254    1.17812
-0.253    1.18641
-0.252    1.19481
-0.251    1.20331
-0.25    1.21192
-0.249    1.22063
-0.248    1.22946
-0.247    1.23839
-0.246    1.24744
-0.245    1.2566
-0.244    1.26588
-0.243    1.27528
-0.242    1.2848
-0.241    1.29445
-0.24    1.30421
-0.239    1.31411
-0.238    1.32413
-0.237    1.33429
-0.236    1.34457
-0.235    1.355
-0.234    1.36556
-0.233    1.37627
-0.232    1.38711
-0.231    1.3981
-0.23    1.40924
-0.229    1.42054
-0.228    1.43198
-0.227    1.44358
-0.226    1.45534
-0.225    1.46726
-0.224    1.47935
-0.223    1.49161
-0.222    1.50403
-0.221    1.51663
-0.22    1.52941
-0.219    1.54237
-0.218    1.55551
-0.217    1.56884
-0.216    1.58236
-0.215    1.59607
-0.214    1.60998
-0.213    1.6241
-0.212    1.63842
-0.211    1.65295
-0.21    1.66769
-0.209    1.68265
-0.208    1.69784
-0.207    1.71325
-0.206    1.72889
-0.205    1.74476
-0.204    1.76088
-0.203    1.77724
-0.202    1.79386
-0.201    1.81072
-0.2    1.82785
-0.199    1.84524
-0.198    1.86291
-0.197    1.88085
-0.196    1.89907
-0.195    1.91758
-0.194    1.93639
-0.193    1.95549
-0.192    1.9749
-0.191    1.99463
-0.19    2.01467
-0.189    2.03504
-0.188    2.05575
-0.187    2.0768
-0.186    2.09819
-0.185    2.11994
-0.184    2.14206
-0.183    2.16454
-0.182    2.18741
-0.181    2.21066
-0.18    2.23431
-0.179    2.25837
-0.178    2.28285
-0.177    2.30775
-0.176    2.33308
-0.175    2.35886
-0.174    2.3851
-0.173    2.4118
-0.172    2.43897
-0.171    2.46664
-0.17    2.4948
-0.169    2.52348
-0.168    2.55268
-0.167    2.58242
-0.166    2.61271
-0.165    2.64356
-0.164    2.67499
-0.163    2.70701
-0.162    2.73963
-0.161    2.77288
-0.16    2.80676
-0.159    2.8413
-0.158    2.87651
-0.157    2.9124
-0.156    2.949
-0.155    2.98632
-0.154    3.02439
-0.153    3.06321
-0.152    3.10282
-0.151    3.14323
-0.15    3.18447
-0.149    3.22655
-0.148    3.2695
-0.147    3.31334
-0.146    3.3581
-0.145    3.4038
-0.144    3.45048
-0.143    3.49815
-0.142    3.54684
-0.141    3.59659
-0.14    3.64743
-0.139    3.69938
-0.138    3.75247
-0.137    3.80675
-0.136    3.86224
-0.135    3.91899
-0.134    3.97703
-0.133    4.03639
-0.132    4.09712
-0.131    4.15927
-0.13    4.22286
-0.129    4.28796
-0.128    4.3546
-0.127    4.42283
-0.126    4.49271
-0.125    4.56428
-0.124    4.63761
-0.123    4.71274
-0.122    4.78974
-0.121    4.86866
-0.12    4.94957
-0.119    5.03255
-0.118    5.11764
-0.117    5.20494
-0.116    5.2945
-0.115    5.38642
-0.114    5.48077
-0.113    5.57763
-0.112    5.6771
-0.111    5.77926
-0.11    5.88422
-0.109    5.99207
-0.108    6.10292
-0.107    6.21687
-0.106    6.33405
-0.105    6.45457
-0.104    6.57855
-0.103    6.70613
-0.102    6.83745
-0.101    6.97264
-0.1    7.11186
-0.099    7.25526
-0.098    7.40302
-0.097    7.55529
-0.096    7.71227
-0.095    7.87413
-0.094    8.04109
-0.093    8.21335
-0.092    8.39112
-0.091    8.57465
-0.09    8.76416
-0.089    8.95992
-0.088    9.1622
-0.087    9.37126
-0.086    9.58742
-0.085    9.81098
-0.084    10.0423
-0.083    10.2816
-0.082    10.5294
-0.081    10.786
-0.08    11.0519
-0.079    11.3274
-0.078    11.613
-0.077    11.9092
-0.076    12.2164
-0.075    12.5353
-0.074    12.8663
-0.073    13.2101
-0.072    13.5673
-0.071    13.9385
-0.07    14.3245
-0.069    14.726
-0.068    15.1437
-0.067    15.5785
-0.066    16.0313
-0.065    16.503
-0.064    16.9945
-0.063    17.507
-0.062    18.0415
-0.061    18.5992
-0.06    19.1813
-0.059    19.7891
-0.058    20.4239
-0.057    21.0873
-0.056    21.7808
-0.055    22.506
-0.054    23.2645
-0.053    24.0583
-0.052    24.8892
-0.051    25.7591
-0.05    26.6703
-0.049    27.6247
-0.048    28.6249
-0.047    29.673
-0.046    30.7716
-0.045    31.9233
-0.044    33.1306
-0.043    34.3963
-0.042    35.723
-0.041    37.1134
-0.04    38.5705
-0.039    40.0967
-0.038    41.6947
-0.037    43.3669
-0.036    45.1156
-0.035    46.9427
-0.034    48.8498
-0.033    50.8378
-0.032    52.9073
-0.031    55.0578
-0.03    57.2882
-0.029    59.5959
-0.028    61.9774
-0.027    64.4273
-0.026    66.9387
-0.025    69.5026
-0.024    72.108
-0.023    74.7414
-0.022    77.3866
-0.021    80.0252
-0.02    82.6359
-0.019    85.195
-0.018    87.6763
-0.017    90.0519
-0.016    92.2924
-0.015    94.3673
-0.014    96.2467
-0.013    97.9013
-0.012    99.3037
-0.011    100.43
-0.01    101.259
-0.009    101.777
-0.008    101.973
-0.007    101.844
-0.006    101.392
-0.005    100.625
-0.004    99.5581
-0.003    98.2105
-0.002    96.6055
-0.001    94.7699
0    92.7326
0.001    90.5236
0.002    88.1732
0.003    85.7112
0.004    83.1658
0.005    80.5636
0.006    77.9287
0.007    75.2831
0.008    72.6458
0.009    70.0334
0.01    67.4598
0.011    64.9367
0.012    62.4734
0.013    60.0773
0.014    57.7539
0.015    55.5073
0.016    53.3401
0.017    51.2538
0.018    49.2489
0.019    47.3251
0.02    45.4816
0.021    43.7168
0.022    42.0289
0.023    40.4157
0.024    38.8748
0.025    37.4036
0.026    35.9996
0.027    34.6598
0.028    33.3818
0.029    32.1626
0.03    30.9995
0.031    29.8901
0.032    28.8317
0.033    27.8217
0.034    26.8579
0.035    25.938
0.036    25.0596
0.037    24.2207
0.038    23.4194
0.039    22.6536
0.04    21.9216
0.041    21.2216
0.042    20.552
0.043    19.9113
0.044    19.2979
0.045    18.7106
0.046    18.1479
0.047    17.6086
0.048    17.0915
0.049    16.5956
0.05    16.1198
0.051    15.6631
0.052    15.2246
0.053    14.8033
0.054    14.3984
0.055    14.0092
0.056    13.6349
0.057    13.2747
0.058    12.9281
0.059    12.5944
0.06    12.2729
0.061    11.9632
0.062    11.6647
0.063    11.3768
0.064    11.0992
0.065    10.8313
0.066    10.5727
0.067    10.323
0.068    10.0818
0.069    9.84874
0.07    9.6235
0.071    9.40573
0.072    9.19511
0.073    8.99134
0.074    8.79414
0.075    8.60324
0.076    8.41839
0.077    8.23933
0.078    8.06583
0.079    7.89768
0.08    7.73466
0.081    7.57658
0.082    7.42323
0.083    7.27444
0.084    7.13004
0.085    6.98985
0.086    6.85372
0.087    6.7215
0.088    6.59304
0.089    6.46821
0.09    6.34686
0.091    6.22889
0.092    6.11416
0.093    6.00256
0.094    5.89398
0.095    5.78832
0.096    5.68547
0.097    5.58533
0.098    5.48782
0.099    5.39284
0.1    5.30031
0.101    5.21014
0.102    5.12226
0.103    5.0366
0.104    4.95308
0.105    4.87162
0.106    4.79217
0.107    4.71466
0.108    4.63903
0.109    4.56522
0.11    4.49317
0.111    4.42282
0.112    4.35413
0.113    4.28705
0.114    4.22152
0.115    4.15749
0.116    4.09493
0.117    4.03379
0.118    3.97402
0.119    3.9156
0.12    3.85846
0.121    3.80259
0.122    3.74794
0.123    3.69448
0.124    3.64218
0.125    3.591
0.126    3.5409
0.127    3.49187
0.128    3.44387
0.129    3.39687
0.13    3.35084
0.131    3.30577
0.132    3.26161
0.133    3.21836
0.134    3.17598
0.135    3.13445
0.136    3.09374
0.137    3.05385
0.138    3.01474
0.139    2.9764
0.14    2.9388
0.141    2.90193
0.142    2.86577
0.143    2.8303
0.144    2.7955
0.145    2.76136
0.146    2.72785
0.147    2.69498
0.148    2.66271
0.149    2.63104
0.15    2.59994
0.151    2.56942
0.152    2.53944
0.153    2.51
0.154    2.4811
0.155    2.4527
0.156    2.42481
0.157    2.3974
0.158    2.37048
0.159    2.34403
0.16    2.31803
0.161    2.29248
0.162    2.26736
0.163    2.24268
0.164    2.21841
0.165    2.19454
0.166    2.17108
0.167    2.14801
0.168    2.12532
0.169    2.103
0.17    2.08105
0.171    2.05946
0.172    2.03821
0.173    2.01731
0.174    1.99675
0.175    1.97651
0.176    1.95659
0.177    1.93699
0.178    1.91769
0.179    1.8987
0.18    1.88
0.181    1.86159
0.182    1.84346
0.183    1.82561
0.184    1.80804
0.185    1.79073
0.186    1.77368
0.187    1.75689
0.188    1.74034
0.189    1.72405
0.19    1.70799
0.191    1.69217
0.192    1.67659
0.193    1.66123
0.194    1.64609
0.195    1.63117
0.196    1.61647
0.197    1.60198
0.198    1.58769
0.199    1.57361
0.2    1.55973
0.201    1.54604
0.202    1.53254
0.203    1.51923
0.204    1.5061
0.205    1.49316
0.206    1.48039
0.207    1.4678
0.208    1.45538
0.209    1.44313
0.21    1.43104
0.211    1.41911
0.212    1.40735
0.213    1.39574
0.214    1.38429
0.215    1.37298
0.216    1.36183
0.217    1.35082
0.218    1.33996
0.219    1.32923
0.22    1.31865
0.221    1.3082
0.222    1.29788
0.223    1.2877
0.224    1.27765
0.225    1.26772
0.226    1.25792
0.227    1.24824
0.228    1.23868
0.229    1.22924
0.23    1.21992
0.231    1.21072
0.232    1.20162
0.233    1.19264
0.234    1.18377
0.235    1.17501
0.236    1.16635
0.237    1.1578
0.238    1.14935
0.239    1.141
0.24    1.13275
0.241    1.1246
0.242    1.11654
0.243    1.10858
0.244    1.10071
0.245    1.09294
0.246    1.08526
0.247    1.07766
0.248    1.07015
0.249    1.06273
0.25    1.0554
0.251    1.04814
0.252    1.04098
0.253    1.03389
0.254    1.02688
0.255    1.01995
0.256    1.0131
0.257    1.00633
0.258    0.999629
0.259    0.993005
0.26    0.986454
0.261    0.979976
0.262    0.973568
0.263    0.967231
0.264    0.960963
0.265    0.954763
0.266    0.94863
0.267    0.942564
0.268    0.936563
0.269    0.930626
0.27    0.924752
0.271    0.918941
0.272    0.913192
0.273    0.907504
0.274    0.901875
0.275    0.896306
0.276    0.890795
0.277    0.885341
0.278    0.879944
0.279    0.874603
0.28    0.869318
0.281    0.864086
0.282    0.858909
0.283    0.853784
0.284    0.848712
0.285    0.843691
0.286    0.838721
0.287    0.833801
0.288    0.828931
0.289    0.824109
0.29    0.819336
0.291    0.814611
0.292    0.809932
0.293    0.8053
0.294    0.800713
0.295    0.796171
0.296    0.791675
0.297    0.787222
0.298    0.782812
0.299    0.778446
0.3    0.774121
0.301    0.769839
0.302    0.765598
0.303    0.761397
0.304    0.757237
0.305    0.753116
0.306    0.749035
0.307    0.744992
0.308    0.740988
0.309    0.737021
0.31    0.733092
0.311    0.729199
0.312    0.725343
0.313    0.721523
0.314    0.717739
0.315    0.713989
0.316    0.710274
0.317    0.706593
0.318    0.702947
0.319    0.699333
0.32    0.695753
0.321    0.692205
0.322    0.688689
0.323    0.685206
0.324    0.681753
0.325    0.678332
0.326    0.674942
0.327    0.671582
0.328    0.668252
0.329    0.664951
0.33    0.66168
0.331    0.658438
0.332    0.655224
0.333    0.652039
0.334    0.648882
0.335    0.645753
0.336    0.642651
0.337    0.639575
0.338    0.636527
0.339    0.633505
0.34    0.630509
0.341    0.627539
0.342    0.624595
0.343    0.621676
0.344    0.618782
0.345    0.615912
0.346    0.613067
0.347    0.610247
0.348    0.60745
0.349    0.604676
0.35    0.601926
0.351    0.599199
0.352    0.596496
0.353    0.593814
0.354    0.591155
0.355    0.588518
0.356    0.585903
0.357    0.58331
0.358    0.580738
0.359    0.578188
0.36    0.575658
0.361    0.573149
0.362    0.57066
0.363    0.568192
0.364    0.565744
0.365    0.563316
0.366    0.560908
0.367    0.558519
0.368    0.556149
0.369    0.553798
0.37    0.551467
0.371    0.549154
0.372    0.546859
0.373    0.544583
0.374    0.542324
0.375    0.540084
0.376    0.537862
0.377    0.535657
0.378    0.533469
0.379    0.531299
0.38    0.529145
0.381    0.527009
0.382    0.524889
0.383    0.522785
0.384    0.520699
0.385    0.518628
0.386    0.516573
0.387    0.514534
0.388    0.512511
0.389    0.510504
0.39    0.508511
0.391    0.506535
0.392    0.504573
0.393    0.502626
0.394    0.500694
0.395    0.498777
0.396    0.496874
0.397    0.494986
0.398    0.493112
0.399    0.491252
0.4    0.489406
0.401    0.487573
0.402    0.485755
0.403    0.48395
0.404    0.482159
0.405    0.480381
0.406    0.478616
0.407    0.476864
0.408    0.475125
0.409    0.473399
0.41    0.471686
0.411    0.469986
0.412    0.468298
0.413    0.466622
0.414    0.464958
0.415    0.463307
0.416    0.461668
0.417    0.46004
0.418    0.458425
0.419    0.456821
0.42    0.455229
0.421    0.453648
0.422    0.452079
0.423    0.450521
0.424    0.448974
0.425    0.447438
0.426    0.445913
0.427    0.444399
0.428    0.442896
0.429    0.441404
0.43    0.439922
0.431    0.438451
0.432    0.43699
0.433    0.435539
0.434    0.434099
0.435    0.432669
0.436    0.431249
0.437    0.429839
0.438    0.428439
0.439    0.427048
0.44    0.425668
0.441    0.424297
0.442    0.422935
0.443    0.421583
0.444    0.42024
0.445    0.418907
0.446    0.417583
0.447    0.416268
0.448    0.414962
0.449    0.413665
0.45    0.412377
0.451    0.411098
0.452    0.409828
0.453    0.408566
0.454    0.407313
0.455    0.406069
0.456    0.404833
0.457    0.403606
0.458    0.402386
0.459    0.401175
0.46    0.399973
0.461    0.398778
0.462    0.397592
0.463    0.396413
0.464    0.395243
0.465    0.39408
0.466    0.392925
0.467    0.391778
0.468    0.390639
0.469    0.389507
0.47    0.388383
0.471    0.387267
0.472    0.386157
0.473    0.385056
0.474    0.383961
0.475    0.382874
0.476    0.381794
0.477    0.380721
0.478    0.379656
0.479    0.378597
0.48    0.377545
0.481    0.376501
0.482    0.375463
0.483    0.374432
0.484    0.373408
0.485    0.37239
0.486    0.37138
0.487    0.370375
0.488    0.369378
0.489    0.368387
0.49    0.367402
0.491    0.366424
0.492    0.365452
0.493    0.364487
0.494    0.363528
0.495    0.362575
0.496    0.361628
0.497    0.360688
0.498    0.359753
0.499    0.358825
0.5    0.357903
0.501    0.356986
0.502    0.356076
0.503    0.355171
0.504    0.354272
0.505    0.353379
0.506    0.352492
0.507    0.351611
0.508    0.350735
0.509    0.349865
0.51    0.349
0.511    0.348141
0.512    0.347287
0.513    0.346439
0.514    0.345596
0.515    0.344759
0.516    0.343927
0.517    0.343101
0.518    0.342279
0.519    0.341463
0.52    0.340652
0.521    0.339846
0.522    0.339046
0.523    0.33825
0.524    0.33746
0.525    0.336674
0.526    0.335894
0.527    0.335119
0.528    0.334348
0.529    0.333582
0.53    0.332821
0.531    0.332065
0.532    0.331314
0.533    0.330568
0.534    0.329826
0.535    0.329089
0.536    0.328357
0.537    0.327629
0.538    0.326906
0.539    0.326187
0.54    0.325473
0.541    0.324764
0.542    0.324059
0.543    0.323358
0.544    0.322662
0.545    0.32197
0.546    0.321283
0.547    0.3206
0.548    0.319921
0.549    0.319246
0.55    0.318576
0.551    0.31791
0.552    0.317248
0.553    0.31659
0.554    0.315937
0.555    0.315287
0.556    0.314642
0.557    0.314001
0.558    0.313364
0.559    0.31273
0.56    0.312101
0.561    0.311476
0.562    0.310855
0.563    0.310237
0.564    0.309624
0.565    0.309014
0.566    0.308408
0.567    0.307806
0.568    0.307208
0.569    0.306614
0.57    0.306023
0.571    0.305436
0.572    0.304853
0.573    0.304273
0.574    0.303697
0.575    0.303125
0.576    0.302556
0.577    0.301991
0.578    0.30143
0.579    0.300872
0.58    0.300317
0.581    0.299767
0.582    0.299219
0.583    0.298675
0.584    0.298135
0.585    0.297598
0.586    0.297064
0.587    0.296534
0.588    0.296007
0.589    0.295483
0.59    0.294963
0.591    0.294446
0.592    0.293933
0.593    0.293422
0.594    0.292915
0.595    0.292411
0.596    0.291911
0.597    0.291413
0.598    0.290919
0.599    0.290428
0.6    0.28994
0.601    0.289456
0.602    0.288974
0.603    0.288495
0.604    0.28802
0.605    0.287547
0.606    0.287078
0.607    0.286612
0.608    0.286148
0.609    0.285688
0.61    0.285231
0.611    0.284776
0.612    0.284325
0.613    0.283876
0.614    0.283431
0.615    0.282988
0.616    0.282548
0.617    0.282112
0.618    0.281678
0.619    0.281246
0.62    0.280818
0.621    0.280392
0.622    0.27997
0.623    0.27955
0.624    0.279133
0.625    0.278718
0.626    0.278306
0.627    0.277898
0.628    0.277491
0.629    0.277088
0.63    0.276687
0.631    0.276289
0.632    0.275893
0.633    0.275501
0.634    0.27511
0.635    0.274723
0.636    0.274338
0.637    0.273956
0.638    0.273576
0.639    0.273199
0.64    0.272824
0.641    0.272452
0.642    0.272082
0.643    0.271715
0.644    0.271351
0.645    0.270989
0.646    0.270629
0.647    0.270272
0.648    0.269918
0.649    0.269566
0.65    0.269216
0.651    0.268869
0.652    0.268524
0.653    0.268182
0.654    0.267842
0.655    0.267505
0.656    0.267169
0.657    0.266837
0.658    0.266506
0.659    0.266178
0.66    0.265852
0.661    0.265529
0.662    0.265208
0.663    0.264889
0.664    0.264573
0.665    0.264259
0.666    0.263947
0.667    0.263637
0.668    0.26333
0.669    0.263025
0.67    0.262722
0.671    0.262421
0.672    0.262123
0.673    0.261827
0.674    0.261533
0.675    0.261241
0.676    0.260951
0.677    0.260664
0.678    0.260379
0.679    0.260096
0.68    0.259815
0.681    0.259536
0.682    0.25926
0.683    0.258985
0.684    0.258713
0.685    0.258443
0.686    0.258175
0.687    0.257909
0.688    0.257645
0.689    0.257383
0.69    0.257123
0.691    0.256865
0.692    0.25661
0.693    0.256356
0.694    0.256105
0.695    0.255855
0.696    0.255608
0.697    0.255362
0.698    0.255119
0.699    0.254878
0.7    0.254638
0.701    0.254401
0.702    0.254165
0.703    0.253932
0.704    0.253701
0.705    0.253471
0.706    0.253244
0.707    0.253018
0.708    0.252795
0.709    0.252573
0.71    0.252353
0.711    0.252135
0.712    0.25192
0.713    0.251706
0.714    0.251494
0.715    0.251284
0.716    0.251075
0.717    0.250869
0.718    0.250665
0.719    0.250462
0.72    0.250262
0.721    0.250063
0.722    0.249866
0.723    0.249671
0.724    0.249478
0.725    0.249286
0.726    0.249097
0.727    0.248909
0.728    0.248724
0.729    0.24854
0.73    0.248357
0.731    0.248177
0.732    0.247999
0.733    0.247822
0.734    0.247647
0.735    0.247474
0.736    0.247303
0.737    0.247133
0.738    0.246966
0.739    0.2468
0.74    0.246636
0.741    0.246473
0.742    0.246313
0.743    0.246154
0.744    0.245997
0.745    0.245842
0.746    0.245688
0.747    0.245536
0.748    0.245386
0.749    0.245238
0.75    0.245091
0.751    0.244947
0.752    0.244804
0.753    0.244662
0.754    0.244523
0.755    0.244385
0.756    0.244248
0.757    0.244114
0.758    0.243981
0.759    0.24385
0.76    0.243721
0.761    0.243593
0.762    0.243467
0.763    0.243343
0.764    0.24322
0.765    0.243099
0.766    0.24298
0.767    0.242863
0.768    0.242747
0.769    0.242633
0.77    0.24252
0.771    0.242409
0.772    0.2423
0.773    0.242193
0.774    0.242087
0.775    0.241983
0.776    0.24188
0.777    0.241779
0.778    0.24168
0.779    0.241582
0.78    0.241486
0.781    0.241392
0.782    0.2413
0.783    0.241209
0.784    0.241119
0.785    0.241031
0.786    0.240945
0.787    0.240861
0.788    0.240778
0.789    0.240697
0.79    0.240617
0.791    0.240539
0.792    0.240463
0.793    0.240388
0.794    0.240315
0.795    0.240243
0.796    0.240174
0.797    0.240105
0.798    0.240039
0.799    0.239974
0.8    0.23991
0.801    0.239848
0.802    0.239788
0.803    0.239729
0.804    0.239672
0.805    0.239617
0.806    0.239563
0.807    0.239511
0.808    0.23946
0.809    0.239411
0.81    0.239364
0.811    0.239318
0.812    0.239274
0.813    0.239231
0.814    0.23919
0.815    0.239151
0.816    0.239113
0.817    0.239076
0.818    0.239042
0.819    0.239008
0.82    0.238977
0.821    0.238947
0.822    0.238919
0.823    0.238892
0.824    0.238867
0.825    0.238843
0.826    0.238821
0.827    0.238801
0.828    0.238782
0.829    0.238765
0.83    0.238749
0.831    0.238735
0.832    0.238722
0.833    0.238711
0.834    0.238702
0.835    0.238694
0.836    0.238688
0.837    0.238684
0.838    0.238681
0.839    0.238679
0.84    0.238679
0.841    0.238681
0.842    0.238684
0.843    0.238689
0.844    0.238696
0.845    0.238704
0.846    0.238714
0.847    0.238725
0.848    0.238738
0.849    0.238752
0.85    0.238768
0.851    0.238786
0.852    0.238805
0.853    0.238826
0.854    0.238849
0.855    0.238873
0.856    0.238898
0.857    0.238926
0.858    0.238954
0.859    0.238985
0.86    0.239017
0.861    0.239051
0.862    0.239086
0.863    0.239123
0.864    0.239161
0.865    0.239201
0.866    0.239243
0.867    0.239286
0.868    0.239331
0.869    0.239378
0.87    0.239426
0.871    0.239475
0.872    0.239527
0.873    0.23958
0.874    0.239634
0.875    0.239691
0.876    0.239749
0.877    0.239808
0.878    0.239869
0.879    0.239932
0.88    0.239996
0.881    0.240062
0.882    0.24013
0.883    0.240199
0.884    0.24027
0.885    0.240343
0.886    0.240417
0.887    0.240493
0.888    0.240571
0.889    0.24065
0.89    0.240731
0.891    0.240814
0.892    0.240898
0.893    0.240984
0.894    0.241071
0.895    0.241161
0.896    0.241251
0.897    0.241344
0.898    0.241438
0.899    0.241534
0.9    0.241632
0.901    0.241731
0.902    0.241832
0.903    0.241935
0.904    0.24204
0.905    0.242146
0.906    0.242254
0.907    0.242363
0.908    0.242475
0.909    0.242588
0.91    0.242702
0.911    0.242819
0.912    0.242937
0.913    0.243057
0.914    0.243179
0.915    0.243302
0.916    0.243427
0.917    0.243554
0.918    0.243683
0.919    0.243814
0.92    0.243946
0.921    0.24408
0.922    0.244216
0.923    0.244353
0.924    0.244492
0.925    0.244634
0.926    0.244776
0.927    0.244921
0.928    0.245068
0.929    0.245216
0.93    0.245366
0.931    0.245518
0.932    0.245672
0.933    0.245827
0.934    0.245985
0.935    0.246144
0.936    0.246305
0.937    0.246468
0.938    0.246633
0.939    0.2468
0.94    0.246968
0.941    0.247139
0.942    0.247311
0.943    0.247485
0.944    0.247661
0.945    0.247839
0.946    0.248019
0.947    0.2482
0.948    0.248384
0.949    0.24857
0.95    0.248757
0.951    0.248947
0.952    0.249138
0.953    0.249331
0.954    0.249526
0.955    0.249724
0.956    0.249923
0.957    0.250124
0.958    0.250327
0.959    0.250532
0.96    0.250739
0.961    0.250948
0.962    0.251159
0.963    0.251372
0.964    0.251587
0.965    0.251804
0.966    0.252023
0.967    0.252245
0.968    0.252468
0.969    0.252693
0.97    0.25292
0.971    0.25315
0.972    0.253381
0.973    0.253615
0.974    0.25385
0.975    0.254088
0.976    0.254328
0.977    0.25457
0.978    0.254814
0.979    0.25506
0.98    0.255308
0.981    0.255559
0.982    0.255812
0.983    0.256066
0.984    0.256324
0.985    0.256583
0.986    0.256844
0.987    0.257108
0.988    0.257373
0.989    0.257641
0.99    0.257912
0.991    0.258184
0.992    0.258459
0.993    0.258736
0.994    0.259015
0.995    0.259297
0.996    0.259581
0.997    0.259867
0.998    0.260155
0.999    0.260446
1    0.260739
1.001    0.261035
1.002    0.261332
1.003    0.261633
1.004    0.261935
1.005    0.26224
1.006    0.262547
1.007    0.262857
1.008    0.263169
1.009    0.263484
1.01    0.263801
1.011    0.26412
1.012    0.264442
1.013    0.264766
1.014    0.265093
1.015    0.265423
1.016    0.265754
1.017    0.266089
1.018    0.266426
1.019    0.266765
1.02    0.267107
1.021    0.267452
1.022    0.267799
1.023    0.268149
1.024    0.268501
1.025    0.268856
1.026    0.269214
1.027    0.269574
1.028    0.269937
1.029    0.270303
1.03    0.270671
1.031    0.271042
1.032    0.271416
1.033    0.271793
1.034    0.272172
1.035    0.272554
1.036    0.272939
1.037    0.273326
1.038    0.273717
1.039    0.27411
1.04    0.274506
1.041    0.274905
1.042    0.275307
1.043    0.275711
1.044    0.276119
1.045    0.276529
1.046    0.276943
1.047    0.277359
1.048    0.277778
1.049    0.278201
1.05    0.278626
1.051    0.279054
1.052    0.279486
1.053    0.27992
1.054    0.280358
1.055    0.280798
1.056    0.281242
1.057    0.281689
1.058    0.282139
1.059    0.282592
1.06    0.283048
1.061    0.283507
1.062    0.28397
1.063    0.284436
1.064    0.284905
1.065    0.285377
1.066    0.285853
1.067    0.286332
1.068    0.286814
1.069    0.2873
1.07    0.287789
1.071    0.288282
1.072    0.288778
1.073    0.289277
1.074    0.28978
1.075    0.290286
1.076    0.290796
1.077    0.291309
1.078    0.291826
1.079    0.292346
1.08    0.29287
1.081    0.293398
1.082    0.293929
1.083    0.294464
1.084    0.295002
1.085    0.295544
1.086    0.29609
1.087    0.29664
1.088    0.297193
1.089    0.297751
1.09    0.298312
1.091    0.298877
1.092    0.299446
1.093    0.300018
1.094    0.300595
1.095    0.301175
1.096    0.30176
1.097    0.302349
1.098    0.302941
1.099    0.303538
1.1    0.304139
1.101    0.304743
1.102    0.305352
1.103    0.305966
1.104    0.306583
1.105    0.307205
1.106    0.30783
1.107    0.308461
1.108    0.309095
1.109    0.309734
1.11    0.310377
1.111    0.311025
1.112    0.311677
1.113    0.312333
1.114    0.312994
1.115    0.31366
1.116    0.31433
1.117    0.315005
1.118    0.315684
1.119    0.316368
1.12    0.317057
1.121    0.31775
1.122    0.318448
1.123    0.319151
1.124    0.319859
1.125    0.320572
1.126    0.321289
1.127    0.322012
1.128    0.32274
1.129    0.323472
1.13    0.32421
1.131    0.324953
1.132    0.3257
1.133    0.326453
1.134    0.327212
1.135    0.327975
1.136    0.328744
1.137    0.329518
1.138    0.330298
1.139    0.331082
1.14    0.331873
1.141    0.332669
1.142    0.33347
1.143    0.334277
1.144    0.33509
1.145    0.335908
1.146    0.336732
1.147    0.337562
1.148    0.338397
1.149    0.339239
1.15    0.340086
1.151    0.340939
1.152    0.341798
1.153    0.342664
1.154    0.343535
1.155    0.344412
1.156    0.345296
1.157    0.346186
1.158    0.347082
1.159    0.347985
1.16    0.348894
1.161    0.349809
1.162    0.350731
1.163    0.35166
1.164    0.352595
1.165    0.353537
1.166    0.354485
1.167    0.35544
1.168    0.356402
1.169    0.357371
1.17    0.358347
1.171    0.35933
1.172    0.36032
1.173    0.361317
1.174    0.362321
1.175    0.363333
1.176    0.364352
1.177    0.365378
1.178    0.366412
1.179    0.367453
1.18    0.368502
1.181    0.369558
1.182    0.370622
1.183    0.371694
1.184    0.372774
1.185    0.373861
1.186    0.374957
1.187    0.376061
1.188    0.377172
1.189    0.378292
1.19    0.379421
1.191    0.380557
1.192    0.381702
1.193    0.382856
1.194    0.384018
1.195    0.385189
1.196    0.386368
1.197    0.387556
1.198    0.388754
1.199    0.38996
1.2    0.391175
1.201    0.392399
1.202    0.393633
1.203    0.394876
1.204    0.396128
1.205    0.39739
1.206    0.398662
1.207    0.399943
1.208    0.401234
1.209    0.402534
1.21    0.403845
1.211    0.405166
1.212    0.406497
1.213    0.407838
1.214    0.409189
1.215    0.410551
1.216    0.411924
1.217    0.413307
1.218    0.414701
1.219    0.416105
1.22    0.417521
1.221    0.418948
1.222    0.420386
1.223    0.421835
1.224    0.423296
1.225    0.424768
1.226    0.426252
1.227    0.427748
1.228    0.429255
1.229    0.430775
1.23    0.432307
1.231    0.433851
1.232    0.435407
1.233    0.436976
1.234    0.438557
1.235    0.440151
1.236    0.441759
1.237    0.443379
1.238    0.445012
1.239    0.446659
1.24    0.448319
1.241    0.449993
1.242    0.45168
1.243    0.453381
1.244    0.455097
1.245    0.456826
1.246    0.45857
1.247    0.460329
1.248    0.462102
1.249    0.463889
1.25    0.465692
1.251    0.46751
1.252    0.469343
1.253    0.471192
1.254    0.473057
1.255    0.474937
1.256    0.476833
1.257    0.478745
1.258    0.480674
1.259    0.482619
1.26    0.484581
1.261    0.48656
1.262    0.488556
1.263    0.490569
1.264    0.4926
1.265    0.494648
1.266    0.496714
1.267    0.498799
1.268    0.500902
1.269    0.503023
1.27    0.505163
1.271    0.507322
1.272    0.5095
1.273    0.511697
1.274    0.513915
1.275    0.516152
1.276    0.518409
1.277    0.520686
1.278    0.522985
1.279    0.525304
1.28    0.527644
1.281    0.530005
1.282    0.532388
1.283    0.534793
1.284    0.53722
1.285    0.539669
1.286    0.542142
1.287    0.544637
1.288    0.547155
1.289    0.549697
1.29    0.552263
1.291    0.554853
1.292    0.557467
1.293    0.560106
1.294    0.56277
1.295    0.56546
1.296    0.568175
1.297    0.570916
1.298    0.573684
1.299    0.576479
1.3    0.5793
1.301    0.582149
1.302    0.585026
1.303    0.58793
1.304    0.590864
1.305    0.593826
1.306    0.596818
1.307    0.599839
1.308    0.60289
1.309    0.605972
1.31    0.609084
1.311    0.612228
1.312    0.615404
1.313    0.618611
1.314    0.621852
1.315    0.625125
1.316    0.628432
1.317    0.631773
1.318    0.635148
1.319    0.638558
1.32    0.642003
1.321    0.645485
1.322    0.649003
1.323    0.652557
1.324    0.65615
1.325    0.65978
1.326    0.663448
1.327    0.667156
1.328    0.670903
1.329    0.674691
1.33    0.678519
1.331    0.682389
1.332    0.686301
1.333    0.690255
1.334    0.694253
1.335    0.698294
1.336    0.70238
1.337    0.706511
1.338    0.710689
1.339    0.714912
1.34    0.719183
1.341    0.723502
1.342    0.72787
1.343    0.732287
1.344    0.736755
1.345    0.741273
1.346    0.745844
1.347    0.750467
1.348    0.755143
1.349    0.759874
1.35    0.76466
1.351    0.769502
1.352    0.774401
1.353    0.779357
1.354    0.784373
1.355    0.789448
1.356    0.794584
1.357    0.799782
1.358    0.805042
1.359    0.810366
1.36    0.815755
1.361    0.821209
1.362    0.826731
1.363    0.83232
1.364    0.837979
1.365    0.843708
1.366    0.849509
1.367    0.855383
1.368    0.86133
1.369    0.867353
1.37    0.873453
1.371    0.87963
1.372    0.885887
1.373    0.892224
1.374    0.898643
1.375    0.905146
1.376    0.911734
1.377    0.918409
1.378    0.925172
1.379    0.932024
1.38    0.938968
1.381    0.946004
1.382    0.953135
1.383    0.960363
1.384    0.967689
1.385    0.975115
1.386    0.982642
1.387    0.990274
1.388    0.998011
1.389    1.00586
1.39    1.01381
1.391    1.02188
1.392    1.03006
1.393    1.03835
1.394    1.04677
1.395    1.0553
1.396    1.06396
1.397    1.07275
1.398    1.08166
1.399    1.0907
1.4    1.09988
1.401    1.10919
1.402    1.11864
1.403    1.12823
1.404    1.13797
1.405    1.14785
1.406    1.15789
1.407    1.16807
1.408    1.17842
1.409    1.18892
1.41    1.19959
1.411    1.21042
1.412    1.22142
1.413    1.2326
1.414    1.24395
1.415    1.25549
1.416    1.26721
1.417    1.27912
1.418    1.29122
1.419    1.30353
1.42    1.31603
1.421    1.32874
1.422    1.34166
1.423    1.3548
1.424    1.36816
1.425    1.38174
1.426    1.39556
1.427    1.40961
1.428    1.42391
1.429    1.43845
1.43    1.45325
1.431    1.46831
1.432    1.48363
1.433    1.49922
1.434    1.5151
1.435    1.53126
1.436    1.54771
1.437    1.56446
1.438    1.58152
1.439    1.59889
1.44    1.61658
1.441    1.63461
1.442    1.65297
1.443    1.67169
1.444    1.69076
1.445    1.71019
1.446    1.73
1.447    1.7502
1.448    1.77079
1.449    1.79178
1.45    1.81319
1.451    1.83503
1.452    1.85731
1.453    1.88004
1.454    1.90324
1.455    1.92691
1.456    1.95107
1.457    1.97573
1.458    2.00091
1.459    2.02662
1.46    2.05287
1.461    2.07969
1.462    2.10709
1.463    2.13508
1.464    2.16369
1.465    2.19293
1.466    2.22282
1.467    2.25337
1.468    2.28462
1.469    2.31657
1.47    2.34926
1.471    2.3827
1.472    2.41692
1.473    2.45194
1.474    2.48779
1.475    2.52449
1.476    2.56208
1.477    2.60057
1.478    2.64
1.479    2.68039
1.48    2.72179
1.481    2.76423
1.482    2.80773
1.483    2.85233
1.484    2.89808
1.485    2.94501
1.486    2.99316
1.487    3.04257
1.488    3.09329
1.489    3.14536
1.49    3.19884
1.491    3.25377
1.492    3.3102
1.493    3.3682
1.494    3.42781
1.495    3.4891
1.496    3.55212
1.497    3.61696
1.498    3.68366
1.499    3.75231
1.5    3.82298
1.501    3.89575
1.502    3.9707
1.503    4.04792
1.504    4.12749
1.505    4.20952
1.506    4.2941
1.507    4.38133
1.508    4.47133
1.509    4.56421
1.51    4.6601
1.511    4.75911
1.512    4.86139
1.513    4.96707
1.514    5.07631
1.515    5.18925
1.516    5.30606
1.517    5.42692
1.518    5.552
1.519    5.6815
1.52    5.81562
1.521    5.95458
1.522    6.09859
1.523    6.24791
1.524    6.40277
1.525    6.56344
1.526    6.7302
1.527    6.90335
1.528    7.08321
1.529    7.27009
1.53    7.46436
1.531    7.66637
1.532    7.87653
1.533    8.09525
1.534    8.32295
1.535    8.56012
1.536    8.80723
1.537    9.0648
1.538    9.3334
1.539    9.61359
1.54    9.90599
1.541    10.2113
1.542    10.5301
1.543    10.8632
1.544    11.2113
1.545    11.5753
1.546    11.956
1.547    12.3543
1.548    12.7712
1.549    13.2076
1.55    13.6646
1.551    14.1434
1.552    14.6449
1.553    15.1705
1.554    15.7213
1.555    16.2986
1.556    16.9038
1.557    17.5381
1.558    18.203
1.559    18.8998
1.56    19.6299
1.561    20.3946
1.562    21.1952
1.563    22.0329
1.564    22.9088
1.565    23.824
1.566    24.7792
1.567    25.7748
1.568    26.8112
1.569    27.8881
1.57    29.005
1.571    30.1605
1.572    31.3529
1.573    32.5796
1.574    33.837
1.575    35.1208
1.576    36.4252
1.577    37.7436
1.578    39.068
1.579    40.3891
1.58    41.6963
1.581    42.9776
1.582    44.2201
1.583    45.4097
1.584    46.5318
1.585    47.5712
1.586    48.5127
1.587    49.3419
1.588    50.045
1.589    50.61
1.59    51.0267
1.591    51.2875
1.592    51.3875
1.593    51.3248
1.594    51.1007
1.595    50.7194
1.596    50.188
1.597    49.5162
1.598    48.7158
1.599    47.8001
1.6    46.7835
1.601    45.6811
1.602    44.508
1.603    43.2791
1.604    42.0086
1.605    40.7096
1.606    39.3944
1.607    38.0738
1.608    36.7574
1.609    35.4534
1.61    34.1689
1.611    32.9096
1.612    31.6802
1.613    30.4844
1.614    29.3251
1.615    28.2041
1.616    27.1229
1.617    26.0821
1.618    25.0821
1.619    24.1226
1.62    23.2033
1.621    22.3233
1.622    21.4818
1.623    20.6777
1.624    19.9098
1.625    19.1768
1.626    18.4773
1.627    17.81
1.628    17.1736
1.629    16.5666
1.63    15.9877
1.631    15.4357
1.632    14.9091
1.633    14.4069
1.634    13.9277
1.635    13.4705
1.636    13.0341
1.637    12.6175
1.638    12.2196
1.639    11.8396
1.64    11.4764
1.641    11.1293
1.642    10.7975
1.643    10.4801
1.644    10.1763
1.645    9.88566
1.646    9.60733
1.647    9.34074
1.648    9.0853
1.649    8.84045
1.65    8.60568
1.651    8.38048
1.652    8.16438
1.653    7.95695
1.654    7.75776
1.655    7.56642
1.656    7.38256
1.657    7.20582
1.658    7.03587
1.659    6.8724
1.66    6.71509
1.661    6.56368
1.662    6.4179
1.663    6.27748
1.664    6.1422
1.665    6.01182
1.666    5.88612
1.667    5.76492
1.668    5.648
1.669    5.53519
1.67    5.42632
1.671    5.32121
1.672    5.21972
1.673    5.12168
1.674    5.02697
1.675    4.93544
1.676    4.84697
1.677    4.76144
1.678    4.67873
1.679    4.59873
1.68    4.52133
1.681    4.44644
1.682    4.37396
1.683    4.30379
1.684    4.23586
1.685    4.17008
1.686    4.10638
1.687    4.04466
1.688    3.98488
1.689    3.92694
1.69    3.8708
1.691    3.81639
1.692    3.76365
1.693    3.71251
1.694    3.66294
1.695    3.61486
1.696    3.56824
1.697    3.52303
1.698    3.47918
1.699    3.43665
1.7    3.39539
1.701    3.35536
1.702    3.31653
1.703    3.27886
1.704    3.24231
1.705    3.20686
1.706    3.17245
1.707    3.13908
1.708    3.1067
1.709    3.07528
1.71    3.04481
1.711    3.01525
1.712    2.98657
1.713    2.95876
1.714    2.93178
1.715    2.90562
1.716    2.88026
1.717    2.85566
1.718    2.83183
1.719    2.80872
1.72    2.78633
1.721    2.76464
1.722    2.74363
1.723    2.72328
1.724    2.70359
1.725    2.68452
1.726    2.66607
1.727    2.64823
1.728    2.63097
1.729    2.6143
1.73    2.59819
1.731    2.58263
1.732    2.56761
1.733    2.55312
1.734    2.53916
1.735    2.5257
1.736    2.51274
1.737    2.50027
1.738    2.48827
1.739    2.47676
1.74    2.4657
1.741    2.4551
1.742    2.44494
1.743    2.43523
1.744    2.42595
1.745    2.41709
1.746    2.40866
1.747    2.40063
1.748    2.39302
1.749    2.3858
1.75    2.37898
1.751    2.37255
1.752    2.3665
1.753    2.36084
1.754    2.35555
1.755    2.35063
1.756    2.34608
1.757    2.3419
1.758    2.33807
1.759    2.3346
1.76    2.33149
1.761    2.32872
1.762    2.3263
1.763    2.32423
1.764    2.3225
1.765    2.3211
1.766    2.32005
1.767    2.31933
1.768    2.31894
1.769    2.31889
1.77    2.31917
1.771    2.31977
1.772    2.32071
1.773    2.32197
1.774    2.32355
1.775    2.32547
1.776    2.3277
1.777    2.33027
1.778    2.33315
1.779    2.33637
1.78    2.3399
1.781    2.34376
1.782    2.34795
1.783    2.35246
1.784    2.3573
1.785    2.36247
1.786    2.36796
1.787    2.37379
1.788    2.37994
1.789    2.38643
1.79    2.39325
1.791    2.40041
1.792    2.4079
1.793    2.41574
1.794    2.42392
1.795    2.43244
1.796    2.44131
1.797    2.45052
1.798    2.4601
1.799    2.47002
1.8    2.48031
1.801    2.49096
1.802    2.50198
1.803    2.51336
1.804    2.52513
1.805    2.53726
1.806    2.54979
1.807    2.56269
1.808    2.576
1.809    2.58969
1.81    2.60379
1.811    2.6183
1.812    2.63322
1.813    2.64856
1.814    2.66433
1.815    2.68052
1.816    2.69716
1.817    2.71424
1.818    2.73177
1.819    2.74976
1.82    2.76821
1.821    2.78714
1.822    2.80655
1.823    2.82646
1.824    2.84686
1.825    2.86777
1.826    2.8892
1.827    2.91115
1.828    2.93364
1.829    2.95668
1.83    2.98028
1.831    3.00445
1.832    3.02919
1.833    3.05453
1.834    3.08047
1.835    3.10704
1.836    3.13423
1.837    3.16206
1.838    3.19055
1.839    3.21971
1.84    3.24956
1.841    3.28011
1.842    3.31138
1.843    3.34338
1.844    3.37614
1.845    3.40966
1.846    3.44397
1.847    3.47908
1.848    3.51503
1.849    3.55181
1.85    3.58947
1.851    3.62801
1.852    3.66746
1.853    3.70784
1.854    3.74919
1.855    3.79151
1.856    3.83485
1.857    3.87921
1.858    3.92464
1.859    3.97116
1.86    4.01881
1.861    4.0676
1.862    4.11758
1.863    4.16877
1.864    4.22121
1.865    4.27494
1.866    4.32999
1.867    4.3864
1.868    4.44422
1.869    4.50347
1.87    4.56422
1.871    4.62649
1.872    4.69033
1.873    4.7558
1.874    4.82294
1.875    4.89181
1.876    4.96246
1.877    5.03494
1.878    5.10932
1.879    5.18565
1.88    5.264
1.881    5.34443
1.882    5.42702
1.883    5.51183
1.884    5.59893
1.885    5.68842
1.886    5.78036
1.887    5.87483
1.888    5.97194
1.889    6.07177
1.89    6.17442
1.891    6.27998
1.892    6.38856
1.893    6.50028
1.894    6.61523
1.895    6.73355
1.896    6.85536
1.897    6.98079
1.898    7.10998
1.899    7.24306
1.9    7.38019
1.901    7.52152
1.902    7.66723
1.903    7.81747
1.904    7.97244
1.905    8.13232
1.906    8.29731
1.907    8.46761
1.908    8.64346
1.909    8.82507
1.91    9.01269
1.911    9.20657
1.912    9.40698
1.913    9.61421
1.914    9.82854
1.915    10.0503
1.916    10.2798
1.917    10.5174
1.918    10.7634
1.919    11.0183
1.92    11.2824
1.921    11.5562
1.922    11.8401
1.923    12.1346
1.924    12.4402
1.925    12.7574
1.926    13.0868
1.927    13.429
1.928    13.7846
1.929    14.1543
1.93    14.5387
1.931    14.9386
1.932    15.3547
1.933    15.788
1.934    16.2393
1.935    16.7095
1.936    17.1996
1.937    17.7106
1.938    18.2436
1.939    18.7998
1.94    19.3805
1.941    19.9868
1.942    20.6203
1.943    21.2823
1.944    21.9744
1.945    22.6982
1.946    23.4554
1.947    24.2478
1.948    25.0773
1.949    25.946
1.95    26.8558
1.951    27.8089
1.952    28.8078
1.953    29.8546
1.954    30.952
1.955    32.1024
1.956    33.3085
1.957    34.5729
1.958    35.8983
1.959    37.2876
1.96    38.7434
1.961    40.2684
1.962    41.8652
1.963    43.5363
1.964    45.2838
1.965    47.1098
1.966    49.0157
1.967    51.0026
1.968    53.0709
1.969    55.2203
1.97    57.4496
1.971    59.7562
1.972    62.1366
1.973    64.5854
1.974    67.0957
1.975    69.6586
1.976    72.2629
1.977    74.8952
1.978    77.5394
1.979    80.177
1.98    82.7867
1.981    85.3447
1.982    87.8251
1.983    90.1997
1.984    92.4391
1.985    94.5131
1.986    96.3915
1.987    98.0451
1.988    99.4466
1.989    100.572
1.99    101.4
1.991    101.917
1.992    102.112
1.993    101.982
1.994    101.529
1.995    100.761
1.996    99.6935
1.997    98.345
1.998    96.7392
1.999    94.9027
2    92.8645
2.001    90.6546
2.002    88.3034
2.003    85.8404
2.004    83.2942
2.005    80.6911
2.006    78.0555
2.007    75.409
2.008    72.7709
2.009    70.1577
2.01    67.5833
2.011    65.0593
2.012    62.5952
2.013    60.1983
2.014    57.8741
2.015    55.6268
2.016    53.4588
2.017    51.3717
2.018    49.366
2.019    47.4415
2.02    45.5972
2.021    43.8317
2.022    42.143
2.023    40.5291
2.024    38.9874
2.025    37.5156
2.026    36.1108
2.027    34.7704
2.028    33.4916
2.029    32.2716
2.03    31.1079
2.031    29.9978
2.032    28.9387
2.033    27.9281
2.034    26.9636
2.035    26.0429
2.036    25.1639
2.037    24.3243
2.038    23.5223
2.039    22.7559
2.04    22.0232
2.041    21.3226
2.042    20.6524
2.043    20.011
2.044    19.397
2.045    18.809
2.046    18.2457
2.047    17.7058
2.048    17.1881
2.049    16.6916
2.05    16.2152
2.051    15.7578
2.052    15.3187
2.053    14.8968
2.054    14.4913
2.055    14.1015
2.056    13.7266
2.057    13.3659
2.058    13.0187
2.059    12.6844
2.06    12.3624
2.061    12.0521
2.062    11.753
2.063    11.4646
2.064    11.1864
2.065    10.9179
2.066    10.6588
2.067    10.4085
2.068    10.1668
2.069    9.93323
2.07    9.70745
2.071    9.48915
2.072    9.27801
2.073    9.07372
2.074    8.876
2.075    8.68458
2.076    8.49921
2.077    8.31965
2.078    8.14564
2.079    7.97699
2.08    7.81347
2.081    7.65489
2.082    7.50105
2.083    7.35177
2.084    7.20688
2.085    7.06621
2.086    6.9296
2.087    6.7969
2.088    6.66796
2.089    6.54266
2.09    6.42085
2.091    6.30241
2.092    6.18722
2.093    6.07516
2.094    5.96612
2.095    5.86
2.096    5.7567
2.097    5.65611
2.098    5.55816
2.099    5.46273
2.1    5.36976
2.101    5.27916
2.102    5.19085
2.103    5.10475
2.104    5.0208
2.105    4.93892
2.106    4.85905
2.107    4.78111
2.108    4.70506
2.109    4.63083
2.11    4.55837
2.111    4.48761
2.112    4.41851
2.113    4.35102
2.114    4.28509
2.115    4.22066
2.116    4.1577
2.117    4.09616
2.118    4.036
2.119    3.97718
2.12    3.91966
2.121    3.8634
2.122    3.80837
2.123    3.75453
2.124    3.70184
2.125    3.65028
2.126    3.59981
2.127    3.55041
2.128    3.50203
2.129    3.45466
2.13    3.40827
2.131    3.36283
2.132    3.31831
2.133    3.2747
2.134    3.23196
2.135    3.19007
2.136    3.14901
2.137    3.10877
2.138    3.06931
2.139    3.03062
2.14    2.99267
2.141    2.95546
2.142    2.91895
2.143    2.88314
2.144    2.84801
2.145    2.81353
2.146    2.77969
2.147    2.74648
2.148    2.71388
2.149    2.68188
2.15    2.65046
2.151    2.61961
2.152    2.58931
2.153    2.55955
2.154    2.53032
2.155    2.50161
2.156    2.4734
2.157    2.44569
2.158    2.41845
2.159    2.39168
2.16    2.36538
2.161    2.33952
2.162    2.3141
2.163    2.28911
2.164    2.26454
2.165    2.24037
2.166    2.21661
2.167    2.19324
2.168    2.17026
2.169    2.14765
2.17    2.1254
2.171    2.10352
2.172    2.08198
2.173    2.0608
2.174    2.03994
2.175    2.01942
2.176    1.99922
2.177    1.97933
2.178    1.95976
2.179    1.94049
2.18    1.92151
2.181    1.90283
2.182    1.88443
2.183    1.86631
2.184    1.84846
2.185    1.83088
2.186    1.81356
2.187    1.7965
2.188    1.77969
2.189    1.76313
2.19    1.74682
2.191    1.73074
2.192    1.71489
2.193    1.69927
2.194    1.68388
2.195    1.66871
2.196    1.65375
2.197    1.639
2.198    1.62447
2.199    1.61013
2.2    1.596
2.201    1.58206
2.202    1.56832
2.203    1.55476
2.204    1.54139
2.205    1.5282
2.206    1.5152
2.207    1.50236
2.208    1.4897
2.209    1.47721
2.21    1.46489
2.211    1.45273
2.212    1.44073
2.213    1.42889
2.214    1.4172
2.215    1.40567
2.216    1.39429
2.217    1.38305
2.218    1.37196
2.219    1.36101
2.22    1.3502
2.221    1.33953
2.222    1.32899
2.223    1.31858
2.224    1.30831
2.225    1.29816
2.226    1.28814
2.227    1.27825
2.228    1.26847
2.229    1.25882
2.23    1.24929
2.231    1.23987
2.232    1.23056
2.233    1.22137
2.234    1.21229
2.235    1.20332
2.236    1.19445
2.237    1.18569
2.238    1.17703
2.239    1.16848
2.24    1.16003
2.241    1.15167
2.242    1.14342
2.243    1.13525
2.244    1.12719
2.245    1.11921
2.246    1.11133
2.247    1.10354
2.248    1.09584
2.249    1.08822
2.25    1.08069
2.251    1.07324
2.252    1.06588
2.253    1.0586
2.254    1.05141
2.255    1.04429
2.256    1.03725
2.257    1.03029
2.258    1.0234
2.259    1.01659
2.26    1.00985
2.261    1.00319
2.262    0.9966
2.263    0.99008
2.264    0.98363
2.265    0.977249
2.266    0.970936
2.267    0.96469
2.268    0.958511
2.269    0.952396
2.27    0.946345
2.271    0.940358
2.272    0.934434
2.273    0.928571
2.274    0.922768
2.275    0.917026
2.276    0.911343
2.277    0.905718
2.278    0.90015
2.279    0.89464
2.28    0.889185
2.281    0.883785
2.282    0.87844
2.283    0.873148
2.284    0.86791
2.285    0.862723
2.286    0.857589
2.287    0.852505
2.288    0.847472
2.289    0.842488
2.29    0.837553
2.291    0.832666
2.292    0.827827
2.293    0.823035
2.294    0.818289
2.295    0.81359
2.296    0.808935
2.297    0.804325
2.298    0.79976
2.299    0.795238
2.3    0.790758
2.301    0.786322
2.302    0.781927
2.303    0.777574
2.304    0.773261
2.305    0.768989
2.306    0.764757
2.307    0.760564
2.308    0.75641
2.309    0.752294
2.31    0.748216
2.311    0.744176
2.312    0.740173
2.313    0.736206
2.314    0.732276
2.315    0.728381
2.316    0.724521
2.317    0.720696
2.318    0.716906
2.319    0.71315
2.32    0.709427
2.321    0.705738
2.322    0.702081
2.323    0.698457
2.324    0.694864
2.325    0.691304
2.326    0.687774
2.327    0.684276
2.328    0.680808
2.329    0.677371
2.33    0.673963
2.331    0.670585
2.332    0.667236
2.333    0.663916
2.334    0.660624
2.335    0.657361
2.336    0.654126
2.337    0.650918
2.338    0.647737
2.339    0.644584
2.34    0.641457
2.341    0.638356
2.342    0.635281
2.343    0.632233
2.344    0.629209
2.345    0.626211
2.346    0.623238
2.347    0.62029
2.348    0.617366
2.349    0.614466
2.35    0.611589
2.351    0.608737
2.352    0.605908
2.353    0.603102
2.354    0.600319
2.355    0.597558
2.356    0.59482
2.357    0.592104
2.358    0.58941
2.359    0.586737
2.36    0.584086
2.361    0.581456
2.362    0.578847
2.363    0.576259
2.364    0.573691
2.365    0.571144
2.366    0.568617
2.367    0.56611
2.368    0.563622
2.369    0.561154
2.37    0.558706
2.371    0.556276
2.372    0.553865
2.373    0.551473
2.374    0.5491
2.375    0.546745
2.376    0.544408
2.377    0.542089
2.378    0.539788
2.379    0.537504
2.38    0.535238
2.381    0.532989
2.382    0.530758
2.383    0.528543
2.384    0.526345
2.385    0.524163
2.386    0.521998
2.387    0.519849
2.388    0.517717
2.389    0.5156
2.39    0.513499
2.391    0.511414
2.392    0.509344
2.393    0.50729
2.394    0.505251
2.395    0.503226
2.396    0.501217
2.397    0.499223
2.398    0.497243
2.399    0.495277
2.4    0.493326
2.401    0.491389
2.402    0.489467
2.403    0.487558
2.404    0.485663
2.405    0.483782
2.406    0.481914
2.407    0.48006
2.408    0.478219
2.409    0.476391
2.41    0.474576
2.411    0.472774
2.412    0.470985
2.413    0.469209
2.414    0.467445
2.415    0.465694
2.416    0.463955
2.417    0.462229
2.418    0.460514
2.419    0.458812
2.42    0.457121
2.421    0.455443
2.422    0.453776
2.423    0.45212
2.424    0.450476
2.425    0.448844
2.426    0.447223
2.427    0.445613
2.428    0.444014
2.429    0.442426
2.43    0.440849
2.431    0.439283
2.432    0.437728
2.433    0.436183
2.434    0.434649
2.435    0.433125
2.436    0.431611
2.437    0.430108
2.438    0.428615
2.439    0.427132
2.44    0.425659
2.441    0.424196
2.442    0.422743
2.443    0.4213
2.444    0.419866
2.445    0.418442
2.446    0.417027
2.447    0.415622
2.448    0.414226
2.449    0.412839
2.45    0.411462
2.451    0.410093
2.452    0.408734
2.453    0.407384
2.454    0.406042
2.455    0.404709
2.456    0.403385
2.457    0.40207
2.458    0.400764
2.459    0.399465
2.46    0.398176
2.461    0.396895
2.462    0.395622
2.463    0.394357
2.464    0.3931
2.465    0.391852
2.466    0.390612
2.467    0.389379
2.468    0.388155
2.469    0.386939
2.47    0.38573
2.471    0.384529
2.472    0.383336
2.473    0.38215
2.474    0.380972
2.475    0.379801
2.476    0.378638
2.477    0.377482
2.478    0.376334
2.479    0.375193
2.48    0.374059
2.481    0.372932
2.482    0.371812
2.483    0.3707
2.484    0.369594
2.485    0.368495
2.486    0.367404
2.487    0.366319
2.488    0.36524
2.489    0.364169
2.49    0.363104
2.491    0.362046
2.492    0.360995
2.493    0.35995
2.494    0.358911
2.495    0.357879
2.496    0.356853
2.497    0.355834
2.498    0.354821
2.499    0.353814
2.5    0.352813
2.501    0.351819
2.502    0.35083
2.503    0.349848
2.504    0.348872
2.505    0.347902
2.506    0.346937
2.507    0.345979
2.508    0.345026
2.509    0.344079
2.51    0.343138
2.511    0.342203
2.512    0.341273
2.513    0.340349
2.514    0.339431
2.515    0.338518
2.516    0.337611
2.517    0.336709
2.518    0.335813
2.519    0.334922
2.52    0.334036
2.521    0.333156
2.522    0.332281
2.523    0.331411
2.524    0.330546
2.525    0.329687
2.526    0.328833
2.527    0.327984
2.528    0.32714
2.529    0.326301
2.53    0.325467
2.531    0.324638
2.532    0.323814
2.533    0.322995
2.534    0.322181
2.535    0.321371
2.536    0.320567
2.537    0.319767
2.538    0.318972
2.539    0.318182
2.54    0.317396
2.541    0.316615
2.542    0.315838
2.543    0.315067
2.544    0.314299
2.545    0.313537
2.546    0.312778
2.547    0.312025
2.548    0.311275
2.549    0.31053
2.55    0.30979
2.551    0.309054
2.552    0.308322
2.553    0.307594
2.554    0.306871
2.555    0.306152
2.556    0.305437
2.557    0.304726
2.558    0.30402
2.559    0.303317
2.56    0.302619
2.561    0.301925
2.562    0.301235
2.563    0.300549
2.564    0.299867
2.565    0.299189
2.566    0.298515
2.567    0.297844
2.568    0.297178
2.569    0.296516
2.57    0.295857
2.571    0.295202
2.572    0.294551
2.573    0.293904
2.574    0.293261
2.575    0.292621
2.576    0.291986
2.577    0.291353
2.578    0.290725
2.579    0.2901
2.58    0.289479
2.581    0.288861
2.582    0.288247
2.583    0.287637
2.584    0.28703
2.585    0.286426
2.586    0.285826
2.587    0.28523
2.588    0.284637
2.589    0.284048
2.59    0.283461
2.591    0.282879
2.592    0.282299
2.593    0.281724
2.594    0.281151
2.595    0.280582
2.596    0.280016
2.597    0.279453
2.598    0.278894
2.599    0.278337
2.6    0.277785
2.601    0.277235
2.602    0.276688
2.603    0.276145
2.604    0.275605
2.605    0.275068
2.606    0.274534
2.607    0.274003
2.608    0.273475
2.609    0.272951
2.61    0.272429
2.611    0.27191
2.612    0.271395
2.613    0.270882
2.614    0.270373
2.615    0.269866
2.616    0.269363
2.617    0.268862
2.618    0.268364
2.619    0.267869
2.62    0.267377
2.621    0.266888
2.622    0.266402
2.623    0.265919
2.624    0.265438
2.625    0.264961
2.626    0.264486
2.627    0.264014
2.628    0.263544
2.629    0.263078
2.63    0.262614
2.631    0.262153
2.632    0.261694
2.633    0.261239
2.634    0.260786
2.635    0.260335
2.636    0.259888
2.637    0.259443
2.638    0.259
2.639    0.258561
2.64    0.258123
2.641    0.257689
2.642    0.257257
2.643    0.256828
2.644    0.256401
2.645    0.255976
2.646    0.255555
2.647    0.255135
2.648    0.254719
2.649    0.254305
2.65    0.253893
2.651    0.253484
2.652    0.253077
2.653    0.252672
2.654    0.25227
2.655    0.251871
2.656    0.251474
2.657    0.251079
2.658    0.250687
2.659    0.250297
2.66    0.24991
2.661    0.249524
2.662    0.249142
2.663    0.248761
2.664    0.248383
2.665    0.248007
2.666    0.247634
2.667    0.247262
2.668    0.246893
2.669    0.246527
2.67    0.246162
2.671    0.2458
2.672    0.24544
2.673    0.245083
2.674    0.244727
2.675    0.244374
2.676    0.244023
2.677    0.243674
2.678    0.243327
2.679    0.242983
2.68    0.242641
2.681    0.242301
2.682    0.241963
2.683    0.241627
2.684    0.241293
2.685    0.240961
2.686    0.240632
2.687    0.240305
2.688    0.239979
2.689    0.239656
2.69    0.239335
2.691    0.239016
2.692    0.238699
2.693    0.238384
2.694    0.238071
2.695    0.23776
2.696    0.237451
2.697    0.237145
2.698    0.23684
2.699    0.236537
2.7    0.236236
2.701    0.235938
2.702    0.235641
2.703    0.235346
2.704    0.235053
2.705    0.234762
2.706    0.234473
2.707    0.234186
2.708    0.233901
2.709    0.233618
2.71    0.233337
2.711    0.233058
2.712    0.23278
2.713    0.232505
2.714    0.232231
2.715    0.23196
2.716    0.23169
2.717    0.231422
2.718    0.231156
2.719    0.230892
2.72    0.230629
2.721    0.230369
2.722    0.23011
2.723    0.229853
2.724    0.229598
2.725    0.229345
2.726    0.229094
2.727    0.228844
2.728    0.228596
2.729    0.228351
2.73    0.228106
2.731    0.227864
2.732    0.227624
2.733    0.227385
2.734    0.227148
2.735    0.226912
2.736    0.226679
2.737    0.226447
2.738    0.226217
2.739    0.225989
2.74    0.225763
2.741    0.225538
2.742    0.225315
2.743    0.225093
2.744    0.224874
2.745    0.224656
2.746    0.22444
2.747    0.224225
2.748    0.224012
2.749    0.223801
2.75    0.223592
2.751    0.223384
2.752    0.223178
2.753    0.222974
2.754    0.222771
2.755    0.22257
2.756    0.222371
2.757    0.222173
2.758    0.221977
2.759    0.221782
2.76    0.221589
2.761    0.221398
2.762    0.221209
2.763    0.221021
2.764    0.220835
2.765    0.22065
2.766    0.220467
2.767    0.220285
2.768    0.220106
2.769    0.219927
2.77    0.219751
2.771    0.219576
2.772    0.219402
2.773    0.219231
2.774    0.21906
2.775    0.218892
2.776    0.218724
2.777    0.218559
2.778    0.218395
2.779    0.218233
2.78    0.218072
2.781    0.217913
2.782    0.217755
2.783    0.217599
2.784    0.217444
2.785    0.217291
2.786    0.217139
2.787    0.21699
2.788    0.216841
2.789    0.216694
2.79    0.216549
2.791    0.216405
2.792    0.216263
2.793    0.216122
2.794    0.215983
2.795    0.215845
2.796    0.215709
2.797    0.215574
2.798    0.215441
2.799    0.215309
2.8    0.215179
2.801    0.21505
2.802    0.214923
2.803    0.214797
2.804    0.214673
2.805    0.21455
2.806    0.214429
2.807    0.214309
2.808    0.214191
2.809    0.214074
2.81    0.213959
2.811    0.213845
2.812    0.213732
2.813    0.213622
2.814    0.213512
2.815    0.213404
2.816    0.213298
2.817    0.213193
2.818    0.213089
2.819    0.212987
2.82    0.212886
2.821    0.212787
2.822    0.212689
2.823    0.212593
2.824    0.212498
2.825    0.212405
2.826    0.212313
2.827    0.212223
2.828    0.212134
2.829    0.212046
2.83    0.21196
2.831    0.211875
2.832    0.211792
2.833    0.21171
2.834    0.21163
2.835    0.211551
2.836    0.211473
2.837    0.211397
2.838    0.211323
2.839    0.211249
2.84    0.211178
2.841    0.211107
2.842    0.211038
2.843    0.210971
2.844    0.210905
2.845    0.21084
2.846    0.210777
2.847    0.210715
2.848    0.210655
2.849    0.210596
2.85    0.210538
2.851    0.210482
2.852    0.210427
2.853    0.210374
2.854    0.210322
2.855    0.210272
2.856    0.210223
2.857    0.210175
2.858    0.210129
2.859    0.210084
2.86    0.210041
2.861    0.209999
2.862    0.209959
2.863    0.20992
2.864    0.209882
2.865    0.209846
2.866    0.209811
2.867    0.209777
2.868    0.209745
2.869    0.209715
2.87    0.209686
2.871    0.209658
2.872    0.209631
2.873    0.209607
2.874    0.209583
2.875    0.209561
2.876    0.20954
2.877    0.209521
2.878    0.209503
2.879    0.209487
2.88    0.209472
2.881    0.209458
2.882    0.209446
2.883    0.209435
2.884    0.209426
2.885    0.209418
2.886    0.209411
2.887    0.209406
2.888    0.209402
2.889    0.2094
2.89    0.209399
2.891    0.2094
2.892    0.209402
2.893    0.209405
2.894    0.20941
2.895    0.209417
2.896    0.209424
2.897    0.209433
2.898    0.209444
2.899    0.209456
2.9    0.20947
2.901    0.209484
2.902    0.209501
2.903    0.209518
2.904    0.209538
2.905    0.209558
2.906    0.20958
2.907    0.209604
2.908    0.209629
2.909    0.209655
2.91    0.209683
2.911    0.209712
2.912    0.209743
2.913    0.209775
2.914    0.209809
2.915    0.209844
2.916    0.20988
2.917    0.209918
2.918    0.209958
2.919    0.209999
2.92    0.210041
2.921    0.210085
2.922    0.21013
2.923    0.210177
2.924    0.210225
2.925    0.210275
2.926    0.210326
2.927    0.210379
2.928    0.210433
2.929    0.210489
2.93    0.210546
2.931    0.210604
2.932    0.210664
2.933    0.210726
2.934    0.210789
2.935    0.210854
2.936    0.21092
2.937    0.210987
2.938    0.211056
2.939    0.211127
2.94    0.211199
2.941    0.211272
2.942    0.211347
2.943    0.211424
2.944    0.211502
2.945    0.211582
2.946    0.211663
2.947    0.211746
2.948    0.21183
2.949    0.211916
2.95    0.212003
2.951    0.212092
2.952    0.212182
2.953    0.212274
2.954    0.212367
2.955    0.212462
2.956    0.212559
2.957    0.212657
2.958    0.212757
2.959    0.212858
2.96    0.212961
2.961    0.213065
2.962    0.213171
2.963    0.213279
2.964    0.213388
2.965    0.213499
2.966    0.213611
2.967    0.213725
2.968    0.213841
2.969    0.213958
2.97    0.214076
2.971    0.214197
2.972    0.214319
2.973    0.214442
2.974    0.214567
2.975    0.214694
2.976    0.214823
2.977    0.214953
2.978    0.215085
2.979    0.215218
2.98    0.215353
2.981    0.21549
2.982    0.215628
2.983    0.215768
2.984    0.21591
2.985    0.216053
2.986    0.216198
2.987    0.216345
2.988    0.216493
2.989    0.216643
2.99    0.216795
2.991    0.216949
2.992    0.217104
2.993    0.217261
2.994    0.217419
2.995    0.21758
2.996    0.217742
2.997    0.217906
2.998    0.218071
2.999    0.218239
3    0.218408
3.001    0.218578
3.002    0.218751
3.003    0.218925
3.004    0.219102
3.005    0.219279
3.006    0.219459
3.007    0.219641
3.008    0.219824
3.009    0.220009
3.01    0.220196
3.011    0.220385
3.012    0.220575
3.013    0.220767
3.014    0.220962
3.015    0.221158
3.016    0.221356
3.017    0.221555
3.018    0.221757
3.019    0.22196
3.02    0.222166
3.021    0.222373
3.022    0.222582
3.023    0.222793
3.024    0.223006
3.025    0.223221
3.026    0.223438
3.027    0.223656
3.028    0.223877
3.029    0.224099
3.03    0.224324
3.031    0.22455
3.032    0.224779
3.033    0.225009
3.034    0.225241
3.035    0.225476
3.036    0.225712
3.037    0.22595
3.038    0.226191
3.039    0.226433
3.04    0.226677
3.041    0.226924
3.042    0.227172
3.043    0.227423
3.044    0.227675
3.045    0.22793
3.046    0.228186
3.047    0.228445
3.048    0.228706
3.049    0.228969
3.05    0.229234
3.051    0.229501
3.052    0.22977
3.053    0.230042
3.054    0.230316
3.055    0.230591
3.056    0.230869
3.057    0.231149
3.058    0.231432
3.059    0.231716
3.06    0.232003
3.061    0.232292
3.062    0.232583
3.063    0.232876
3.064    0.233172
3.065    0.23347
3.066    0.23377
3.067    0.234072
3.068    0.234377
3.069    0.234684
3.07    0.234993
3.071    0.235305
3.072    0.235618
3.073    0.235935
3.074    0.236253
3.075    0.236574
3.076    0.236898
3.077    0.237223
3.078    0.237551
3.079    0.237882
3.08    0.238215
3.081    0.23855
3.082    0.238888
3.083    0.239228
3.084    0.239571
3.085    0.239916
3.086    0.240264
3.087    0.240614
3.088    0.240967
3.089    0.241322
3.09    0.24168
3.091    0.24204
3.092    0.242403
3.093    0.242769
3.094    0.243137
3.095    0.243508
3.096    0.243881
3.097    0.244257
3.098    0.244636
3.099    0.245017
3.1    0.245401
3.101    0.245787
3.102    0.246177
3.103    0.246569
3.104    0.246964
3.105    0.247361
3.106    0.247761
3.107    0.248164
3.108    0.24857
3.109    0.248979
3.11    0.24939
3.111    0.249805
3.112    0.250222
3.113    0.250642
3.114    0.251065
3.115    0.251491
3.116    0.251919
3.117    0.252351
3.118    0.252786
3.119    0.253223
3.12    0.253664
3.121    0.254107
3.122    0.254554
3.123    0.255003
3.124    0.255456
3.125    0.255912
3.126    0.256371
3.127    0.256832
3.128    0.257297
3.129    0.257766
3.13    0.258237
3.131    0.258711
3.132    0.259189
3.133    0.25967
3.134    0.260154
3.135    0.260641
3.136    0.261132
3.137    0.261626
3.138    0.262123
3.139    0.262623
3.14    0.263127
3.141    0.263635
3.142    0.264145
3.143    0.264659
3.144    0.265177
3.145    0.265697
3.146    0.266222
3.147    0.26675
3.148    0.267281
3.149    0.267816
3.15    0.268354
3.151    0.268896
3.152    0.269442
3.153    0.269991
3.154    0.270544
3.155    0.271101
3.156    0.271661
3.157    0.272225
3.158    0.272792
3.159    0.273364
3.16    0.273939
3.161    0.274518
3.162    0.275101
3.163    0.275687
3.164    0.276278
3.165    0.276872
3.166    0.277471
3.167    0.278073
3.168    0.278679
3.169    0.27929
3.17    0.279904
3.171    0.280523
3.172    0.281145
3.173    0.281772
3.174    0.282402
3.175    0.283037
3.176    0.283676
3.177    0.28432
3.178    0.284967
3.179    0.285619
3.18    0.286275
3.181    0.286936
3.182    0.2876
3.183    0.28827
3.184    0.288943
3.185    0.289621
3.186    0.290304
3.187    0.290991
3.188    0.291682
3.189    0.292379
3.19    0.293079
3.191    0.293785
3.192    0.294495
3.193    0.29521
3.194    0.295929
3.195    0.296653
3.196    0.297383
3.197    0.298116
3.198    0.298855
3.199    0.299599
3.2    0.300348
3.201    0.301101
3.202    0.30186
3.203    0.302623
3.204    0.303392
3.205    0.304166
3.206    0.304945
3.207    0.305729
3.208    0.306518
3.209    0.307313
3.21    0.308113
3.211    0.308918
3.212    0.309729
3.213    0.310545
3.214    0.311366
3.215    0.312193
3.216    0.313026
3.217    0.313864
3.218    0.314707
3.219    0.315557
3.22    0.316412
3.221    0.317273
3.222    0.318139
3.223    0.319012
3.224    0.31989
3.225    0.320774
3.226    0.321664
3.227    0.32256
3.228    0.323463
3.229    0.324371
3.23    0.325285
3.231    0.326206
3.232    0.327133
3.233    0.328066
3.234    0.329005
3.235    0.329951
3.236    0.330904
3.237    0.331862
3.238    0.332828
3.239    0.3338
3.24    0.334778
3.241    0.335763
3.242    0.336755
3.243    0.337754
3.244    0.338759
3.245    0.339772
3.246    0.340791
3.247    0.341818
3.248    0.342851
3.249    0.343892
3.25    0.344939
3.251    0.345994
3.252    0.347056
3.253    0.348126
3.254    0.349203
3.255    0.350288
3.256    0.35138
3.257    0.352479
3.258    0.353586
3.259    0.354701
3.26    0.355824
3.261    0.356955
3.262    0.358093
3.263    0.359239
3.264    0.360394
3.265    0.361557
3.266    0.362727
3.267    0.363906
3.268    0.365093
3.269    0.366289
3.27    0.367493
3.271    0.368706
3.272    0.369927
3.273    0.371157
3.274    0.372395
3.275    0.373643
3.276    0.374899
3.277    0.376164
3.278    0.377439
3.279    0.378722
3.28    0.380015
3.281    0.381316
3.282    0.382628
3.283    0.383948
3.284    0.385278
3.285    0.386618
3.286    0.387968
3.287    0.389327
3.288    0.390696
3.289    0.392075
3.29    0.393464
3.291    0.394863
3.292    0.396272
3.293    0.397692
3.294    0.399122
3.295    0.400562
3.296    0.402013
3.297    0.403475
3.298    0.404948
3.299    0.406431
3.3    0.407925
3.301    0.409431
3.302    0.410947
3.303    0.412475
3.304    0.414014
3.305    0.415565
3.306    0.417127
3.307    0.418701
3.308    0.420286
3.309    0.421884
3.31    0.423493
3.311    0.425115
3.312    0.426749
3.313    0.428395
3.314    0.430054
3.315    0.431725
3.316    0.433409
3.317    0.435106
3.318    0.436816
3.319    0.438539
3.32    0.440275
3.321    0.442024
3.322    0.443787
3.323    0.445563
3.324    0.447353
3.325    0.449157
3.326    0.450975
3.327    0.452807
3.328    0.454653
3.329    0.456513
3.33    0.458388
3.331    0.460278
3.332    0.462183
3.333    0.464102
3.334    0.466037
3.335    0.467987
3.336    0.469952
3.337    0.471933
3.338    0.473929
3.339    0.475941
3.34    0.47797
3.341    0.480014
3.342    0.482075
3.343    0.484153
3.344    0.486247
3.345    0.488358
3.346    0.490486
3.347    0.492631
3.348    0.494794
3.349    0.496974
3.35    0.499172
3.351    0.501387
3.352    0.503621
3.353    0.505874
3.354    0.508144
3.355    0.510434
3.356    0.512742
3.357    0.515069
3.358    0.517416
3.359    0.519782
3.36    0.522167
3.361    0.524573
3.362    0.526999
3.363    0.529445
3.364    0.531911
3.365    0.534399
3.366    0.536907
3.367    0.539437
3.368    0.541988
3.369    0.54456
3.37    0.547155
3.371    0.549772
3.372    0.552411
3.373    0.555072
3.374    0.557757
3.375    0.560465
3.376    0.563196
3.377    0.565951
3.378    0.56873
3.379    0.571533
3.38    0.57436
3.381    0.577212
3.382    0.580089
3.383    0.582992
3.384    0.58592
3.385    0.588874
3.386    0.591854
3.387    0.594861
3.388    0.597894
3.389    0.600955
3.39    0.604042
3.391    0.607158
3.392    0.610302
3.393    0.613474
3.394    0.616674
3.395    0.619904
3.396    0.623163
3.397    0.626452
3.398    0.629771
3.399    0.63312
3.4    0.6365
3.401    0.639912
3.402    0.643355
3.403    0.646829
3.404    0.650336
3.405    0.653876
3.406    0.657449
3.407    0.661055
3.408    0.664696
3.409    0.66837
3.41    0.67208
3.411    0.675824
3.412    0.679604
3.413    0.68342
3.414    0.687273
3.415    0.691162
3.416    0.695089
3.417    0.699054
3.418    0.703057
3.419    0.7071
3.42    0.711181
3.421    0.715302
3.422    0.719464
3.423    0.723666
3.424    0.72791
3.425    0.732196
3.426    0.736524
3.427    0.740895
3.428    0.74531
3.429    0.749769
3.43    0.754272
3.431    0.758821
3.432    0.763416
3.433    0.768057
3.434    0.772746
3.435    0.777482
3.436    0.782266
3.437    0.7871
3.438    0.791983
3.439    0.796917
3.44    0.801902
3.441    0.806938
3.442    0.812027
3.443    0.817169
3.444    0.822365
3.445    0.827616
3.446    0.832922
3.447    0.838284
3.448    0.843703
3.449    0.84918
3.45    0.854716
3.451    0.86031
3.452    0.865965
3.453    0.871682
3.454    0.87746
3.455    0.8833
3.456    0.889205
3.457    0.895174
3.458    0.901209
3.459    0.90731
3.46    0.913479
3.461    0.919716
3.462    0.926023
3.463    0.9324
3.464    0.938849
3.465    0.94537
3.466    0.951965
3.467    0.958635
3.468    0.965381
3.469    0.972203
3.47    0.979104
3.471    0.986084
3.472    0.993145
3.473    1.00029
3.474    1.00751
3.475    1.01482
3.476    1.02222
3.477    1.0297
3.478    1.03727
3.479    1.04493
3.48    1.05268
3.481    1.06053
3.482    1.06847
3.483    1.0765
3.484    1.08463
3.485    1.09286
3.486    1.10119
3.487    1.10962
3.488    1.11815
3.489    1.12679
3.49    1.13554
3.491    1.14439
3.492    1.15336
3.493    1.16243
3.494    1.17162
3.495    1.18093
3.496    1.19036
3.497    1.1999
3.498    1.20957
3.499    1.21935
3.5    1.22927
3.501    1.23931
3.502    1.24949
3.503    1.25979
3.504    1.27024
3.505    1.28081
3.506    1.29153
3.507    1.30239
3.508    1.3134
3.509    1.32455
3.51    1.33585
3.511    1.3473
3.512    1.35891
3.513    1.37067
3.514    1.3826
3.515    1.39469
3.516    1.40695
3.517    1.41937
3.518    1.43197
3.519    1.44475
3.52    1.4577
3.521    1.47083
3.522    1.48416
3.523    1.49767
3.524    1.51137
3.525    1.52527
3.526    1.53937
3.527    1.55368
3.528    1.56819
3.529    1.58291
3.53    1.59785
3.531    1.61301
3.532    1.6284
3.533    1.64401
3.534    1.65986
3.535    1.67595
3.536    1.69228
3.537    1.70886
3.538    1.72569
3.539    1.74277
3.54    1.76013
3.541    1.77775
3.542    1.79564
3.543    1.81381
3.544    1.83227
3.545    1.85102
3.546    1.87007
3.547    1.88943
3.548    1.90909
3.549    1.92907
3.55    1.94937
3.551    1.97001
3.552    1.99098
3.553    2.0123
3.554    2.03397
3.555    2.056
3.556    2.0784
3.557    2.10117
3.558    2.12434
3.559    2.14789
3.56    2.17185
3.561    2.19622
3.562    2.22101
3.563    2.24623
3.564    2.27189
3.565    2.29801
3.566    2.32458
3.567    2.35163
3.568    2.37916
3.569    2.40719
3.57    2.43572
3.571    2.46477
3.572    2.49436
3.573    2.52449
3.574    2.55517
3.575    2.58643
3.576    2.61827
3.577    2.65072
3.578    2.68377
3.579    2.71746
3.58    2.7518
3.581    2.7868
3.582    2.82248
3.583    2.85885
3.584    2.89595
3.585    2.93377
3.586    2.97236
3.587    3.01171
3.588    3.05186
3.589    3.09282
3.59    3.13462
3.591    3.17729
3.592    3.22083
3.593    3.26529
3.594    3.31067
3.595    3.35702
3.596    3.40435
3.597    3.4527
3.598    3.50208
3.599    3.55254
3.6    3.60411
3.601    3.6568
3.602    3.71067
3.603    3.76574
3.604    3.82204
3.605    3.87962
3.606    3.93852
3.607    3.99877
3.608    4.06041
3.609    4.12348
3.61    4.18804
3.611    4.25412
3.612    4.32178
3.613    4.39106
3.614    4.46202
3.615    4.53471
3.616    4.60918
3.617    4.68549
3.618    4.76371
3.619    4.84389
3.62    4.9261
3.621    5.01041
3.622    5.09689
3.623    5.18561
3.624    5.27665
3.625    5.37009
3.626    5.46602
3.627    5.56451
3.628    5.66566
3.629    5.76957
3.63    5.87633
3.631    5.98605
3.632    6.09883
3.633    6.21479
3.634    6.33404
3.635    6.45671
3.636    6.58292
3.637    6.71282
3.638    6.84653
3.639    6.98422
3.64    7.12602
3.641    7.27211
3.642    7.42265
3.643    7.57783
3.644    7.73782
3.645    7.90282
3.646    8.07304
3.647    8.24869
3.648    8.43
3.649    8.61721
3.65    8.81056
3.651    9.01031
3.652    9.21675
3.653    9.43016
3.654    9.65085
3.655    9.87914
3.656    10.1154
3.657    10.3599
3.658    10.6131
3.659    10.8753
3.66    11.1471
3.661    11.4288
3.662    11.7208
3.663    12.0238
3.664    12.3381
3.665    12.6644
3.666    13.0032
3.667    13.3552
3.668    13.7209
3.669    14.1011
3.67    14.4965
3.671    14.9079
3.672    15.336
3.673    15.7817
3.674    16.246
3.675    16.7298
3.676    17.2341
3.677    17.7599
3.678    18.3085
3.679    18.881
3.68    19.4787
3.681    20.103
3.682    20.7552
3.683    21.4368
3.684    22.1495
3.685    22.895
3.686    23.6749
3.687    24.4912
3.688    25.3458
3.689    26.2408
3.69    27.1782
3.691    28.1604
3.692    29.1897
3.693    30.2685
3.694    31.3993
3.695    32.5847
3.696    33.8275
3.697    35.1302
3.698    36.4957
3.699    37.9266
3.7    39.4257
3.701    40.9956
3.702    42.6389
3.703    44.3577
3.704    46.1542
3.705    48.0302
3.706    49.9868
3.707    52.0247
3.708    54.1439
3.709    56.3436
3.71    58.6217
3.711    60.9751
3.712    63.3993
3.713    65.8878
3.714    68.4326
3.715    71.0234
3.716    73.6477
3.717    76.2905
3.718    78.9341
3.719    81.5583
3.72    84.1404
3.721    86.6551
3.722    89.0752
3.723    91.3716
3.724    93.5143
3.725    95.4731
3.726    97.2182
3.727    98.7215
3.728    99.9574
3.729    100.904
3.73    101.544
3.731    101.866
3.732    101.863
3.733    101.535
3.734    100.889
3.735    99.9364
3.736    98.6951
3.737    97.1869
3.738    95.4374
3.739    93.4748
3.74    91.3288
3.741    89.0297
3.742    86.6075
3.743    84.0912
3.744    81.508
3.745    78.8831
3.746    76.2393
3.747    73.5967
3.748    70.9728
3.749    68.3827
3.75    65.8388
3.751    63.3514
3.752    60.9285
3.753    58.5764
3.754    56.2996
3.755    54.1014
3.756    51.9837
3.757    49.9472
3.758    47.9921
3.759    46.1177
3.76    44.3226
3.761    42.6051
3.762    40.9632
3.763    39.3946
3.764    37.8968
3.765    36.4671
3.766    35.1027
3.767    33.8011
3.768    32.5594
3.769    31.375
3.77    30.2451
3.771    29.1672
3.772    28.1388
3.773    27.1574
3.774    26.2207
3.775    25.3265
3.776    24.4726
3.777    23.6569
3.778    22.8776
3.779    22.1327
3.78    21.4206
3.781    20.7394
3.782    20.0877
3.783    19.4639
3.784    18.8666
3.785    18.2945
3.786    17.7463
3.787    17.2208
3.788    16.7169
3.789    16.2334
3.79    15.7694
3.791    15.324
3.792    14.8961
3.793    14.485
3.794    14.0898
3.795    13.7098
3.796    13.3443
3.797    12.9925
3.798    12.6539
3.799    12.3278
3.8    12.0136
3.801    11.7108
3.802    11.4189
3.803    11.1373
3.804    10.8657
3.805    10.6036
3.806    10.3505
3.807    10.1061
3.808    9.86993
3.809    9.64173
3.81    9.42111
3.811    9.20777
3.812    9.0014
3.813    8.80171
3.814    8.60841
3.815    8.42126
3.816    8.24
3.817    8.06439
3.818    7.8942
3.819    7.72924
3.82    7.56928
3.821    7.41413
3.822    7.26361
3.823    7.11754
3.824    6.97575
3.825    6.83808
3.826    6.70437
3.827    6.57449
3.828    6.44828
3.829    6.32561
3.83    6.20636
3.831    6.0904
3.832    5.97761
3.833    5.86789
3.834    5.76112
3.835    5.6572
3.836    5.55604
3.837    5.45753
3.838    5.36159
3.839    5.26813
3.84    5.17707
3.841    5.08833
3.842    5.00183
3.843    4.91749
3.844    4.83526
3.845    4.75505
3.846    4.67681
3.847    4.60047
3.848    4.52597
3.849    4.45325
3.85    4.38226
3.851    4.31295
3.852    4.24525
3.853    4.17914
3.854    4.11454
3.855    4.05143
3.856    3.98975
3.857    3.92947
3.858    3.87054
3.859    3.81291
3.86    3.75657
3.861    3.70146
3.862    3.64755
3.863    3.59481
3.864    3.5432
3.865    3.4927
3.866    3.44327
3.867    3.39488
3.868    3.3475
3.869    3.30111
3.87    3.25568
3.871    3.21118
3.872    3.16758
3.873    3.12487
3.874    3.08302
3.875    3.04201
3.876    3.00181
3.877    2.96241
3.878    2.92378
3.879    2.8859
3.88    2.84875
3.881    2.81233
3.882    2.7766
3.883    2.74154
3.884    2.70716
3.885    2.67341
3.886    2.6403
3.887    2.6078
3.888    2.57591
3.889    2.5446
3.89    2.51386
3.891    2.48367
3.892    2.45403
3.893    2.42493
3.894    2.39634
3.895    2.36826
3.896    2.34067
3.897    2.31356
3.898    2.28693
3.899    2.26076
3.9    2.23504
3.901    2.20976
3.902    2.18492
3.903    2.16049
3.904    2.13647
3.905    2.11286
3.906    2.08964
3.907    2.0668
3.908    2.04435
3.909    2.02226
3.91    2.00053
3.911    1.97915
3.912    1.95812
3.913    1.93742
3.914    1.91706
3.915    1.89702
3.916    1.8773
3.917    1.85788
3.918    1.83878
3.919    1.81996
3.92    1.80144
3.921    1.78321
3.922    1.76525
3.923    1.74757
3.924    1.73016
3.925    1.71301
3.926    1.69612
3.927    1.67948
3.928    1.66309
3.929    1.64694
3.93    1.63103
3.931    1.61535
3.932    1.59991
3.933    1.58468
3.934    1.56968
3.935    1.55489
3.936    1.54032
3.937    1.52595
3.938    1.51179
3.939    1.49782
3.94    1.48405
3.941    1.47048
3.942    1.4571
3.943    1.4439
3.944    1.43088
3.945    1.41804
3.946    1.40538
3.947    1.39289
3.948    1.38057
3.949    1.36841
3.95    1.35642
3.951    1.34459
3.952    1.33292
3.953    1.3214
3.954    1.31004
3.955    1.29882
3.956    1.28775
3.957    1.27683
3.958    1.26604
3.959    1.2554
3.96    1.24489
3.961    1.23452
3.962    1.22428
3.963    1.21417
3.964    1.20419
3.965    1.19434
3.966    1.1846
3.967    1.17499
3.968    1.1655
3.969    1.15613
3.97    1.14687
3.971    1.13773
3.972    1.1287
3.973    1.11978
3.974    1.11097
3.975    1.10226
3.976    1.09366
3.977    1.08516
3.978    1.07677
3.979    1.06847
3.98    1.06027
3.981    1.05217
3.982    1.04417
3.983    1.03625
3.984    1.02844
3.985    1.02071
3.986    1.01307
3.987    1.00552
3.988    0.998056
3.989    0.990678
3.99    0.983385
3.991    0.976174
3.992    0.969045
3.993    0.961997
3.994    0.955028
3.995    0.948137
3.996    0.941323
3.997    0.934585
3.998    0.927921
3.999    0.921331
4    0.914814
4.001    0.908368
4.002    0.901992
4.003    0.895686
4.004    0.889448
4.005    0.883278
4.006    0.877174
4.007    0.871135
4.008    0.865161
4.009    0.859251
4.01    0.853403
4.011    0.847618
4.012    0.841893
4.013    0.836228
4.014    0.830623
4.015    0.825076
4.016    0.819587
4.017    0.814155
4.018    0.808779
4.019    0.803458
4.02    0.798191
4.021    0.792979
4.022    0.787819
4.023    0.782712
4.024    0.777657
4.025    0.772653
4.026    0.767699
4.027    0.762794
4.028    0.757939
4.029    0.753131
4.03    0.748372
4.031    0.743659
4.032    0.738993
4.033    0.734373
4.034    0.729798
4.035    0.725267
4.036    0.720781
4.037    0.716338
4.038    0.711938
4.039    0.707581
4.04    0.703265
4.041    0.698991
4.042    0.694757
4.043    0.690564
4.044    0.68641
4.045    0.682296
4.046    0.67822
4.047    0.674183
4.048    0.670183
4.049    0.666221
4.05    0.662296
4.051    0.658407
4.052    0.654554
4.053    0.650736
4.054    0.646954
4.055    0.643206
4.056    0.639493
4.057    0.635813
4.058    0.632167
4.059    0.628553
4.06    0.624973
4.061    0.621424
4.062    0.617908
4.063    0.614423
4.064    0.610969
4.065    0.607545
4.066    0.604152
4.067    0.600789
4.068    0.597456
4.069    0.594152
4.07    0.590877
4.071    0.58763
4.072    0.584412
4.073    0.581222
4.074    0.578059
4.075    0.574924
4.076    0.571815
4.077    0.568734
4.078    0.565678
4.079    0.562649
4.08    0.559646
4.081    0.556668
4.082    0.553715
4.083    0.550788
4.084    0.547885
4.085    0.545006
4.086    0.542151
4.087    0.53932
4.088    0.536513
4.089    0.533729
4.09    0.530969
4.091    0.52823
4.092    0.525515
4.093    0.522822
4.094    0.520151
4.095    0.517501
4.096    0.514874
4.097    0.512267
4.098    0.509682
4.099    0.507117
4.1    0.504574
4.101    0.50205
4.102    0.499547
4.103    0.497064
4.104    0.494601
4.105    0.492157
4.106    0.489733
4.107    0.487328
4.108    0.484942
4.109    0.482575
4.11    0.480226
4.111    0.477895
4.112    0.475583
4.113    0.473289
4.114    0.471013
4.115    0.468754
4.116    0.466513
4.117    0.464289
4.118    0.462082
4.119    0.459892
4.12    0.457719
4.121    0.455562
4.122    0.453422
4.123    0.451298
4.124    0.44919
4.125    0.447098
4.126    0.445022
4.127    0.442961
4.128    0.440916
4.129    0.438886
4.13    0.436872
4.131    0.434872
4.132    0.432887
4.133    0.430917
4.134    0.428961
4.135    0.42702
4.136    0.425093
4.137    0.423181
4.138    0.421282
4.139    0.419397
4.14    0.417526
4.141    0.415668
4.142    0.413824
4.143    0.411993
4.144    0.410176
4.145    0.408371
4.146    0.406579
4.147    0.404801
4.148    0.403035
4.149    0.401281
4.15    0.39954
4.151    0.397812
4.152    0.396095
4.153    0.394391
4.154    0.392699
4.155    0.391018
4.156    0.38935
4.157    0.387693
4.158    0.386047
4.159    0.384414
4.16    0.382791
4.161    0.38118
4.162    0.37958
4.163    0.37799
4.164    0.376412
4.165    0.374845
4.166    0.373288
4.167    0.371742
4.168    0.370207
4.169    0.368682
4.17    0.367168
4.171    0.365663
4.172    0.364169
4.173    0.362685
4.174    0.361211
4.175    0.359747
4.176    0.358293
4.177    0.356848
4.178    0.355413
4.179    0.353988
4.18    0.352572
4.181    0.351165
4.182    0.349768
4.183    0.34838
4.184    0.347001
4.185    0.345631
4.186    0.34427
4.187    0.342919
4.188    0.341576
4.189    0.340241
4.19    0.338916
4.191    0.337599
4.192    0.33629
4.193    0.33499
4.194    0.333698
4.195    0.332415
4.196    0.33114
4.197    0.329873
4.198    0.328614
4.199    0.327363
4.2    0.326121
4.201    0.324886
4.202    0.323659
4.203    0.322439
4.204    0.321228
4.205    0.320024
4.206    0.318827
4.207    0.317638
4.208    0.316457
4.209    0.315283
4.21    0.314116
4.211    0.312957
4.212    0.311805
4.213    0.31066
4.214    0.309522
4.215    0.308391
4.216    0.307267
4.217    0.30615
4.218    0.305039
4.219    0.303936
4.22    0.302839
4.221    0.301749
4.222    0.300666
4.223    0.299589
4.224    0.298519
4.225    0.297456
4.226    0.296398
4.227    0.295347
4.228    0.294303
4.229    0.293265
4.23    0.292233
4.231    0.291207
4.232    0.290187
4.233    0.289174
4.234    0.288166
4.235    0.287164
4.236    0.286169
4.237    0.285179
4.238    0.284195
4.239    0.283217
4.24    0.282245
4.241    0.281278
4.242    0.280317
4.243    0.279362
4.244    0.278412
4.245    0.277468
4.246    0.276529
4.247    0.275596
4.248    0.274668
4.249    0.273746
4.25    0.272829
4.251    0.271917
4.252    0.27101
4.253    0.270109
4.254    0.269213
4.255    0.268322
4.256    0.267436
4.257    0.266555
4.258    0.265679
4.259    0.264808
4.26    0.263942
4.261    0.263081
4.262    0.262225
4.263    0.261374
4.264    0.260527
4.265    0.259686
4.266    0.258849
4.267    0.258016
4.268    0.257189
4.269    0.256366
4.27    0.255547
4.271    0.254734
4.272    0.253924
4.273    0.253119
4.274    0.252319
4.275    0.251523
4.276    0.250732
4.277    0.249944
4.278    0.249162
4.279    0.248383
4.28    0.247609
4.281    0.246839
4.282    0.246073
4.283    0.245311
4.284    0.244554
4.285    0.243801
4.286    0.243051
4.287    0.242306
4.288    0.241565
4.289    0.240828
4.29    0.240095
4.291    0.239365
4.292    0.23864
4.293    0.237919
4.294    0.237201
4.295    0.236488
4.296    0.235778
4.297    0.235072
4.298    0.234369
4.299    0.233671
4.3    0.232976
4.301    0.232285
4.302    0.231597
4.303    0.230913
4.304    0.230233
4.305    0.229557
4.306    0.228883
4.307    0.228214
4.308    0.227548
4.309    0.226885
4.31    0.226226
4.311    0.22557
4.312    0.224918
4.313    0.224269
4.314    0.223624
4.315    0.222982
4.316    0.222343
4.317    0.221708
4.318    0.221075
4.319    0.220447
4.32    0.219821
4.321    0.219198
4.322    0.218579
4.323    0.217963
4.324    0.21735
4.325    0.21674
4.326    0.216134
4.327    0.21553
4.328    0.21493
4.329    0.214332
4.33    0.213738
4.331    0.213146
4.332    0.212558
4.333    0.211972
4.334    0.21139
4.335    0.21081
4.336    0.210234
4.337    0.20966
4.338    0.209089
4.339    0.208521
4.34    0.207956
4.341    0.207394
4.342    0.206834
4.343    0.206278
4.344    0.205724
4.345    0.205173
4.346    0.204624
4.347    0.204079
4.348    0.203536
4.349    0.202995
4.35    0.202458
4.351    0.201923
4.352    0.20139
4.353    0.200861
4.354    0.200333
4.355    0.199809
4.356    0.199287
4.357    0.198768
4.358    0.198251
4.359    0.197736
4.36    0.197225
4.361    0.196715
4.362    0.196208
4.363    0.195704
4.364    0.195202
4.365    0.194702
4.366    0.194205
4.367    0.193711
4.368    0.193218
4.369    0.192728
4.37    0.192241
4.371    0.191756
4.372    0.191273
4.373    0.190792
4.374    0.190314
4.375    0.189838
4.376    0.189364
4.377    0.188893
4.378    0.188424
4.379    0.187957
4.38    0.187492
4.381    0.187029
4.382    0.186569
4.383    0.186111
4.384    0.185655
4.385    0.185201
4.386    0.18475
4.387    0.1843
4.388    0.183853
4.389    0.183407
4.39    0.182964
4.391    0.182523
4.392    0.182084
4.393    0.181647
4.394    0.181212
4.395    0.180779
4.396    0.180348
4.397    0.179919
4.398    0.179493
4.399    0.179068
4.4    0.178645
4.401    0.178224
4.402    0.177805
4.403    0.177388
4.404    0.176973
4.405    0.17656
4.406    0.176148
4.407    0.175739
4.408    0.175332
4.409    0.174926
4.41    0.174522
4.411    0.17412
4.412    0.17372
4.413    0.173322
4.414    0.172926
4.415    0.172531
4.416    0.172139
4.417    0.171748
4.418    0.171359
4.419    0.170971
4.42    0.170586
4.421    0.170202
4.422    0.16982
4.423    0.16944
4.424    0.169061
4.425    0.168684
4.426    0.168309
4.427    0.167935
4.428    0.167564
4.429    0.167194
4.43    0.166825
4.431    0.166458
4.432    0.166093
4.433    0.16573
4.434    0.165368
4.435    0.165008
4.436    0.164649
4.437    0.164292
4.438    0.163937
4.439    0.163583
4.44    0.163231
4.441    0.162881
4.442    0.162532
4.443    0.162184
4.444    0.161838
4.445    0.161494
4.446    0.161151
4.447    0.16081
4.448    0.16047
4.449    0.160132
4.45    0.159795
4.451    0.15946
4.452    0.159126
4.453    0.158794
4.454    0.158463
4.455    0.158134
4.456    0.157806
4.457    0.15748
4.458    0.157155
4.459    0.156831
4.46    0.156509
4.461    0.156189
4.462    0.155869
4.463    0.155551
4.464    0.155235
4.465    0.15492
4.466    0.154606
4.467    0.154294
4.468    0.153983
4.469    0.153674
4.47    0.153366
4.471    0.153059
4.472    0.152753
4.473    0.152449
4.474    0.152146
4.475    0.151845
4.476    0.151545
4.477    0.151246
4.478    0.150949
4.479    0.150652
4.48    0.150357
4.481    0.150064
4.482    0.149771
4.483    0.14948
4.484    0.149191
4.485    0.148902
4.486    0.148615
4.487    0.148329
4.488    0.148044
4.489    0.147761
4.49    0.147478
4.491    0.147197
4.492    0.146917
4.493    0.146639
4.494    0.146361
4.495    0.146085
4.496    0.14581
4.497    0.145536
4.498    0.145264
4.499    0.144992
4.5    0.144722
4.501    0.144453
4.502    0.144185
4.503    0.143918
4.504    0.143653
4.505    0.143388
4.506    0.143125
4.507    0.142863
4.508    0.142602
4.509    0.142342
4.51    0.142083
4.511    0.141825
4.512    0.141569
4.513    0.141313
4.514    0.141059
4.515    0.140806
4.516    0.140554
4.517    0.140303
4.518    0.140053
4.519    0.139804
4.52    0.139556
4.521    0.139309
4.522    0.139064
4.523    0.138819
4.524    0.138575
4.525    0.138333
4.526    0.138092
4.527    0.137851
4.528    0.137612
4.529    0.137373
4.53    0.137136
4.531    0.1369
4.532    0.136665
4.533    0.13643
4.534    0.136197
4.535    0.135965
4.536    0.135734
4.537    0.135503
4.538    0.135274
4.539    0.135046
4.54    0.134819
4.541    0.134593
4.542    0.134367
4.543    0.134143
4.544    0.13392
4.545    0.133697
4.546    0.133476
4.547    0.133255
4.548    0.133036
4.549    0.132817
4.55    0.1326
4.551    0.132383
4.552    0.132167
4.553    0.131953
4.554    0.131739
4.555    0.131526
4.556    0.131314
4.557    0.131103
4.558    0.130892
4.559    0.130683
4.56    0.130475
4.561    0.130267
4.562    0.130061
4.563    0.129855
4.564    0.12965
4.565    0.129447
4.566    0.129244
4.567    0.129042
4.568    0.12884
4.569    0.12864
4.57    0.128441
4.571    0.128242
4.572    0.128044
4.573    0.127847
4.574    0.127651
4.575    0.127456
4.576    0.127262
4.577    0.127069
4.578    0.126876
4.579    0.126684
4.58    0.126493
4.581    0.126303
4.582    0.126114
4.583    0.125926
4.584    0.125738
4.585    0.125551
4.586    0.125366
4.587    0.12518
4.588    0.124996
4.589    0.124813
4.59    0.12463
4.591    0.124448
4.592    0.124267
4.593    0.124087
4.594    0.123908
4.595    0.123729
4.596    0.123551
4.597    0.123374
4.598    0.123198
4.599    0.123022
4.6    0.122848
4.601    0.122674
4.602    0.1225
4.603    0.122328
4.604    0.122157
4.605    0.121986
4.606    0.121816
4.607    0.121646
4.608    0.121478
4.609    0.12131
4.61    0.121143
4.611    0.120977
4.612    0.120811
4.613    0.120647
4.614    0.120483
4.615    0.120319
4.616    0.120157
4.617    0.119995
4.618    0.119834
4.619    0.119674
4.62    0.119514
4.621    0.119355
4.622    0.119197
4.623    0.11904
4.624    0.118883
4.625    0.118727
4.626    0.118572
4.627    0.118417
4.628    0.118263
4.629    0.11811
4.63    0.117958
4.631    0.117806
4.632    0.117655
4.633    0.117505
4.634    0.117356
4.635    0.117207
4.636    0.117059
4.637    0.116911
4.638    0.116764
4.639    0.116618
4.64    0.116473
4.641    0.116328
4.642    0.116184
4.643    0.116041
4.644    0.115898
4.645    0.115756
4.646    0.115615
4.647    0.115474
4.648    0.115334
4.649    0.115195
4.65    0.115056
4.651    0.114918
4.652    0.114781
4.653    0.114644
4.654    0.114508
4.655    0.114373
4.656    0.114239
4.657    0.114105
4.658    0.113971
4.659    0.113839
4.66    0.113707
4.661    0.113575
4.662    0.113444
4.663    0.113314
4.664    0.113185
4.665    0.113056
4.666    0.112928
4.667    0.1128
4.668    0.112674
4.669    0.112547
4.67    0.112422
4.671    0.112297
4.672    0.112173
4.673    0.112049
4.674    0.111926
4.675    0.111803
4.676    0.111682
4.677    0.11156
4.678    0.11144
4.679    0.11132
4.68    0.111201
4.681    0.111082
4.682    0.110964
4.683    0.110846
4.684    0.110729
4.685    0.110613
4.686    0.110498
4.687    0.110383
4.688    0.110268
4.689    0.110154
4.69    0.110041
4.691    0.109929
4.692    0.109817
4.693    0.109705
4.694    0.109595
4.695    0.109484
4.696    0.109375
4.697    0.109266
4.698    0.109158
4.699    0.10905
4.7    0.108943
4.701    0.108836
4.702    0.10873
4.703    0.108625
4.704    0.10852
4.705    0.108416
4.706    0.108312
4.707    0.108209
4.708    0.108107
4.709    0.108005
4.71    0.107903
4.711    0.107803
4.712    0.107703
4.713    0.107603
4.714    0.107504
4.715    0.107406
4.716    0.107308
4.717    0.107211
4.718    0.107114
4.719    0.107018
4.72    0.106923
4.721    0.106828
4.722    0.106733
4.723    0.10664
4.724    0.106546
4.725    0.106454
4.726    0.106362
4.727    0.10627
4.728    0.106179
4.729    0.106089
4.73    0.105999
4.731    0.10591
4.732    0.105821
4.733    0.105733
4.734    0.105646
4.735    0.105559
4.736    0.105472
4.737    0.105387
4.738    0.105301
4.739    0.105217
4.74    0.105132
4.741    0.105049
4.742    0.104966
4.743    0.104883
4.744    0.104801
4.745    0.10472
4.746    0.104639
4.747    0.104559
4.748    0.104479
4.749    0.1044
4.75    0.104322
4.751    0.104244
4.752    0.104166
4.753    0.104089
4.754    0.104013
4.755    0.103937
4.756    0.103862
4.757    0.103787
4.758    0.103713
4.759    0.103639
4.76    0.103566
4.761    0.103494
4.762    0.103422
4.763    0.10335
4.764    0.103279
4.765    0.103209
4.766    0.103139
4.767    0.10307
4.768    0.103001
4.769    0.102933
4.77    0.102866
4.771    0.102799
4.772    0.102732
4.773    0.102666
4.774    0.102601
4.775    0.102536
4.776    0.102472
4.777    0.102408
4.778    0.102345
4.779    0.102282
4.78    0.10222
4.781    0.102158
4.782    0.102097
4.783    0.102037
4.784    0.101977
4.785    0.101917
4.786    0.101858
4.787    0.1018
4.788    0.101742
4.789    0.101685
4.79    0.101628
4.791    0.101572
4.792    0.101517
4.793    0.101461
4.794    0.101407
4.795    0.101353
4.796    0.1013
4.797    0.101247
4.798    0.101194
4.799    0.101142
4.8    0.101091
4.801    0.10104
4.802    0.10099
4.803    0.100941
4.804    0.100892
4.805    0.100843
4.806    0.100795
4.807    0.100748
4.808    0.100701
4.809    0.100654
4.81    0.100608
4.811    0.100563
4.812    0.100518
4.813    0.100474
4.814    0.100431
4.815    0.100388
4.816    0.100345
4.817    0.100303
4.818    0.100262
4.819    0.100221
4.82    0.10018
4.821    0.10014
4.822    0.100101
4.823    0.100063
4.824    0.100024
4.825    0.0999867
4.826    0.0999497
4.827    0.0999132
4.828    0.0998772
4.829    0.0998418
4.83    0.099807
4.831    0.0997727
4.832    0.0997389
4.833    0.0997057
4.834    0.0996731
4.835    0.099641
4.836    0.0996095
4.837    0.0995785
4.838    0.0995481
4.839    0.0995183
4.84    0.099489
4.841    0.0994602
4.842    0.0994321
4.843    0.0994045
4.844    0.0993774
4.845    0.0993509
4.846    0.099325
4.847    0.0992996
4.848    0.0992748
4.849    0.0992506
4.85    0.0992269
4.851    0.0992038
4.852    0.0991813
4.853    0.0991593
4.854    0.0991379
4.855    0.099117
4.856    0.0990968
4.857    0.0990771
4.858    0.099058
4.859    0.0990394
4.86    0.0990215
4.861    0.0990041
4.862    0.0989872
4.863    0.098971
4.864    0.0989553
4.865    0.0989402
4.866    0.0989257
4.867    0.0989118
4.868    0.0988985
4.869    0.0988857
4.87    0.0988735
4.871    0.0988619
4.872    0.0988509
4.873    0.0988405
4.874    0.0988307
4.875    0.0988215
4.876    0.0988128
4.877    0.0988048
4.878    0.0987973
4.879    0.0987904
4.88    0.0987842
4.881    0.0987785
4.882    0.0987734
4.883    0.098769
4.884    0.0987651
4.885    0.0987618
4.886    0.0987592
4.887    0.0987571
4.888    0.0987556
4.889    0.0987548
4.89    0.0987546
4.891    0.098755
4.892    0.098756
4.893    0.0987576
4.894    0.0987598
4.895    0.0987626
4.896    0.0987661
4.897    0.0987702
4.898    0.0987749
4.899    0.0987802
4.9    0.0987862
4.901    0.0987927
4.902    0.0987999
4.903    0.0988078
4.904    0.0988163
4.905    0.0988254
4.906    0.0988351
4.907    0.0988455
4.908    0.0988565
4.909    0.0988682
4.91    0.0988805
4.911    0.0988934
4.912    0.098907
4.913    0.0989213
4.914    0.0989362
4.915    0.0989517
4.916    0.0989679
4.917    0.0989848
4.918    0.0990023
4.919    0.0990205
4.92    0.0990393
4.921    0.0990589
4.922    0.099079
4.923    0.0990999
4.924    0.0991214
4.925    0.0991436
4.926    0.0991665
4.927    0.09919
4.928    0.0992142
4.929    0.0992392
4.93    0.0992647
4.931    0.099291
4.932    0.099318
4.933    0.0993457
4.934    0.099374
4.935    0.0994031
4.936    0.0994328
4.937    0.0994633
4.938    0.0994945
4.939    0.0995263
4.94    0.0995589
4.941    0.0995922
4.942    0.0996262
4.943    0.0996609
4.944    0.0996964
4.945    0.0997326
4.946    0.0997694
4.947    0.0998071
4.948    0.0998454
4.949    0.0998845
4.95    0.0999243
4.951    0.0999649
4.952    0.100006
4.953    0.100048
4.954    0.100091
4.955    0.100135
4.956    0.100179
4.957    0.100224
4.958    0.10027
4.959    0.100316
4.96    0.100364
4.961    0.100412
4.962    0.100461
4.963    0.10051
4.964    0.100561
4.965    0.100612
4.966    0.100664
4.967    0.100717
4.968    0.100771
4.969    0.100825
4.97    0.10088
4.971    0.100936
4.972    0.100993
4.973    0.101051
4.974    0.101109
4.975    0.101168
4.976    0.101229
4.977    0.101289
4.978    0.101351
4.979    0.101414
4.98    0.101477
4.981    0.101541
4.982    0.101607
4.983    0.101672
4.984    0.101739
4.985    0.101807
4.986    0.101875
4.987    0.101945
4.988    0.102015
4.989    0.102086
4.99    0.102158
4.991    0.102231
4.992    0.102305
4.993    0.10238
4.994    0.102455
4.995    0.102532
4.996    0.102609
4.997    0.102687
4.998    0.102766
4.999    0.102846
5    0.102927
5.001    0.103009
5.002    0.103092
5.003    0.103176
5.004    0.103261
5.005    0.103347
5.006    0.103433
5.007    0.103521
5.008    0.103609
5.009    0.103699
5.01    0.10379
5.011    0.103881
5.012    0.103973
5.013    0.104067
5.014    0.104161
5.015    0.104257
5.016    0.104353
5.017    0.104451
5.018    0.104549
5.019    0.104649
5.02    0.104749
5.021    0.104851
5.022    0.104953
5.023    0.105057
5.024    0.105162
5.025    0.105267
5.026    0.105374
5.027    0.105482
5.028    0.105591
5.029    0.105701
5.03    0.105812
5.031    0.105924
5.032    0.106038
5.033    0.106152
5.034    0.106268
5.035    0.106384
5.036    0.106502
5.037    0.106621
5.038    0.106741
5.039    0.106862
5.04    0.106984
5.041    0.107108
5.042    0.107232
5.043    0.107358
5.044    0.107485
5.045    0.107613
5.046    0.107743
5.047    0.107873
5.048    0.108005
5.049    0.108138
5.05    0.108272
5.051    0.108408
5.052    0.108544
5.053    0.108682
5.054    0.108822
5.055    0.108962
5.056    0.109104
5.057    0.109247
5.058    0.109391
5.059    0.109537
5.06    0.109684
5.061    0.109832
5.062    0.109981
5.063    0.110132
5.064    0.110284
5.065    0.110438
5.066    0.110593
5.067    0.110749
5.068    0.110907
5.069    0.111066
5.07    0.111226
5.071    0.111388
5.072    0.111551
5.073    0.111716
5.074    0.111882
5.075    0.112049
5.076    0.112218
5.077    0.112389
5.078    0.11256
5.079    0.112734
5.08    0.112909
5.081    0.113085
5.082    0.113263
5.083    0.113442
5.084    0.113623
5.085    0.113806
5.086    0.11399
5.087    0.114175
5.088    0.114362
5.089    0.114551
5.09    0.114741
5.091    0.114933
5.092    0.115127
5.093    0.115322
5.094    0.115519
5.095    0.115717
5.096    0.115917
5.097    0.116119
5.098    0.116323
5.099    0.116528
5.1    0.116735
5.101    0.116944
5.102    0.117154
5.103    0.117366
5.104    0.11758
5.105    0.117796
5.106    0.118013
5.107    0.118233
5.108    0.118454
5.109    0.118677
5.11    0.118902
5.111    0.119128
5.112    0.119357
5.113    0.119587
5.114    0.11982
5.115    0.120054
5.116    0.12029
5.117    0.120529
5.118    0.120769
5.119    0.121011
5.12    0.121255
5.121    0.121501
5.122    0.121749
5.123    0.122
5.124    0.122252
5.125    0.122506
5.126    0.122763
5.127    0.123021
5.128    0.123282
5.129    0.123545
5.13    0.12381
5.131    0.124077
5.132    0.124346
5.133    0.124618
5.134    0.124892
5.135    0.125168
5.136    0.125446
5.137    0.125727
5.138    0.12601
5.139    0.126295
5.14    0.126583
5.141    0.126873
5.142    0.127165
5.143    0.12746
5.144    0.127757
5.145    0.128057
5.146    0.128359
5.147    0.128663
5.148    0.128971
5.149    0.12928
5.15    0.129592
5.151    0.129907
5.152    0.130225
5.153    0.130545
5.154    0.130867
5.155    0.131193
5.156    0.13152
5.157    0.131851
5.158    0.132185
5.159    0.132521
5.16    0.13286
5.161    0.133202
5.162    0.133546
5.163    0.133894
5.164    0.134244
5.165    0.134597
5.166    0.134953
5.167    0.135313
5.168    0.135675
5.169    0.13604
5.17    0.136408
5.171    0.136779
5.172    0.137154
5.173    0.137531
5.174    0.137912
5.175    0.138295
5.176    0.138682
5.177    0.139073
5.178    0.139466
5.179    0.139863
5.18    0.140263
5.181    0.140667
5.182    0.141074
5.183    0.141484
5.184    0.141898
5.185    0.142315
5.186    0.142736
5.187    0.14316
5.188    0.143588
5.189    0.14402
5.19    0.144455
5.191    0.144894
5.192    0.145337
5.193    0.145783
5.194    0.146234
5.195    0.146688
5.196    0.147146
5.197    0.147608
5.198    0.148074
5.199    0.148543
5.2    0.149017
5.201    0.149495
5.202    0.149977
5.203    0.150464
5.204    0.150954
5.205    0.151449
5.206    0.151948
5.207    0.152451
5.208    0.152958
5.209    0.153471
5.21    0.153987
5.211    0.154508
5.212    0.155034
5.213    0.155564
5.214    0.156099
5.215    0.156638
5.216    0.157182
5.217    0.157731
5.218    0.158285
5.219    0.158844
5.22    0.159407
5.221    0.159976
5.222    0.16055
5.223    0.161129
5.224    0.161713
5.225    0.162302
5.226    0.162896
5.227    0.163496
5.228    0.164101
5.229    0.164712
5.23    0.165328
5.231    0.165949
5.232    0.166576
5.233    0.167209
5.234    0.167848
5.235    0.168492
5.236    0.169142
5.237    0.169799
5.238    0.170461
5.239    0.171129
5.24    0.171803
5.241    0.172484
5.242    0.17317
5.243    0.173864
5.244    0.174563
5.245    0.175269
5.246    0.175982
5.247    0.176701
5.248    0.177426
5.249    0.178159
5.25    0.178899
5.251    0.179645
5.252    0.180398
5.253    0.181159
5.254    0.181926
5.255    0.182701
5.256    0.183483
5.257    0.184273
5.258    0.18507
5.259    0.185875
5.26    0.186687
5.261    0.187508
5.262    0.188336
5.263    0.189172
5.264    0.190016
5.265    0.190868
5.266    0.191729
5.267    0.192598
5.268    0.193475
5.269    0.194361
5.27    0.195255
5.271    0.196159
5.272    0.197071
5.273    0.197992
5.274    0.198922
5.275    0.199862
5.276    0.200811
5.277    0.201769
5.278    0.202737
5.279    0.203714
5.28    0.204702
5.281    0.205699
5.282    0.206706
5.283    0.207724
5.284    0.208751
5.285    0.20979
5.286    0.210838
5.287    0.211898
5.288    0.212968
5.289    0.214049
5.29    0.215142
5.291    0.216246
5.292    0.217361
5.293    0.218488
5.294    0.219626
5.295    0.220776
5.296    0.221939
5.297    0.223113
5.298    0.2243
5.299    0.2255
5.3    0.226712
5.301    0.227937
5.302    0.229175
5.303    0.230426
5.304    0.231691
5.305    0.232969
5.306    0.234261
5.307    0.235567
5.308    0.236888
5.309    0.238222
5.31    0.239571
5.311    0.240935
5.312    0.242314
5.313    0.243708
5.314    0.245117
5.315    0.246542
5.316    0.247983
5.317    0.24944
5.318    0.250913
5.319    0.252403
5.32    0.253909
5.321    0.255433
5.322    0.256973
5.323    0.258531
5.324    0.260107
5.325    0.261701
5.326    0.263314
5.327    0.264945
5.328    0.266594
5.329    0.268263
5.33    0.269951
5.331    0.271659
5.332    0.273387
5.333    0.275135
5.334    0.276904
5.335    0.278694
5.336    0.280504
5.337    0.282337
5.338    0.284191
5.339    0.286068
5.34    0.287967
5.341    0.289889
5.342    0.291835
5.343    0.293804
5.344    0.295797
5.345    0.297815
5.346    0.299857
5.347    0.301925
5.348    0.304018
5.349    0.306138
5.35    0.308284
5.351    0.310456
5.352    0.312656
5.353    0.314884
5.354    0.31714
5.355    0.319425
5.356    0.321739
5.357    0.324082
5.358    0.326456
5.359    0.328861
5.36    0.331296
5.361    0.333764
5.362    0.336263
5.363    0.338796
5.364    0.341361
5.365    0.343961
5.366    0.346596
5.367    0.349265
5.368    0.35197
5.369    0.354712
5.37    0.35749
5.371    0.360307
5.372    0.363161
5.373    0.366055
5.374    0.368989
5.375    0.371963
5.376    0.374978
5.377    0.378035
5.378    0.381135
5.379    0.384278
5.38    0.387465
5.381    0.390698
5.382    0.393977
5.383    0.397302
5.384    0.400675
5.385    0.404097
5.386    0.407568
5.387    0.41109
5.388    0.414663
5.389    0.418289
5.39    0.421968
5.391    0.425701
5.392    0.42949
5.393    0.433336
5.394    0.437239
5.395    0.441202
5.396    0.445224
5.397    0.449308
5.398    0.453454
5.399    0.457663
5.4    0.461938
5.401    0.466279
5.402    0.470688
5.403    0.475166
5.404    0.479714
5.405    0.484335
5.406    0.489029
5.407    0.493798
5.408    0.498644
5.409    0.503568
5.41    0.508572
5.411    0.513657
5.412    0.518826
5.413    0.52408
5.414    0.529421
5.415    0.534852
5.416    0.540373
5.417    0.545987
5.418    0.551696
5.419    0.557502
5.42    0.563408
5.421    0.569415
5.422    0.575526
5.423    0.581743
5.424    0.588069
5.425    0.594507
5.426    0.601058
5.427    0.607725
5.428    0.614512
5.429    0.621421
5.43    0.628454
5.431    0.635616
5.432    0.642908
5.433    0.650335
5.434    0.657899
5.435    0.665604
5.436    0.673453
5.437    0.68145
5.438    0.689599
5.439    0.697903
5.44    0.706366
5.441    0.714992
5.442    0.723786
5.443    0.732752
5.444    0.741894
5.445    0.751216
5.446    0.760724
5.447    0.770423
5.448    0.780316
5.449    0.790411
5.45    0.800711
5.451    0.811223
5.452    0.821953
5.453    0.832906
5.454    0.844088
5.455    0.855505
5.456    0.867166
5.457    0.879075
5.458    0.891241
5.459    0.90367
5.46    0.91637
5.461    0.929349
5.462    0.942615
5.463    0.956176
5.464    0.970041
5.465    0.984219
5.466    0.99872
5.467    1.01355
5.468    1.02873
5.469    1.04426
5.47    1.06015
5.471    1.07641
5.472    1.09306
5.473    1.11011
5.474    1.12757
5.475    1.14546
5.476    1.16378
5.477    1.18255
5.478    1.2018
5.479    1.22152
5.48    1.24174
5.481    1.26247
5.482    1.28374
5.483    1.30555
5.484    1.32793
5.485    1.35091
5.486    1.37448
5.487    1.39869
5.488    1.42355
5.489    1.44908
5.49    1.47531
5.491    1.50226
5.492    1.52997
5.493    1.55845
5.494    1.58773
5.495    1.61785
5.496    1.64884
5.497    1.68073
5.498    1.71355
5.499    1.74734
5.5    1.78213
5.501    1.81797
5.502    1.8549
5.503    1.89296
5.504    1.9322
5.505    1.97266
5.506    2.01439
5.507    2.05744
5.508    2.10188
5.509    2.14775
5.51    2.19512
5.511    2.24405
5.512    2.29461
5.513    2.34686
5.514    2.40089
5.515    2.45677
5.516    2.51459
5.517    2.57442
5.518    2.63636
5.519    2.7005
5.52    2.76695
5.521    2.83582
5.522    2.90721
5.523    2.98125
5.524    3.05805
5.525    3.13776
5.526    3.22051
5.527    3.30645
5.528    3.39573
5.529    3.48853
5.53    3.58501
5.531    3.68537
5.532    3.78979
5.533    3.89849
5.534    4.01167
5.535    4.12959
5.536    4.25247
5.537    4.38058
5.538    4.51419
5.539    4.6536
5.54    4.79911
5.541    4.95104
5.542    5.10975
5.543    5.27559
5.544    5.44895
5.545    5.63023
5.546    5.81987
5.547    6.0183
5.548    6.22601
5.549    6.44349
5.55    6.67126
5.551    6.90987
5.552    7.15989
5.553    7.42192
5.554    7.69657
5.555    7.98447
5.556    8.28629
5.557    8.60269
5.558    8.93435
5.559    9.28196
5.56    9.64621
5.561    10.0278
5.562    10.4272
5.563    10.8453
5.564    11.2825
5.565    11.7392
5.566    12.216
5.567    12.713
5.568    13.2303
5.569    13.768
5.57    14.3255
5.571    14.9025
5.572    15.4978
5.573    16.1103
5.574    16.7381
5.575    17.3791
5.576    18.0304
5.577    18.6888
5.578    19.3501
5.579    20.0097
5.58    20.6624
5.581    21.3021
5.582    21.9224
5.583    22.5163
5.584    23.0764
5.585    23.5952
5.586    24.065
5.587    24.4786
5.588    24.8292
5.589    25.1108
5.59    25.3181
5.591    25.4476
5.592    25.4965
5.593    25.4642
5.594    25.3511
5.595    25.1594
5.596    24.8927
5.597    24.5558
5.598    24.1546
5.599    23.6957
5.6    23.1863
5.601    22.6341
5.602    22.0465
5.603    21.4309
5.604    20.7946
5.605    20.144
5.606    19.4853
5.607    18.8239
5.608    18.1645
5.609    17.5114
5.61    16.868
5.611    16.2372
5.612    15.6214
5.613    15.0223
5.614    14.4415
5.615    13.8798
5.616    13.338
5.617    12.8164
5.618    12.3152
5.619    11.8342
5.62    11.3733
5.621    10.9321
5.622    10.5101
5.623    10.1068
5.624    9.7216
5.625    9.3538
5.626    9.00278
5.627    8.66784
5.628    8.3483
5.629    8.04349
5.63    7.75273
5.631    7.47536
5.632    7.21073
5.633    6.95824
5.634    6.71728
5.635    6.48727
5.636    6.26767
5.637    6.05794
5.638    5.85759
5.639    5.66614
5.64    5.48312
5.641    5.30812
5.642    5.14071
5.643    4.98051
5.644    4.82716
5.645    4.68031
5.646    4.53962
5.647    4.40479
5.648    4.27552
5.649    4.15153
5.65    4.03257
5.651    3.91838
5.652    3.80872
5.653    3.70339
5.654    3.60216
5.655    3.50485
5.656    3.41126
5.657    3.32121
5.658    3.23454
5.659    3.1511
5.66    3.07073
5.661    2.99328
5.662    2.91864
5.663    2.84666
5.664    2.77724
5.665    2.71025
5.666    2.64558
5.667    2.58315
5.668    2.52284
5.669    2.46457
5.67    2.40824
5.671    2.35379
5.672    2.30112
5.673    2.25017
5.674    2.20086
5.675    2.15312
5.676    2.10689
5.677    2.06212
5.678    2.01873
5.679    1.97668
5.68    1.93591
5.681    1.89638
5.682    1.85803
5.683    1.82082
5.684    1.78471
5.685    1.74965
5.686    1.7156
5.687    1.68253
5.688    1.65041
5.689    1.61919
5.69    1.58884
5.691    1.55933
5.692    1.53064
5.693    1.50273
5.694    1.47557
5.695    1.44914
5.696    1.42341
5.697    1.39837
5.698    1.37398
5.699    1.35022
5.7    1.32707
5.701    1.30452
5.702    1.28254
5.703    1.26111
5.704    1.24021
5.705    1.21984
5.706    1.19996
5.707    1.18057
5.708    1.16165
5.709    1.14319
5.71    1.12516
5.711    1.10756
5.712    1.09037
5.713    1.07359
5.714    1.05719
5.715    1.04118
5.716    1.02552
5.717    1.01022
5.718    0.995269
5.719    0.980649
5.72    0.966353
5.721    0.952372
5.722    0.938696
5.723    0.925318
5.724    0.912229
5.725    0.899419
5.726    0.886883
5.727    0.874611
5.728    0.862598
5.729    0.850834
5.73    0.839315
5.731    0.828032
5.732    0.81698
5.733    0.806153
5.734    0.795544
5.735    0.785148
5.736    0.774959
5.737    0.764972
5.738    0.755181
5.739    0.745582
5.74    0.736169
5.741    0.726938
5.742    0.717884
5.743    0.709002
5.744    0.700289
5.745    0.69174
5.746    0.683351
5.747    0.675118
5.748    0.667037
5.749    0.659105
5.75    0.651318
5.751    0.643672
5.752    0.636165
5.753    0.628792
5.754    0.62155
5.755    0.614438
5.756    0.607451
5.757    0.600586
5.758    0.593841
5.759    0.587213
5.76    0.5807
5.761    0.574298
5.762    0.568005
5.763    0.56182
5.764    0.555738
5.765    0.549759
5.766    0.543879
5.767    0.538097
5.768    0.53241
5.769    0.526816
5.77    0.521314
5.771    0.515902
5.772    0.510576
5.773    0.505336
5.774    0.50018
5.775    0.495106
5.776    0.490113
5.777    0.485197
5.778    0.480359
5.779    0.475596
5.78    0.470907
5.781    0.46629
5.782    0.461744
5.783    0.457268
5.784    0.452859
5.785    0.448517
5.786    0.44424
5.787    0.440027
5.788    0.435877
5.789    0.431788
5.79    0.42776
5.791    0.423791
5.792    0.419879
5.793    0.416025
5.794    0.412226
5.795    0.408481
5.796    0.404791
5.797    0.401153
5.798    0.397566
5.799    0.394031
5.8    0.390545
5.801    0.387107
5.802    0.383718
5.803    0.380375
5.804    0.377079
5.805    0.373828
5.806    0.370621
5.807    0.367458
5.808    0.364337
5.809    0.361259
5.81    0.358222
5.811    0.355226
5.812    0.352269
5.813    0.349352
5.814    0.346473
5.815    0.343632
5.816    0.340828
5.817    0.338061
5.818    0.335329
5.819    0.332633
5.82    0.329971
5.821    0.327343
5.822    0.324749
5.823    0.322188
5.824    0.319659
5.825    0.317162
5.826    0.314696
5.827    0.312261
5.828    0.309856
5.829    0.30748
5.83    0.305134
5.831    0.302817
5.832    0.300528
5.833    0.298267
5.834    0.296033
5.835    0.293827
5.836    0.291646
5.837    0.289492
5.838    0.287364
5.839    0.285261
5.84    0.283182
5.841    0.281128
5.842    0.279098
5.843    0.277092
5.844    0.27511
5.845    0.27315
5.846    0.271213
5.847    0.269298
5.848    0.267405
5.849    0.265533
5.85    0.263683
5.851    0.261854
5.852    0.260046
5.853    0.258257
5.854    0.256489
5.855    0.254741
5.856    0.253012
5.857    0.251302
5.858    0.249611
5.859    0.247938
5.86    0.246284
5.861    0.244648
5.862    0.24303
5.863    0.241429
5.864    0.239845
5.865    0.238279
5.866    0.236729
5.867    0.235195
5.868    0.233678
5.869    0.232177
5.87    0.230692
5.871    0.229223
5.872    0.227769
5.873    0.22633
5.874    0.224906
5.875    0.223496
5.876    0.222102
5.877    0.220721
5.878    0.219355
5.879    0.218003
5.88    0.216664
5.881    0.21534
5.882    0.214028
5.883    0.21273
5.884    0.211445
5.885    0.210172
5.886    0.208912
5.887    0.207665
5.888    0.20643
5.889    0.205208
5.89    0.203997
5.891    0.202798
5.892    0.201611
5.893    0.200436
5.894    0.199272
5.895    0.198119
5.896    0.196977
5.897    0.195846
5.898    0.194726
5.899    0.193617
5.9    0.192518
5.901    0.19143
5.902    0.190352
5.903    0.189284
5.904    0.188226
5.905    0.187179
5.906    0.18614
5.907    0.185112
5.908    0.184093
5.909    0.183083
5.91    0.182083
5.911    0.181092
5.912    0.18011
5.913    0.179137
5.914    0.178173
5.915    0.177217
5.916    0.17627
5.917    0.175332
5.918    0.174402
5.919    0.173481
5.92    0.172567
5.921    0.171662
5.922    0.170765
5.923    0.169876
5.924    0.168994
5.925    0.16812
5.926    0.167254
5.927    0.166396
5.928    0.165545
5.929    0.164701
5.93    0.163865
5.931    0.163036
5.932    0.162214
5.933    0.161399
5.934    0.160591
5.935    0.15979
5.936    0.158995
5.937    0.158208
5.938    0.157427
5.939    0.156653
5.94    0.155885
5.941    0.155123
5.942    0.154368
5.943    0.153619
5.944    0.152877
5.945    0.15214
5.946    0.15141
5.947    0.150686
5.948    0.149967
5.949    0.149255
5.95    0.148548
5.951    0.147847
5.952    0.147152
5.953    0.146462
5.954    0.145778
5.955    0.145099
5.956    0.144426
5.957    0.143758
5.958    0.143096
5.959    0.142439
5.96    0.141787
5.961    0.14114
5.962    0.140498
5.963    0.139861
5.964    0.13923
5.965    0.138603
5.966    0.137981
5.967    0.137364
5.968    0.136752
5.969    0.136144
5.97    0.135541
5.971    0.134943
5.972    0.134349
5.973    0.13376
5.974    0.133176
5.975    0.132595
5.976    0.13202
5.977    0.131448
5.978    0.130881
5.979    0.130318
5.98    0.129759
5.981    0.129205
5.982    0.128655
5.983    0.128108
5.984    0.127566
5.985    0.127028
5.986    0.126494
5.987    0.125964
5.988    0.125437
5.989    0.124915
5.99    0.124396
5.991    0.123881
5.992    0.12337
5.993    0.122862
5.994    0.122358
5.995    0.121858
5.996    0.121362
5.997    0.120869
5.998    0.120379
5.999    0.119893
6    0.11941
6.001    0.118931
6.002    0.118456
6.003    0.117983
6.004    0.117514
6.005    0.117048
6.006    0.116586
6.007    0.116127
6.008    0.11567
6.009    0.115218
6.01    0.114768
6.011    0.114321
6.012    0.113878
6.013    0.113437
6.014    0.113
6.015    0.112565
6.016    0.112134
6.017    0.111705
6.018    0.111279
6.019    0.110856
6.02    0.110436
6.021    0.110019
6.022    0.109605
6.023    0.109194
6.024    0.108785
6.025    0.108379
6.026    0.107975
6.027    0.107575
6.028    0.107177
6.029    0.106781
6.03    0.106389
6.031    0.105999
6.032    0.105611
6.033    0.105226
6.034    0.104843
6.035    0.104463
6.036    0.104086
6.037    0.103711
6.038    0.103338
6.039    0.102968
6.04    0.1026
6.041    0.102234
6.042    0.101871
6.043    0.10151
6.044    0.101152
6.045    0.100795
6.046    0.100441
6.047    0.100089
6.048    0.0997399
6.049    0.0993925
6.05    0.0990473
6.051    0.0987043
6.052    0.0983635
6.053    0.0980247
6.054    0.0976881
6.055    0.0973536
6.056    0.0970212
6.057    0.0966908
6.058    0.0963624
6.059    0.0960361
6.06    0.0957118
6.061    0.0953895
6.062    0.0950691
6.063    0.0947507
6.064    0.0944342
6.065    0.0941197
6.066    0.0938071
6.067    0.0934963
6.068    0.0931875
6.069    0.0928804
6.07    0.0925753
6.071    0.092272
6.072    0.0919704
6.073    0.0916707
6.074    0.0913728
6.075    0.0910766
6.076    0.0907822
6.077    0.0904896
6.078    0.0901986
6.079    0.0899094
6.08    0.0896219
6.081    0.089336
6.082    0.0890519
6.083    0.0887694
6.084    0.0884885
6.085    0.0882093
6.086    0.0879316
6.087    0.0876556
6.088    0.0873812
6.089    0.0871084
6.09    0.0868371
6.091    0.0865674
6.092    0.0862993
6.093    0.0860326
6.094    0.0857675
6.095    0.0855039
6.096    0.0852418
6.097    0.0849812
6.098    0.084722
6.099    0.0844643
6.1    0.0842081
6.101    0.0839533
6.102    0.0836999
6.103    0.0834479
6.104    0.0831974
6.105    0.0829482
6.106    0.0827004
6.107    0.082454
6.108    0.0822089
6.109    0.0819653
6.11    0.0817229
6.111    0.0814819
6.112    0.0812422
6.113    0.0810038
6.114    0.0807667
6.115    0.0805309
6.116    0.0802964
6.117    0.0800632
6.118    0.0798312
6.119    0.0796005
6.12    0.079371
6.121    0.0791427
6.122    0.0789157
6.123    0.0786899
6.124    0.0784653
6.125    0.0782419
6.126    0.0780197
6.127    0.0777987
6.128    0.0775788
6.129    0.0773601
6.13    0.0771426
6.131    0.0769262
6.132    0.0767109
6.133    0.0764968
6.134    0.0762838
6.135    0.0760719
6.136    0.0758611
6.137    0.0756515
6.138    0.0754429
6.139    0.0752354
6.14    0.0750289
6.141    0.0748235
6.142    0.0746192
6.143    0.074416
6.144    0.0742137
6.145    0.0740126
6.146    0.0738124
6.147    0.0736133
6.148    0.0734151
6.149    0.073218
6.15    0.0730219
6.151    0.0728268
6.152    0.0726326
6.153    0.0724395
6.154    0.0722473
6.155    0.0720561
6.156    0.0718658
6.157    0.0716765
6.158    0.0714881
6.159    0.0713007
6.16    0.0711142
6.161    0.0709287
6.162    0.070744
6.163    0.0705603
6.164    0.0703774
6.165    0.0701955
6.166    0.0700145
6.167    0.0698343
6.168    0.0696551
6.169    0.0694767
6.17    0.0692991
6.171    0.0691225
6.172    0.0689467
6.173    0.0687717
6.174    0.0685976
6.175    0.0684244
6.176    0.068252
6.177    0.0680804
6.178    0.0679096
6.179    0.0677396
6.18    0.0675705
6.181    0.0674022
6.182    0.0672346
6.183    0.0670679
6.184    0.066902
6.185    0.0667368
6.186    0.0665724
6.187    0.0664088
6.188    0.066246
6.189    0.066084
6.19    0.0659227
6.191    0.0657621
6.192    0.0656023
6.193    0.0654433
6.194    0.065285
6.195    0.0651274
6.196    0.0649705
6.197    0.0648144
6.198    0.064659
6.199    0.0645044
6.2    0.0643504
6.201    0.0641972
6.202    0.0640446
6.203    0.0638927
6.204    0.0637416
6.205    0.0635911
6.206    0.0634413
6.207    0.0632922
6.208    0.0631438
6.209    0.0629961
6.21    0.062849
6.211    0.0627026
6.212    0.0625568
6.213    0.0624117
6.214    0.0622672
6.215    0.0621234
6.216    0.0619803
6.217    0.0618378
6.218    0.0616959
6.219    0.0615546
6.22    0.061414
6.221    0.061274
6.222    0.0611346
6.223    0.0609958
6.224    0.0608577
6.225    0.0607201
6.226    0.0605832
6.227    0.0604468
6.228    0.0603111
6.229    0.0601759
6.23    0.0600413
6.231    0.0599074
6.232    0.059774
6.233    0.0596411
6.234    0.0595089
6.235    0.0593772
6.236    0.0592461
6.237    0.0591156
6.238    0.0589856
6.239    0.0588562
6.24    0.0587273
6.241    0.058599
6.242    0.0584712
6.243    0.058344
6.244    0.0582173
6.245    0.0580912
6.246    0.0579655
6.247    0.0578405
6.248    0.0577159
6.249    0.0575919
6.25    0.0574684
6.251    0.0573454
6.252    0.0572229
6.253    0.057101
6.254    0.0569795
6.255    0.0568586
6.256    0.0567382
6.257    0.0566182
6.258    0.0564988
6.259    0.0563798
6.26    0.0562614
6.261    0.0561434
6.262    0.056026
6.263    0.055909
6.264    0.0557925
6.265    0.0556764
6.266    0.0555609
6.267    0.0554458
6.268    0.0553312
6.269    0.055217
6.27    0.0551033
6.271    0.0549901
6.272    0.0548773
6.273    0.054765
6.274    0.0546532
6.275    0.0545418
6.276    0.0544308
6.277    0.0543203
6.278    0.0542103
6.279    0.0541006
6.28    0.0539914
6.281    0.0538827
6.282    0.0537744
6.283    0.0536665
6.284    0.053559
6.285    0.053452
6.286    0.0533454
6.287    0.0532392
6.288    0.0531334
6.289    0.0530281
6.29    0.0529231
6.291    0.0528186
6.292    0.0527145
6.293    0.0526108
6.294    0.0525075
6.295    0.0524046
6.296    0.0523021
6.297    0.0522
6.298    0.0520983
6.299    0.051997
6.3    0.051896
6.301    0.0517955
6.302    0.0516954
6.303    0.0515956
6.304    0.0514962
6.305    0.0513972
6.306    0.0512986
6.307    0.0512004
6.308    0.0511025
6.309    0.051005
6.31    0.0509079
6.311    0.0508112
6.312    0.0507148
6.313    0.0506188
6.314    0.0505231
6.315    0.0504278
6.316    0.0503329
6.317    0.0502383
6.318    0.0501441
6.319    0.0500502
6.32    0.0499567
6.321    0.0498635
6.322    0.0497707
6.323    0.0496782
6.324    0.0495861
6.325    0.0494943
6.326    0.0494028
6.327    0.0493117
6.328    0.0492209
6.329    0.0491305
6.33    0.0490404
6.331    0.0489506
6.332    0.0488612
6.333    0.048772
6.334    0.0486832
6.335    0.0485948
6.336    0.0485066
6.337    0.0484188
6.338    0.0483313
6.339    0.0482441
6.34    0.0481572
6.341    0.0480707
6.342    0.0479844
6.343    0.0478985
6.344    0.0478129
6.345    0.0477276
6.346    0.0476425
6.347    0.0475578
6.348    0.0474734
6.349    0.0473893
6.35    0.0473055
6.351    0.047222
6.352    0.0471388
6.353    0.0470559
6.354    0.0469733
6.355    0.046891
6.356    0.0468089
6.357    0.0467272
6.358    0.0466457
6.359    0.0465646
6.36    0.0464837
6.361    0.0464031
6.362    0.0463228
6.363    0.0462427
6.364    0.046163
6.365    0.0460835
6.366    0.0460043
6.367    0.0459254
6.368    0.0458467
6.369    0.0457683
6.37    0.0456902
6.371    0.0456124
6.372    0.0455348
6.373    0.0454575
6.374    0.0453805
6.375    0.0453037
6.376    0.0452272
6.377    0.0451509
6.378    0.0450749
6.379    0.0449992
6.38    0.0449237
6.381    0.0448485
6.382    0.0447736
6.383    0.0446989
6.384    0.0446244
6.385    0.0445502
6.386    0.0444763
6.387    0.0444026
6.388    0.0443291
6.389    0.0442559
6.39    0.0441829
6.391    0.0441102
6.392    0.0440377
6.393    0.0439655
6.394    0.0438935
6.395    0.0438218
6.396    0.0437503
6.397    0.043679
6.398    0.0436079
6.399    0.0435371
6.4    0.0434666
6.401    0.0433962
6.402    0.0433261
6.403    0.0432563
6.404    0.0431866
6.405    0.0431172
6.406    0.043048
6.407    0.0429791
6.408    0.0429103
6.409    0.0428418
6.41    0.0427735
6.411    0.0427054
6.412    0.0426376
6.413    0.04257
6.414    0.0425026
6.415    0.0424354
6.416    0.0423684
6.417    0.0423017
6.418    0.0422351
6.419    0.0421688
6.42    0.0421027
6.421    0.0420368
6.422    0.0419711
6.423    0.0419056
6.424    0.0418403
6.425    0.0417753
6.426    0.0417104
6.427    0.0416457
6.428    0.0415813
6.429    0.0415171
6.43    0.041453
6.431    0.0413892
6.432    0.0413255
6.433    0.0412621
6.434    0.0411989
6.435    0.0411358
6.436    0.041073
6.437    0.0410103
6.438    0.0409479
6.439    0.0408856
6.44    0.0408236
6.441    0.0407617
6.442    0.0407001
6.443    0.0406386
6.444    0.0405773
6.445    0.0405162
6.446    0.0404553
6.447    0.0403945
6.448    0.040334
6.449    0.0402737
6.45    0.0402135
6.451    0.0401535
6.452    0.0400937
6.453    0.0400341
6.454    0.0399747
6.455    0.0399154
6.456    0.0398563
6.457    0.0397975
6.458    0.0397387
6.459    0.0396802
6.46    0.0396219
6.461    0.0395637
6.462    0.0395057
6.463    0.0394479
6.464    0.0393902
6.465    0.0393327
6.466    0.0392754
6.467    0.0392183
6.468    0.0391613
6.469    0.0391045
6.47    0.0390479
6.471    0.0389914
6.472    0.0389352
6.473    0.038879
6.474    0.0388231
6.475    0.0387673
6.476    0.0387117
6.477    0.0386562
6.478    0.0386009
6.479    0.0385458
6.48    0.0384908
6.481    0.038436
6.482    0.0383814
6.483    0.0383269
6.484    0.0382726
6.485    0.0382184
6.486    0.0381644
6.487    0.0381105
6.488    0.0380569
6.489    0.0380033
6.49    0.0379499
6.491    0.0378967
6.492    0.0378436
6.493    0.0377907
6.494    0.037738
6.495    0.0376853
6.496    0.0376329
6.497    0.0375806
6.498    0.0375284
6.499    0.0374764
6.5    0.0374245
6.501    0.0373728
6.502    0.0373213
6.503    0.0372699
6.504    0.0372186
6.505    0.0371675
6.506    0.0371165
6.507    0.0370657
6.508    0.037015
6.509    0.0369644
6.51    0.036914
6.511    0.0368638
6.512    0.0368136
6.513    0.0367637
6.514    0.0367138
6.515    0.0366641
6.516    0.0366146
6.517    0.0365651
6.518    0.0365159
6.519    0.0364667
6.52    0.0364177
6.521    0.0363688
6.522    0.0363201
6.523    0.0362715
6.524    0.0362231
6.525    0.0361747
6.526    0.0361265
6.527    0.0360785
6.528    0.0360305
6.529    0.0359827
6.53    0.0359351
6.531    0.0358875
6.532    0.0358401
6.533    0.0357929
6.534    0.0357457
6.535    0.0356987
6.536    0.0356518
6.537    0.0356051
6.538    0.0355584
6.539    0.0355119
6.54    0.0354656
6.541    0.0354193
6.542    0.0353732
6.543    0.0353272
6.544    0.0352813
6.545    0.0352355
6.546    0.0351899
6.547    0.0351444
6.548    0.035099
6.549    0.0350538
6.55    0.0350086
6.551    0.0349636
6.552    0.0349187
6.553    0.0348739
6.554    0.0348293
6.555    0.0347847
6.556    0.0347403
6.557    0.034696
6.558    0.0346518
6.559    0.0346077
6.56    0.0345638
6.561    0.03452
6.562    0.0344762
6.563    0.0344326
6.564    0.0343891
6.565    0.0343458
6.566    0.0343025
6.567    0.0342594
6.568    0.0342163
6.569    0.0341734
6.57    0.0341306
6.571    0.0340879
6.572    0.0340453
6.573    0.0340028
6.574    0.0339605
6.575    0.0339182
6.576    0.0338761
6.577    0.033834
6.578    0.0337921
6.579    0.0337503
6.58    0.0337086
6.581    0.033667
6.582    0.0336255
6.583    0.0335841
6.584    0.0335428
6.585    0.0335016
6.586    0.0334605
6.587    0.0334196
6.588    0.0333787
6.589    0.0333379
6.59    0.0332973
6.591    0.0332567
6.592    0.0332163
6.593    0.0331759
6.594    0.0331357
6.595    0.0330956
6.596    0.0330555
6.597    0.0330156
6.598    0.0329757
6.599    0.032936
6.6    0.0328964
6.601    0.0328568
6.602    0.0328174
6.603    0.0327781
6.604    0.0327388
6.605    0.0326997
6.606    0.0326606
6.607    0.0326217
6.608    0.0325828
6.609    0.0325441
6.61    0.0325054
6.611    0.0324669
6.612    0.0324284
6.613    0.03239
6.614    0.0323517
6.615    0.0323136
6.616    0.0322755
6.617    0.0322375
6.618    0.0321996
6.619    0.0321618
6.62    0.0321241
6.621    0.0320864
6.622    0.0320489
6.623    0.0320115
6.624    0.0319741
6.625    0.0319369
6.626    0.0318997
6.627    0.0318626
6.628    0.0318257
6.629    0.0317888
6.63    0.031752
6.631    0.0317153
6.632    0.0316786
6.633    0.0316421
6.634    0.0316056
6.635    0.0315693
6.636    0.031533
6.637    0.0314968
6.638    0.0314607
6.639    0.0314247
6.64    0.0313888
6.641    0.0313529
6.642    0.0313172
6.643    0.0312815
6.644    0.0312459
6.645    0.0312104
6.646    0.031175
6.647    0.0311397
6.648    0.0311044
6.649    0.0310693
6.65    0.0310342
6.651    0.0309992
6.652    0.0309643
6.653    0.0309295
6.654    0.0308947
6.655    0.03086
6.656    0.0308255
6.657    0.030791
6.658    0.0307565
6.659    0.0307222
6.66    0.0306879
6.661    0.0306537
6.662    0.0306196
6.663    0.0305856
6.664    0.0305517
6.665    0.0305178
6.666    0.030484
6.667    0.0304503
6.668    0.0304167
6.669    0.0303831
6.67    0.0303497
6.671    0.0303163
6.672    0.0302829
6.673    0.0302497
6.674    0.0302165
6.675    0.0301834
6.676    0.0301504
6.677    0.0301175
6.678    0.0300846
6.679    0.0300518
6.68    0.0300191
6.681    0.0299865
6.682    0.0299539
6.683    0.0299214
6.684    0.029889
6.685    0.0298567
6.686    0.0298244
6.687    0.0297922
6.688    0.0297601
6.689    0.029728
6.69    0.029696
6.691    0.0296641
6.692    0.0296323
6.693    0.0296005
6.694    0.0295688
6.695    0.0295372
6.696    0.0295057
6.697    0.0294742
6.698    0.0294428
6.699    0.0294115
6.7    0.0293802
6.701    0.029349
6.702    0.0293179
6.703    0.0292868
6.704    0.0292558
6.705    0.0292249
6.706    0.029194
6.707    0.0291633
6.708    0.0291325
6.709    0.0291019
6.71    0.0290713
6.711    0.0290408
6.712    0.0290103
6.713    0.02898
6.714    0.0289497
6.715    0.0289194
6.716    0.0288892
6.717    0.0288591
6.718    0.0288291
6.719    0.0287991
6.72    0.0287692
6.721    0.0287393
6.722    0.0287095
6.723    0.0286798
6.724    0.0286502
6.725    0.0286206
6.726    0.028591
6.727    0.0285616
6.728    0.0285322
6.729    0.0285028
6.73    0.0284736
6.731    0.0284444
6.732    0.0284152
6.733    0.0283861
6.734    0.0283571
6.735    0.0283281
6.736    0.0282992
6.737    0.0282704
6.738    0.0282416
6.739    0.0282129
6.74    0.0281843
6.741    0.0281557
6.742    0.0281271
6.743    0.0280987
6.744    0.0280703
6.745    0.0280419
6.746    0.0280136
6.747    0.0279854
6.748    0.0279572
6.749    0.0279291
6.75    0.0279011
6.751    0.0278731
6.752    0.0278451
6.753    0.0278173
6.754    0.0277895
6.755    0.0277617
6.756    0.027734
6.757    0.0277064
6.758    0.0276788
6.759    0.0276513
6.76    0.0276238
6.761    0.0275964
6.762    0.027569
6.763    0.0275417
6.764    0.0275145
6.765    0.0274873
6.766    0.0274602
6.767    0.0274331
6.768    0.0274061
6.769    0.0273791
6.77    0.0273522
6.771    0.0273254
6.772    0.0272986
6.773    0.0272719
6.774    0.0272452
6.775    0.0272186
6.776    0.027192
6.777    0.0271655
6.778    0.027139
6.779    0.0271126
6.78    0.0270862
6.781    0.0270599
6.782    0.0270337
6.783    0.0270075
6.784    0.0269814
6.785    0.0269553
6.786    0.0269292
6.787    0.0269033
6.788    0.0268773
6.789    0.0268514
6.79    0.0268256
6.791    0.0267999
6.792    0.0267741
6.793    0.0267485
6.794    0.0267228
6.795    0.0266973
6.796    0.0266718
6.797    0.0266463
6.798    0.0266209
6.799    0.0265955
6.8    0.0265702
6.801    0.026545
6.802    0.0265197
6.803    0.0264946
6.804    0.0264695
6.805    0.0264444
6.806    0.0264194
6.807    0.0263944
6.808    0.0263695
6.809    0.0263447
6.81    0.0263199
6.811    0.0262951
6.812    0.0262704
6.813    0.0262457
6.814    0.0262211
6.815    0.0261965
6.816    0.026172
6.817    0.0261475
6.818    0.0261231
6.819    0.0260987
6.82    0.0260744
6.821    0.0260501
6.822    0.0260259
6.823    0.0260017
6.824    0.0259776
6.825    0.0259535
6.826    0.0259294
6.827    0.0259054
6.828    0.0258815
6.829    0.0258576
6.83    0.0258337
6.831    0.0258099
6.832    0.0257861
6.833    0.0257624
6.834    0.0257387
6.835    0.0257151
6.836    0.0256915
6.837    0.025668
6.838    0.0256445
6.839    0.025621
6.84    0.0255976
6.841    0.0255743
6.842    0.025551
6.843    0.0255277
6.844    0.0255045
6.845    0.0254813
6.846    0.0254581
6.847    0.0254351
6.848    0.025412
6.849    0.025389
6.85    0.025366
6.851    0.0253431
6.852    0.0253202
6.853    0.0252974
6.854    0.0252746
6.855    0.0252519
6.856    0.0252292
6.857    0.0252065
6.858    0.0251839
6.859    0.0251613
6.86    0.0251388
6.861    0.0251163
6.862    0.0250939
6.863    0.0250715
6.864    0.0250491
6.865    0.0250268
6.866    0.0250045
6.867    0.0249823
6.868    0.0249601
6.869    0.0249379
6.87    0.0249158
6.871    0.0248937
6.872    0.0248717
6.873    0.0248497
6.874    0.0248277
6.875    0.0248058
6.876    0.024784
6.877    0.0247621
6.878    0.0247403
6.879    0.0247186
6.88    0.0246969
6.881    0.0246752
6.882    0.0246536
6.883    0.024632
6.884    0.0246104
6.885    0.0245889
6.886    0.0245675
6.887    0.024546
6.888    0.0245246
6.889    0.0245033
6.89    0.024482
6.891    0.0244607
6.892    0.0244394
6.893    0.0244182
6.894    0.0243971
6.895    0.024376
6.896    0.0243549
6.897    0.0243338
6.898    0.0243128
6.899    0.0242919
6.9    0.0242709
6.901    0.02425
6.902    0.0242292
6.903    0.0242084
6.904    0.0241876
6.905    0.0241668
6.906    0.0241461
6.907    0.0241254
6.908    0.0241048
6.909    0.0240842
6.91    0.0240637
6.911    0.0240431
6.912    0.0240227
6.913    0.0240022
6.914    0.0239818
6.915    0.0239614
6.916    0.0239411
6.917    0.0239208
6.918    0.0239005
6.919    0.0238803
6.92    0.0238601
6.921    0.0238399
6.922    0.0238198
6.923    0.0237997
6.924    0.0237796
6.925    0.0237596
6.926    0.0237396
6.927    0.0237197
6.928    0.0236998
6.929    0.0236799
6.93    0.02366
6.931    0.0236402
6.932    0.0236205
6.933    0.0236007
6.934    0.023581
6.935    0.0235613
6.936    0.0235417
6.937    0.0235221
6.938    0.0235025
6.939    0.023483
6.94    0.0234635
6.941    0.023444
6.942    0.0234246
6.943    0.0234052
6.944    0.0233858
6.945    0.0233665
6.946    0.0233472
6.947    0.0233279
6.948    0.0233087
6.949    0.0232895
6.95    0.0232703
6.951    0.0232512
6.952    0.0232321
6.953    0.023213
6.954    0.023194
6.955    0.023175
6.956    0.023156
6.957    0.0231371
6.958    0.0231182
6.959    0.0230993
6.96    0.0230804
6.961    0.0230616
6.962    0.0230429
6.963    0.0230241
6.964    0.0230054
6.965    0.0229867
6.966    0.0229681
6.967    0.0229494
6.968    0.0229309
6.969    0.0229123
6.97    0.0228938
6.971    0.0228753
6.972    0.0228568
6.973    0.0228384
6.974    0.02282
6.975    0.0228016
6.976    0.0227833
6.977    0.022765
6.978    0.0227467
6.979    0.0227284
6.98    0.0227102
6.981    0.022692
6.982    0.0226739
6.983    0.0226558
6.984    0.0226377
6.985    0.0226196
6.986    0.0226016
6.987    0.0225836
6.988    0.0225656
6.989    0.0225476
6.99    0.0225297
6.991    0.0225118
6.992    0.022494
6.993    0.0224761
6.994    0.0224583
6.995    0.0224406
6.996    0.0224228
6.997    0.0224051
6.998    0.0223874
6.999    0.0223698
7    0.0223522
7.001    0.0223346
7.002    0.022317
7.003    0.0222995
7.004    0.022282
7.005    0.0222645
7.006    0.022247
7.007    0.0222296
7.008    0.0222122
7.009    0.0221948
7.01    0.0221775
7.011    0.0221602
7.012    0.0221429
7.013    0.0221257
7.014    0.0221084
7.015    0.0220912
7.016    0.0220741
7.017    0.0220569
7.018    0.0220398
7.019    0.0220227
7.02    0.0220057
7.021    0.0219886
7.022    0.0219716
7.023    0.0219546
7.024    0.0219377
7.025    0.0219208
7.026    0.0219039
7.027    0.021887
7.028    0.0218702
7.029    0.0218534
7.03    0.0218366
7.031    0.0218198
7.032    0.0218031
7.033    0.0217864
7.034    0.0217697
7.035    0.021753
7.036    0.0217364
7.037    0.0217198
7.038    0.0217032
7.039    0.0216867
7.04    0.0216701
7.041    0.0216536
7.042    0.0216372
7.043    0.0216207
7.044    0.0216043
7.045    0.0215879
7.046    0.0215715
7.047    0.0215552
7.048    0.0215389
7.049    0.0215226
7.05    0.0215063
7.051    0.0214901
7.052    0.0214739
7.053    0.0214577
7.054    0.0214415
7.055    0.0214254
7.056    0.0214093
7.057    0.0213932
7.058    0.0213771
7.059    0.0213611
7.06    0.0213451
7.061    0.0213291
7.062    0.0213131
7.063    0.0212972
7.064    0.0212813
7.065    0.0212654
7.066    0.0212495
7.067    0.0212337
7.068    0.0212179
7.069    0.0212021
7.07    0.0211863
7.071    0.0211706
7.072    0.0211548
7.073    0.0211391
7.074    0.0211235
7.075    0.0211078
7.076    0.0210922
7.077    0.0210766
7.078    0.021061
7.079    0.0210455
7.08    0.0210299
7.081    0.0210144
7.082    0.020999
7.083    0.0209835
7.084    0.0209681
7.085    0.0209527
7.086    0.0209373
7.087    0.0209219
7.088    0.0209066
7.089    0.0208913
7.09    0.020876
7.091    0.0208607
7.092    0.0208455
7.093    0.0208302
7.094    0.020815
7.095    0.0207998
7.096    0.0207847
7.097    0.0207696
7.098    0.0207545
7.099    0.0207394
7.1    0.0207243
7.101    0.0207093
7.102    0.0206942
7.103    0.0206792
7.104    0.0206643
7.105    0.0206493
7.106    0.0206344
7.107    0.0206195
7.108    0.0206046
7.109    0.0205897
7.11    0.0205749
7.111    0.0205601
7.112    0.0205453
7.113    0.0205305
7.114    0.0205158
7.115    0.020501
7.116    0.0204863
7.117    0.0204716
7.118    0.020457
7.119    0.0204423
7.12    0.0204277
7.121    0.0204131
7.122    0.0203985
7.123    0.020384
7.124    0.0203694
7.125    0.0203549
7.126    0.0203404
7.127    0.0203259
7.128    0.0203115
7.129    0.0202971
7.13    0.0202826
7.131    0.0202683
7.132    0.0202539
7.133    0.0202395
7.134    0.0202252
7.135    0.0202109
7.136    0.0201966
7.137    0.0201824
7.138    0.0201681
7.139    0.0201539
7.14    0.0201397
7.141    0.0201255
7.142    0.0201114
7.143    0.0200972
7.144    0.0200831
7.145    0.020069
7.146    0.0200549
7.147    0.0200409
7.148    0.0200268
7.149    0.0200128
7.15    0.0199988
7.151    0.0199849
7.152    0.0199709
7.153    0.019957
7.154    0.019943
7.155    0.0199292
7.156    0.0199153
7.157    0.0199014
7.158    0.0198876
7.159    0.0198738
7.16    0.01986
7.161    0.0198462
7.162    0.0198324
7.163    0.0198187
7.164    0.019805
7.165    0.0197913
7.166    0.0197776
7.167    0.0197639
7.168    0.0197503
7.169    0.0197367
7.17    0.0197231
7.171    0.0197095
7.172    0.0196959
7.173    0.0196824
7.174    0.0196689
7.175    0.0196553
7.176    0.0196419
7.177    0.0196284
7.178    0.0196149
7.179    0.0196015
7.18    0.0195881
7.181    0.0195747
7.182    0.0195613
7.183    0.019548
7.184    0.0195346
7.185    0.0195213
7.186    0.019508
7.187    0.0194947
7.188    0.0194815
7.189    0.0194682
7.19    0.019455
7.191    0.0194418
7.192    0.0194286
7.193    0.0194154
7.194    0.0194023
7.195    0.0193891
7.196    0.019376
7.197    0.0193629
7.198    0.0193499
7.199    0.0193368
7.2    0.0193238
7.201    0.0193107
7.202    0.0192977
7.203    0.0192847
7.204    0.0192718
7.205    0.0192588
7.206    0.0192459
7.207    0.0192329
7.208    0.01922
7.209    0.0192072
7.21    0.0191943
7.211    0.0191815
7.212    0.0191686
7.213    0.0191558
7.214    0.019143
7.215    0.0191302
7.216    0.0191175
7.217    0.0191047
7.218    0.019092
7.219    0.0190793
7.22    0.0190666
7.221    0.0190539
7.222    0.0190413
7.223    0.0190286
7.224    0.019016
7.225    0.0190034
7.226    0.0189908
7.227    0.0189783
7.228    0.0189657
7.229    0.0189532
7.23    0.0189406
7.231    0.0189281
7.232    0.0189157
7.233    0.0189032
7.234    0.0188907
7.235    0.0188783
7.236    0.0188659
7.237    0.0188535
7.238    0.0188411
7.239    0.0188287
7.24    0.0188164
7.241    0.018804
7.242    0.0187917
7.243    0.0187794
7.244    0.0187671
7.245    0.0187549
7.246    0.0187426
7.247    0.0187304
7.248    0.0187181
7.249    0.0187059
7.25    0.0186938
7.251    0.0186816
7.252    0.0186694
7.253    0.0186573
7.254    0.0186452
7.255    0.0186331
7.256    0.018621
7.257    0.0186089
7.258    0.0185968
7.259    0.0185848
7.26    0.0185727
7.261    0.0185607
7.262    0.0185487
7.263    0.0185368
7.264    0.0185248
7.265    0.0185128
7.266    0.0185009
7.267    0.018489
7.268    0.0184771
7.269    0.0184652
7.27    0.0184533
7.271    0.0184415
7.272    0.0184296
7.273    0.0184178
7.274    0.018406
7.275    0.0183942
7.276    0.0183824
7.277    0.0183707
7.278    0.0183589
7.279    0.0183472
7.28    0.0183355
7.281    0.0183238
7.282    0.0183121
7.283    0.0183004
7.284    0.0182887
7.285    0.0182771
7.286    0.0182655
7.287    0.0182539
7.288    0.0182423
7.289    0.0182307
7.29    0.0182191
7.291    0.0182076
7.292    0.018196
7.293    0.0181845
7.294    0.018173
7.295    0.0181615
7.296    0.01815
7.297    0.0181386
7.298    0.0181271
7.299    0.0181157
7.3    0.0181043
7.301    0.0180929
7.302    0.0180815
7.303    0.0180701
7.304    0.0180587
7.305    0.0180474
7.306    0.018036
7.307    0.0180247
7.308    0.0180134
7.309    0.0180021
7.31    0.0179909
7.311    0.0179796
7.312    0.0179684
7.313    0.0179571
7.314    0.0179459
7.315    0.0179347
7.316    0.0179235
7.317    0.0179123
7.318    0.0179012
7.319    0.01789
7.32    0.0178789
7.321    0.0178678
7.322    0.0178567
7.323    0.0178456
7.324    0.0178345
7.325    0.0178234
7.326    0.0178124
7.327    0.0178014
7.328    0.0177903
7.329    0.0177793
7.33    0.0177683
7.331    0.0177574
7.332    0.0177464
7.333    0.0177354
7.334    0.0177245
7.335    0.0177136
7.336    0.0177027
7.337    0.0176918
7.338    0.0176809
7.339    0.01767
7.34    0.0176591
7.341    0.0176483
7.342    0.0176375
7.343    0.0176266
7.344    0.0176158
7.345    0.0176051
7.346    0.0175943
7.347    0.0175835
7.348    0.0175728
7.349    0.017562
7.35    0.0175513
7.351    0.0175406
7.352    0.0175299
7.353    0.0175192
7.354    0.0175085
7.355    0.0174979
7.356    0.0174872
7.357    0.0174766
7.358    0.017466
7.359    0.0174554
7.36    0.0174448
7.361    0.0174342
7.362    0.0174236
7.363    0.0174131
7.364    0.0174025
7.365    0.017392
7.366    0.0173815
7.367    0.017371
7.368    0.0173605
7.369    0.01735
7.37    0.0173396
7.371    0.0173291
7.372    0.0173187
7.373    0.0173082
7.374    0.0172978
7.375    0.0172874
7.376    0.017277
7.377    0.0172667
7.378    0.0172563
7.379    0.0172459
7.38    0.0172356
7.381    0.0172253
7.382    0.017215
7.383    0.0172047
7.384    0.0171944
7.385    0.0171841
7.386    0.0171738
7.387    0.0171636
7.388    0.0171533
7.389    0.0171431
7.39    0.0171329
7.391    0.0171227
7.392    0.0171125
7.393    0.0171023
7.394    0.0170922
7.395    0.017082
7.396    0.0170719
7.397    0.0170617
7.398    0.0170516
7.399    0.0170415
7.4    0.0170314
7.401    0.0170213
7.402    0.0170113
7.403    0.0170012
7.404    0.0169912
7.405    0.0169811
7.406    0.0169711
7.407    0.0169611
7.408    0.0169511
7.409    0.0169411
7.41    0.0169311
7.411    0.0169212
7.412    0.0169112
7.413    0.0169013
7.414    0.0168913
7.415    0.0168814
7.416    0.0168715
7.417    0.0168616
7.418    0.0168518
7.419    0.0168419
7.42    0.016832
7.421    0.0168222
7.422    0.0168123
7.423    0.0168025
7.424    0.0167927
7.425    0.0167829
7.426    0.0167731
7.427    0.0167633
7.428    0.0167536
7.429    0.0167438
7.43    0.0167341
7.431    0.0167243
7.432    0.0167146
7.433    0.0167049
7.434    0.0166952
7.435    0.0166855
7.436    0.0166759
7.437    0.0166662
7.438    0.0166565
7.439    0.0166469
7.44    0.0166373
7.441    0.0166276
7.442    0.016618
7.443    0.0166084
7.444    0.0165988
7.445    0.0165893
7.446    0.0165797
7.447    0.0165702
7.448    0.0165606
7.449    0.0165511
7.45    0.0165416
7.451    0.0165321
7.452    0.0165226
7.453    0.0165131
7.454    0.0165036
7.455    0.0164941
7.456    0.0164847
7.457    0.0164752
7.458    0.0164658
7.459    0.0164564
7.46    0.016447
7.461    0.0164376
7.462    0.0164282
7.463    0.0164188
7.464    0.0164094
7.465    0.0164001
7.466    0.0163907
7.467    0.0163814
7.468    0.016372
7.469    0.0163627
7.47    0.0163534
7.471    0.0163441
7.472    0.0163348
7.473    0.0163256
7.474    0.0163163
7.475    0.0163071
7.476    0.0162978
7.477    0.0162886
7.478    0.0162794
7.479    0.0162702
7.48    0.016261
7.481    0.0162518
7.482    0.0162426
7.483    0.0162334
7.484    0.0162243
7.485    0.0162151
7.486    0.016206
7.487    0.0161968
7.488    0.0161877
7.489    0.0161786
7.49    0.0161695
7.491    0.0161604
7.492    0.0161513
7.493    0.0161423
7.494    0.0161332
7.495    0.0161242
7.496    0.0161151
7.497    0.0161061
7.498    0.0160971
7.499    0.0160881
7.5    0.0160791
7.501    0.0160701
7.502    0.0160611
7.503    0.0160522
7.504    0.0160432
7.505    0.0160343
7.506    0.0160253
7.507    0.0160164
7.508    0.0160075
7.509    0.0159986
7.51    0.0159897
7.511    0.0159808
7.512    0.0159719
7.513    0.015963
7.514    0.0159542
7.515    0.0159453
7.516    0.0159365
7.517    0.0159277
7.518    0.0159188
7.519    0.01591
7.52    0.0159012
7.521    0.0158924
7.522    0.0158837
7.523    0.0158749
7.524    0.0158661
7.525    0.0158574
7.526    0.0158486
7.527    0.0158399
7.528    0.0158312
7.529    0.0158225
7.53    0.0158138
7.531    0.0158051
7.532    0.0157964
7.533    0.0157877
7.534    0.015779
7.535    0.0157704
7.536    0.0157617
7.537    0.0157531
7.538    0.0157445
7.539    0.0157358
7.54    0.0157272
7.541    0.0157186
7.542    0.01571
7.543    0.0157015
7.544    0.0156929
7.545    0.0156843
7.546    0.0156758
7.547    0.0156672
7.548    0.0156587
7.549    0.0156502
7.55    0.0156416
7.551    0.0156331
7.552    0.0156246
7.553    0.0156161
7.554    0.0156077
7.555    0.0155992
7.556    0.0155907
7.557    0.0155823
7.558    0.0155738
7.559    0.0155654
7.56    0.015557
7.561    0.0155485
7.562    0.0155401
7.563    0.0155317
7.564    0.0155233
7.565    0.015515
7.566    0.0155066
7.567    0.0154982
7.568    0.0154899
7.569    0.0154815
7.57    0.0154732
7.571    0.0154649
7.572    0.0154565
7.573    0.0154482
7.574    0.0154399
7.575    0.0154316
7.576    0.0154234
7.577    0.0154151
7.578    0.0154068
7.579    0.0153986
7.58    0.0153903
7.581    0.0153821
7.582    0.0153738
7.583    0.0153656
7.584    0.0153574
7.585    0.0153492
7.586    0.015341
7.587    0.0153328
7.588    0.0153246
7.589    0.0153164
7.59    0.0153083
7.591    0.0153001
7.592    0.015292
7.593    0.0152838
7.594    0.0152757
7.595    0.0152676
7.596    0.0152595
7.597    0.0152514
7.598    0.0152433
7.599    0.0152352
7.6    0.0152271
7.601    0.0152191
7.602    0.015211
7.603    0.0152029
7.604    0.0151949
7.605    0.0151869
7.606    0.0151788
7.607    0.0151708
7.608    0.0151628
7.609    0.0151548
7.61    0.0151468
7.611    0.0151388
7.612    0.0151308
7.613    0.0151229
7.614    0.0151149
7.615    0.015107
7.616    0.015099
7.617    0.0150911
7.618    0.0150832
7.619    0.0150752
7.62    0.0150673
7.621    0.0150594
7.622    0.0150515
7.623    0.0150436
7.624    0.0150358
7.625    0.0150279
7.626    0.01502
7.627    0.0150122
7.628    0.0150043
7.629    0.0149965
7.63    0.0149886
7.631    0.0149808
7.632    0.014973
7.633    0.0149652
7.634    0.0149574
7.635    0.0149496
7.636    0.0149418
7.637    0.0149341
7.638    0.0149263
7.639    0.0149185
7.64    0.0149108
7.641    0.014903
7.642    0.0148953
7.643    0.0148876
7.644    0.0148799
7.645    0.0148721
7.646    0.0148644
7.647    0.0148567
7.648    0.0148491
7.649    0.0148414
7.65    0.0148337
7.651    0.014826
7.652    0.0148184
7.653    0.0148107
7.654    0.0148031
7.655    0.0147955
7.656    0.0147878
7.657    0.0147802
7.658    0.0147726
7.659    0.014765
7.66    0.0147574
7.661    0.0147498
7.662    0.0147422
7.663    0.0147347
7.664    0.0147271
7.665    0.0147195
7.666    0.014712
7.667    0.0147044
7.668    0.0146969
7.669    0.0146894
7.67    0.0146819
7.671    0.0146743
7.672    0.0146668
7.673    0.0146593
7.674    0.0146518
7.675    0.0146444
7.676    0.0146369
7.677    0.0146294
7.678    0.014622
7.679    0.0146145
7.68    0.0146071
7.681    0.0145996
7.682    0.0145922
7.683    0.0145848
7.684    0.0145774
7.685    0.01457
7.686    0.0145625
7.687    0.0145552
7.688    0.0145478
7.689    0.0145404
7.69    0.014533
7.691    0.0145257
7.692    0.0145183
7.693    0.0145109
7.694    0.0145036
7.695    0.0144963
7.696    0.0144889
7.697    0.0144816
7.698    0.0144743
7.699    0.014467
7.7    0.0144597
7.701    0.0144524
7.702    0.0144451
7.703    0.0144378
7.704    0.0144306
7.705    0.0144233
7.706    0.0144161
7.707    0.0144088
7.708    0.0144016
7.709    0.0143943
7.71    0.0143871
7.711    0.0143799
7.712    0.0143727
7.713    0.0143655
7.714    0.0143583
7.715    0.0143511
7.716    0.0143439
7.717    0.0143367
7.718    0.0143295
7.719    0.0143224
7.72    0.0143152
7.721    0.0143081
7.722    0.0143009
7.723    0.0142938
7.724    0.0142866
7.725    0.0142795
7.726    0.0142724
7.727    0.0142653
7.728    0.0142582
7.729    0.0142511
7.73    0.014244
7.731    0.0142369
7.732    0.0142298
7.733    0.0142228
7.734    0.0142157
7.735    0.0142087
7.736    0.0142016
7.737    0.0141946
7.738    0.0141875
7.739    0.0141805
7.74    0.0141735
7.741    0.0141665
7.742    0.0141595
7.743    0.0141525
7.744    0.0141455
7.745    0.0141385
7.746    0.0141315
7.747    0.0141245
7.748    0.0141176
7.749    0.0141106
7.75    0.0141036
7.751    0.0140967
7.752    0.0140898
7.753    0.0140828
7.754    0.0140759
7.755    0.014069
7.756    0.0140621
7.757    0.0140552
7.758    0.0140483
7.759    0.0140414
7.76    0.0140345
7.761    0.0140276
7.762    0.0140207
7.763    0.0140138
7.764    0.014007
7.765    0.0140001
7.766    0.0139933
7.767    0.0139864
7.768    0.0139796
7.769    0.0139728
7.77    0.013966
7.771    0.0139591
7.772    0.0139523
7.773    0.0139455
7.774    0.0139387
7.775    0.0139319
7.776    0.0139251
7.777    0.0139184
7.778    0.0139116
7.779    0.0139048
7.78    0.0138981
7.781    0.0138913
7.782    0.0138846
7.783    0.0138778
7.784    0.0138711
7.785    0.0138644
7.786    0.0138577
7.787    0.0138509
7.788    0.0138442
7.789    0.0138375
7.79    0.0138308
7.791    0.0138241
7.792    0.0138175
7.793    0.0138108
7.794    0.0138041
7.795    0.0137974
7.796    0.0137908
7.797    0.0137841
7.798    0.0137775
7.799    0.0137709
7.8    0.0137642
7.801    0.0137576
7.802    0.013751
7.803    0.0137444
7.804    0.0137377
7.805    0.0137311
7.806    0.0137245
7.807    0.013718
7.808    0.0137114
7.809    0.0137048
7.81    0.0136982
7.811    0.0136917
7.812    0.0136851
7.813    0.0136785
7.814    0.013672
7.815    0.0136654
7.816    0.0136589
7.817    0.0136524
7.818    0.0136459
7.819    0.0136393
7.82    0.0136328
7.821    0.0136263
7.822    0.0136198
7.823    0.0136133
7.824    0.0136068
7.825    0.0136004
7.826    0.0135939
7.827    0.0135874
7.828    0.0135809
7.829    0.0135745
7.83    0.013568
7.831    0.0135616
7.832    0.0135551
7.833    0.0135487
7.834    0.0135423
7.835    0.0135359
7.836    0.0135294
7.837    0.013523
7.838    0.0135166
7.839    0.0135102
7.84    0.0135038
7.841    0.0134974
7.842    0.0134911
7.843    0.0134847
7.844    0.0134783
7.845    0.0134719
7.846    0.0134656
7.847    0.0134592
7.848    0.0134529
7.849    0.0134465
7.85    0.0134402
7.851    0.0134339
7.852    0.0134275
7.853    0.0134212
7.854    0.0134149
7.855    0.0134086
7.856    0.0134023
7.857    0.013396
7.858    0.0133897
7.859    0.0133834
7.86    0.0133772
7.861    0.0133709
7.862    0.0133646
7.863    0.0133584
7.864    0.0133521
7.865    0.0133458
7.866    0.0133396
7.867    0.0133334
7.868    0.0133271
7.869    0.0133209
7.87    0.0133147
7.871    0.0133085
7.872    0.0133022
7.873    0.013296
7.874    0.0132898
7.875    0.0132836
7.876    0.0132774
7.877    0.0132713
7.878    0.0132651
7.879    0.0132589
7.88    0.0132527
7.881    0.0132466
7.882    0.0132404
7.883    0.0132343
7.884    0.0132281
7.885    0.013222
7.886    0.0132159
7.887    0.0132097
7.888    0.0132036
7.889    0.0131975
7.89    0.0131914
7.891    0.0131853
7.892    0.0131792
7.893    0.0131731
7.894    0.013167
7.895    0.0131609
7.896    0.0131548
7.897    0.0131487
7.898    0.0131427
7.899    0.0131366
7.9    0.0131305
7.901    0.0131245
7.902    0.0131184
7.903    0.0131124
7.904    0.0131063
7.905    0.0131003
7.906    0.0130943
7.907    0.0130883
7.908    0.0130822
7.909    0.0130762
7.91    0.0130702
7.911    0.0130642
7.912    0.0130582
7.913    0.0130522
7.914    0.0130463
7.915    0.0130403
7.916    0.0130343
7.917    0.0130283
7.918    0.0130224
7.919    0.0130164
7.92    0.0130105
7.921    0.0130045
7.922    0.0129986
7.923    0.0129926
7.924    0.0129867
7.925    0.0129808
7.926    0.0129748
7.927    0.0129689
7.928    0.012963
7.929    0.0129571
7.93    0.0129512
7.931    0.0129453
7.932    0.0129394
7.933    0.0129335
7.934    0.0129276
7.935    0.0129218
7.936    0.0129159
7.937    0.01291
7.938    0.0129042
7.939    0.0128983
7.94    0.0128925
7.941    0.0128866
7.942    0.0128808
7.943    0.0128749
7.944    0.0128691
7.945    0.0128633
7.946    0.0128575
7.947    0.0128516
7.948    0.0128458
7.949    0.01284
7.95    0.0128342
7.951    0.0128284
7.952    0.0128226
7.953    0.0128168
7.954    0.0128111
7.955    0.0128053
7.956    0.0127995
7.957    0.0127937
7.958    0.012788
7.959    0.0127822
7.96    0.0127765
7.961    0.0127707
7.962    0.012765
7.963    0.0127593
7.964    0.0127535
7.965    0.0127478
7.966    0.0127421
7.967    0.0127364
7.968    0.0127306
7.969    0.0127249
7.97    0.0127192
7.971    0.0127135
7.972    0.0127078
7.973    0.0127021
7.974    0.0126965
7.975    0.0126908
7.976    0.0126851
7.977    0.0126794
7.978    0.0126738
7.979    0.0126681
7.98    0.0126625
7.981    0.0126568
7.982    0.0126512
7.983    0.0126455
7.984    0.0126399
7.985    0.0126343
7.986    0.0126286
7.987    0.012623
7.988    0.0126174
7.989    0.0126118
7.99    0.0126062
7.991    0.0126006
7.992    0.012595
7.993    0.0125894
7.994    0.0125838
7.995    0.0125782
7.996    0.0125726
7.997    0.0125671
7.998    0.0125615
7.999    0.0125559
8    0.0125504
8.001    0.0125448
8.002    0.0125393
8.003    0.0125337
8.004    0.0125282
8.005    0.0125226
8.006    0.0125171
8.007    0.0125116
8.008    0.0125061
8.009    0.0125005
8.01    0.012495
8.011    0.0124895
8.012    0.012484
8.013    0.0124785
8.014    0.012473
8.015    0.0124675
8.016    0.012462
8.017    0.0124566
8.018    0.0124511
8.019    0.0124456
8.02    0.0124401
8.021    0.0124347
8.022    0.0124292
8.023    0.0124238
8.024    0.0124183
8.025    0.0124129
8.026    0.0124074
8.027    0.012402
8.028    0.0123966
8.029    0.0123911
8.03    0.0123857
8.031    0.0123803
8.032    0.0123749
8.033    0.0123695
8.034    0.0123641
8.035    0.0123587
8.036    0.0123533
8.037    0.0123479
8.038    0.0123425
8.039    0.0123371
8.04    0.0123317
8.041    0.0123263
8.042    0.012321
8.043    0.0123156
8.044    0.0123103
8.045    0.0123049
8.046    0.0122995
8.047    0.0122942
8.048    0.0122889
8.049    0.0122835
8.05    0.0122782
8.051    0.0122729
8.052    0.0122675
8.053    0.0122622
8.054    0.0122569
8.055    0.0122516
8.056    0.0122463
8.057    0.012241
8.058    0.0122357
8.059    0.0122304
8.06    0.0122251
8.061    0.0122198
8.062    0.0122145
8.063    0.0122092
8.064    0.012204
8.065    0.0121987
8.066    0.0121934
8.067    0.0121882
8.068    0.0121829
8.069    0.0121777
8.07    0.0121724
8.071    0.0121672
8.072    0.0121619
8.073    0.0121567
8.074    0.0121515
8.075    0.0121462
8.076    0.012141
8.077    0.0121358
8.078    0.0121306
8.079    0.0121254
8.08    0.0121202
8.081    0.012115
8.082    0.0121098
8.083    0.0121046
8.084    0.0120994
8.085    0.0120942
8.086    0.012089
8.087    0.0120838
8.088    0.0120787
8.089    0.0120735
8.09    0.0120683
8.091    0.0120632
8.092    0.012058
8.093    0.0120529
8.094    0.0120477
8.095    0.0120426
8.096    0.0120374
8.097    0.0120323
8.098    0.0120272
8.099    0.012022
8.1    0.0120169
8.101    0.0120118
8.102    0.0120067
8.103    0.0120016
8.104    0.0119965
8.105    0.0119914
8.106    0.0119863
8.107    0.0119812
8.108    0.0119761
8.109    0.011971
8.11    0.0119659
8.111    0.0119608
8.112    0.0119558
8.113    0.0119507
8.114    0.0119456
8.115    0.0119406
8.116    0.0119355
8.117    0.0119305
8.118    0.0119254
8.119    0.0119204
8.12    0.0119153
8.121    0.0119103
8.122    0.0119052
8.123    0.0119002
8.124    0.0118952
8.125    0.0118902
8.126    0.0118851
8.127    0.0118801
8.128    0.0118751
8.129    0.0118701
8.13    0.0118651
8.131    0.0118601
8.132    0.0118551
8.133    0.0118501
8.134    0.0118451
8.135    0.0118402
8.136    0.0118352
8.137    0.0118302
8.138    0.0118252
8.139    0.0118203
8.14    0.0118153
8.141    0.0118104
8.142    0.0118054
8.143    0.0118004
8.144    0.0117955
8.145    0.0117906
8.146    0.0117856
8.147    0.0117807
8.148    0.0117757
8.149    0.0117708
8.15    0.0117659
8.151    0.011761
8.152    0.0117561
8.153    0.0117511
8.154    0.0117462
8.155    0.0117413
8.156    0.0117364
8.157    0.0117315
8.158    0.0117266
8.159    0.0117218
8.16    0.0117169
8.161    0.011712
8.162    0.0117071
8.163    0.0117022
8.164    0.0116974
8.165    0.0116925
8.166    0.0116876
8.167    0.0116828
8.168    0.0116779
8.169    0.0116731
8.17    0.0116682
8.171    0.0116634
8.172    0.0116585
8.173    0.0116537
8.174    0.0116489
8.175    0.011644
8.176    0.0116392
8.177    0.0116344
8.178    0.0116296
8.179    0.0116248
8.18    0.0116199
8.181    0.0116151
8.182    0.0116103
8.183    0.0116055
8.184    0.0116007
8.185    0.0115959
8.186    0.0115912
8.187    0.0115864
8.188    0.0115816
8.189    0.0115768
8.19    0.011572
8.191    0.0115673
8.192    0.0115625
8.193    0.0115577
8.194    0.011553
8.195    0.0115482
8.196    0.0115435
8.197    0.0115387
8.198    0.011534
8.199    0.0115292
8.2    0.0115245
8.201    0.0115198
8.202    0.011515
8.203    0.0115103
8.204    0.0115056
8.205    0.0115009
8.206    0.0114962
8.207    0.0114914
8.208    0.0114867
8.209    0.011482
8.21    0.0114773
8.211    0.0114726
8.212    0.0114679
8.213    0.0114632
8.214    0.0114586
8.215    0.0114539
8.216    0.0114492
8.217    0.0114445
8.218    0.0114398
8.219    0.0114352
8.22    0.0114305
8.221    0.0114258
8.222    0.0114212
8.223    0.0114165
8.224    0.0114119
8.225    0.0114072
8.226    0.0114026
8.227    0.0113979
8.228    0.0113933
8.229    0.0113887
8.23    0.011384
8.231    0.0113794
8.232    0.0113748
8.233    0.0113702
8.234    0.0113656
8.235    0.0113609
8.236    0.0113563
8.237    0.0113517
8.238    0.0113471
8.239    0.0113425
8.24    0.0113379
8.241    0.0113333
8.242    0.0113288
8.243    0.0113242
8.244    0.0113196
8.245    0.011315
8.246    0.0113104
8.247    0.0113059
8.248    0.0113013
8.249    0.0112967
8.25    0.0112922
8.251    0.0112876
8.252    0.0112831
8.253    0.0112785
8.254    0.011274
8.255    0.0112694
8.256    0.0112649
8.257    0.0112603
8.258    0.0112558
8.259    0.0112513
8.26    0.0112467
8.261    0.0112422
8.262    0.0112377
8.263    0.0112332
8.264    0.0112287
8.265    0.0112242
8.266    0.0112196
8.267    0.0112151
8.268    0.0112106
8.269    0.0112061
8.27    0.0112016
8.271    0.0111972
8.272    0.0111927
8.273    0.0111882
8.274    0.0111837
8.275    0.0111792
8.276    0.0111748
8.277    0.0111703
8.278    0.0111658
8.279    0.0111614
8.28    0.0111569
8.281    0.0111524
8.282    0.011148
8.283    0.0111435
8.284    0.0111391
8.285    0.0111346
8.286    0.0111302
8.287    0.0111258
8.288    0.0111213
8.289    0.0111169
8.29    0.0111125
8.291    0.011108
8.292    0.0111036
8.293    0.0110992
8.294    0.0110948
8.295    0.0110904
8.296    0.011086
8.297    0.0110816
8.298    0.0110772
8.299    0.0110728
8.3    0.0110684
8.301    0.011064
8.302    0.0110596
8.303    0.0110552
8.304    0.0110508
8.305    0.0110464
8.306    0.0110421
8.307    0.0110377
8.308    0.0110333
8.309    0.0110289
8.31    0.0110246
8.311    0.0110202
8.312    0.0110159
8.313    0.0110115
8.314    0.0110072
8.315    0.0110028
8.316    0.0109985
8.317    0.0109941
8.318    0.0109898
8.319    0.0109855
8.32    0.0109811
8.321    0.0109768
8.322    0.0109725
8.323    0.0109681
8.324    0.0109638
8.325    0.0109595
8.326    0.0109552
8.327    0.0109509
8.328    0.0109466
8.329    0.0109423
8.33    0.010938
8.331    0.0109337
8.332    0.0109294
8.333    0.0109251
8.334    0.0109208
8.335    0.0109165
8.336    0.0109122
8.337    0.010908
8.338    0.0109037
8.339    0.0108994
8.34    0.0108951
8.341    0.0108909
8.342    0.0108866
8.343    0.0108824
8.344    0.0108781
8.345    0.0108738
8.346    0.0108696
8.347    0.0108653
8.348    0.0108611
8.349    0.0108569
8.35    0.0108526
8.351    0.0108484
8.352    0.0108441
8.353    0.0108399
8.354    0.0108357
8.355    0.0108315
8.356    0.0108272
8.357    0.010823
8.358    0.0108188
8.359    0.0108146
8.36    0.0108104
8.361    0.0108062
8.362    0.010802
8.363    0.0107978
8.364    0.0107936
8.365    0.0107894
8.366    0.0107852
8.367    0.010781
8.368    0.0107768
8.369    0.0107727
8.37    0.0107685
8.371    0.0107643
8.372    0.0107601
8.373    0.010756
8.374    0.0107518
8.375    0.0107476
8.376    0.0107435
8.377    0.0107393
8.378    0.0107352
8.379    0.010731
8.38    0.0107269
8.381    0.0107227
8.382    0.0107186
8.383    0.0107144
8.384    0.0107103
8.385    0.0107061
8.386    0.010702
8.387    0.0106979
8.388    0.0106938
8.389    0.0106896
8.39    0.0106855
8.391    0.0106814
8.392    0.0106773
8.393    0.0106732
8.394    0.0106691
8.395    0.010665
8.396    0.0106609
8.397    0.0106568
8.398    0.0106527
8.399    0.0106486
8.4    0.0106445
8.401    0.0106404
8.402    0.0106363
8.403    0.0106322
8.404    0.0106281
8.405    0.0106241
8.406    0.01062
8.407    0.0106159
8.408    0.0106119
8.409    0.0106078
8.41    0.0106037
8.411    0.0105997
8.412    0.0105956
8.413    0.0105916
8.414    0.0105875
8.415    0.0105835
8.416    0.0105794
8.417    0.0105754
8.418    0.0105713
8.419    0.0105673
8.42    0.0105633
8.421    0.0105592
8.422    0.0105552
8.423    0.0105512
8.424    0.0105472
8.425    0.0105431
8.426    0.0105391
8.427    0.0105351
8.428    0.0105311
8.429    0.0105271
8.43    0.0105231
8.431    0.0105191
8.432    0.0105151
8.433    0.0105111
8.434    0.0105071
8.435    0.0105031
8.436    0.0104991
8.437    0.0104951
8.438    0.0104911
8.439    0.0104872
8.44    0.0104832
8.441    0.0104792
8.442    0.0104752
8.443    0.0104713
8.444    0.0104673
8.445    0.0104633
8.446    0.0104594
8.447    0.0104554
8.448    0.0104514
8.449    0.0104475
8.45    0.0104435
8.451    0.0104396
8.452    0.0104357
8.453    0.0104317
8.454    0.0104278
8.455    0.0104238
8.456    0.0104199
8.457    0.010416
8.458    0.010412
8.459    0.0104081
8.46    0.0104042
8.461    0.0104003
8.462    0.0103963
8.463    0.0103924
8.464    0.0103885
8.465    0.0103846
8.466    0.0103807
8.467    0.0103768
8.468    0.0103729
8.469    0.010369
8.47    0.0103651
8.471    0.0103612
8.472    0.0103573
8.473    0.0103534
8.474    0.0103495
8.475    0.0103457
8.476    0.0103418
8.477    0.0103379
8.478    0.010334
8.479    0.0103301
8.48    0.0103263
8.481    0.0103224
8.482    0.0103185
8.483    0.0103147
8.484    0.0103108
8.485    0.010307
8.486    0.0103031
8.487    0.0102993
8.488    0.0102954
8.489    0.0102916
8.49    0.0102877
8.491    0.0102839
8.492    0.01028
8.493    0.0102762
8.494    0.0102724
8.495    0.0102685
8.496    0.0102647
8.497    0.0102609
8.498    0.0102571
8.499    0.0102532
8.5    0.0102494
8.501    0.0102456
8.502    0.0102418
8.503    0.010238
8.504    0.0102342
8.505    0.0102304
8.506    0.0102266
8.507    0.0102228
8.508    0.010219
8.509    0.0102152
8.51    0.0102114
8.511    0.0102076
8.512    0.0102038
8.513    0.0102
8.514    0.0101962
8.515    0.0101925
8.516    0.0101887
8.517    0.0101849
8.518    0.0101811
8.519    0.0101774
8.52    0.0101736
8.521    0.0101698
8.522    0.0101661
8.523    0.0101623
8.524    0.0101586
8.525    0.0101548
8.526    0.0101511
8.527    0.0101473
8.528    0.0101436
8.529    0.0101398
8.53    0.0101361
8.531    0.0101323
8.532    0.0101286
8.533    0.0101249
8.534    0.0101211
8.535    0.0101174
8.536    0.0101137
8.537    0.01011
8.538    0.0101062
8.539    0.0101025
8.54    0.0100988
8.541    0.0100951
8.542    0.0100914
8.543    0.0100877
8.544    0.010084
8.545    0.0100802
8.546    0.0100765
8.547    0.0100728
8.548    0.0100692
8.549    0.0100655
8.55    0.0100618
8.551    0.0100581
8.552    0.0100544
8.553    0.0100507
8.554    0.010047
8.555    0.0100433
8.556    0.0100397
8.557    0.010036
8.558    0.0100323
8.559    0.0100286
8.56    0.010025
8.561    0.0100213
8.562    0.0100177
8.563    0.010014
8.564    0.0100103
8.565    0.0100067
8.566    0.010003
8.567    0.00999937
8.568    0.00999573
8.569    0.00999208
8.57    0.00998844
8.571    0.0099848
8.572    0.00998116
8.573    0.00997752
8.574    0.00997389
8.575    0.00997026
8.576    0.00996663
8.577    0.009963
8.578    0.00995938
8.579    0.00995575
8.58    0.00995213
8.581    0.00994852
8.582    0.0099449
8.583    0.00994129
8.584    0.00993768
8.585    0.00993407
8.586    0.00993047
8.587    0.00992687
8.588    0.00992326
8.589    0.00991967
8.59    0.00991607
8.591    0.00991248
8.592    0.00990889
8.593    0.0099053
8.594    0.00990171
8.595    0.00989813
8.596    0.00989455
8.597    0.00989097
8.598    0.00988739
8.599    0.00988381
8.6    0.00988024
8.601    0.00987667
8.602    0.0098731
8.603    0.00986954
8.604    0.00986598
8.605    0.00986242
8.606    0.00985886
8.607    0.0098553
8.608    0.00985175
8.609    0.0098482
8.61    0.00984465
8.611    0.0098411
8.612    0.00983755
8.613    0.00983401
8.614    0.00983047
8.615    0.00982694
8.616    0.0098234
8.617    0.00981987
8.618    0.00981634
8.619    0.00981281
8.62    0.00980928
8.621    0.00980576
8.622    0.00980224
8.623    0.00979872
8.624    0.0097952
8.625    0.00979168
8.626    0.00978817
8.627    0.00978466
8.628    0.00978115
8.629    0.00977765
8.63    0.00977414
8.631    0.00977064
8.632    0.00976714
8.633    0.00976365
8.634    0.00976015
8.635    0.00975666
8.636    0.00975317
8.637    0.00974968
8.638    0.0097462
8.639    0.00974272
8.64    0.00973923
8.641    0.00973576
8.642    0.00973228
8.643    0.00972881
8.644    0.00972533
8.645    0.00972186
8.646    0.0097184
8.647    0.00971493
8.648    0.00971147
8.649    0.00970801
8.65    0.00970455
8.651    0.00970109
8.652    0.00969764
8.653    0.00969419
8.654    0.00969074
8.655    0.00968729
8.656    0.00968384
8.657    0.0096804
8.658    0.00967696
8.659    0.00967352
8.66    0.00967008
8.661    0.00966665
8.662    0.00966322
8.663    0.00965979
8.664    0.00965636
8.665    0.00965293
8.666    0.00964951
8.667    0.00964609
8.668    0.00964267
8.669    0.00963925
8.67    0.00963584
8.671    0.00963243
8.672    0.00962902
8.673    0.00962561
8.674    0.0096222
8.675    0.0096188
8.676    0.0096154
8.677    0.009612
8.678    0.0096086
8.679    0.0096052
8.68    0.00960181
8.681    0.00959842
8.682    0.00959503
8.683    0.00959164
8.684    0.00958826
8.685    0.00958488
8.686    0.0095815
8.687    0.00957812
8.688    0.00957474
8.689    0.00957137
8.69    0.009568
8.691    0.00956463
8.692    0.00956126
8.693    0.0095579
8.694    0.00955453
8.695    0.00955117
8.696    0.00954781
8.697    0.00954446
8.698    0.0095411
8.699    0.00953775
8.7    0.0095344
8.701    0.00953105
8.702    0.0095277
8.703    0.00952436
8.704    0.00952102
8.705    0.00951768
8.706    0.00951434
8.707    0.009511
8.708    0.00950767
8.709    0.00950434
8.71    0.00950101
8.711    0.00949768
8.712    0.00949436
8.713    0.00949103
8.714    0.00948771
8.715    0.00948439
8.716    0.00948108
8.717    0.00947776
8.718    0.00947445
8.719    0.00947114
8.72    0.00946783
8.721    0.00946452
8.722    0.00946122
8.723    0.00945792
8.724    0.00945462
8.725    0.00945132
8.726    0.00944802
8.727    0.00944473
8.728    0.00944144
8.729    0.00943815
8.73    0.00943486
8.731    0.00943157
8.732    0.00942829
8.733    0.00942501
8.734    0.00942173
8.735    0.00941845
8.736    0.00941517
8.737    0.0094119
8.738    0.00940863
8.739    0.00940536
8.74    0.00940209
8.741    0.00939883
8.742    0.00939556
8.743    0.0093923
8.744    0.00938904
8.745    0.00938578
8.746    0.00938253
8.747    0.00937927
8.748    0.00937602
8.749    0.00937277
8.75    0.00936953
8.751    0.00936628
8.752    0.00936304
8.753    0.0093598
8.754    0.00935656
8.755    0.00935332
8.756    0.00935008
8.757    0.00934685
8.758    0.00934362
8.759    0.00934039
8.76    0.00933716
8.761    0.00933394
8.762    0.00933071
8.763    0.00932749
8.764    0.00932427
8.765    0.00932106
8.766    0.00931784
8.767    0.00931463
8.768    0.00931142
8.769    0.00930821
8.77    0.009305
8.771    0.00930179
8.772    0.00929859
8.773    0.00929539
8.774    0.00929219
8.775    0.00928899
8.776    0.0092858
8.777    0.0092826
8.778    0.00927941
8.779    0.00927622
8.78    0.00927303
8.781    0.00926985
8.782    0.00926666
8.783    0.00926348
8.784    0.0092603
8.785    0.00925712
8.786    0.00925395
8.787    0.00925077
8.788    0.0092476
8.789    0.00924443
8.79    0.00924126
8.791    0.00923809
8.792    0.00923493
8.793    0.00923177
8.794    0.00922861
8.795    0.00922545
8.796    0.00922229
8.797    0.00921914
8.798    0.00921598
8.799    0.00921283
8.8    0.00920968
8.801    0.00920654
8.802    0.00920339
8.803    0.00920025
8.804    0.00919711
8.805    0.00919397
8.806    0.00919083
8.807    0.00918769
8.808    0.00918456
8.809    0.00918143
8.81    0.0091783
8.811    0.00917517
8.812    0.00917204
8.813    0.00916892
8.814    0.0091658
8.815    0.00916268
8.816    0.00915956
8.817    0.00915644
8.818    0.00915333
8.819    0.00915021
8.82    0.0091471
8.821    0.00914399
8.822    0.00914089
8.823    0.00913778
8.824    0.00913468
8.825    0.00913157
8.826    0.00912847
8.827    0.00912538
8.828    0.00912228
8.829    0.00911919
8.83    0.00911609
8.831    0.009113
8.832    0.00910992
8.833    0.00910683
8.834    0.00910374
8.835    0.00910066
8.836    0.00909758
8.837    0.0090945
8.838    0.00909142
8.839    0.00908835
8.84    0.00908527
8.841    0.0090822
8.842    0.00907913
8.843    0.00907606
8.844    0.009073
8.845    0.00906993
8.846    0.00906687
8.847    0.00906381
8.848    0.00906075
8.849    0.00905769
8.85    0.00905464
8.851    0.00905158
8.852    0.00904853
8.853    0.00904548
8.854    0.00904243
8.855    0.00903939
8.856    0.00903634
8.857    0.0090333
8.858    0.00903026
8.859    0.00902722
8.86    0.00902418
8.861    0.00902115
8.862    0.00901812
8.863    0.00901508
8.864    0.00901205
8.865    0.00900903
8.866    0.009006
8.867    0.00900297
8.868    0.00899995
8.869    0.00899693
8.87    0.00899391
8.871    0.00899089
8.872    0.00898788
8.873    0.00898487
8.874    0.00898185
8.875    0.00897884
8.876    0.00897584
8.877    0.00897283
8.878    0.00896982
8.879    0.00896682
8.88    0.00896382
8.881    0.00896082
8.882    0.00895782
8.883    0.00895483
8.884    0.00895183
8.885    0.00894884
8.886    0.00894585
8.887    0.00894286
8.888    0.00893987
8.889    0.00893689
8.89    0.00893391
8.891    0.00893092
8.892    0.00892794
8.893    0.00892497
8.894    0.00892199
8.895    0.00891902
8.896    0.00891604
8.897    0.00891307
8.898    0.0089101
8.899    0.00890713
8.9    0.00890417
8.901    0.0089012
8.902    0.00889824
8.903    0.00889528
8.904    0.00889232
8.905    0.00888937
8.906    0.00888641
8.907    0.00888346
8.908    0.00888051
8.909    0.00887755
8.91    0.00887461
8.911    0.00887166
8.912    0.00886871
8.913    0.00886577
8.914    0.00886283
8.915    0.00885989
8.916    0.00885695
8.917    0.00885402
8.918    0.00885108
8.919    0.00884815
8.92    0.00884522
8.921    0.00884229
8.922    0.00883936
8.923    0.00883643
8.924    0.00883351
8.925    0.00883059
8.926    0.00882767
8.927    0.00882475
8.928    0.00882183
8.929    0.00881891
8.93    0.008816
8.931    0.00881309
8.932    0.00881018
8.933    0.00880727
8.934    0.00880436
8.935    0.00880146
8.936    0.00879855
8.937    0.00879565
8.938    0.00879275
8.939    0.00878985
8.94    0.00878695
8.941    0.00878406
8.942    0.00878116
8.943    0.00877827
8.944    0.00877538
8.945    0.00877249
8.946    0.00876961
8.947    0.00876672
8.948    0.00876384
8.949    0.00876096
8.95    0.00875807
8.951    0.0087552
8.952    0.00875232
8.953    0.00874944
8.954    0.00874657
8.955    0.0087437
8.956    0.00874083
8.957    0.00873796
8.958    0.00873509
8.959    0.00873223
8.96    0.00872936
8.961    0.0087265
8.962    0.00872364
8.963    0.00872078
8.964    0.00871793
8.965    0.00871507
8.966    0.00871222
8.967    0.00870936
8.968    0.00870651
8.969    0.00870367
8.97    0.00870082
8.971    0.00869797
8.972    0.00869513
8.973    0.00869229
8.974    0.00868945
8.975    0.00868661
8.976    0.00868377
8.977    0.00868093
8.978    0.0086781
8.979    0.00867527
8.98    0.00867244
8.981    0.00866961
8.982    0.00866678
8.983    0.00866395
8.984    0.00866113
8.985    0.00865831
8.986    0.00865549
8.987    0.00865267
8.988    0.00864985
8.989    0.00864703
8.99    0.00864422
8.991    0.00864141
8.992    0.00863859
8.993    0.00863579
8.994    0.00863298
8.995    0.00863017
8.996    0.00862737
8.997    0.00862456
8.998    0.00862176
8.999    0.00861896
9    0.00861616
9.001    0.00861337
9.002    0.00861057
9.003    0.00860778
9.004    0.00860498
9.005    0.00860219
9.006    0.00859941
9.007    0.00859662
9.008    0.00859383
9.009    0.00859105
9.01    0.00858827
9.011    0.00858548
9.012    0.00858271
9.013    0.00857993
9.014    0.00857715
9.015    0.00857438
9.016    0.0085716
9.017    0.00856883
9.018    0.00856606
9.019    0.00856329
9.02    0.00856053
9.021    0.00855776
9.022    0.008555
9.023    0.00855224
9.024    0.00854948
9.025    0.00854672
9.026    0.00854396
9.027    0.0085412
9.028    0.00853845
9.029    0.0085357
9.03    0.00853295
9.031    0.0085302
9.032    0.00852745
9.033    0.0085247
9.034    0.00852196
9.035    0.00851921
9.036    0.00851647
9.037    0.00851373
9.038    0.00851099
9.039    0.00850826
9.04    0.00850552
9.041    0.00850279
9.042    0.00850005
9.043    0.00849732
9.044    0.00849459
9.045    0.00849187
9.046    0.00848914
9.047    0.00848642
9.048    0.00848369
9.049    0.00848097
9.05    0.00847825
9.051    0.00847553
9.052    0.00847282
9.053    0.0084701
9.054    0.00846739
9.055    0.00846467
9.056    0.00846196
9.057    0.00845925
9.058    0.00845654
9.059    0.00845384
9.06    0.00845113
9.061    0.00844843
9.062    0.00844573
9.063    0.00844303
9.064    0.00844033
9.065    0.00843763
9.066    0.00843494
9.067    0.00843224
9.068    0.00842955
9.069    0.00842686
9.07    0.00842417
9.071    0.00842148
9.072    0.00841879
9.073    0.00841611
9.074    0.00841342
9.075    0.00841074
9.076    0.00840806
9.077    0.00840538
9.078    0.0084027
9.079    0.00840003
9.08    0.00839735
9.081    0.00839468
9.082    0.00839201
9.083    0.00838934
9.084    0.00838667
9.085    0.008384
9.086    0.00838134
9.087    0.00837867
9.088    0.00837601
9.089    0.00837335
9.09    0.00837069
9.091    0.00836803
9.092    0.00836537
9.093    0.00836272
9.094    0.00836006
9.095    0.00835741
9.096    0.00835476
9.097    0.00835211
9.098    0.00834946
9.099    0.00834682
9.1    0.00834417
9.101    0.00834153
9.102    0.00833888
9.103    0.00833624
9.104    0.0083336
9.105    0.00833097
9.106    0.00832833
9.107    0.0083257
9.108    0.00832306
9.109    0.00832043
9.11    0.0083178
9.111    0.00831517
9.112    0.00831254
9.113    0.00830992
9.114    0.00830729
9.115    0.00830467
9.116    0.00830205
9.117    0.00829943
9.118    0.00829681
9.119    0.00829419
9.12    0.00829158
9.121    0.00828896
9.122    0.00828635
9.123    0.00828374
9.124    0.00828113
9.125    0.00827852
9.126    0.00827591
9.127    0.0082733
9.128    0.0082707
9.129    0.0082681
9.13    0.00826549
9.131    0.00826289
9.132    0.0082603
9.133    0.0082577
9.134    0.0082551
9.135    0.00825251
9.136    0.00824992
9.137    0.00824732
9.138    0.00824473
9.139    0.00824214
9.14    0.00823956
9.141    0.00823697
9.142    0.00823439
9.143    0.0082318
9.144    0.00822922
9.145    0.00822664
9.146    0.00822406
9.147    0.00822149
9.148    0.00821891
9.149    0.00821633
9.15    0.00821376
9.151    0.00821119
9.152    0.00820862
9.153    0.00820605
9.154    0.00820348
9.155    0.00820092
9.156    0.00819835
9.157    0.00819579
9.158    0.00819323
9.159    0.00819067
9.16    0.00818811
9.161    0.00818555
9.162    0.00818299
9.163    0.00818044
9.164    0.00817788
9.165    0.00817533
9.166    0.00817278
9.167    0.00817023
9.168    0.00816768
9.169    0.00816514
9.17    0.00816259
9.171    0.00816005
9.172    0.00815751
9.173    0.00815496
9.174    0.00815242
9.175    0.00814989
9.176    0.00814735
9.177    0.00814481
9.178    0.00814228
9.179    0.00813975
9.18    0.00813722
9.181    0.00813469
9.182    0.00813216
9.183    0.00812963
9.184    0.0081271
9.185    0.00812458
9.186    0.00812206
9.187    0.00811953
9.188    0.00811701
9.189    0.00811449
9.19    0.00811198
9.191    0.00810946
9.192    0.00810694
9.193    0.00810443
9.194    0.00810192
9.195    0.00809941
9.196    0.0080969
9.197    0.00809439
9.198    0.00809188
9.199    0.00808938
9.2    0.00808687
9.201    0.00808437
9.202    0.00808187
9.203    0.00807937
9.204    0.00807687
9.205    0.00807437
9.206    0.00807188
9.207    0.00806938
9.208    0.00806689
9.209    0.0080644
9.21    0.0080619
9.211    0.00805942
9.212    0.00805693
9.213    0.00805444
9.214    0.00805195
9.215    0.00804947
9.216    0.00804699
9.217    0.00804451
9.218    0.00804203
9.219    0.00803955
9.22    0.00803707
9.221    0.00803459
9.222    0.00803212
9.223    0.00802965
9.224    0.00802717
9.225    0.0080247
9.226    0.00802223
9.227    0.00801977
9.228    0.0080173
9.229    0.00801483
9.23    0.00801237
9.231    0.00800991
9.232    0.00800744
9.233    0.00800498
9.234    0.00800253
9.235    0.00800007
9.236    0.00799761
9.237    0.00799516
9.238    0.0079927
9.239    0.00799025
9.24    0.0079878
9.241    0.00798535
9.242    0.0079829
9.243    0.00798045
9.244    0.00797801
9.245    0.00797556
9.246    0.00797312
9.247    0.00797068
9.248    0.00796824
9.249    0.0079658
9.25    0.00796336
9.251    0.00796092
9.252    0.00795849
9.253    0.00795605
9.254    0.00795362
9.255    0.00795119
9.256    0.00794876
9.257    0.00794633
9.258    0.0079439
9.259    0.00794148
9.26    0.00793905
9.261    0.00793663
9.262    0.00793421
9.263    0.00793178
9.264    0.00792936
9.265    0.00792695
9.266    0.00792453
9.267    0.00792211
9.268    0.0079197
9.269    0.00791728
9.27    0.00791487
9.271    0.00791246
9.272    0.00791005
9.273    0.00790764
9.274    0.00790524
9.275    0.00790283
9.276    0.00790042
9.277    0.00789802
9.278    0.00789562
9.279    0.00789322
9.28    0.00789082
9.281    0.00788842
9.282    0.00788602
9.283    0.00788363
9.284    0.00788123
9.285    0.00787884
9.286    0.00787645
9.287    0.00787406
9.288    0.00787167
9.289    0.00786928
9.29    0.00786689
9.291    0.00786451
9.292    0.00786212
9.293    0.00785974
9.294    0.00785736
9.295    0.00785498
9.296    0.0078526
9.297    0.00785022
9.298    0.00784784
9.299    0.00784547
9.3    0.00784309
9.301    0.00784072
9.302    0.00783835
9.303    0.00783598
9.304    0.00783361
9.305    0.00783124
9.306    0.00782887
9.307    0.00782651
9.308    0.00782414
9.309    0.00782178
9.31    0.00781942
9.311    0.00781706
9.312    0.0078147
9.313    0.00781234
9.314    0.00780998
9.315    0.00780762
9.316    0.00780527
9.317    0.00780292
9.318    0.00780056
9.319    0.00779821
9.32    0.00779586
9.321    0.00779352
9.322    0.00779117
9.323    0.00778882
9.324    0.00778648
9.325    0.00778413
9.326    0.00778179
9.327    0.00777945
9.328    0.00777711
9.329    0.00777477
9.33    0.00777243
9.331    0.0077701
9.332    0.00776776
9.333    0.00776543
9.334    0.0077631
9.335    0.00776076
9.336    0.00775843
9.337    0.00775611
9.338    0.00775378
9.339    0.00775145
9.34    0.00774913
9.341    0.0077468
9.342    0.00774448
9.343    0.00774216
9.344    0.00773984
9.345    0.00773752
9.346    0.0077352
9.347    0.00773288
9.348    0.00773057
9.349    0.00772825
9.35    0.00772594
9.351    0.00772363
9.352    0.00772132
9.353    0.00771901
9.354    0.0077167
9.355    0.00771439
9.356    0.00771208
9.357    0.00770978
9.358    0.00770748
9.359    0.00770517
9.36    0.00770287
9.361    0.00770057
9.362    0.00769827
9.363    0.00769597
9.364    0.00769368
9.365    0.00769138
9.366    0.00768909
9.367    0.00768679
9.368    0.0076845
9.369    0.00768221
9.37    0.00767992
9.371    0.00767763
9.372    0.00767535
9.373    0.00767306
9.374    0.00767078
9.375    0.00766849
9.376    0.00766621
9.377    0.00766393
9.378    0.00766165
9.379    0.00765937
9.38    0.00765709
9.381    0.00765481
9.382    0.00765254
9.383    0.00765027
9.384    0.00764799
9.385    0.00764572
9.386    0.00764345
9.387    0.00764118
9.388    0.00763891
9.389    0.00763664
9.39    0.00763438
9.391    0.00763211
9.392    0.00762985
9.393    0.00762759
9.394    0.00762532
9.395    0.00762306
9.396    0.00762081
9.397    0.00761855
9.398    0.00761629
9.399    0.00761403
9.4    0.00761178
9.401    0.00760953
9.402    0.00760727
9.403    0.00760502
9.404    0.00760277
9.405    0.00760052
9.406    0.00759828
9.407    0.00759603
9.408    0.00759378
9.409    0.00759154
9.41    0.0075893
9.411    0.00758706
9.412    0.00758481
9.413    0.00758257
9.414    0.00758034
9.415    0.0075781
9.416    0.00757586
9.417    0.00757363
9.418    0.00757139
9.419    0.00756916
9.42    0.00756693
9.421    0.0075647
9.422    0.00756247
9.423    0.00756024
9.424    0.00755801
9.425    0.00755579
9.426    0.00755356
9.427    0.00755134
9.428    0.00754912
9.429    0.00754689
9.43    0.00754467
9.431    0.00754246
9.432    0.00754024
9.433    0.00753802
9.434    0.0075358
9.435    0.00753359
9.436    0.00753138
9.437    0.00752916
9.438    0.00752695
9.439    0.00752474
9.44    0.00752253
9.441    0.00752032
9.442    0.00751812
9.443    0.00751591
9.444    0.00751371
9.445    0.0075115
9.446    0.0075093
9.447    0.0075071
9.448    0.0075049
9.449    0.0075027
9.45    0.0075005
9.451    0.0074983
9.452    0.00749611
9.453    0.00749391
9.454    0.00749172
9.455    0.00748953
9.456    0.00748734
9.457    0.00748515
9.458    0.00748296
9.459    0.00748077
9.46    0.00747858
9.461    0.0074764
9.462    0.00747421
9.463    0.00747203
9.464    0.00746985
9.465    0.00746766
9.466    0.00746548
9.467    0.0074633
9.468    0.00746113
9.469    0.00745895
9.47    0.00745677
9.471    0.0074546
9.472    0.00745242
9.473    0.00745025
9.474    0.00744808
9.475    0.00744591
9.476    0.00744374
9.477    0.00744157
9.478    0.0074394
9.479    0.00743724
9.48    0.00743507
9.481    0.00743291
9.482    0.00743075
9.483    0.00742858
9.484    0.00742642
9.485    0.00742426
9.486    0.0074221
9.487    0.00741995
9.488    0.00741779
9.489    0.00741563
9.49    0.00741348
9.491    0.00741133
9.492    0.00740917
9.493    0.00740702
9.494    0.00740487
9.495    0.00740272
9.496    0.00740058
9.497    0.00739843
9.498    0.00739628
9.499    0.00739414
9.5    0.007392
9.501    0.00738985
9.502    0.00738771
9.503    0.00738557
9.504    0.00738343
9.505    0.00738129
9.506    0.00737916
9.507    0.00737702
9.508    0.00737489
9.509    0.00737275
9.51    0.00737062
9.511    0.00736849
9.512    0.00736636
9.513    0.00736423
9.514    0.0073621
9.515    0.00735997
9.516    0.00735784
9.517    0.00735572
9.518    0.00735359
9.519    0.00735147
9.52    0.00734935
9.521    0.00734722
9.522    0.0073451
9.523    0.00734299
9.524    0.00734087
9.525    0.00733875
9.526    0.00733663
9.527    0.00733452
9.528    0.0073324
9.529    0.00733029
9.53    0.00732818
9.531    0.00732607
9.532    0.00732396
9.533    0.00732185
9.534    0.00731974
9.535    0.00731764
9.536    0.00731553
9.537    0.00731343
9.538    0.00731132
9.539    0.00730922
9.54    0.00730712
9.541    0.00730502
9.542    0.00730292
9.543    0.00730082
9.544    0.00729872
9.545    0.00729663
9.546    0.00729453
9.547    0.00729244
9.548    0.00729034
9.549    0.00728825
9.55    0.00728616
9.551    0.00728407
9.552    0.00728198
9.553    0.00727989
9.554    0.0072778
9.555    0.00727572
9.556    0.00727363
9.557    0.00727155
9.558    0.00726947
9.559    0.00726738
9.56    0.0072653
9.561    0.00726322
9.562    0.00726114
9.563    0.00725907
9.564    0.00725699
9.565    0.00725491
9.566    0.00725284
9.567    0.00725077
9.568    0.00724869
9.569    0.00724662
9.57    0.00724455
9.571    0.00724248
9.572    0.00724041
9.573    0.00723834
9.574    0.00723628
9.575    0.00723421
9.576    0.00723215
9.577    0.00723008
9.578    0.00722802
9.579    0.00722596
9.58    0.0072239
9.581    0.00722184
9.582    0.00721978
9.583    0.00721772
9.584    0.00721566
9.585    0.00721361
9.586    0.00721155
9.587    0.0072095
9.588    0.00720745
9.589    0.0072054
9.59    0.00720335
9.591    0.0072013
9.592    0.00719925
9.593    0.0071972
9.594    0.00719515
9.595    0.00719311
9.596    0.00719106
9.597    0.00718902
9.598    0.00718698
9.599    0.00718493
9.6    0.00718289
9.601    0.00718085
9.602    0.00717882
9.603    0.00717678
9.604    0.00717474
9.605    0.00717271
9.606    0.00717067
9.607    0.00716864
9.608    0.0071666
9.609    0.00716457
9.61    0.00716254
9.611    0.00716051
9.612    0.00715848
9.613    0.00715646
9.614    0.00715443
9.615    0.0071524
9.616    0.00715038
9.617    0.00714835
9.618    0.00714633
9.619    0.00714431
9.62    0.00714229
9.621    0.00714027
9.622    0.00713825
9.623    0.00713623
9.624    0.00713421
9.625    0.0071322
9.626    0.00713018
9.627    0.00712817
9.628    0.00712615
9.629    0.00712414
9.63    0.00712213
9.631    0.00712012
9.632    0.00711811
9.633    0.0071161
9.634    0.0071141
9.635    0.00711209
9.636    0.00711008
9.637    0.00710808
9.638    0.00710608
9.639    0.00710407
9.64    0.00710207
9.641    0.00710007
9.642    0.00709807
9.643    0.00709607
9.644    0.00709407
9.645    0.00709208
9.646    0.00709008
9.647    0.00708809
9.648    0.00708609
9.649    0.0070841
9.65    0.00708211
9.651    0.00708012
9.652    0.00707813
9.653    0.00707614
9.654    0.00707415
9.655    0.00707216
9.656    0.00707018
9.657    0.00706819
9.658    0.00706621
9.659    0.00706422
9.66    0.00706224
9.661    0.00706026
9.662    0.00705828
9.663    0.0070563
9.664    0.00705432
9.665    0.00705234
9.666    0.00705037
9.667    0.00704839
9.668    0.00704642
9.669    0.00704444
9.67    0.00704247
9.671    0.0070405
9.672    0.00703853
9.673    0.00703655
9.674    0.00703459
9.675    0.00703262
9.676    0.00703065
9.677    0.00702868
9.678    0.00702672
9.679    0.00702475
9.68    0.00702279
9.681    0.00702083
9.682    0.00701887
9.683    0.0070169
9.684    0.00701494
9.685    0.00701299
9.686    0.00701103
9.687    0.00700907
9.688    0.00700711
9.689    0.00700516
9.69    0.00700321
9.691    0.00700125
9.692    0.0069993
9.693    0.00699735
9.694    0.0069954
9.695    0.00699345
9.696    0.0069915
9.697    0.00698955
9.698    0.0069876
9.699    0.00698566
9.7    0.00698371
9.701    0.00698177
9.702    0.00697983
9.703    0.00697788
9.704    0.00697594
9.705    0.006974
9.706    0.00697206
9.707    0.00697012
9.708    0.00696819
9.709    0.00696625
9.71    0.00696431
9.711    0.00696238
9.712    0.00696044
9.713    0.00695851
9.714    0.00695658
9.715    0.00695465
9.716    0.00695272
9.717    0.00695079
9.718    0.00694886
9.719    0.00694693
9.72    0.00694501
9.721    0.00694308
9.722    0.00694116
9.723    0.00693923
9.724    0.00693731
9.725    0.00693539
9.726    0.00693346
9.727    0.00693154
9.728    0.00692962
9.729    0.00692771
9.73    0.00692579
9.731    0.00692387
9.732    0.00692196
9.733    0.00692004
9.734    0.00691813
9.735    0.00691621
9.736    0.0069143
9.737    0.00691239
9.738    0.00691048
9.739    0.00690857
9.74    0.00690666
9.741    0.00690475
9.742    0.00690285
9.743    0.00690094
9.744    0.00689904
9.745    0.00689713
9.746    0.00689523
9.747    0.00689333
9.748    0.00689143
9.749    0.00688952
9.75    0.00688763
9.751    0.00688573
9.752    0.00688383
9.753    0.00688193
9.754    0.00688004
9.755    0.00687814
9.756    0.00687625
9.757    0.00687435
9.758    0.00687246
9.759    0.00687057
9.76    0.00686868
9.761    0.00686679
9.762    0.0068649
9.763    0.00686301
9.764    0.00686112
9.765    0.00685924
9.766    0.00685735
9.767    0.00685547
9.768    0.00685358
9.769    0.0068517
9.77    0.00684982
9.771    0.00684794
9.772    0.00684606
9.773    0.00684418
9.774    0.0068423
9.775    0.00684042
9.776    0.00683854
9.777    0.00683667
9.778    0.00683479
9.779    0.00683292
9.78    0.00683105
9.781    0.00682917
9.782    0.0068273
9.783    0.00682543
9.784    0.00682356
9.785    0.00682169
9.786    0.00681982
9.787    0.00681796
9.788    0.00681609
9.789    0.00681423
9.79    0.00681236
9.791    0.0068105
9.792    0.00680864
9.793    0.00680677
9.794    0.00680491
9.795    0.00680305
9.796    0.00680119
9.797    0.00679933
9.798    0.00679748
9.799    0.00679562
9.8    0.00679376
9.801    0.00679191
9.802    0.00679005
9.803    0.0067882
9.804    0.00678635
9.805    0.0067845
9.806    0.00678265
9.807    0.0067808
9.808    0.00677895
9.809    0.0067771
9.81    0.00677525
9.811    0.00677341
9.812    0.00677156
9.813    0.00676971
9.814    0.00676787
9.815    0.00676603
9.816    0.00676419
9.817    0.00676234
9.818    0.0067605
9.819    0.00675866
9.82    0.00675683
9.821    0.00675499
9.822    0.00675315
9.823    0.00675131
9.824    0.00674948
9.825    0.00674764
9.826    0.00674581
9.827    0.00674398
9.828    0.00674215
9.829    0.00674031
9.83    0.00673848
9.831    0.00673665
9.832    0.00673483
9.833    0.006733
9.834    0.00673117
9.835    0.00672934
9.836    0.00672752
9.837    0.00672569
9.838    0.00672387
9.839    0.00672205
9.84    0.00672023
9.841    0.00671841
9.842    0.00671658
9.843    0.00671477
9.844    0.00671295
9.845    0.00671113
9.846    0.00670931
9.847    0.0067075
9.848    0.00670568
9.849    0.00670387
9.85    0.00670205
9.851    0.00670024
9.852    0.00669843
9.853    0.00669662
9.854    0.00669481
9.855    0.006693
9.856    0.00669119
9.857    0.00668938
9.858    0.00668757
9.859    0.00668577
9.86    0.00668396
9.861    0.00668216
9.862    0.00668035
9.863    0.00667855
9.864    0.00667675
9.865    0.00667495
9.866    0.00667315
9.867    0.00667135
9.868    0.00666955
9.869    0.00666775
9.87    0.00666595
9.871    0.00666416
9.872    0.00666236
9.873    0.00666057
9.874    0.00665877
9.875    0.00665698
9.876    0.00665519
9.877    0.0066534
9.878    0.00665161
9.879    0.00664982
9.88    0.00664803
9.881    0.00664624
9.882    0.00664445
9.883    0.00664267
9.884    0.00664088
9.885    0.0066391
9.886    0.00663731
9.887    0.00663553
9.888    0.00663375
9.889    0.00663196
9.89    0.00663018
9.891    0.0066284
9.892    0.00662662
9.893    0.00662485
9.894    0.00662307
9.895    0.00662129
9.896    0.00661952
9.897    0.00661774
9.898    0.00661597
9.899    0.00661419
9.9    0.00661242
9.901    0.00661065
9.902    0.00660888
9.903    0.00660711
9.904    0.00660534
9.905    0.00660357
9.906    0.0066018
9.907    0.00660003
9.908    0.00659827
9.909    0.0065965
9.91    0.00659474
9.911    0.00659297
9.912    0.00659121
9.913    0.00658945
9.914    0.00658769
9.915    0.00658592
9.916    0.00658416
9.917    0.00658241
9.918    0.00658065
9.919    0.00657889
9.92    0.00657713
9.921    0.00657538
9.922    0.00657362
9.923    0.00657187
9.924    0.00657011
9.925    0.00656836
9.926    0.00656661
9.927    0.00656486
9.928    0.00656311
9.929    0.00656136
9.93    0.00655961
9.931    0.00655786
9.932    0.00655611
9.933    0.00655437
9.934    0.00655262
9.935    0.00655088
9.936    0.00654913
9.937    0.00654739
9.938    0.00654565
9.939    0.0065439
9.94    0.00654216
9.941    0.00654042
9.942    0.00653868
9.943    0.00653694
9.944    0.00653521
9.945    0.00653347
9.946    0.00653173
9.947    0.00653
9.948    0.00652826
9.949    0.00652653
9.95    0.0065248
9.951    0.00652306
9.952    0.00652133
9.953    0.0065196
9.954    0.00651787
9.955    0.00651614
9.956    0.00651441
9.957    0.00651268
9.958    0.00651096
9.959    0.00650923
9.96    0.00650751
9.961    0.00650578
9.962    0.00650406
9.963    0.00650233
9.964    0.00650061
9.965    0.00649889
9.966    0.00649717
9.967    0.00649545
9.968    0.00649373
9.969    0.00649201
9.97    0.00649029
9.971    0.00648858
9.972    0.00648686
9.973    0.00648514
9.974    0.00648343
9.975    0.00648172
9.976    0.00648
9.977    0.00647829
9.978    0.00647658
9.979    0.00647487
9.98    0.00647316
9.981    0.00647145
9.982    0.00646974
9.983    0.00646803
9.984    0.00646632
9.985    0.00646462
9.986    0.00646291
9.987    0.00646121
9.988    0.0064595
9.989    0.0064578
9.99    0.0064561
9.991    0.0064544
9.992    0.00645269
9.993    0.00645099
9.994    0.00644929
9.995    0.0064476
9.996    0.0064459
9.997    0.0064442
9.998    0.0064425
9.999    0.00644081
