-10    0.00638701
-9.999    0.00638852
-9.998    0.00639004
-9.997    0.00639155
-9.996    0.00639307
-9.995    0.00639458
-9.994    0.0063961
-9.993    0.00639762
-9.992    0.00639913
-9.991    0.00640065
-9.99    0.00640217
-9.989    0.00640369
-9.988    0.00640521
-9.987    0.00640673
-9.986    0.00640825
-9.985    0.00640977
-9.984    0.00641129
-9.983    0.00641281
-9.982    0.00641433
-9.981    0.00641586
-9.98    0.00641738
-9.979    0.0064189
-9.978    0.00642043
-9.977    0.00642196
-9.976    0.00642348
-9.975    0.00642501
-9.974    0.00642653
-9.973    0.00642806
-9.972    0.00642959
-9.971    0.00643112
-9.97    0.00643265
-9.969    0.00643418
-9.968    0.00643571
-9.967    0.00643724
-9.966    0.00643877
-9.965    0.0064403
-9.964    0.00644184
-9.963    0.00644337
-9.962    0.0064449
-9.961    0.00644644
-9.96    0.00644797
-9.959    0.00644951
-9.958    0.00645104
-9.957    0.00645258
-9.956    0.00645412
-9.955    0.00645566
-9.954    0.00645719
-9.953    0.00645873
-9.952    0.00646027
-9.951    0.00646181
-9.95    0.00646335
-9.949    0.00646489
-9.948    0.00646644
-9.947    0.00646798
-9.946    0.00646952
-9.945    0.00647106
-9.944    0.00647261
-9.943    0.00647415
-9.942    0.0064757
-9.941    0.00647724
-9.94    0.00647879
-9.939    0.00648034
-9.938    0.00648188
-9.937    0.00648343
-9.936    0.00648498
-9.935    0.00648653
-9.934    0.00648808
-9.933    0.00648963
-9.932    0.00649118
-9.931    0.00649273
-9.93    0.00649428
-9.929    0.00649584
-9.928    0.00649739
-9.927    0.00649894
-9.926    0.0065005
-9.925    0.00650205
-9.924    0.00650361
-9.923    0.00650516
-9.922    0.00650672
-9.921    0.00650828
-9.92    0.00650983
-9.919    0.00651139
-9.918    0.00651295
-9.917    0.00651451
-9.916    0.00651607
-9.915    0.00651763
-9.914    0.00651919
-9.913    0.00652075
-9.912    0.00652232
-9.911    0.00652388
-9.91    0.00652544
-9.909    0.00652701
-9.908    0.00652857
-9.907    0.00653014
-9.906    0.0065317
-9.905    0.00653327
-9.904    0.00653484
-9.903    0.0065364
-9.902    0.00653797
-9.901    0.00653954
-9.9    0.00654111
-9.899    0.00654268
-9.898    0.00654425
-9.897    0.00654582
-9.896    0.00654739
-9.895    0.00654896
-9.894    0.00655054
-9.893    0.00655211
-9.892    0.00655368
-9.891    0.00655526
-9.89    0.00655683
-9.889    0.00655841
-9.888    0.00655998
-9.887    0.00656156
-9.886    0.00656314
-9.885    0.00656472
-9.884    0.0065663
-9.883    0.00656787
-9.882    0.00656945
-9.881    0.00657103
-9.88    0.00657262
-9.879    0.0065742
-9.878    0.00657578
-9.877    0.00657736
-9.876    0.00657894
-9.875    0.00658053
-9.874    0.00658211
-9.873    0.0065837
-9.872    0.00658528
-9.871    0.00658687
-9.87    0.00658846
-9.869    0.00659004
-9.868    0.00659163
-9.867    0.00659322
-9.866    0.00659481
-9.865    0.0065964
-9.864    0.00659799
-9.863    0.00659958
-9.862    0.00660117
-9.861    0.00660276
-9.86    0.00660436
-9.859    0.00660595
-9.858    0.00660754
-9.857    0.00660914
-9.856    0.00661073
-9.855    0.00661233
-9.854    0.00661392
-9.853    0.00661552
-9.852    0.00661712
-9.851    0.00661872
-9.85    0.00662032
-9.849    0.00662191
-9.848    0.00662351
-9.847    0.00662511
-9.846    0.00662672
-9.845    0.00662832
-9.844    0.00662992
-9.843    0.00663152
-9.842    0.00663313
-9.841    0.00663473
-9.84    0.00663633
-9.839    0.00663794
-9.838    0.00663955
-9.837    0.00664115
-9.836    0.00664276
-9.835    0.00664437
-9.834    0.00664597
-9.833    0.00664758
-9.832    0.00664919
-9.831    0.0066508
-9.83    0.00665241
-9.829    0.00665402
-9.828    0.00665564
-9.827    0.00665725
-9.826    0.00665886
-9.825    0.00666047
-9.824    0.00666209
-9.823    0.0066637
-9.822    0.00666532
-9.821    0.00666693
-9.82    0.00666855
-9.819    0.00667017
-9.818    0.00667179
-9.817    0.0066734
-9.816    0.00667502
-9.815    0.00667664
-9.814    0.00667826
-9.813    0.00667988
-9.812    0.00668151
-9.811    0.00668313
-9.81    0.00668475
-9.809    0.00668637
-9.808    0.006688
-9.807    0.00668962
-9.806    0.00669125
-9.805    0.00669287
-9.804    0.0066945
-9.803    0.00669613
-9.802    0.00669775
-9.801    0.00669938
-9.8    0.00670101
-9.799    0.00670264
-9.798    0.00670427
-9.797    0.0067059
-9.796    0.00670753
-9.795    0.00670916
-9.794    0.00671079
-9.793    0.00671243
-9.792    0.00671406
-9.791    0.0067157
-9.79    0.00671733
-9.789    0.00671897
-9.788    0.0067206
-9.787    0.00672224
-9.786    0.00672388
-9.785    0.00672551
-9.784    0.00672715
-9.783    0.00672879
-9.782    0.00673043
-9.781    0.00673207
-9.78    0.00673371
-9.779    0.00673535
-9.778    0.006737
-9.777    0.00673864
-9.776    0.00674028
-9.775    0.00674193
-9.774    0.00674357
-9.773    0.00674522
-9.772    0.00674686
-9.771    0.00674851
-9.77    0.00675016
-9.769    0.0067518
-9.768    0.00675345
-9.767    0.0067551
-9.766    0.00675675
-9.765    0.0067584
-9.764    0.00676005
-9.763    0.0067617
-9.762    0.00676336
-9.761    0.00676501
-9.76    0.00676666
-9.759    0.00676832
-9.758    0.00676997
-9.757    0.00677163
-9.756    0.00677328
-9.755    0.00677494
-9.754    0.0067766
-9.753    0.00677825
-9.752    0.00677991
-9.751    0.00678157
-9.75    0.00678323
-9.749    0.00678489
-9.748    0.00678655
-9.747    0.00678821
-9.746    0.00678987
-9.745    0.00679154
-9.744    0.0067932
-9.743    0.00679486
-9.742    0.00679653
-9.741    0.00679819
-9.74    0.00679986
-9.739    0.00680153
-9.738    0.00680319
-9.737    0.00680486
-9.736    0.00680653
-9.735    0.0068082
-9.734    0.00680987
-9.733    0.00681154
-9.732    0.00681321
-9.731    0.00681488
-9.73    0.00681655
-9.729    0.00681823
-9.728    0.0068199
-9.727    0.00682157
-9.726    0.00682325
-9.725    0.00682492
-9.724    0.0068266
-9.723    0.00682828
-9.722    0.00682995
-9.721    0.00683163
-9.72    0.00683331
-9.719    0.00683499
-9.718    0.00683667
-9.717    0.00683835
-9.716    0.00684003
-9.715    0.00684171
-9.714    0.0068434
-9.713    0.00684508
-9.712    0.00684676
-9.711    0.00684845
-9.71    0.00685013
-9.709    0.00685182
-9.708    0.0068535
-9.707    0.00685519
-9.706    0.00685688
-9.705    0.00685857
-9.704    0.00686025
-9.703    0.00686194
-9.702    0.00686363
-9.701    0.00686532
-9.7    0.00686702
-9.699    0.00686871
-9.698    0.0068704
-9.697    0.00687209
-9.696    0.00687379
-9.695    0.00687548
-9.694    0.00687718
-9.693    0.00687887
-9.692    0.00688057
-9.691    0.00688227
-9.69    0.00688396
-9.689    0.00688566
-9.688    0.00688736
-9.687    0.00688906
-9.686    0.00689076
-9.685    0.00689246
-9.684    0.00689416
-9.683    0.00689587
-9.682    0.00689757
-9.681    0.00689927
-9.68    0.00690098
-9.679    0.00690268
-9.678    0.00690439
-9.677    0.00690609
-9.676    0.0069078
-9.675    0.00690951
-9.674    0.00691122
-9.673    0.00691293
-9.672    0.00691463
-9.671    0.00691634
-9.67    0.00691806
-9.669    0.00691977
-9.668    0.00692148
-9.667    0.00692319
-9.666    0.0069249
-9.665    0.00692662
-9.664    0.00692833
-9.663    0.00693005
-9.662    0.00693176
-9.661    0.00693348
-9.66    0.0069352
-9.659    0.00693692
-9.658    0.00693864
-9.657    0.00694035
-9.656    0.00694207
-9.655    0.0069438
-9.654    0.00694552
-9.653    0.00694724
-9.652    0.00694896
-9.651    0.00695068
-9.65    0.00695241
-9.649    0.00695413
-9.648    0.00695586
-9.647    0.00695758
-9.646    0.00695931
-9.645    0.00696104
-9.644    0.00696276
-9.643    0.00696449
-9.642    0.00696622
-9.641    0.00696795
-9.64    0.00696968
-9.639    0.00697141
-9.638    0.00697315
-9.637    0.00697488
-9.636    0.00697661
-9.635    0.00697834
-9.634    0.00698008
-9.633    0.00698181
-9.632    0.00698355
-9.631    0.00698529
-9.63    0.00698702
-9.629    0.00698876
-9.628    0.0069905
-9.627    0.00699224
-9.626    0.00699398
-9.625    0.00699572
-9.624    0.00699746
-9.623    0.0069992
-9.622    0.00700094
-9.621    0.00700269
-9.62    0.00700443
-9.619    0.00700618
-9.618    0.00700792
-9.617    0.00700967
-9.616    0.00701141
-9.615    0.00701316
-9.614    0.00701491
-9.613    0.00701666
-9.612    0.00701841
-9.611    0.00702016
-9.61    0.00702191
-9.609    0.00702366
-9.608    0.00702541
-9.607    0.00702716
-9.606    0.00702891
-9.605    0.00703067
-9.604    0.00703242
-9.603    0.00703418
-9.602    0.00703593
-9.601    0.00703769
-9.6    0.00703945
-9.599    0.00704121
-9.598    0.00704296
-9.597    0.00704472
-9.596    0.00704648
-9.595    0.00704824
-9.594    0.00705001
-9.593    0.00705177
-9.592    0.00705353
-9.591    0.00705529
-9.59    0.00705706
-9.589    0.00705882
-9.588    0.00706059
-9.587    0.00706235
-9.586    0.00706412
-9.585    0.00706589
-9.584    0.00706766
-9.583    0.00706943
-9.582    0.00707119
-9.581    0.00707296
-9.58    0.00707474
-9.579    0.00707651
-9.578    0.00707828
-9.577    0.00708005
-9.576    0.00708183
-9.575    0.0070836
-9.574    0.00708538
-9.573    0.00708715
-9.572    0.00708893
-9.571    0.0070907
-9.57    0.00709248
-9.569    0.00709426
-9.568    0.00709604
-9.567    0.00709782
-9.566    0.0070996
-9.565    0.00710138
-9.564    0.00710316
-9.563    0.00710494
-9.562    0.00710673
-9.561    0.00710851
-9.56    0.0071103
-9.559    0.00711208
-9.558    0.00711387
-9.557    0.00711565
-9.556    0.00711744
-9.555    0.00711923
-9.554    0.00712102
-9.553    0.00712281
-9.552    0.0071246
-9.551    0.00712639
-9.55    0.00712818
-9.549    0.00712997
-9.548    0.00713177
-9.547    0.00713356
-9.546    0.00713535
-9.545    0.00713715
-9.544    0.00713894
-9.543    0.00714074
-9.542    0.00714254
-9.541    0.00714434
-9.54    0.00714613
-9.539    0.00714793
-9.538    0.00714973
-9.537    0.00715153
-9.536    0.00715334
-9.535    0.00715514
-9.534    0.00715694
-9.533    0.00715874
-9.532    0.00716055
-9.531    0.00716235
-9.53    0.00716416
-9.529    0.00716596
-9.528    0.00716777
-9.527    0.00716958
-9.526    0.00717139
-9.525    0.0071732
-9.524    0.00717501
-9.523    0.00717682
-9.522    0.00717863
-9.521    0.00718044
-9.52    0.00718225
-9.519    0.00718406
-9.518    0.00718588
-9.517    0.00718769
-9.516    0.00718951
-9.515    0.00719132
-9.514    0.00719314
-9.513    0.00719496
-9.512    0.00719678
-9.511    0.0071986
-9.51    0.00720042
-9.509    0.00720224
-9.508    0.00720406
-9.507    0.00720588
-9.506    0.0072077
-9.505    0.00720952
-9.504    0.00721135
-9.503    0.00721317
-9.502    0.007215
-9.501    0.00721682
-9.5    0.00721865
-9.499    0.00722048
-9.498    0.00722231
-9.497    0.00722413
-9.496    0.00722596
-9.495    0.00722779
-9.494    0.00722963
-9.493    0.00723146
-9.492    0.00723329
-9.491    0.00723512
-9.49    0.00723696
-9.489    0.00723879
-9.488    0.00724063
-9.487    0.00724246
-9.486    0.0072443
-9.485    0.00724614
-9.484    0.00724798
-9.483    0.00724981
-9.482    0.00725165
-9.481    0.00725349
-9.48    0.00725534
-9.479    0.00725718
-9.478    0.00725902
-9.477    0.00726086
-9.476    0.00726271
-9.475    0.00726455
-9.474    0.0072664
-9.473    0.00726824
-9.472    0.00727009
-9.471    0.00727194
-9.47    0.00727379
-9.469    0.00727563
-9.468    0.00727748
-9.467    0.00727933
-9.466    0.00728119
-9.465    0.00728304
-9.464    0.00728489
-9.463    0.00728674
-9.462    0.0072886
-9.461    0.00729045
-9.46    0.00729231
-9.459    0.00729416
-9.458    0.00729602
-9.457    0.00729788
-9.456    0.00729974
-9.455    0.0073016
-9.454    0.00730346
-9.453    0.00730532
-9.452    0.00730718
-9.451    0.00730904
-9.45    0.0073109
-9.449    0.00731277
-9.448    0.00731463
-9.447    0.0073165
-9.446    0.00731836
-9.445    0.00732023
-9.444    0.0073221
-9.443    0.00732396
-9.442    0.00732583
-9.441    0.0073277
-9.44    0.00732957
-9.439    0.00733144
-9.438    0.00733332
-9.437    0.00733519
-9.436    0.00733706
-9.435    0.00733894
-9.434    0.00734081
-9.433    0.00734269
-9.432    0.00734456
-9.431    0.00734644
-9.43    0.00734832
-9.429    0.00735019
-9.428    0.00735207
-9.427    0.00735395
-9.426    0.00735583
-9.425    0.00735771
-9.424    0.0073596
-9.423    0.00736148
-9.422    0.00736336
-9.421    0.00736525
-9.42    0.00736713
-9.419    0.00736902
-9.418    0.0073709
-9.417    0.00737279
-9.416    0.00737468
-9.415    0.00737657
-9.414    0.00737846
-9.413    0.00738035
-9.412    0.00738224
-9.411    0.00738413
-9.41    0.00738602
-9.409    0.00738792
-9.408    0.00738981
-9.407    0.00739171
-9.406    0.0073936
-9.405    0.0073955
-9.404    0.00739739
-9.403    0.00739929
-9.402    0.00740119
-9.401    0.00740309
-9.4    0.00740499
-9.399    0.00740689
-9.398    0.00740879
-9.397    0.00741069
-9.396    0.0074126
-9.395    0.0074145
-9.394    0.00741641
-9.393    0.00741831
-9.392    0.00742022
-9.391    0.00742212
-9.39    0.00742403
-9.389    0.00742594
-9.388    0.00742785
-9.387    0.00742976
-9.386    0.00743167
-9.385    0.00743358
-9.384    0.00743549
-9.383    0.0074374
-9.382    0.00743932
-9.381    0.00744123
-9.38    0.00744315
-9.379    0.00744506
-9.378    0.00744698
-9.377    0.0074489
-9.376    0.00745082
-9.375    0.00745273
-9.374    0.00745465
-9.373    0.00745658
-9.372    0.0074585
-9.371    0.00746042
-9.37    0.00746234
-9.369    0.00746426
-9.368    0.00746619
-9.367    0.00746811
-9.366    0.00747004
-9.365    0.00747197
-9.364    0.00747389
-9.363    0.00747582
-9.362    0.00747775
-9.361    0.00747968
-9.36    0.00748161
-9.359    0.00748354
-9.358    0.00748547
-9.357    0.00748741
-9.356    0.00748934
-9.355    0.00749127
-9.354    0.00749321
-9.353    0.00749515
-9.352    0.00749708
-9.351    0.00749902
-9.35    0.00750096
-9.349    0.0075029
-9.348    0.00750484
-9.347    0.00750678
-9.346    0.00750872
-9.345    0.00751066
-9.344    0.0075126
-9.343    0.00751455
-9.342    0.00751649
-9.341    0.00751844
-9.34    0.00752038
-9.339    0.00752233
-9.338    0.00752428
-9.337    0.00752622
-9.336    0.00752817
-9.335    0.00753012
-9.334    0.00753207
-9.333    0.00753402
-9.332    0.00753598
-9.331    0.00753793
-9.33    0.00753988
-9.329    0.00754184
-9.328    0.00754379
-9.327    0.00754575
-9.326    0.00754771
-9.325    0.00754966
-9.324    0.00755162
-9.323    0.00755358
-9.322    0.00755554
-9.321    0.0075575
-9.32    0.00755946
-9.319    0.00756142
-9.318    0.00756339
-9.317    0.00756535
-9.316    0.00756732
-9.315    0.00756928
-9.314    0.00757125
-9.313    0.00757321
-9.312    0.00757518
-9.311    0.00757715
-9.31    0.00757912
-9.309    0.00758109
-9.308    0.00758306
-9.307    0.00758503
-9.306    0.00758701
-9.305    0.00758898
-9.304    0.00759095
-9.303    0.00759293
-9.302    0.0075949
-9.301    0.00759688
-9.3    0.00759886
-9.299    0.00760084
-9.298    0.00760282
-9.297    0.00760479
-9.296    0.00760678
-9.295    0.00760876
-9.294    0.00761074
-9.293    0.00761272
-9.292    0.00761471
-9.291    0.00761669
-9.29    0.00761868
-9.289    0.00762066
-9.288    0.00762265
-9.287    0.00762464
-9.286    0.00762662
-9.285    0.00762861
-9.284    0.0076306
-9.283    0.00763259
-9.282    0.00763459
-9.281    0.00763658
-9.28    0.00763857
-9.279    0.00764057
-9.278    0.00764256
-9.277    0.00764456
-9.276    0.00764655
-9.275    0.00764855
-9.274    0.00765055
-9.273    0.00765255
-9.272    0.00765455
-9.271    0.00765655
-9.27    0.00765855
-9.269    0.00766055
-9.268    0.00766255
-9.267    0.00766456
-9.266    0.00766656
-9.265    0.00766857
-9.264    0.00767057
-9.263    0.00767258
-9.262    0.00767459
-9.261    0.0076766
-9.26    0.00767861
-9.259    0.00768062
-9.258    0.00768263
-9.257    0.00768464
-9.256    0.00768665
-9.255    0.00768867
-9.254    0.00769068
-9.253    0.0076927
-9.252    0.00769471
-9.251    0.00769673
-9.25    0.00769875
-9.249    0.00770076
-9.248    0.00770278
-9.247    0.0077048
-9.246    0.00770682
-9.245    0.00770885
-9.244    0.00771087
-9.243    0.00771289
-9.242    0.00771492
-9.241    0.00771694
-9.24    0.00771897
-9.239    0.00772099
-9.238    0.00772302
-9.237    0.00772505
-9.236    0.00772708
-9.235    0.00772911
-9.234    0.00773114
-9.233    0.00773317
-9.232    0.0077352
-9.231    0.00773724
-9.23    0.00773927
-9.229    0.0077413
-9.228    0.00774334
-9.227    0.00774538
-9.226    0.00774741
-9.225    0.00774945
-9.224    0.00775149
-9.223    0.00775353
-9.222    0.00775557
-9.221    0.00775761
-9.22    0.00775966
-9.219    0.0077617
-9.218    0.00776374
-9.217    0.00776579
-9.216    0.00776783
-9.215    0.00776988
-9.214    0.00777193
-9.213    0.00777397
-9.212    0.00777602
-9.211    0.00777807
-9.21    0.00778012
-9.209    0.00778218
-9.208    0.00778423
-9.207    0.00778628
-9.206    0.00778834
-9.205    0.00779039
-9.204    0.00779245
-9.203    0.0077945
-9.202    0.00779656
-9.201    0.00779862
-9.2    0.00780068
-9.199    0.00780274
-9.198    0.0078048
-9.197    0.00780686
-9.196    0.00780892
-9.195    0.00781098
-9.194    0.00781305
-9.193    0.00781511
-9.192    0.00781718
-9.191    0.00781925
-9.19    0.00782131
-9.189    0.00782338
-9.188    0.00782545
-9.187    0.00782752
-9.186    0.00782959
-9.185    0.00783166
-9.184    0.00783373
-9.183    0.00783581
-9.182    0.00783788
-9.181    0.00783996
-9.18    0.00784203
-9.179    0.00784411
-9.178    0.00784619
-9.177    0.00784827
-9.176    0.00785035
-9.175    0.00785243
-9.174    0.00785451
-9.173    0.00785659
-9.172    0.00785867
-9.171    0.00786075
-9.17    0.00786284
-9.169    0.00786492
-9.168    0.00786701
-9.167    0.0078691
-9.166    0.00787118
-9.165    0.00787327
-9.164    0.00787536
-9.163    0.00787745
-9.162    0.00787954
-9.161    0.00788164
-9.16    0.00788373
-9.159    0.00788582
-9.158    0.00788792
-9.157    0.00789001
-9.156    0.00789211
-9.155    0.00789421
-9.154    0.00789631
-9.153    0.0078984
-9.152    0.0079005
-9.151    0.0079026
-9.15    0.00790471
-9.149    0.00790681
-9.148    0.00790891
-9.147    0.00791102
-9.146    0.00791312
-9.145    0.00791523
-9.144    0.00791733
-9.143    0.00791944
-9.142    0.00792155
-9.141    0.00792366
-9.14    0.00792577
-9.139    0.00792788
-9.138    0.00792999
-9.137    0.00793211
-9.136    0.00793422
-9.135    0.00793633
-9.134    0.00793845
-9.133    0.00794057
-9.132    0.00794268
-9.131    0.0079448
-9.13    0.00794692
-9.129    0.00794904
-9.128    0.00795116
-9.127    0.00795328
-9.126    0.0079554
-9.125    0.00795753
-9.124    0.00795965
-9.123    0.00796178
-9.122    0.0079639
-9.121    0.00796603
-9.12    0.00796816
-9.119    0.00797029
-9.118    0.00797241
-9.117    0.00797454
-9.116    0.00797668
-9.115    0.00797881
-9.114    0.00798094
-9.113    0.00798308
-9.112    0.00798521
-9.111    0.00798735
-9.11    0.00798948
-9.109    0.00799162
-9.108    0.00799376
-9.107    0.0079959
-9.106    0.00799804
-9.105    0.00800018
-9.104    0.00800232
-9.103    0.00800446
-9.102    0.00800661
-9.101    0.00800875
-9.1    0.0080109
-9.099    0.00801304
-9.098    0.00801519
-9.097    0.00801734
-9.096    0.00801949
-9.095    0.00802164
-9.094    0.00802379
-9.093    0.00802594
-9.092    0.00802809
-9.091    0.00803024
-9.09    0.0080324
-9.089    0.00803455
-9.088    0.00803671
-9.087    0.00803887
-9.086    0.00804102
-9.085    0.00804318
-9.084    0.00804534
-9.083    0.0080475
-9.082    0.00804966
-9.081    0.00805183
-9.08    0.00805399
-9.079    0.00805615
-9.078    0.00805832
-9.077    0.00806048
-9.076    0.00806265
-9.075    0.00806482
-9.074    0.00806699
-9.073    0.00806916
-9.072    0.00807133
-9.071    0.0080735
-9.07    0.00807567
-9.069    0.00807784
-9.068    0.00808002
-9.067    0.00808219
-9.066    0.00808437
-9.065    0.00808654
-9.064    0.00808872
-9.063    0.0080909
-9.062    0.00809308
-9.061    0.00809526
-9.06    0.00809744
-9.059    0.00809962
-9.058    0.00810181
-9.057    0.00810399
-9.056    0.00810618
-9.055    0.00810836
-9.054    0.00811055
-9.053    0.00811274
-9.052    0.00811492
-9.051    0.00811711
-9.05    0.0081193
-9.049    0.0081215
-9.048    0.00812369
-9.047    0.00812588
-9.046    0.00812807
-9.045    0.00813027
-9.044    0.00813247
-9.043    0.00813466
-9.042    0.00813686
-9.041    0.00813906
-9.04    0.00814126
-9.039    0.00814346
-9.038    0.00814566
-9.037    0.00814786
-9.036    0.00815007
-9.035    0.00815227
-9.034    0.00815447
-9.033    0.00815668
-9.032    0.00815889
-9.031    0.0081611
-9.03    0.0081633
-9.029    0.00816551
-9.028    0.00816772
-9.027    0.00816994
-9.026    0.00817215
-9.025    0.00817436
-9.024    0.00817658
-9.023    0.00817879
-9.022    0.00818101
-9.021    0.00818322
-9.02    0.00818544
-9.019    0.00818766
-9.018    0.00818988
-9.017    0.0081921
-9.016    0.00819432
-9.015    0.00819655
-9.014    0.00819877
-9.013    0.00820099
-9.012    0.00820322
-9.011    0.00820545
-9.01    0.00820767
-9.009    0.0082099
-9.008    0.00821213
-9.007    0.00821436
-9.006    0.00821659
-9.005    0.00821882
-9.004    0.00822106
-9.003    0.00822329
-9.002    0.00822553
-9.001    0.00822776
-9    0.00823
-8.999    0.00823224
-8.998    0.00823447
-8.997    0.00823671
-8.996    0.00823895
-8.995    0.0082412
-8.994    0.00824344
-8.993    0.00824568
-8.992    0.00824793
-8.991    0.00825017
-8.99    0.00825242
-8.989    0.00825466
-8.988    0.00825691
-8.987    0.00825916
-8.986    0.00826141
-8.985    0.00826366
-8.984    0.00826591
-8.983    0.00826817
-8.982    0.00827042
-8.981    0.00827267
-8.98    0.00827493
-8.979    0.00827719
-8.978    0.00827944
-8.977    0.0082817
-8.976    0.00828396
-8.975    0.00828622
-8.974    0.00828848
-8.973    0.00829075
-8.972    0.00829301
-8.971    0.00829527
-8.97    0.00829754
-8.969    0.0082998
-8.968    0.00830207
-8.967    0.00830434
-8.966    0.00830661
-8.965    0.00830888
-8.964    0.00831115
-8.963    0.00831342
-8.962    0.00831569
-8.961    0.00831797
-8.96    0.00832024
-8.959    0.00832252
-8.958    0.00832479
-8.957    0.00832707
-8.956    0.00832935
-8.955    0.00833163
-8.954    0.00833391
-8.953    0.00833619
-8.952    0.00833847
-8.951    0.00834076
-8.95    0.00834304
-8.949    0.00834533
-8.948    0.00834761
-8.947    0.0083499
-8.946    0.00835219
-8.945    0.00835448
-8.944    0.00835677
-8.943    0.00835906
-8.942    0.00836135
-8.941    0.00836364
-8.94    0.00836594
-8.939    0.00836823
-8.938    0.00837053
-8.937    0.00837283
-8.936    0.00837512
-8.935    0.00837742
-8.934    0.00837972
-8.933    0.00838202
-8.932    0.00838433
-8.931    0.00838663
-8.93    0.00838893
-8.929    0.00839124
-8.928    0.00839354
-8.927    0.00839585
-8.926    0.00839816
-8.925    0.00840047
-8.924    0.00840278
-8.923    0.00840509
-8.922    0.0084074
-8.921    0.00840971
-8.92    0.00841202
-8.919    0.00841434
-8.918    0.00841665
-8.917    0.00841897
-8.916    0.00842129
-8.915    0.00842361
-8.914    0.00842593
-8.913    0.00842825
-8.912    0.00843057
-8.911    0.00843289
-8.91    0.00843521
-8.909    0.00843754
-8.908    0.00843986
-8.907    0.00844219
-8.906    0.00844452
-8.905    0.00844685
-8.904    0.00844918
-8.903    0.00845151
-8.902    0.00845384
-8.901    0.00845617
-8.9    0.0084585
-8.899    0.00846084
-8.898    0.00846317
-8.897    0.00846551
-8.896    0.00846785
-8.895    0.00847019
-8.894    0.00847253
-8.893    0.00847487
-8.892    0.00847721
-8.891    0.00847955
-8.89    0.00848189
-8.889    0.00848424
-8.888    0.00848658
-8.887    0.00848893
-8.886    0.00849128
-8.885    0.00849362
-8.884    0.00849597
-8.883    0.00849832
-8.882    0.00850068
-8.881    0.00850303
-8.88    0.00850538
-8.879    0.00850774
-8.878    0.00851009
-8.877    0.00851245
-8.876    0.00851481
-8.875    0.00851716
-8.874    0.00851952
-8.873    0.00852188
-8.872    0.00852425
-8.871    0.00852661
-8.87    0.00852897
-8.869    0.00853134
-8.868    0.0085337
-8.867    0.00853607
-8.866    0.00853844
-8.865    0.0085408
-8.864    0.00854317
-8.863    0.00854554
-8.862    0.00854792
-8.861    0.00855029
-8.86    0.00855266
-8.859    0.00855504
-8.858    0.00855741
-8.857    0.00855979
-8.856    0.00856217
-8.855    0.00856455
-8.854    0.00856693
-8.853    0.00856931
-8.852    0.00857169
-8.851    0.00857407
-8.85    0.00857646
-8.849    0.00857884
-8.848    0.00858123
-8.847    0.00858361
-8.846    0.008586
-8.845    0.00858839
-8.844    0.00859078
-8.843    0.00859317
-8.842    0.00859556
-8.841    0.00859796
-8.84    0.00860035
-8.839    0.00860275
-8.838    0.00860514
-8.837    0.00860754
-8.836    0.00860994
-8.835    0.00861234
-8.834    0.00861474
-8.833    0.00861714
-8.832    0.00861954
-8.831    0.00862195
-8.83    0.00862435
-8.829    0.00862676
-8.828    0.00862916
-8.827    0.00863157
-8.826    0.00863398
-8.825    0.00863639
-8.824    0.0086388
-8.823    0.00864121
-8.822    0.00864362
-8.821    0.00864604
-8.82    0.00864845
-8.819    0.00865087
-8.818    0.00865329
-8.817    0.0086557
-8.816    0.00865812
-8.815    0.00866054
-8.814    0.00866296
-8.813    0.00866539
-8.812    0.00866781
-8.811    0.00867023
-8.81    0.00867266
-8.809    0.00867509
-8.808    0.00867751
-8.807    0.00867994
-8.806    0.00868237
-8.805    0.0086848
-8.804    0.00868723
-8.803    0.00868967
-8.802    0.0086921
-8.801    0.00869454
-8.8    0.00869697
-8.799    0.00869941
-8.798    0.00870185
-8.797    0.00870429
-8.796    0.00870673
-8.795    0.00870917
-8.794    0.00871161
-8.793    0.00871405
-8.792    0.0087165
-8.791    0.00871894
-8.79    0.00872139
-8.789    0.00872384
-8.788    0.00872629
-8.787    0.00872873
-8.786    0.00873119
-8.785    0.00873364
-8.784    0.00873609
-8.783    0.00873854
-8.782    0.008741
-8.781    0.00874346
-8.78    0.00874591
-8.779    0.00874837
-8.778    0.00875083
-8.777    0.00875329
-8.776    0.00875575
-8.775    0.00875821
-8.774    0.00876068
-8.773    0.00876314
-8.772    0.00876561
-8.771    0.00876808
-8.77    0.00877054
-8.769    0.00877301
-8.768    0.00877548
-8.767    0.00877795
-8.766    0.00878043
-8.765    0.0087829
-8.764    0.00878537
-8.763    0.00878785
-8.762    0.00879033
-8.761    0.0087928
-8.76    0.00879528
-8.759    0.00879776
-8.758    0.00880024
-8.757    0.00880272
-8.756    0.00880521
-8.755    0.00880769
-8.754    0.00881018
-8.753    0.00881266
-8.752    0.00881515
-8.751    0.00881764
-8.75    0.00882013
-8.749    0.00882262
-8.748    0.00882511
-8.747    0.0088276
-8.746    0.0088301
-8.745    0.00883259
-8.744    0.00883509
-8.743    0.00883758
-8.742    0.00884008
-8.741    0.00884258
-8.74    0.00884508
-8.739    0.00884758
-8.738    0.00885009
-8.737    0.00885259
-8.736    0.00885509
-8.735    0.0088576
-8.734    0.00886011
-8.733    0.00886262
-8.732    0.00886513
-8.731    0.00886764
-8.73    0.00887015
-8.729    0.00887266
-8.728    0.00887517
-8.727    0.00887769
-8.726    0.0088802
-8.725    0.00888272
-8.724    0.00888524
-8.723    0.00888776
-8.722    0.00889028
-8.721    0.0088928
-8.72    0.00889532
-8.719    0.00889784
-8.718    0.00890037
-8.717    0.00890289
-8.716    0.00890542
-8.715    0.00890795
-8.714    0.00891048
-8.713    0.00891301
-8.712    0.00891554
-8.711    0.00891807
-8.71    0.00892061
-8.709    0.00892314
-8.708    0.00892568
-8.707    0.00892821
-8.706    0.00893075
-8.705    0.00893329
-8.704    0.00893583
-8.703    0.00893837
-8.702    0.00894091
-8.701    0.00894346
-8.7    0.008946
-8.699    0.00894855
-8.698    0.0089511
-8.697    0.00895364
-8.696    0.00895619
-8.695    0.00895874
-8.694    0.00896129
-8.693    0.00896385
-8.692    0.0089664
-8.691    0.00896896
-8.69    0.00897151
-8.689    0.00897407
-8.688    0.00897663
-8.687    0.00897919
-8.686    0.00898175
-8.685    0.00898431
-8.684    0.00898687
-8.683    0.00898943
-8.682    0.008992
-8.681    0.00899457
-8.68    0.00899713
-8.679    0.0089997
-8.678    0.00900227
-8.677    0.00900484
-8.676    0.00900741
-8.675    0.00900999
-8.674    0.00901256
-8.673    0.00901514
-8.672    0.00901771
-8.671    0.00902029
-8.67    0.00902287
-8.669    0.00902545
-8.668    0.00902803
-8.667    0.00903061
-8.666    0.00903319
-8.665    0.00903578
-8.664    0.00903836
-8.663    0.00904095
-8.662    0.00904354
-8.661    0.00904613
-8.66    0.00904872
-8.659    0.00905131
-8.658    0.0090539
-8.657    0.00905649
-8.656    0.00905909
-8.655    0.00906168
-8.654    0.00906428
-8.653    0.00906688
-8.652    0.00906948
-8.651    0.00907208
-8.65    0.00907468
-8.649    0.00907728
-8.648    0.00907989
-8.647    0.00908249
-8.646    0.0090851
-8.645    0.00908771
-8.644    0.00909031
-8.643    0.00909292
-8.642    0.00909553
-8.641    0.00909815
-8.64    0.00910076
-8.639    0.00910337
-8.638    0.00910599
-8.637    0.00910861
-8.636    0.00911122
-8.635    0.00911384
-8.634    0.00911646
-8.633    0.00911908
-8.632    0.00912171
-8.631    0.00912433
-8.63    0.00912695
-8.629    0.00912958
-8.628    0.00913221
-8.627    0.00913484
-8.626    0.00913747
-8.625    0.0091401
-8.624    0.00914273
-8.623    0.00914536
-8.622    0.009148
-8.621    0.00915063
-8.62    0.00915327
-8.619    0.0091559
-8.618    0.00915854
-8.617    0.00916118
-8.616    0.00916383
-8.615    0.00916647
-8.614    0.00916911
-8.613    0.00917176
-8.612    0.0091744
-8.611    0.00917705
-8.61    0.0091797
-8.609    0.00918235
-8.608    0.009185
-8.607    0.00918765
-8.606    0.0091903
-8.605    0.00919296
-8.604    0.00919561
-8.603    0.00919827
-8.602    0.00920093
-8.601    0.00920359
-8.6    0.00920625
-8.599    0.00920891
-8.598    0.00921157
-8.597    0.00921423
-8.596    0.0092169
-8.595    0.00921956
-8.594    0.00922223
-8.593    0.0092249
-8.592    0.00922757
-8.591    0.00923024
-8.59    0.00923291
-8.589    0.00923559
-8.588    0.00923826
-8.587    0.00924094
-8.586    0.00924361
-8.585    0.00924629
-8.584    0.00924897
-8.583    0.00925165
-8.582    0.00925433
-8.581    0.00925702
-8.58    0.0092597
-8.579    0.00926239
-8.578    0.00926507
-8.577    0.00926776
-8.576    0.00927045
-8.575    0.00927314
-8.574    0.00927583
-8.573    0.00927852
-8.572    0.00928122
-8.571    0.00928391
-8.57    0.00928661
-8.569    0.00928931
-8.568    0.009292
-8.567    0.0092947
-8.566    0.0092974
-8.565    0.00930011
-8.564    0.00930281
-8.563    0.00930552
-8.562    0.00930822
-8.561    0.00931093
-8.56    0.00931364
-8.559    0.00931635
-8.558    0.00931906
-8.557    0.00932177
-8.556    0.00932448
-8.555    0.0093272
-8.554    0.00932991
-8.553    0.00933263
-8.552    0.00933535
-8.551    0.00933807
-8.55    0.00934079
-8.549    0.00934351
-8.548    0.00934623
-8.547    0.00934896
-8.546    0.00935168
-8.545    0.00935441
-8.544    0.00935714
-8.543    0.00935987
-8.542    0.0093626
-8.541    0.00936533
-8.54    0.00936806
-8.539    0.0093708
-8.538    0.00937353
-8.537    0.00937627
-8.536    0.00937901
-8.535    0.00938174
-8.534    0.00938449
-8.533    0.00938723
-8.532    0.00938997
-8.531    0.00939271
-8.53    0.00939546
-8.529    0.00939821
-8.528    0.00940095
-8.527    0.0094037
-8.526    0.00940645
-8.525    0.0094092
-8.524    0.00941196
-8.523    0.00941471
-8.522    0.00941747
-8.521    0.00942022
-8.52    0.00942298
-8.519    0.00942574
-8.518    0.0094285
-8.517    0.00943126
-8.516    0.00943402
-8.515    0.00943679
-8.514    0.00943955
-8.513    0.00944232
-8.512    0.00944509
-8.511    0.00944786
-8.51    0.00945063
-8.509    0.0094534
-8.508    0.00945617
-8.507    0.00945895
-8.506    0.00946172
-8.505    0.0094645
-8.504    0.00946728
-8.503    0.00947005
-8.502    0.00947283
-8.501    0.00947562
-8.5    0.0094784
-8.499    0.00948118
-8.498    0.00948397
-8.497    0.00948676
-8.496    0.00948954
-8.495    0.00949233
-8.494    0.00949512
-8.493    0.00949792
-8.492    0.00950071
-8.491    0.0095035
-8.49    0.0095063
-8.489    0.0095091
-8.488    0.00951189
-8.487    0.00951469
-8.486    0.00951749
-8.485    0.0095203
-8.484    0.0095231
-8.483    0.0095259
-8.482    0.00952871
-8.481    0.00953152
-8.48    0.00953433
-8.479    0.00953713
-8.478    0.00953995
-8.477    0.00954276
-8.476    0.00954557
-8.475    0.00954839
-8.474    0.0095512
-8.473    0.00955402
-8.472    0.00955684
-8.471    0.00955966
-8.47    0.00956248
-8.469    0.0095653
-8.468    0.00956813
-8.467    0.00957095
-8.466    0.00957378
-8.465    0.00957661
-8.464    0.00957943
-8.463    0.00958226
-8.462    0.0095851
-8.461    0.00958793
-8.46    0.00959076
-8.459    0.0095936
-8.458    0.00959644
-8.457    0.00959927
-8.456    0.00960211
-8.455    0.00960495
-8.454    0.0096078
-8.453    0.00961064
-8.452    0.00961348
-8.451    0.00961633
-8.45    0.00961918
-8.449    0.00962203
-8.448    0.00962488
-8.447    0.00962773
-8.446    0.00963058
-8.445    0.00963343
-8.444    0.00963629
-8.443    0.00963914
-8.442    0.009642
-8.441    0.00964486
-8.44    0.00964772
-8.439    0.00965058
-8.438    0.00965345
-8.437    0.00965631
-8.436    0.00965918
-8.435    0.00966204
-8.434    0.00966491
-8.433    0.00966778
-8.432    0.00967065
-8.431    0.00967352
-8.43    0.0096764
-8.429    0.00967927
-8.428    0.00968215
-8.427    0.00968503
-8.426    0.0096879
-8.425    0.00969078
-8.424    0.00969367
-8.423    0.00969655
-8.422    0.00969943
-8.421    0.00970232
-8.42    0.0097052
-8.419    0.00970809
-8.418    0.00971098
-8.417    0.00971387
-8.416    0.00971677
-8.415    0.00971966
-8.414    0.00972255
-8.413    0.00972545
-8.412    0.00972835
-8.411    0.00973125
-8.41    0.00973415
-8.409    0.00973705
-8.408    0.00973995
-8.407    0.00974285
-8.406    0.00974576
-8.405    0.00974867
-8.404    0.00975157
-8.403    0.00975448
-8.402    0.00975739
-8.401    0.00976031
-8.4    0.00976322
-8.399    0.00976614
-8.398    0.00976905
-8.397    0.00977197
-8.396    0.00977489
-8.395    0.00977781
-8.394    0.00978073
-8.393    0.00978365
-8.392    0.00978658
-8.391    0.0097895
-8.39    0.00979243
-8.389    0.00979536
-8.388    0.00979829
-8.387    0.00980122
-8.386    0.00980415
-8.385    0.00980709
-8.384    0.00981002
-8.383    0.00981296
-8.382    0.0098159
-8.381    0.00981884
-8.38    0.00982178
-8.379    0.00982472
-8.378    0.00982766
-8.377    0.00983061
-8.376    0.00983355
-8.375    0.0098365
-8.374    0.00983945
-8.373    0.0098424
-8.372    0.00984535
-8.371    0.0098483
-8.37    0.00985126
-8.369    0.00985421
-8.368    0.00985717
-8.367    0.00986013
-8.366    0.00986309
-8.365    0.00986605
-8.364    0.00986901
-8.363    0.00987198
-8.362    0.00987494
-8.361    0.00987791
-8.36    0.00988088
-8.359    0.00988385
-8.358    0.00988682
-8.357    0.00988979
-8.356    0.00989276
-8.355    0.00989574
-8.354    0.00989871
-8.353    0.00990169
-8.352    0.00990467
-8.351    0.00990765
-8.35    0.00991063
-8.349    0.00991362
-8.348    0.0099166
-8.347    0.00991959
-8.346    0.00992258
-8.345    0.00992557
-8.344    0.00992856
-8.343    0.00993155
-8.342    0.00993454
-8.341    0.00993754
-8.34    0.00994053
-8.339    0.00994353
-8.338    0.00994653
-8.337    0.00994953
-8.336    0.00995253
-8.335    0.00995553
-8.334    0.00995854
-8.333    0.00996154
-8.332    0.00996455
-8.331    0.00996756
-8.33    0.00997057
-8.329    0.00997358
-8.328    0.00997659
-8.327    0.00997961
-8.326    0.00998262
-8.325    0.00998564
-8.324    0.00998866
-8.323    0.00999168
-8.322    0.0099947
-8.321    0.00999772
-8.32    0.0100007
-8.319    0.0100038
-8.318    0.0100068
-8.317    0.0100098
-8.316    0.0100129
-8.315    0.0100159
-8.314    0.0100189
-8.313    0.010022
-8.312    0.010025
-8.311    0.010028
-8.31    0.0100311
-8.309    0.0100341
-8.308    0.0100371
-8.307    0.0100402
-8.306    0.0100432
-8.305    0.0100463
-8.304    0.0100493
-8.303    0.0100524
-8.302    0.0100554
-8.301    0.0100585
-8.3    0.0100615
-8.299    0.0100646
-8.298    0.0100676
-8.297    0.0100707
-8.296    0.0100738
-8.295    0.0100768
-8.294    0.0100799
-8.293    0.0100829
-8.292    0.010086
-8.291    0.0100891
-8.29    0.0100921
-8.289    0.0100952
-8.288    0.0100983
-8.287    0.0101013
-8.286    0.0101044
-8.285    0.0101075
-8.284    0.0101106
-8.283    0.0101136
-8.282    0.0101167
-8.281    0.0101198
-8.28    0.0101229
-8.279    0.010126
-8.278    0.0101291
-8.277    0.0101321
-8.276    0.0101352
-8.275    0.0101383
-8.274    0.0101414
-8.273    0.0101445
-8.272    0.0101476
-8.271    0.0101507
-8.27    0.0101538
-8.269    0.0101569
-8.268    0.01016
-8.267    0.0101631
-8.266    0.0101662
-8.265    0.0101693
-8.264    0.0101724
-8.263    0.0101755
-8.262    0.0101786
-8.261    0.0101817
-8.26    0.0101848
-8.259    0.0101879
-8.258    0.010191
-8.257    0.0101942
-8.256    0.0101973
-8.255    0.0102004
-8.254    0.0102035
-8.253    0.0102066
-8.252    0.0102098
-8.251    0.0102129
-8.25    0.010216
-8.249    0.0102191
-8.248    0.0102223
-8.247    0.0102254
-8.246    0.0102285
-8.245    0.0102317
-8.244    0.0102348
-8.243    0.0102379
-8.242    0.0102411
-8.241    0.0102442
-8.24    0.0102473
-8.239    0.0102505
-8.238    0.0102536
-8.237    0.0102568
-8.236    0.0102599
-8.235    0.0102631
-8.234    0.0102662
-8.233    0.0102694
-8.232    0.0102725
-8.231    0.0102757
-8.23    0.0102788
-8.229    0.010282
-8.228    0.0102852
-8.227    0.0102883
-8.226    0.0102915
-8.225    0.0102946
-8.224    0.0102978
-8.223    0.010301
-8.222    0.0103041
-8.221    0.0103073
-8.22    0.0103105
-8.219    0.0103136
-8.218    0.0103168
-8.217    0.01032
-8.216    0.0103232
-8.215    0.0103264
-8.214    0.0103295
-8.213    0.0103327
-8.212    0.0103359
-8.211    0.0103391
-8.21    0.0103423
-8.209    0.0103455
-8.208    0.0103486
-8.207    0.0103518
-8.206    0.010355
-8.205    0.0103582
-8.204    0.0103614
-8.203    0.0103646
-8.202    0.0103678
-8.201    0.010371
-8.2    0.0103742
-8.199    0.0103774
-8.198    0.0103806
-8.197    0.0103838
-8.196    0.010387
-8.195    0.0103902
-8.194    0.0103934
-8.193    0.0103967
-8.192    0.0103999
-8.191    0.0104031
-8.19    0.0104063
-8.189    0.0104095
-8.188    0.0104127
-8.187    0.010416
-8.186    0.0104192
-8.185    0.0104224
-8.184    0.0104256
-8.183    0.0104289
-8.182    0.0104321
-8.181    0.0104353
-8.18    0.0104385
-8.179    0.0104418
-8.178    0.010445
-8.177    0.0104483
-8.176    0.0104515
-8.175    0.0104547
-8.174    0.010458
-8.173    0.0104612
-8.172    0.0104645
-8.171    0.0104677
-8.17    0.010471
-8.169    0.0104742
-8.168    0.0104775
-8.167    0.0104807
-8.166    0.010484
-8.165    0.0104872
-8.164    0.0104905
-8.163    0.0104937
-8.162    0.010497
-8.161    0.0105002
-8.16    0.0105035
-8.159    0.0105068
-8.158    0.01051
-8.157    0.0105133
-8.156    0.0105166
-8.155    0.0105199
-8.154    0.0105231
-8.153    0.0105264
-8.152    0.0105297
-8.151    0.010533
-8.15    0.0105362
-8.149    0.0105395
-8.148    0.0105428
-8.147    0.0105461
-8.146    0.0105494
-8.145    0.0105526
-8.144    0.0105559
-8.143    0.0105592
-8.142    0.0105625
-8.141    0.0105658
-8.14    0.0105691
-8.139    0.0105724
-8.138    0.0105757
-8.137    0.010579
-8.136    0.0105823
-8.135    0.0105856
-8.134    0.0105889
-8.133    0.0105922
-8.132    0.0105955
-8.131    0.0105988
-8.13    0.0106021
-8.129    0.0106055
-8.128    0.0106088
-8.127    0.0106121
-8.126    0.0106154
-8.125    0.0106187
-8.124    0.010622
-8.123    0.0106254
-8.122    0.0106287
-8.121    0.010632
-8.12    0.0106353
-8.119    0.0106387
-8.118    0.010642
-8.117    0.0106453
-8.116    0.0106487
-8.115    0.010652
-8.114    0.0106553
-8.113    0.0106587
-8.112    0.010662
-8.111    0.0106654
-8.11    0.0106687
-8.109    0.010672
-8.108    0.0106754
-8.107    0.0106787
-8.106    0.0106821
-8.105    0.0106854
-8.104    0.0106888
-8.103    0.0106921
-8.102    0.0106955
-8.101    0.0106989
-8.1    0.0107022
-8.099    0.0107056
-8.098    0.0107089
-8.097    0.0107123
-8.096    0.0107157
-8.095    0.010719
-8.094    0.0107224
-8.093    0.0107258
-8.092    0.0107291
-8.091    0.0107325
-8.09    0.0107359
-8.089    0.0107393
-8.088    0.0107427
-8.087    0.010746
-8.086    0.0107494
-8.085    0.0107528
-8.084    0.0107562
-8.083    0.0107596
-8.082    0.010763
-8.081    0.0107664
-8.08    0.0107697
-8.079    0.0107731
-8.078    0.0107765
-8.077    0.0107799
-8.076    0.0107833
-8.075    0.0107867
-8.074    0.0107901
-8.073    0.0107935
-8.072    0.0107969
-8.071    0.0108004
-8.07    0.0108038
-8.069    0.0108072
-8.068    0.0108106
-8.067    0.010814
-8.066    0.0108174
-8.065    0.0108208
-8.064    0.0108243
-8.063    0.0108277
-8.062    0.0108311
-8.061    0.0108345
-8.06    0.0108379
-8.059    0.0108414
-8.058    0.0108448
-8.057    0.0108482
-8.056    0.0108517
-8.055    0.0108551
-8.054    0.0108585
-8.053    0.010862
-8.052    0.0108654
-8.051    0.0108689
-8.05    0.0108723
-8.049    0.0108757
-8.048    0.0108792
-8.047    0.0108826
-8.046    0.0108861
-8.045    0.0108895
-8.044    0.010893
-8.043    0.0108964
-8.042    0.0108999
-8.041    0.0109034
-8.04    0.0109068
-8.039    0.0109103
-8.038    0.0109137
-8.037    0.0109172
-8.036    0.0109207
-8.035    0.0109241
-8.034    0.0109276
-8.033    0.0109311
-8.032    0.0109346
-8.031    0.010938
-8.03    0.0109415
-8.029    0.010945
-8.028    0.0109485
-8.027    0.0109519
-8.026    0.0109554
-8.025    0.0109589
-8.024    0.0109624
-8.023    0.0109659
-8.022    0.0109694
-8.021    0.0109729
-8.02    0.0109764
-8.019    0.0109799
-8.018    0.0109834
-8.017    0.0109869
-8.016    0.0109904
-8.015    0.0109939
-8.014    0.0109974
-8.013    0.0110009
-8.012    0.0110044
-8.011    0.0110079
-8.01    0.0110114
-8.009    0.0110149
-8.008    0.0110184
-8.007    0.0110219
-8.006    0.0110255
-8.005    0.011029
-8.004    0.0110325
-8.003    0.011036
-8.002    0.0110395
-8.001    0.0110431
-8    0.0110466
-7.999    0.0110501
-7.998    0.0110537
-7.997    0.0110572
-7.996    0.0110607
-7.995    0.0110643
-7.994    0.0110678
-7.993    0.0110714
-7.992    0.0110749
-7.991    0.0110784
-7.99    0.011082
-7.989    0.0110855
-7.988    0.0110891
-7.987    0.0110926
-7.986    0.0110962
-7.985    0.0110997
-7.984    0.0111033
-7.983    0.0111069
-7.982    0.0111104
-7.981    0.011114
-7.98    0.0111175
-7.979    0.0111211
-7.978    0.0111247
-7.977    0.0111282
-7.976    0.0111318
-7.975    0.0111354
-7.974    0.011139
-7.973    0.0111425
-7.972    0.0111461
-7.971    0.0111497
-7.97    0.0111533
-7.969    0.0111569
-7.968    0.0111605
-7.967    0.011164
-7.966    0.0111676
-7.965    0.0111712
-7.964    0.0111748
-7.963    0.0111784
-7.962    0.011182
-7.961    0.0111856
-7.96    0.0111892
-7.959    0.0111928
-7.958    0.0111964
-7.957    0.0112
-7.956    0.0112036
-7.955    0.0112072
-7.954    0.0112108
-7.953    0.0112144
-7.952    0.0112181
-7.951    0.0112217
-7.95    0.0112253
-7.949    0.0112289
-7.948    0.0112325
-7.947    0.0112362
-7.946    0.0112398
-7.945    0.0112434
-7.944    0.011247
-7.943    0.0112507
-7.942    0.0112543
-7.941    0.0112579
-7.94    0.0112616
-7.939    0.0112652
-7.938    0.0112688
-7.937    0.0112725
-7.936    0.0112761
-7.935    0.0112798
-7.934    0.0112834
-7.933    0.0112871
-7.932    0.0112907
-7.931    0.0112944
-7.93    0.011298
-7.929    0.0113017
-7.928    0.0113053
-7.927    0.011309
-7.926    0.0113127
-7.925    0.0113163
-7.924    0.01132
-7.923    0.0113237
-7.922    0.0113273
-7.921    0.011331
-7.92    0.0113347
-7.919    0.0113383
-7.918    0.011342
-7.917    0.0113457
-7.916    0.0113494
-7.915    0.0113531
-7.914    0.0113567
-7.913    0.0113604
-7.912    0.0113641
-7.911    0.0113678
-7.91    0.0113715
-7.909    0.0113752
-7.908    0.0113789
-7.907    0.0113826
-7.906    0.0113863
-7.905    0.01139
-7.904    0.0113937
-7.903    0.0113974
-7.902    0.0114011
-7.901    0.0114048
-7.9    0.0114085
-7.899    0.0114122
-7.898    0.0114159
-7.897    0.0114196
-7.896    0.0114234
-7.895    0.0114271
-7.894    0.0114308
-7.893    0.0114345
-7.892    0.0114383
-7.891    0.011442
-7.89    0.0114457
-7.889    0.0114494
-7.888    0.0114532
-7.887    0.0114569
-7.886    0.0114606
-7.885    0.0114644
-7.884    0.0114681
-7.883    0.0114719
-7.882    0.0114756
-7.881    0.0114794
-7.88    0.0114831
-7.879    0.0114868
-7.878    0.0114906
-7.877    0.0114944
-7.876    0.0114981
-7.875    0.0115019
-7.874    0.0115056
-7.873    0.0115094
-7.872    0.0115131
-7.871    0.0115169
-7.87    0.0115207
-7.869    0.0115244
-7.868    0.0115282
-7.867    0.011532
-7.866    0.0115358
-7.865    0.0115395
-7.864    0.0115433
-7.863    0.0115471
-7.862    0.0115509
-7.861    0.0115547
-7.86    0.0115584
-7.859    0.0115622
-7.858    0.011566
-7.857    0.0115698
-7.856    0.0115736
-7.855    0.0115774
-7.854    0.0115812
-7.853    0.011585
-7.852    0.0115888
-7.851    0.0115926
-7.85    0.0115964
-7.849    0.0116002
-7.848    0.011604
-7.847    0.0116078
-7.846    0.0116117
-7.845    0.0116155
-7.844    0.0116193
-7.843    0.0116231
-7.842    0.0116269
-7.841    0.0116307
-7.84    0.0116346
-7.839    0.0116384
-7.838    0.0116422
-7.837    0.0116461
-7.836    0.0116499
-7.835    0.0116537
-7.834    0.0116576
-7.833    0.0116614
-7.832    0.0116652
-7.831    0.0116691
-7.83    0.0116729
-7.829    0.0116768
-7.828    0.0116806
-7.827    0.0116845
-7.826    0.0116883
-7.825    0.0116922
-7.824    0.011696
-7.823    0.0116999
-7.822    0.0117037
-7.821    0.0117076
-7.82    0.0117115
-7.819    0.0117153
-7.818    0.0117192
-7.817    0.0117231
-7.816    0.0117269
-7.815    0.0117308
-7.814    0.0117347
-7.813    0.0117386
-7.812    0.0117425
-7.811    0.0117463
-7.81    0.0117502
-7.809    0.0117541
-7.808    0.011758
-7.807    0.0117619
-7.806    0.0117658
-7.805    0.0117697
-7.804    0.0117736
-7.803    0.0117775
-7.802    0.0117814
-7.801    0.0117853
-7.8    0.0117892
-7.799    0.0117931
-7.798    0.011797
-7.797    0.0118009
-7.796    0.0118048
-7.795    0.0118087
-7.794    0.0118126
-7.793    0.0118165
-7.792    0.0118205
-7.791    0.0118244
-7.79    0.0118283
-7.789    0.0118322
-7.788    0.0118362
-7.787    0.0118401
-7.786    0.011844
-7.785    0.011848
-7.784    0.0118519
-7.783    0.0118558
-7.782    0.0118598
-7.781    0.0118637
-7.78    0.0118677
-7.779    0.0118716
-7.778    0.0118756
-7.777    0.0118795
-7.776    0.0118835
-7.775    0.0118874
-7.774    0.0118914
-7.773    0.0118953
-7.772    0.0118993
-7.771    0.0119033
-7.77    0.0119072
-7.769    0.0119112
-7.768    0.0119152
-7.767    0.0119191
-7.766    0.0119231
-7.765    0.0119271
-7.764    0.0119311
-7.763    0.011935
-7.762    0.011939
-7.761    0.011943
-7.76    0.011947
-7.759    0.011951
-7.758    0.011955
-7.757    0.0119589
-7.756    0.0119629
-7.755    0.0119669
-7.754    0.0119709
-7.753    0.0119749
-7.752    0.0119789
-7.751    0.0119829
-7.75    0.0119869
-7.749    0.011991
-7.748    0.011995
-7.747    0.011999
-7.746    0.012003
-7.745    0.012007
-7.744    0.012011
-7.743    0.012015
-7.742    0.0120191
-7.741    0.0120231
-7.74    0.0120271
-7.739    0.0120311
-7.738    0.0120352
-7.737    0.0120392
-7.736    0.0120432
-7.735    0.0120473
-7.734    0.0120513
-7.733    0.0120554
-7.732    0.0120594
-7.731    0.0120635
-7.73    0.0120675
-7.729    0.0120716
-7.728    0.0120756
-7.727    0.0120797
-7.726    0.0120837
-7.725    0.0120878
-7.724    0.0120918
-7.723    0.0120959
-7.722    0.0121
-7.721    0.012104
-7.72    0.0121081
-7.719    0.0121122
-7.718    0.0121162
-7.717    0.0121203
-7.716    0.0121244
-7.715    0.0121285
-7.714    0.0121326
-7.713    0.0121366
-7.712    0.0121407
-7.711    0.0121448
-7.71    0.0121489
-7.709    0.012153
-7.708    0.0121571
-7.707    0.0121612
-7.706    0.0121653
-7.705    0.0121694
-7.704    0.0121735
-7.703    0.0121776
-7.702    0.0121817
-7.701    0.0121858
-7.7    0.0121899
-7.699    0.012194
-7.698    0.0121982
-7.697    0.0122023
-7.696    0.0122064
-7.695    0.0122105
-7.694    0.0122146
-7.693    0.0122188
-7.692    0.0122229
-7.691    0.012227
-7.69    0.0122312
-7.689    0.0122353
-7.688    0.0122394
-7.687    0.0122436
-7.686    0.0122477
-7.685    0.0122519
-7.684    0.012256
-7.683    0.0122602
-7.682    0.0122643
-7.681    0.0122685
-7.68    0.0122726
-7.679    0.0122768
-7.678    0.0122809
-7.677    0.0122851
-7.676    0.0122893
-7.675    0.0122934
-7.674    0.0122976
-7.673    0.0123018
-7.672    0.0123059
-7.671    0.0123101
-7.67    0.0123143
-7.669    0.0123185
-7.668    0.0123227
-7.667    0.0123268
-7.666    0.012331
-7.665    0.0123352
-7.664    0.0123394
-7.663    0.0123436
-7.662    0.0123478
-7.661    0.012352
-7.66    0.0123562
-7.659    0.0123604
-7.658    0.0123646
-7.657    0.0123688
-7.656    0.012373
-7.655    0.0123772
-7.654    0.0123814
-7.653    0.0123857
-7.652    0.0123899
-7.651    0.0123941
-7.65    0.0123983
-7.649    0.0124025
-7.648    0.0124068
-7.647    0.012411
-7.646    0.0124152
-7.645    0.0124195
-7.644    0.0124237
-7.643    0.0124279
-7.642    0.0124322
-7.641    0.0124364
-7.64    0.0124406
-7.639    0.0124449
-7.638    0.0124491
-7.637    0.0124534
-7.636    0.0124576
-7.635    0.0124619
-7.634    0.0124662
-7.633    0.0124704
-7.632    0.0124747
-7.631    0.0124789
-7.63    0.0124832
-7.629    0.0124875
-7.628    0.0124918
-7.627    0.012496
-7.626    0.0125003
-7.625    0.0125046
-7.624    0.0125089
-7.623    0.0125131
-7.622    0.0125174
-7.621    0.0125217
-7.62    0.012526
-7.619    0.0125303
-7.618    0.0125346
-7.617    0.0125389
-7.616    0.0125432
-7.615    0.0125475
-7.614    0.0125518
-7.613    0.0125561
-7.612    0.0125604
-7.611    0.0125647
-7.61    0.012569
-7.609    0.0125733
-7.608    0.0125777
-7.607    0.012582
-7.606    0.0125863
-7.605    0.0125906
-7.604    0.012595
-7.603    0.0125993
-7.602    0.0126036
-7.601    0.0126079
-7.6    0.0126123
-7.599    0.0126166
-7.598    0.012621
-7.597    0.0126253
-7.596    0.0126296
-7.595    0.012634
-7.594    0.0126383
-7.593    0.0126427
-7.592    0.012647
-7.591    0.0126514
-7.59    0.0126558
-7.589    0.0126601
-7.588    0.0126645
-7.587    0.0126689
-7.586    0.0126732
-7.585    0.0126776
-7.584    0.012682
-7.583    0.0126863
-7.582    0.0126907
-7.581    0.0126951
-7.58    0.0126995
-7.579    0.0127039
-7.578    0.0127083
-7.577    0.0127126
-7.576    0.012717
-7.575    0.0127214
-7.574    0.0127258
-7.573    0.0127302
-7.572    0.0127346
-7.571    0.012739
-7.57    0.0127434
-7.569    0.0127478
-7.568    0.0127523
-7.567    0.0127567
-7.566    0.0127611
-7.565    0.0127655
-7.564    0.0127699
-7.563    0.0127743
-7.562    0.0127788
-7.561    0.0127832
-7.56    0.0127876
-7.559    0.0127921
-7.558    0.0127965
-7.557    0.0128009
-7.556    0.0128054
-7.555    0.0128098
-7.554    0.0128143
-7.553    0.0128187
-7.552    0.0128231
-7.551    0.0128276
-7.55    0.0128321
-7.549    0.0128365
-7.548    0.012841
-7.547    0.0128454
-7.546    0.0128499
-7.545    0.0128544
-7.544    0.0128588
-7.543    0.0128633
-7.542    0.0128678
-7.541    0.0128722
-7.54    0.0128767
-7.539    0.0128812
-7.538    0.0128857
-7.537    0.0128902
-7.536    0.0128947
-7.535    0.0128991
-7.534    0.0129036
-7.533    0.0129081
-7.532    0.0129126
-7.531    0.0129171
-7.53    0.0129216
-7.529    0.0129261
-7.528    0.0129306
-7.527    0.0129352
-7.526    0.0129397
-7.525    0.0129442
-7.524    0.0129487
-7.523    0.0129532
-7.522    0.0129577
-7.521    0.0129623
-7.52    0.0129668
-7.519    0.0129713
-7.518    0.0129758
-7.517    0.0129804
-7.516    0.0129849
-7.515    0.0129895
-7.514    0.012994
-7.513    0.0129985
-7.512    0.0130031
-7.511    0.0130076
-7.51    0.0130122
-7.509    0.0130167
-7.508    0.0130213
-7.507    0.0130259
-7.506    0.0130304
-7.505    0.013035
-7.504    0.0130395
-7.503    0.0130441
-7.502    0.0130487
-7.501    0.0130533
-7.5    0.0130578
-7.499    0.0130624
-7.498    0.013067
-7.497    0.0130716
-7.496    0.0130762
-7.495    0.0130808
-7.494    0.0130853
-7.493    0.0130899
-7.492    0.0130945
-7.491    0.0130991
-7.49    0.0131037
-7.489    0.0131083
-7.488    0.0131129
-7.487    0.0131176
-7.486    0.0131222
-7.485    0.0131268
-7.484    0.0131314
-7.483    0.013136
-7.482    0.0131406
-7.481    0.0131453
-7.48    0.0131499
-7.479    0.0131545
-7.478    0.0131591
-7.477    0.0131638
-7.476    0.0131684
-7.475    0.0131731
-7.474    0.0131777
-7.473    0.0131823
-7.472    0.013187
-7.471    0.0131916
-7.47    0.0131963
-7.469    0.0132009
-7.468    0.0132056
-7.467    0.0132103
-7.466    0.0132149
-7.465    0.0132196
-7.464    0.0132243
-7.463    0.0132289
-7.462    0.0132336
-7.461    0.0132383
-7.46    0.013243
-7.459    0.0132476
-7.458    0.0132523
-7.457    0.013257
-7.456    0.0132617
-7.455    0.0132664
-7.454    0.0132711
-7.453    0.0132758
-7.452    0.0132805
-7.451    0.0132852
-7.45    0.0132899
-7.449    0.0132946
-7.448    0.0132993
-7.447    0.013304
-7.446    0.0133087
-7.445    0.0133134
-7.444    0.0133181
-7.443    0.0133229
-7.442    0.0133276
-7.441    0.0133323
-7.44    0.013337
-7.439    0.0133418
-7.438    0.0133465
-7.437    0.0133512
-7.436    0.013356
-7.435    0.0133607
-7.434    0.0133655
-7.433    0.0133702
-7.432    0.013375
-7.431    0.0133797
-7.43    0.0133845
-7.429    0.0133892
-7.428    0.013394
-7.427    0.0133988
-7.426    0.0134035
-7.425    0.0134083
-7.424    0.0134131
-7.423    0.0134178
-7.422    0.0134226
-7.421    0.0134274
-7.42    0.0134322
-7.419    0.013437
-7.418    0.0134418
-7.417    0.0134465
-7.416    0.0134513
-7.415    0.0134561
-7.414    0.0134609
-7.413    0.0134657
-7.412    0.0134705
-7.411    0.0134753
-7.41    0.0134801
-7.409    0.013485
-7.408    0.0134898
-7.407    0.0134946
-7.406    0.0134994
-7.405    0.0135042
-7.404    0.0135091
-7.403    0.0135139
-7.402    0.0135187
-7.401    0.0135235
-7.4    0.0135284
-7.399    0.0135332
-7.398    0.0135381
-7.397    0.0135429
-7.396    0.0135477
-7.395    0.0135526
-7.394    0.0135574
-7.393    0.0135623
-7.392    0.0135672
-7.391    0.013572
-7.39    0.0135769
-7.389    0.0135817
-7.388    0.0135866
-7.387    0.0135915
-7.386    0.0135964
-7.385    0.0136012
-7.384    0.0136061
-7.383    0.013611
-7.382    0.0136159
-7.381    0.0136208
-7.38    0.0136257
-7.379    0.0136305
-7.378    0.0136354
-7.377    0.0136403
-7.376    0.0136452
-7.375    0.0136501
-7.374    0.013655
-7.373    0.01366
-7.372    0.0136649
-7.371    0.0136698
-7.37    0.0136747
-7.369    0.0136796
-7.368    0.0136845
-7.367    0.0136895
-7.366    0.0136944
-7.365    0.0136993
-7.364    0.0137043
-7.363    0.0137092
-7.362    0.0137141
-7.361    0.0137191
-7.36    0.013724
-7.359    0.013729
-7.358    0.0137339
-7.357    0.0137389
-7.356    0.0137438
-7.355    0.0137488
-7.354    0.0137537
-7.353    0.0137587
-7.352    0.0137637
-7.351    0.0137686
-7.35    0.0137736
-7.349    0.0137786
-7.348    0.0137836
-7.347    0.0137886
-7.346    0.0137935
-7.345    0.0137985
-7.344    0.0138035
-7.343    0.0138085
-7.342    0.0138135
-7.341    0.0138185
-7.34    0.0138235
-7.339    0.0138285
-7.338    0.0138335
-7.337    0.0138385
-7.336    0.0138435
-7.335    0.0138485
-7.334    0.0138536
-7.333    0.0138586
-7.332    0.0138636
-7.331    0.0138686
-7.33    0.0138737
-7.329    0.0138787
-7.328    0.0138837
-7.327    0.0138888
-7.326    0.0138938
-7.325    0.0138988
-7.324    0.0139039
-7.323    0.0139089
-7.322    0.013914
-7.321    0.013919
-7.32    0.0139241
-7.319    0.0139292
-7.318    0.0139342
-7.317    0.0139393
-7.316    0.0139444
-7.315    0.0139494
-7.314    0.0139545
-7.313    0.0139596
-7.312    0.0139647
-7.311    0.0139698
-7.31    0.0139748
-7.309    0.0139799
-7.308    0.013985
-7.307    0.0139901
-7.306    0.0139952
-7.305    0.0140003
-7.304    0.0140054
-7.303    0.0140105
-7.302    0.0140156
-7.301    0.0140207
-7.3    0.0140259
-7.299    0.014031
-7.298    0.0140361
-7.297    0.0140412
-7.296    0.0140463
-7.295    0.0140515
-7.294    0.0140566
-7.293    0.0140617
-7.292    0.0140669
-7.291    0.014072
-7.29    0.0140772
-7.289    0.0140823
-7.288    0.0140875
-7.287    0.0140926
-7.286    0.0140978
-7.285    0.0141029
-7.284    0.0141081
-7.283    0.0141133
-7.282    0.0141184
-7.281    0.0141236
-7.28    0.0141288
-7.279    0.0141339
-7.278    0.0141391
-7.277    0.0141443
-7.276    0.0141495
-7.275    0.0141547
-7.274    0.0141599
-7.273    0.0141651
-7.272    0.0141703
-7.271    0.0141755
-7.27    0.0141807
-7.269    0.0141859
-7.268    0.0141911
-7.267    0.0141963
-7.266    0.0142015
-7.265    0.0142067
-7.264    0.014212
-7.263    0.0142172
-7.262    0.0142224
-7.261    0.0142276
-7.26    0.0142329
-7.259    0.0142381
-7.258    0.0142433
-7.257    0.0142486
-7.256    0.0142538
-7.255    0.0142591
-7.254    0.0142643
-7.253    0.0142696
-7.252    0.0142748
-7.251    0.0142801
-7.25    0.0142854
-7.249    0.0142906
-7.248    0.0142959
-7.247    0.0143012
-7.246    0.0143064
-7.245    0.0143117
-7.244    0.014317
-7.243    0.0143223
-7.242    0.0143276
-7.241    0.0143329
-7.24    0.0143382
-7.239    0.0143435
-7.238    0.0143488
-7.237    0.0143541
-7.236    0.0143594
-7.235    0.0143647
-7.234    0.01437
-7.233    0.0143753
-7.232    0.0143806
-7.231    0.0143859
-7.23    0.0143913
-7.229    0.0143966
-7.228    0.0144019
-7.227    0.0144073
-7.226    0.0144126
-7.225    0.0144179
-7.224    0.0144233
-7.223    0.0144286
-7.222    0.014434
-7.221    0.0144393
-7.22    0.0144447
-7.219    0.01445
-7.218    0.0144554
-7.217    0.0144608
-7.216    0.0144661
-7.215    0.0144715
-7.214    0.0144769
-7.213    0.0144822
-7.212    0.0144876
-7.211    0.014493
-7.21    0.0144984
-7.209    0.0145038
-7.208    0.0145092
-7.207    0.0145146
-7.206    0.01452
-7.205    0.0145254
-7.204    0.0145308
-7.203    0.0145362
-7.202    0.0145416
-7.201    0.014547
-7.2    0.0145524
-7.199    0.0145579
-7.198    0.0145633
-7.197    0.0145687
-7.196    0.0145741
-7.195    0.0145796
-7.194    0.014585
-7.193    0.0145904
-7.192    0.0145959
-7.191    0.0146013
-7.19    0.0146068
-7.189    0.0146122
-7.188    0.0146177
-7.187    0.0146231
-7.186    0.0146286
-7.185    0.0146341
-7.184    0.0146395
-7.183    0.014645
-7.182    0.0146505
-7.181    0.014656
-7.18    0.0146614
-7.179    0.0146669
-7.178    0.0146724
-7.177    0.0146779
-7.176    0.0146834
-7.175    0.0146889
-7.174    0.0146944
-7.173    0.0146999
-7.172    0.0147054
-7.171    0.0147109
-7.17    0.0147164
-7.169    0.0147219
-7.168    0.0147275
-7.167    0.014733
-7.166    0.0147385
-7.165    0.014744
-7.164    0.0147496
-7.163    0.0147551
-7.162    0.0147606
-7.161    0.0147662
-7.16    0.0147717
-7.159    0.0147773
-7.158    0.0147828
-7.157    0.0147884
-7.156    0.0147939
-7.155    0.0147995
-7.154    0.0148051
-7.153    0.0148106
-7.152    0.0148162
-7.151    0.0148218
-7.15    0.0148274
-7.149    0.0148329
-7.148    0.0148385
-7.147    0.0148441
-7.146    0.0148497
-7.145    0.0148553
-7.144    0.0148609
-7.143    0.0148665
-7.142    0.0148721
-7.141    0.0148777
-7.14    0.0148833
-7.139    0.0148889
-7.138    0.0148945
-7.137    0.0149002
-7.136    0.0149058
-7.135    0.0149114
-7.134    0.014917
-7.133    0.0149227
-7.132    0.0149283
-7.131    0.014934
-7.13    0.0149396
-7.129    0.0149452
-7.128    0.0149509
-7.127    0.0149566
-7.126    0.0149622
-7.125    0.0149679
-7.124    0.0149735
-7.123    0.0149792
-7.122    0.0149849
-7.121    0.0149905
-7.12    0.0149962
-7.119    0.0150019
-7.118    0.0150076
-7.117    0.0150133
-7.116    0.015019
-7.115    0.0150247
-7.114    0.0150304
-7.113    0.0150361
-7.112    0.0150418
-7.111    0.0150475
-7.11    0.0150532
-7.109    0.0150589
-7.108    0.0150646
-7.107    0.0150703
-7.106    0.0150761
-7.105    0.0150818
-7.104    0.0150875
-7.103    0.0150932
-7.102    0.015099
-7.101    0.0151047
-7.1    0.0151105
-7.099    0.0151162
-7.098    0.015122
-7.097    0.0151277
-7.096    0.0151335
-7.095    0.0151392
-7.094    0.015145
-7.093    0.0151508
-7.092    0.0151566
-7.091    0.0151623
-7.09    0.0151681
-7.089    0.0151739
-7.088    0.0151797
-7.087    0.0151855
-7.086    0.0151913
-7.085    0.015197
-7.084    0.0152028
-7.083    0.0152087
-7.082    0.0152145
-7.081    0.0152203
-7.08    0.0152261
-7.079    0.0152319
-7.078    0.0152377
-7.077    0.0152435
-7.076    0.0152494
-7.075    0.0152552
-7.074    0.015261
-7.073    0.0152669
-7.072    0.0152727
-7.071    0.0152786
-7.07    0.0152844
-7.069    0.0152903
-7.068    0.0152961
-7.067    0.015302
-7.066    0.0153078
-7.065    0.0153137
-7.064    0.0153196
-7.063    0.0153254
-7.062    0.0153313
-7.061    0.0153372
-7.06    0.0153431
-7.059    0.015349
-7.058    0.0153549
-7.057    0.0153607
-7.056    0.0153666
-7.055    0.0153725
-7.054    0.0153785
-7.053    0.0153844
-7.052    0.0153903
-7.051    0.0153962
-7.05    0.0154021
-7.049    0.015408
-7.048    0.015414
-7.047    0.0154199
-7.046    0.0154258
-7.045    0.0154317
-7.044    0.0154377
-7.043    0.0154436
-7.042    0.0154496
-7.041    0.0154555
-7.04    0.0154615
-7.039    0.0154674
-7.038    0.0154734
-7.037    0.0154794
-7.036    0.0154853
-7.035    0.0154913
-7.034    0.0154973
-7.033    0.0155033
-7.032    0.0155092
-7.031    0.0155152
-7.03    0.0155212
-7.029    0.0155272
-7.028    0.0155332
-7.027    0.0155392
-7.026    0.0155452
-7.025    0.0155512
-7.024    0.0155572
-7.023    0.0155633
-7.022    0.0155693
-7.021    0.0155753
-7.02    0.0155813
-7.019    0.0155873
-7.018    0.0155934
-7.017    0.0155994
-7.016    0.0156055
-7.015    0.0156115
-7.014    0.0156176
-7.013    0.0156236
-7.012    0.0156297
-7.011    0.0156357
-7.01    0.0156418
-7.009    0.0156478
-7.008    0.0156539
-7.007    0.01566
-7.006    0.0156661
-7.005    0.0156721
-7.004    0.0156782
-7.003    0.0156843
-7.002    0.0156904
-7.001    0.0156965
-7    0.0157026
-6.999    0.0157087
-6.998    0.0157148
-6.997    0.0157209
-6.996    0.015727
-6.995    0.0157332
-6.994    0.0157393
-6.993    0.0157454
-6.992    0.0157515
-6.991    0.0157577
-6.99    0.0157638
-6.989    0.0157699
-6.988    0.0157761
-6.987    0.0157822
-6.986    0.0157884
-6.985    0.0157945
-6.984    0.0158007
-6.983    0.0158069
-6.982    0.015813
-6.981    0.0158192
-6.98    0.0158254
-6.979    0.0158316
-6.978    0.0158377
-6.977    0.0158439
-6.976    0.0158501
-6.975    0.0158563
-6.974    0.0158625
-6.973    0.0158687
-6.972    0.0158749
-6.971    0.0158811
-6.97    0.0158873
-6.969    0.0158935
-6.968    0.0158998
-6.967    0.015906
-6.966    0.0159122
-6.965    0.0159184
-6.964    0.0159247
-6.963    0.0159309
-6.962    0.0159372
-6.961    0.0159434
-6.96    0.0159497
-6.959    0.0159559
-6.958    0.0159622
-6.957    0.0159684
-6.956    0.0159747
-6.955    0.015981
-6.954    0.0159872
-6.953    0.0159935
-6.952    0.0159998
-6.951    0.0160061
-6.95    0.0160124
-6.949    0.0160187
-6.948    0.016025
-6.947    0.0160313
-6.946    0.0160376
-6.945    0.0160439
-6.944    0.0160502
-6.943    0.0160565
-6.942    0.0160628
-6.941    0.0160691
-6.94    0.0160755
-6.939    0.0160818
-6.938    0.0160881
-6.937    0.0160945
-6.936    0.0161008
-6.935    0.0161072
-6.934    0.0161135
-6.933    0.0161199
-6.932    0.0161262
-6.931    0.0161326
-6.93    0.0161389
-6.929    0.0161453
-6.928    0.0161517
-6.927    0.0161581
-6.926    0.0161644
-6.925    0.0161708
-6.924    0.0161772
-6.923    0.0161836
-6.922    0.01619
-6.921    0.0161964
-6.92    0.0162028
-6.919    0.0162092
-6.918    0.0162156
-6.917    0.0162221
-6.916    0.0162285
-6.915    0.0162349
-6.914    0.0162413
-6.913    0.0162478
-6.912    0.0162542
-6.911    0.0162606
-6.91    0.0162671
-6.909    0.0162735
-6.908    0.01628
-6.907    0.0162865
-6.906    0.0162929
-6.905    0.0162994
-6.904    0.0163058
-6.903    0.0163123
-6.902    0.0163188
-6.901    0.0163253
-6.9    0.0163318
-6.899    0.0163383
-6.898    0.0163447
-6.897    0.0163512
-6.896    0.0163577
-6.895    0.0163642
-6.894    0.0163708
-6.893    0.0163773
-6.892    0.0163838
-6.891    0.0163903
-6.89    0.0163968
-6.889    0.0164034
-6.888    0.0164099
-6.887    0.0164164
-6.886    0.016423
-6.885    0.0164295
-6.884    0.0164361
-6.883    0.0164426
-6.882    0.0164492
-6.881    0.0164557
-6.88    0.0164623
-6.879    0.0164689
-6.878    0.0164755
-6.877    0.016482
-6.876    0.0164886
-6.875    0.0164952
-6.874    0.0165018
-6.873    0.0165084
-6.872    0.016515
-6.871    0.0165216
-6.87    0.0165282
-6.869    0.0165348
-6.868    0.0165414
-6.867    0.016548
-6.866    0.0165547
-6.865    0.0165613
-6.864    0.0165679
-6.863    0.0165746
-6.862    0.0165812
-6.861    0.0165879
-6.86    0.0165945
-6.859    0.0166012
-6.858    0.0166078
-6.857    0.0166145
-6.856    0.0166211
-6.855    0.0166278
-6.854    0.0166345
-6.853    0.0166412
-6.852    0.0166478
-6.851    0.0166545
-6.85    0.0166612
-6.849    0.0166679
-6.848    0.0166746
-6.847    0.0166813
-6.846    0.016688
-6.845    0.0166947
-6.844    0.0167015
-6.843    0.0167082
-6.842    0.0167149
-6.841    0.0167216
-6.84    0.0167284
-6.839    0.0167351
-6.838    0.0167418
-6.837    0.0167486
-6.836    0.0167553
-6.835    0.0167621
-6.834    0.0167688
-6.833    0.0167756
-6.832    0.0167824
-6.831    0.0167891
-6.83    0.0167959
-6.829    0.0168027
-6.828    0.0168095
-6.827    0.0168163
-6.826    0.0168231
-6.825    0.0168299
-6.824    0.0168367
-6.823    0.0168435
-6.822    0.0168503
-6.821    0.0168571
-6.82    0.0168639
-6.819    0.0168707
-6.818    0.0168776
-6.817    0.0168844
-6.816    0.0168912
-6.815    0.0168981
-6.814    0.0169049
-6.813    0.0169117
-6.812    0.0169186
-6.811    0.0169255
-6.81    0.0169323
-6.809    0.0169392
-6.808    0.0169461
-6.807    0.0169529
-6.806    0.0169598
-6.805    0.0169667
-6.804    0.0169736
-6.803    0.0169805
-6.802    0.0169874
-6.801    0.0169943
-6.8    0.0170012
-6.799    0.0170081
-6.798    0.017015
-6.797    0.0170219
-6.796    0.0170288
-6.795    0.0170358
-6.794    0.0170427
-6.793    0.0170496
-6.792    0.0170566
-6.791    0.0170635
-6.79    0.0170705
-6.789    0.0170774
-6.788    0.0170844
-6.787    0.0170913
-6.786    0.0170983
-6.785    0.0171053
-6.784    0.0171122
-6.783    0.0171192
-6.782    0.0171262
-6.781    0.0171332
-6.78    0.0171402
-6.779    0.0171472
-6.778    0.0171542
-6.777    0.0171612
-6.776    0.0171682
-6.775    0.0171752
-6.774    0.0171822
-6.773    0.0171893
-6.772    0.0171963
-6.771    0.0172033
-6.77    0.0172104
-6.769    0.0172174
-6.768    0.0172245
-6.767    0.0172315
-6.766    0.0172386
-6.765    0.0172456
-6.764    0.0172527
-6.763    0.0172598
-6.762    0.0172668
-6.761    0.0172739
-6.76    0.017281
-6.759    0.0172881
-6.758    0.0172952
-6.757    0.0173023
-6.756    0.0173094
-6.755    0.0173165
-6.754    0.0173236
-6.753    0.0173307
-6.752    0.0173378
-6.751    0.017345
-6.75    0.0173521
-6.749    0.0173592
-6.748    0.0173664
-6.747    0.0173735
-6.746    0.0173806
-6.745    0.0173878
-6.744    0.0173949
-6.743    0.0174021
-6.742    0.0174093
-6.741    0.0174164
-6.74    0.0174236
-6.739    0.0174308
-6.738    0.017438
-6.737    0.0174452
-6.736    0.0174524
-6.735    0.0174596
-6.734    0.0174668
-6.733    0.017474
-6.732    0.0174812
-6.731    0.0174884
-6.73    0.0174956
-6.729    0.0175028
-6.728    0.0175101
-6.727    0.0175173
-6.726    0.0175246
-6.725    0.0175318
-6.724    0.017539
-6.723    0.0175463
-6.722    0.0175536
-6.721    0.0175608
-6.72    0.0175681
-6.719    0.0175754
-6.718    0.0175826
-6.717    0.0175899
-6.716    0.0175972
-6.715    0.0176045
-6.714    0.0176118
-6.713    0.0176191
-6.712    0.0176264
-6.711    0.0176337
-6.71    0.017641
-6.709    0.0176483
-6.708    0.0176557
-6.707    0.017663
-6.706    0.0176703
-6.705    0.0176777
-6.704    0.017685
-6.703    0.0176924
-6.702    0.0176997
-6.701    0.0177071
-6.7    0.0177144
-6.699    0.0177218
-6.698    0.0177292
-6.697    0.0177366
-6.696    0.0177439
-6.695    0.0177513
-6.694    0.0177587
-6.693    0.0177661
-6.692    0.0177735
-6.691    0.0177809
-6.69    0.0177883
-6.689    0.0177957
-6.688    0.0178032
-6.687    0.0178106
-6.686    0.017818
-6.685    0.0178255
-6.684    0.0178329
-6.683    0.0178403
-6.682    0.0178478
-6.681    0.0178552
-6.68    0.0178627
-6.679    0.0178702
-6.678    0.0178776
-6.677    0.0178851
-6.676    0.0178926
-6.675    0.0179001
-6.674    0.0179076
-6.673    0.0179151
-6.672    0.0179226
-6.671    0.0179301
-6.67    0.0179376
-6.669    0.0179451
-6.668    0.0179526
-6.667    0.0179601
-6.666    0.0179676
-6.665    0.0179752
-6.664    0.0179827
-6.663    0.0179903
-6.662    0.0179978
-6.661    0.0180054
-6.66    0.0180129
-6.659    0.0180205
-6.658    0.018028
-6.657    0.0180356
-6.656    0.0180432
-6.655    0.0180508
-6.654    0.0180584
-6.653    0.018066
-6.652    0.0180736
-6.651    0.0180812
-6.65    0.0180888
-6.649    0.0180964
-6.648    0.018104
-6.647    0.0181116
-6.646    0.0181192
-6.645    0.0181269
-6.644    0.0181345
-6.643    0.0181422
-6.642    0.0181498
-6.641    0.0181575
-6.64    0.0181651
-6.639    0.0181728
-6.638    0.0181804
-6.637    0.0181881
-6.636    0.0181958
-6.635    0.0182035
-6.634    0.0182112
-6.633    0.0182189
-6.632    0.0182266
-6.631    0.0182343
-6.63    0.018242
-6.629    0.0182497
-6.628    0.0182574
-6.627    0.0182651
-6.626    0.0182728
-6.625    0.0182806
-6.624    0.0182883
-6.623    0.0182961
-6.622    0.0183038
-6.621    0.0183116
-6.62    0.0183193
-6.619    0.0183271
-6.618    0.0183349
-6.617    0.0183426
-6.616    0.0183504
-6.615    0.0183582
-6.614    0.018366
-6.613    0.0183738
-6.612    0.0183816
-6.611    0.0183894
-6.61    0.0183972
-6.609    0.018405
-6.608    0.0184128
-6.607    0.0184207
-6.606    0.0184285
-6.605    0.0184363
-6.604    0.0184442
-6.603    0.018452
-6.602    0.0184599
-6.601    0.0184677
-6.6    0.0184756
-6.599    0.0184835
-6.598    0.0184913
-6.597    0.0184992
-6.596    0.0185071
-6.595    0.018515
-6.594    0.0185229
-6.593    0.0185308
-6.592    0.0185387
-6.591    0.0185466
-6.59    0.0185545
-6.589    0.0185624
-6.588    0.0185704
-6.587    0.0185783
-6.586    0.0185862
-6.585    0.0185942
-6.584    0.0186021
-6.583    0.0186101
-6.582    0.018618
-6.581    0.018626
-6.58    0.018634
-6.579    0.0186419
-6.578    0.0186499
-6.577    0.0186579
-6.576    0.0186659
-6.575    0.0186739
-6.574    0.0186819
-6.573    0.0186899
-6.572    0.0186979
-6.571    0.0187059
-6.57    0.0187139
-6.569    0.018722
-6.568    0.01873
-6.567    0.018738
-6.566    0.0187461
-6.565    0.0187541
-6.564    0.0187622
-6.563    0.0187703
-6.562    0.0187783
-6.561    0.0187864
-6.56    0.0187945
-6.559    0.0188026
-6.558    0.0188106
-6.557    0.0188187
-6.556    0.0188268
-6.555    0.0188349
-6.554    0.018843
-6.553    0.0188512
-6.552    0.0188593
-6.551    0.0188674
-6.55    0.0188755
-6.549    0.0188837
-6.548    0.0188918
-6.547    0.0189
-6.546    0.0189081
-6.545    0.0189163
-6.544    0.0189244
-6.543    0.0189326
-6.542    0.0189408
-6.541    0.018949
-6.54    0.0189571
-6.539    0.0189653
-6.538    0.0189735
-6.537    0.0189817
-6.536    0.0189899
-6.535    0.0189982
-6.534    0.0190064
-6.533    0.0190146
-6.532    0.0190228
-6.531    0.0190311
-6.53    0.0190393
-6.529    0.0190476
-6.528    0.0190558
-6.527    0.0190641
-6.526    0.0190723
-6.525    0.0190806
-6.524    0.0190889
-6.523    0.0190972
-6.522    0.0191054
-6.521    0.0191137
-6.52    0.019122
-6.519    0.0191303
-6.518    0.0191386
-6.517    0.019147
-6.516    0.0191553
-6.515    0.0191636
-6.514    0.0191719
-6.513    0.0191803
-6.512    0.0191886
-6.511    0.019197
-6.51    0.0192053
-6.509    0.0192137
-6.508    0.019222
-6.507    0.0192304
-6.506    0.0192388
-6.505    0.0192472
-6.504    0.0192556
-6.503    0.019264
-6.502    0.0192724
-6.501    0.0192808
-6.5    0.0192892
-6.499    0.0192976
-6.498    0.019306
-6.497    0.0193144
-6.496    0.0193229
-6.495    0.0193313
-6.494    0.0193398
-6.493    0.0193482
-6.492    0.0193567
-6.491    0.0193651
-6.49    0.0193736
-6.489    0.0193821
-6.488    0.0193906
-6.487    0.019399
-6.486    0.0194075
-6.485    0.019416
-6.484    0.0194245
-6.483    0.019433
-6.482    0.0194416
-6.481    0.0194501
-6.48    0.0194586
-6.479    0.0194671
-6.478    0.0194757
-6.477    0.0194842
-6.476    0.0194928
-6.475    0.0195013
-6.474    0.0195099
-6.473    0.0195185
-6.472    0.019527
-6.471    0.0195356
-6.47    0.0195442
-6.469    0.0195528
-6.468    0.0195614
-6.467    0.01957
-6.466    0.0195786
-6.465    0.0195872
-6.464    0.0195958
-6.463    0.0196045
-6.462    0.0196131
-6.461    0.0196217
-6.46    0.0196304
-6.459    0.019639
-6.458    0.0196477
-6.457    0.0196564
-6.456    0.019665
-6.455    0.0196737
-6.454    0.0196824
-6.453    0.0196911
-6.452    0.0196998
-6.451    0.0197085
-6.45    0.0197172
-6.449    0.0197259
-6.448    0.0197346
-6.447    0.0197433
-6.446    0.019752
-6.445    0.0197608
-6.444    0.0197695
-6.443    0.0197783
-6.442    0.019787
-6.441    0.0197958
-6.44    0.0198045
-6.439    0.0198133
-6.438    0.0198221
-6.437    0.0198309
-6.436    0.0198397
-6.435    0.0198485
-6.434    0.0198573
-6.433    0.0198661
-6.432    0.0198749
-6.431    0.0198837
-6.43    0.0198925
-6.429    0.0199014
-6.428    0.0199102
-6.427    0.0199191
-6.426    0.0199279
-6.425    0.0199368
-6.424    0.0199456
-6.423    0.0199545
-6.422    0.0199634
-6.421    0.0199723
-6.42    0.0199811
-6.419    0.01999
-6.418    0.0199989
-6.417    0.0200078
-6.416    0.0200168
-6.415    0.0200257
-6.414    0.0200346
-6.413    0.0200435
-6.412    0.0200525
-6.411    0.0200614
-6.41    0.0200704
-6.409    0.0200793
-6.408    0.0200883
-6.407    0.0200973
-6.406    0.0201062
-6.405    0.0201152
-6.404    0.0201242
-6.403    0.0201332
-6.402    0.0201422
-6.401    0.0201512
-6.4    0.0201602
-6.399    0.0201692
-6.398    0.0201783
-6.397    0.0201873
-6.396    0.0201963
-6.395    0.0202054
-6.394    0.0202144
-6.393    0.0202235
-6.392    0.0202325
-6.391    0.0202416
-6.39    0.0202507
-6.389    0.0202598
-6.388    0.0202689
-6.387    0.020278
-6.386    0.0202871
-6.385    0.0202962
-6.384    0.0203053
-6.383    0.0203144
-6.382    0.0203235
-6.381    0.0203327
-6.38    0.0203418
-6.379    0.020351
-6.378    0.0203601
-6.377    0.0203693
-6.376    0.0203784
-6.375    0.0203876
-6.374    0.0203968
-6.373    0.020406
-6.372    0.0204152
-6.371    0.0204244
-6.37    0.0204336
-6.369    0.0204428
-6.368    0.020452
-6.367    0.0204612
-6.366    0.0204704
-6.365    0.0204797
-6.364    0.0204889
-6.363    0.0204982
-6.362    0.0205074
-6.361    0.0205167
-6.36    0.020526
-6.359    0.0205353
-6.358    0.0205445
-6.357    0.0205538
-6.356    0.0205631
-6.355    0.0205724
-6.354    0.0205817
-6.353    0.0205911
-6.352    0.0206004
-6.351    0.0206097
-6.35    0.020619
-6.349    0.0206284
-6.348    0.0206377
-6.347    0.0206471
-6.346    0.0206565
-6.345    0.0206658
-6.344    0.0206752
-6.343    0.0206846
-6.342    0.020694
-6.341    0.0207034
-6.34    0.0207128
-6.339    0.0207222
-6.338    0.0207316
-6.337    0.020741
-6.336    0.0207504
-6.335    0.0207599
-6.334    0.0207693
-6.333    0.0207788
-6.332    0.0207882
-6.331    0.0207977
-6.33    0.0208072
-6.329    0.0208166
-6.328    0.0208261
-6.327    0.0208356
-6.326    0.0208451
-6.325    0.0208546
-6.324    0.0208641
-6.323    0.0208736
-6.322    0.0208832
-6.321    0.0208927
-6.32    0.0209022
-6.319    0.0209118
-6.318    0.0209213
-6.317    0.0209309
-6.316    0.0209405
-6.315    0.02095
-6.314    0.0209596
-6.313    0.0209692
-6.312    0.0209788
-6.311    0.0209884
-6.31    0.020998
-6.309    0.0210076
-6.308    0.0210172
-6.307    0.0210269
-6.306    0.0210365
-6.305    0.0210461
-6.304    0.0210558
-6.303    0.0210654
-6.302    0.0210751
-6.301    0.0210848
-6.3    0.0210944
-6.299    0.0211041
-6.298    0.0211138
-6.297    0.0211235
-6.296    0.0211332
-6.295    0.0211429
-6.294    0.0211526
-6.293    0.0211624
-6.292    0.0211721
-6.291    0.0211818
-6.29    0.0211916
-6.289    0.0212013
-6.288    0.0212111
-6.287    0.0212208
-6.286    0.0212306
-6.285    0.0212404
-6.284    0.0212502
-6.283    0.02126
-6.282    0.0212698
-6.281    0.0212796
-6.28    0.0212894
-6.279    0.0212992
-6.278    0.0213091
-6.277    0.0213189
-6.276    0.0213287
-6.275    0.0213386
-6.274    0.0213485
-6.273    0.0213583
-6.272    0.0213682
-6.271    0.0213781
-6.27    0.021388
-6.269    0.0213979
-6.268    0.0214078
-6.267    0.0214177
-6.266    0.0214276
-6.265    0.0214375
-6.264    0.0214474
-6.263    0.0214574
-6.262    0.0214673
-6.261    0.0214773
-6.26    0.0214872
-6.259    0.0214972
-6.258    0.0215072
-6.257    0.0215172
-6.256    0.0215271
-6.255    0.0215371
-6.254    0.0215471
-6.253    0.0215571
-6.252    0.0215672
-6.251    0.0215772
-6.25    0.0215872
-6.249    0.0215973
-6.248    0.0216073
-6.247    0.0216174
-6.246    0.0216274
-6.245    0.0216375
-6.244    0.0216476
-6.243    0.0216576
-6.242    0.0216677
-6.241    0.0216778
-6.24    0.0216879
-6.239    0.0216981
-6.238    0.0217082
-6.237    0.0217183
-6.236    0.0217284
-6.235    0.0217386
-6.234    0.0217487
-6.233    0.0217589
-6.232    0.0217691
-6.231    0.0217792
-6.23    0.0217894
-6.229    0.0217996
-6.228    0.0218098
-6.227    0.02182
-6.226    0.0218302
-6.225    0.0218404
-6.224    0.0218506
-6.223    0.0218609
-6.222    0.0218711
-6.221    0.0218814
-6.22    0.0218916
-6.219    0.0219019
-6.218    0.0219121
-6.217    0.0219224
-6.216    0.0219327
-6.215    0.021943
-6.214    0.0219533
-6.213    0.0219636
-6.212    0.0219739
-6.211    0.0219842
-6.21    0.0219946
-6.209    0.0220049
-6.208    0.0220153
-6.207    0.0220256
-6.206    0.022036
-6.205    0.0220463
-6.204    0.0220567
-6.203    0.0220671
-6.202    0.0220775
-6.201    0.0220879
-6.2    0.0220983
-6.199    0.0221087
-6.198    0.0221191
-6.197    0.0221296
-6.196    0.02214
-6.195    0.0221504
-6.194    0.0221609
-6.193    0.0221713
-6.192    0.0221818
-6.191    0.0221923
-6.19    0.0222028
-6.189    0.0222133
-6.188    0.0222238
-6.187    0.0222343
-6.186    0.0222448
-6.185    0.0222553
-6.184    0.0222658
-6.183    0.0222764
-6.182    0.0222869
-6.181    0.0222975
-6.18    0.022308
-6.179    0.0223186
-6.178    0.0223292
-6.177    0.0223398
-6.176    0.0223504
-6.175    0.022361
-6.174    0.0223716
-6.173    0.0223822
-6.172    0.0223928
-6.171    0.0224035
-6.17    0.0224141
-6.169    0.0224247
-6.168    0.0224354
-6.167    0.0224461
-6.166    0.0224567
-6.165    0.0224674
-6.164    0.0224781
-6.163    0.0224888
-6.162    0.0224995
-6.161    0.0225102
-6.16    0.0225209
-6.159    0.0225317
-6.158    0.0225424
-6.157    0.0225531
-6.156    0.0225639
-6.155    0.0225747
-6.154    0.0225854
-6.153    0.0225962
-6.152    0.022607
-6.151    0.0226178
-6.15    0.0226286
-6.149    0.0226394
-6.148    0.0226502
-6.147    0.022661
-6.146    0.0226719
-6.145    0.0226827
-6.144    0.0226935
-6.143    0.0227044
-6.142    0.0227153
-6.141    0.0227261
-6.14    0.022737
-6.139    0.0227479
-6.138    0.0227588
-6.137    0.0227697
-6.136    0.0227806
-6.135    0.0227916
-6.134    0.0228025
-6.133    0.0228134
-6.132    0.0228244
-6.131    0.0228353
-6.13    0.0228463
-6.129    0.0228573
-6.128    0.0228682
-6.127    0.0228792
-6.126    0.0228902
-6.125    0.0229012
-6.124    0.0229123
-6.123    0.0229233
-6.122    0.0229343
-6.121    0.0229453
-6.12    0.0229564
-6.119    0.0229674
-6.118    0.0229785
-6.117    0.0229896
-6.116    0.0230007
-6.115    0.0230117
-6.114    0.0230228
-6.113    0.0230339
-6.112    0.0230451
-6.111    0.0230562
-6.11    0.0230673
-6.109    0.0230785
-6.108    0.0230896
-6.107    0.0231008
-6.106    0.0231119
-6.105    0.0231231
-6.104    0.0231343
-6.103    0.0231455
-6.102    0.0231567
-6.101    0.0231679
-6.1    0.0231791
-6.099    0.0231903
-6.098    0.0232015
-6.097    0.0232128
-6.096    0.023224
-6.095    0.0232353
-6.094    0.0232466
-6.093    0.0232578
-6.092    0.0232691
-6.091    0.0232804
-6.09    0.0232917
-6.089    0.023303
-6.088    0.0233143
-6.087    0.0233257
-6.086    0.023337
-6.085    0.0233483
-6.084    0.0233597
-6.083    0.0233711
-6.082    0.0233824
-6.081    0.0233938
-6.08    0.0234052
-6.079    0.0234166
-6.078    0.023428
-6.077    0.0234394
-6.076    0.0234508
-6.075    0.0234623
-6.074    0.0234737
-6.073    0.0234851
-6.072    0.0234966
-6.071    0.0235081
-6.07    0.0235195
-6.069    0.023531
-6.068    0.0235425
-6.067    0.023554
-6.066    0.0235655
-6.065    0.023577
-6.064    0.0235886
-6.063    0.0236001
-6.062    0.0236117
-6.061    0.0236232
-6.06    0.0236348
-6.059    0.0236463
-6.058    0.0236579
-6.057    0.0236695
-6.056    0.0236811
-6.055    0.0236927
-6.054    0.0237043
-6.053    0.023716
-6.052    0.0237276
-6.051    0.0237392
-6.05    0.0237509
-6.049    0.0237626
-6.048    0.0237742
-6.047    0.0237859
-6.046    0.0237976
-6.045    0.0238093
-6.044    0.023821
-6.043    0.0238327
-6.042    0.0238444
-6.041    0.0238562
-6.04    0.0238679
-6.039    0.0238797
-6.038    0.0238914
-6.037    0.0239032
-6.036    0.023915
-6.035    0.0239268
-6.034    0.0239386
-6.033    0.0239504
-6.032    0.0239622
-6.031    0.023974
-6.03    0.0239858
-6.029    0.0239977
-6.028    0.0240095
-6.027    0.0240214
-6.026    0.0240333
-6.025    0.0240451
-6.024    0.024057
-6.023    0.0240689
-6.022    0.0240808
-6.021    0.0240927
-6.02    0.0241047
-6.019    0.0241166
-6.018    0.0241286
-6.017    0.0241405
-6.016    0.0241525
-6.015    0.0241644
-6.014    0.0241764
-6.013    0.0241884
-6.012    0.0242004
-6.011    0.0242124
-6.01    0.0242244
-6.009    0.0242365
-6.008    0.0242485
-6.007    0.0242606
-6.006    0.0242726
-6.005    0.0242847
-6.004    0.0242967
-6.003    0.0243088
-6.002    0.0243209
-6.001    0.024333
-6    0.0243451
-5.999    0.0243573
-5.998    0.0243694
-5.997    0.0243815
-5.996    0.0243937
-5.995    0.0244058
-5.994    0.024418
-5.993    0.0244302
-5.992    0.0244424
-5.991    0.0244546
-5.99    0.0244668
-5.989    0.024479
-5.988    0.0244912
-5.987    0.0245035
-5.986    0.0245157
-5.985    0.024528
-5.984    0.0245402
-5.983    0.0245525
-5.982    0.0245648
-5.981    0.0245771
-5.98    0.0245894
-5.979    0.0246017
-5.978    0.024614
-5.977    0.0246264
-5.976    0.0246387
-5.975    0.0246511
-5.974    0.0246634
-5.973    0.0246758
-5.972    0.0246882
-5.971    0.0247006
-5.97    0.024713
-5.969    0.0247254
-5.968    0.0247378
-5.967    0.0247502
-5.966    0.0247627
-5.965    0.0247751
-5.964    0.0247876
-5.963    0.0248001
-5.962    0.0248125
-5.961    0.024825
-5.96    0.0248375
-5.959    0.02485
-5.958    0.0248625
-5.957    0.0248751
-5.956    0.0248876
-5.955    0.0249002
-5.954    0.0249127
-5.953    0.0249253
-5.952    0.0249379
-5.951    0.0249505
-5.95    0.0249631
-5.949    0.0249757
-5.948    0.0249883
-5.947    0.0250009
-5.946    0.0250136
-5.945    0.0250262
-5.944    0.0250389
-5.943    0.0250515
-5.942    0.0250642
-5.941    0.0250769
-5.94    0.0250896
-5.939    0.0251023
-5.938    0.025115
-5.937    0.0251278
-5.936    0.0251405
-5.935    0.0251532
-5.934    0.025166
-5.933    0.0251788
-5.932    0.0251916
-5.931    0.0252043
-5.93    0.0252171
-5.929    0.02523
-5.928    0.0252428
-5.927    0.0252556
-5.926    0.0252684
-5.925    0.0252813
-5.924    0.0252942
-5.923    0.025307
-5.922    0.0253199
-5.921    0.0253328
-5.92    0.0253457
-5.919    0.0253586
-5.918    0.0253715
-5.917    0.0253845
-5.916    0.0253974
-5.915    0.0254104
-5.914    0.0254233
-5.913    0.0254363
-5.912    0.0254493
-5.911    0.0254623
-5.91    0.0254753
-5.909    0.0254883
-5.908    0.0255014
-5.907    0.0255144
-5.906    0.0255274
-5.905    0.0255405
-5.904    0.0255536
-5.903    0.0255666
-5.902    0.0255797
-5.901    0.0255928
-5.9    0.025606
-5.899    0.0256191
-5.898    0.0256322
-5.897    0.0256453
-5.896    0.0256585
-5.895    0.0256717
-5.894    0.0256848
-5.893    0.025698
-5.892    0.0257112
-5.891    0.0257244
-5.89    0.0257376
-5.889    0.0257509
-5.888    0.0257641
-5.887    0.0257774
-5.886    0.0257906
-5.885    0.0258039
-5.884    0.0258172
-5.883    0.0258305
-5.882    0.0258438
-5.881    0.0258571
-5.88    0.0258704
-5.879    0.0258837
-5.878    0.0258971
-5.877    0.0259105
-5.876    0.0259238
-5.875    0.0259372
-5.874    0.0259506
-5.873    0.025964
-5.872    0.0259774
-5.871    0.0259908
-5.87    0.0260043
-5.869    0.0260177
-5.868    0.0260312
-5.867    0.0260446
-5.866    0.0260581
-5.865    0.0260716
-5.864    0.0260851
-5.863    0.0260986
-5.862    0.0261121
-5.861    0.0261256
-5.86    0.0261392
-5.859    0.0261527
-5.858    0.0261663
-5.857    0.0261799
-5.856    0.0261935
-5.855    0.0262071
-5.854    0.0262207
-5.853    0.0262343
-5.852    0.0262479
-5.851    0.0262616
-5.85    0.0262752
-5.849    0.0262889
-5.848    0.0263026
-5.847    0.0263163
-5.846    0.02633
-5.845    0.0263437
-5.844    0.0263574
-5.843    0.0263711
-5.842    0.0263849
-5.841    0.0263986
-5.84    0.0264124
-5.839    0.0264262
-5.838    0.0264399
-5.837    0.0264537
-5.836    0.0264676
-5.835    0.0264814
-5.834    0.0264952
-5.833    0.0265091
-5.832    0.0265229
-5.831    0.0265368
-5.83    0.0265507
-5.829    0.0265645
-5.828    0.0265785
-5.827    0.0265924
-5.826    0.0266063
-5.825    0.0266202
-5.824    0.0266342
-5.823    0.0266481
-5.822    0.0266621
-5.821    0.0266761
-5.82    0.0266901
-5.819    0.0267041
-5.818    0.0267181
-5.817    0.0267321
-5.816    0.0267462
-5.815    0.0267602
-5.814    0.0267743
-5.813    0.0267884
-5.812    0.0268024
-5.811    0.0268165
-5.81    0.0268307
-5.809    0.0268448
-5.808    0.0268589
-5.807    0.0268731
-5.806    0.0268872
-5.805    0.0269014
-5.804    0.0269156
-5.803    0.0269297
-5.802    0.0269439
-5.801    0.0269582
-5.8    0.0269724
-5.799    0.0269866
-5.798    0.0270009
-5.797    0.0270151
-5.796    0.0270294
-5.795    0.0270437
-5.794    0.027058
-5.793    0.0270723
-5.792    0.0270866
-5.791    0.027101
-5.79    0.0271153
-5.789    0.0271297
-5.788    0.027144
-5.787    0.0271584
-5.786    0.0271728
-5.785    0.0271872
-5.784    0.0272016
-5.783    0.0272161
-5.782    0.0272305
-5.781    0.027245
-5.78    0.0272594
-5.779    0.0272739
-5.778    0.0272884
-5.777    0.0273029
-5.776    0.0273174
-5.775    0.0273319
-5.774    0.0273465
-5.773    0.027361
-5.772    0.0273756
-5.771    0.0273902
-5.77    0.0274047
-5.769    0.0274193
-5.768    0.027434
-5.767    0.0274486
-5.766    0.0274632
-5.765    0.0274779
-5.764    0.0274925
-5.763    0.0275072
-5.762    0.0275219
-5.761    0.0275366
-5.76    0.0275513
-5.759    0.027566
-5.758    0.0275807
-5.757    0.0275955
-5.756    0.0276103
-5.755    0.027625
-5.754    0.0276398
-5.753    0.0276546
-5.752    0.0276694
-5.751    0.0276842
-5.75    0.0276991
-5.749    0.0277139
-5.748    0.0277288
-5.747    0.0277436
-5.746    0.0277585
-5.745    0.0277734
-5.744    0.0277883
-5.743    0.0278033
-5.742    0.0278182
-5.741    0.0278331
-5.74    0.0278481
-5.739    0.0278631
-5.738    0.027878
-5.737    0.027893
-5.736    0.0279081
-5.735    0.0279231
-5.734    0.0279381
-5.733    0.0279532
-5.732    0.0279682
-5.731    0.0279833
-5.73    0.0279984
-5.729    0.0280135
-5.728    0.0280286
-5.727    0.0280437
-5.726    0.0280589
-5.725    0.028074
-5.724    0.0280892
-5.723    0.0281043
-5.722    0.0281195
-5.721    0.0281347
-5.72    0.02815
-5.719    0.0281652
-5.718    0.0281804
-5.717    0.0281957
-5.716    0.0282109
-5.715    0.0282262
-5.714    0.0282415
-5.713    0.0282568
-5.712    0.0282721
-5.711    0.0282875
-5.71    0.0283028
-5.709    0.0283182
-5.708    0.0283335
-5.707    0.0283489
-5.706    0.0283643
-5.705    0.0283797
-5.704    0.0283952
-5.703    0.0284106
-5.702    0.028426
-5.701    0.0284415
-5.7    0.028457
-5.699    0.0284725
-5.698    0.028488
-5.697    0.0285035
-5.696    0.028519
-5.695    0.0285346
-5.694    0.0285501
-5.693    0.0285657
-5.692    0.0285813
-5.691    0.0285969
-5.69    0.0286125
-5.689    0.0286281
-5.688    0.0286437
-5.687    0.0286594
-5.686    0.0286751
-5.685    0.0286907
-5.684    0.0287064
-5.683    0.0287221
-5.682    0.0287378
-5.681    0.0287536
-5.68    0.0287693
-5.679    0.0287851
-5.678    0.0288008
-5.677    0.0288166
-5.676    0.0288324
-5.675    0.0288482
-5.674    0.0288641
-5.673    0.0288799
-5.672    0.0288958
-5.671    0.0289116
-5.67    0.0289275
-5.669    0.0289434
-5.668    0.0289593
-5.667    0.0289752
-5.666    0.0289912
-5.665    0.0290071
-5.664    0.0290231
-5.663    0.0290391
-5.662    0.0290551
-5.661    0.0290711
-5.66    0.0290871
-5.659    0.0291031
-5.658    0.0291192
-5.657    0.0291352
-5.656    0.0291513
-5.655    0.0291674
-5.654    0.0291835
-5.653    0.0291996
-5.652    0.0292157
-5.651    0.0292319
-5.65    0.029248
-5.649    0.0292642
-5.648    0.0292804
-5.647    0.0292966
-5.646    0.0293128
-5.645    0.029329
-5.644    0.0293453
-5.643    0.0293615
-5.642    0.0293778
-5.641    0.0293941
-5.64    0.0294104
-5.639    0.0294267
-5.638    0.029443
-5.637    0.0294594
-5.636    0.0294757
-5.635    0.0294921
-5.634    0.0295085
-5.633    0.0295249
-5.632    0.0295413
-5.631    0.0295577
-5.63    0.0295742
-5.629    0.0295906
-5.628    0.0296071
-5.627    0.0296236
-5.626    0.0296401
-5.625    0.0296566
-5.624    0.0296731
-5.623    0.0296897
-5.622    0.0297062
-5.621    0.0297228
-5.62    0.0297394
-5.619    0.029756
-5.618    0.0297726
-5.617    0.0297892
-5.616    0.0298059
-5.615    0.0298225
-5.614    0.0298392
-5.613    0.0298559
-5.612    0.0298726
-5.611    0.0298893
-5.61    0.0299061
-5.609    0.0299228
-5.608    0.0299396
-5.607    0.0299563
-5.606    0.0299731
-5.605    0.0299899
-5.604    0.0300068
-5.603    0.0300236
-5.602    0.0300405
-5.601    0.0300573
-5.6    0.0300742
-5.599    0.0300911
-5.598    0.030108
-5.597    0.0301249
-5.596    0.0301419
-5.595    0.0301588
-5.594    0.0301758
-5.593    0.0301928
-5.592    0.0302098
-5.591    0.0302268
-5.59    0.0302438
-5.589    0.0302609
-5.588    0.030278
-5.587    0.030295
-5.586    0.0303121
-5.585    0.0303292
-5.584    0.0303464
-5.583    0.0303635
-5.582    0.0303806
-5.581    0.0303978
-5.58    0.030415
-5.579    0.0304322
-5.578    0.0304494
-5.577    0.0304666
-5.576    0.0304839
-5.575    0.0305011
-5.574    0.0305184
-5.573    0.0305357
-5.572    0.030553
-5.571    0.0305703
-5.57    0.0305877
-5.569    0.030605
-5.568    0.0306224
-5.567    0.0306398
-5.566    0.0306572
-5.565    0.0306746
-5.564    0.030692
-5.563    0.0307095
-5.562    0.0307269
-5.561    0.0307444
-5.56    0.0307619
-5.559    0.0307794
-5.558    0.0307969
-5.557    0.0308145
-5.556    0.030832
-5.555    0.0308496
-5.554    0.0308672
-5.553    0.0308848
-5.552    0.0309024
-5.551    0.0309201
-5.55    0.0309377
-5.549    0.0309554
-5.548    0.0309731
-5.547    0.0309908
-5.546    0.0310085
-5.545    0.0310262
-5.544    0.0310439
-5.543    0.0310617
-5.542    0.0310795
-5.541    0.0310973
-5.54    0.0311151
-5.539    0.0311329
-5.538    0.0311508
-5.537    0.0311686
-5.536    0.0311865
-5.535    0.0312044
-5.534    0.0312223
-5.533    0.0312402
-5.532    0.0312581
-5.531    0.0312761
-5.53    0.0312941
-5.529    0.0313121
-5.528    0.0313301
-5.527    0.0313481
-5.526    0.0313661
-5.525    0.0313842
-5.524    0.0314022
-5.523    0.0314203
-5.522    0.0314384
-5.521    0.0314565
-5.52    0.0314747
-5.519    0.0314928
-5.518    0.031511
-5.517    0.0315292
-5.516    0.0315474
-5.515    0.0315656
-5.514    0.0315838
-5.513    0.0316021
-5.512    0.0316204
-5.511    0.0316386
-5.51    0.0316569
-5.509    0.0316753
-5.508    0.0316936
-5.507    0.0317119
-5.506    0.0317303
-5.505    0.0317487
-5.504    0.0317671
-5.503    0.0317855
-5.502    0.0318039
-5.501    0.0318224
-5.5    0.0318409
-5.499    0.0318594
-5.498    0.0318779
-5.497    0.0318964
-5.496    0.0319149
-5.495    0.0319335
-5.494    0.031952
-5.493    0.0319706
-5.492    0.0319892
-5.491    0.0320078
-5.49    0.0320265
-5.489    0.0320451
-5.488    0.0320638
-5.487    0.0320825
-5.486    0.0321012
-5.485    0.0321199
-5.484    0.0321387
-5.483    0.0321574
-5.482    0.0321762
-5.481    0.032195
-5.48    0.0322138
-5.479    0.0322326
-5.478    0.0322515
-5.477    0.0322703
-5.476    0.0322892
-5.475    0.0323081
-5.474    0.032327
-5.473    0.032346
-5.472    0.0323649
-5.471    0.0323839
-5.47    0.0324029
-5.469    0.0324219
-5.468    0.0324409
-5.467    0.0324599
-5.466    0.032479
-5.465    0.032498
-5.464    0.0325171
-5.463    0.0325362
-5.462    0.0325554
-5.461    0.0325745
-5.46    0.0325937
-5.459    0.0326128
-5.458    0.032632
-5.457    0.0326512
-5.456    0.0326705
-5.455    0.0326897
-5.454    0.032709
-5.453    0.0327283
-5.452    0.0327476
-5.451    0.0327669
-5.45    0.0327862
-5.449    0.0328056
-5.448    0.032825
-5.447    0.0328444
-5.446    0.0328638
-5.445    0.0328832
-5.444    0.0329026
-5.443    0.0329221
-5.442    0.0329416
-5.441    0.0329611
-5.44    0.0329806
-5.439    0.0330002
-5.438    0.0330197
-5.437    0.0330393
-5.436    0.0330589
-5.435    0.0330785
-5.434    0.0330981
-5.433    0.0331178
-5.432    0.0331374
-5.431    0.0331571
-5.43    0.0331768
-5.429    0.0331965
-5.428    0.0332163
-5.427    0.033236
-5.426    0.0332558
-5.425    0.0332756
-5.424    0.0332954
-5.423    0.0333152
-5.422    0.0333351
-5.421    0.033355
-5.42    0.0333749
-5.419    0.0333948
-5.418    0.0334147
-5.417    0.0334346
-5.416    0.0334546
-5.415    0.0334746
-5.414    0.0334946
-5.413    0.0335146
-5.412    0.0335346
-5.411    0.0335547
-5.41    0.0335748
-5.409    0.0335949
-5.408    0.033615
-5.407    0.0336351
-5.406    0.0336553
-5.405    0.0336754
-5.404    0.0336956
-5.403    0.0337158
-5.402    0.0337361
-5.401    0.0337563
-5.4    0.0337766
-5.399    0.0337969
-5.398    0.0338172
-5.397    0.0338375
-5.396    0.0338578
-5.395    0.0338782
-5.394    0.0338986
-5.393    0.033919
-5.392    0.0339394
-5.391    0.0339598
-5.39    0.0339803
-5.389    0.0340008
-5.388    0.0340213
-5.387    0.0340418
-5.386    0.0340623
-5.385    0.0340829
-5.384    0.0341035
-5.383    0.0341241
-5.382    0.0341447
-5.381    0.0341653
-5.38    0.034186
-5.379    0.0342066
-5.378    0.0342273
-5.377    0.034248
-5.376    0.0342688
-5.375    0.0342895
-5.374    0.0343103
-5.373    0.0343311
-5.372    0.0343519
-5.371    0.0343727
-5.37    0.0343936
-5.369    0.0344145
-5.368    0.0344354
-5.367    0.0344563
-5.366    0.0344772
-5.365    0.0344982
-5.364    0.0345191
-5.363    0.0345401
-5.362    0.0345611
-5.361    0.0345822
-5.36    0.0346032
-5.359    0.0346243
-5.358    0.0346454
-5.357    0.0346665
-5.356    0.0346876
-5.355    0.0347088
-5.354    0.03473
-5.353    0.0347512
-5.352    0.0347724
-5.351    0.0347936
-5.35    0.0348149
-5.349    0.0348361
-5.348    0.0348574
-5.347    0.0348788
-5.346    0.0349001
-5.345    0.0349214
-5.344    0.0349428
-5.343    0.0349642
-5.342    0.0349856
-5.341    0.0350071
-5.34    0.0350286
-5.339    0.03505
-5.338    0.0350715
-5.337    0.0350931
-5.336    0.0351146
-5.335    0.0351362
-5.334    0.0351578
-5.333    0.0351794
-5.332    0.035201
-5.331    0.0352226
-5.33    0.0352443
-5.329    0.035266
-5.328    0.0352877
-5.327    0.0353095
-5.326    0.0353312
-5.325    0.035353
-5.324    0.0353748
-5.323    0.0353966
-5.322    0.0354184
-5.321    0.0354403
-5.32    0.0354622
-5.319    0.0354841
-5.318    0.035506
-5.317    0.035528
-5.316    0.0355499
-5.315    0.0355719
-5.314    0.0355939
-5.313    0.035616
-5.312    0.035638
-5.311    0.0356601
-5.31    0.0356822
-5.309    0.0357043
-5.308    0.0357264
-5.307    0.0357486
-5.306    0.0357708
-5.305    0.035793
-5.304    0.0358152
-5.303    0.0358375
-5.302    0.0358597
-5.301    0.035882
-5.3    0.0359043
-5.299    0.0359267
-5.298    0.035949
-5.297    0.0359714
-5.296    0.0359938
-5.295    0.0360162
-5.294    0.0360387
-5.293    0.0360612
-5.292    0.0360836
-5.291    0.0361062
-5.29    0.0361287
-5.289    0.0361512
-5.288    0.0361738
-5.287    0.0361964
-5.286    0.036219
-5.285    0.0362417
-5.284    0.0362644
-5.283    0.0362871
-5.282    0.0363098
-5.281    0.0363325
-5.28    0.0363553
-5.279    0.036378
-5.278    0.0364008
-5.277    0.0364237
-5.276    0.0364465
-5.275    0.0364694
-5.274    0.0364923
-5.273    0.0365152
-5.272    0.0365381
-5.271    0.0365611
-5.27    0.0365841
-5.269    0.0366071
-5.268    0.0366301
-5.267    0.0366532
-5.266    0.0366762
-5.265    0.0366993
-5.264    0.0367224
-5.263    0.0367456
-5.262    0.0367688
-5.261    0.0367919
-5.26    0.0368152
-5.259    0.0368384
-5.258    0.0368617
-5.257    0.0368849
-5.256    0.0369082
-5.255    0.0369316
-5.254    0.0369549
-5.253    0.0369783
-5.252    0.0370017
-5.251    0.0370251
-5.25    0.0370486
-5.249    0.037072
-5.248    0.0370955
-5.247    0.037119
-5.246    0.0371426
-5.245    0.0371661
-5.244    0.0371897
-5.243    0.0372133
-5.242    0.037237
-5.241    0.0372606
-5.24    0.0372843
-5.239    0.037308
-5.238    0.0373317
-5.237    0.0373555
-5.236    0.0373793
-5.235    0.0374031
-5.234    0.0374269
-5.233    0.0374507
-5.232    0.0374746
-5.231    0.0374985
-5.23    0.0375224
-5.229    0.0375464
-5.228    0.0375703
-5.227    0.0375943
-5.226    0.0376183
-5.225    0.0376424
-5.224    0.0376664
-5.223    0.0376905
-5.222    0.0377146
-5.221    0.0377388
-5.22    0.0377629
-5.219    0.0377871
-5.218    0.0378113
-5.217    0.0378356
-5.216    0.0378598
-5.215    0.0378841
-5.214    0.0379084
-5.213    0.0379328
-5.212    0.0379571
-5.211    0.0379815
-5.21    0.0380059
-5.209    0.0380303
-5.208    0.0380548
-5.207    0.0380793
-5.206    0.0381038
-5.205    0.0381283
-5.204    0.0381529
-5.203    0.0381775
-5.202    0.0382021
-5.201    0.0382267
-5.2    0.0382513
-5.199    0.038276
-5.198    0.0383007
-5.197    0.0383255
-5.196    0.0383502
-5.195    0.038375
-5.194    0.0383998
-5.193    0.0384246
-5.192    0.0384495
-5.191    0.0384744
-5.19    0.0384993
-5.189    0.0385242
-5.188    0.0385492
-5.187    0.0385742
-5.186    0.0385992
-5.185    0.0386242
-5.184    0.0386493
-5.183    0.0386744
-5.182    0.0386995
-5.181    0.0387246
-5.18    0.0387498
-5.179    0.038775
-5.178    0.0388002
-5.177    0.0388254
-5.176    0.0388507
-5.175    0.038876
-5.174    0.0389013
-5.173    0.0389267
-5.172    0.038952
-5.171    0.0389774
-5.17    0.0390029
-5.169    0.0390283
-5.168    0.0390538
-5.167    0.0390793
-5.166    0.0391048
-5.165    0.0391304
-5.164    0.039156
-5.163    0.0391816
-5.162    0.0392072
-5.161    0.0392329
-5.16    0.0392586
-5.159    0.0392843
-5.158    0.03931
-5.157    0.0393358
-5.156    0.0393616
-5.155    0.0393874
-5.154    0.0394132
-5.153    0.0394391
-5.152    0.039465
-5.151    0.0394909
-5.15    0.0395169
-5.149    0.0395429
-5.148    0.0395689
-5.147    0.0395949
-5.146    0.039621
-5.145    0.0396471
-5.144    0.0396732
-5.143    0.0396993
-5.142    0.0397255
-5.141    0.0397517
-5.14    0.0397779
-5.139    0.0398042
-5.138    0.0398305
-5.137    0.0398568
-5.136    0.0398831
-5.135    0.0399095
-5.134    0.0399359
-5.133    0.0399623
-5.132    0.0399887
-5.131    0.0400152
-5.13    0.0400417
-5.129    0.0400682
-5.128    0.0400948
-5.127    0.0401214
-5.126    0.040148
-5.125    0.0401746
-5.124    0.0402013
-5.123    0.040228
-5.122    0.0402547
-5.121    0.0402815
-5.12    0.0403083
-5.119    0.0403351
-5.118    0.0403619
-5.117    0.0403888
-5.116    0.0404157
-5.115    0.0404426
-5.114    0.0404695
-5.113    0.0404965
-5.112    0.0405235
-5.111    0.0405505
-5.11    0.0405776
-5.109    0.0406047
-5.108    0.0406318
-5.107    0.040659
-5.106    0.0406861
-5.105    0.0407134
-5.104    0.0407406
-5.103    0.0407679
-5.102    0.0407951
-5.101    0.0408225
-5.1    0.0408498
-5.099    0.0408772
-5.098    0.0409046
-5.097    0.040932
-5.096    0.0409595
-5.095    0.040987
-5.094    0.0410145
-5.093    0.0410421
-5.092    0.0410697
-5.091    0.0410973
-5.09    0.0411249
-5.089    0.0411526
-5.088    0.0411803
-5.087    0.041208
-5.086    0.0412358
-5.085    0.0412636
-5.084    0.0412914
-5.083    0.0413192
-5.082    0.0413471
-5.081    0.041375
-5.08    0.041403
-5.079    0.0414309
-5.078    0.0414589
-5.077    0.0414869
-5.076    0.041515
-5.075    0.0415431
-5.074    0.0415712
-5.073    0.0415993
-5.072    0.0416275
-5.071    0.0416557
-5.07    0.041684
-5.069    0.0417122
-5.068    0.0417405
-5.067    0.0417689
-5.066    0.0417972
-5.065    0.0418256
-5.064    0.041854
-5.063    0.0418825
-5.062    0.041911
-5.061    0.0419395
-5.06    0.041968
-5.059    0.0419966
-5.058    0.0420252
-5.057    0.0420538
-5.056    0.0420825
-5.055    0.0421112
-5.054    0.0421399
-5.053    0.0421687
-5.052    0.0421974
-5.051    0.0422263
-5.05    0.0422551
-5.049    0.042284
-5.048    0.0423129
-5.047    0.0423419
-5.046    0.0423708
-5.045    0.0423998
-5.044    0.0424289
-5.043    0.0424579
-5.042    0.042487
-5.041    0.0425162
-5.04    0.0425453
-5.039    0.0425745
-5.038    0.0426038
-5.037    0.042633
-5.036    0.0426623
-5.035    0.0426916
-5.034    0.042721
-5.033    0.0427504
-5.032    0.0427798
-5.031    0.0428092
-5.03    0.0428387
-5.029    0.0428682
-5.028    0.0428978
-5.027    0.0429274
-5.026    0.042957
-5.025    0.0429866
-5.024    0.0430163
-5.023    0.043046
-5.022    0.0430757
-5.021    0.0431055
-5.02    0.0431353
-5.019    0.0431651
-5.018    0.043195
-5.017    0.0432249
-5.016    0.0432549
-5.015    0.0432848
-5.014    0.0433148
-5.013    0.0433449
-5.012    0.0433749
-5.011    0.043405
-5.01    0.0434352
-5.009    0.0434653
-5.008    0.0434955
-5.007    0.0435258
-5.006    0.043556
-5.005    0.0435863
-5.004    0.0436166
-5.003    0.043647
-5.002    0.0436774
-5.001    0.0437078
-5    0.0437383
-4.999    0.0437688
-4.998    0.0437993
-4.997    0.0438299
-4.996    0.0438605
-4.995    0.0438911
-4.994    0.0439218
-4.993    0.0439525
-4.992    0.0439832
-4.991    0.044014
-4.99    0.0440448
-4.989    0.0440757
-4.988    0.0441065
-4.987    0.0441374
-4.986    0.0441684
-4.985    0.0441993
-4.984    0.0442304
-4.983    0.0442614
-4.982    0.0442925
-4.981    0.0443236
-4.98    0.0443547
-4.979    0.0443859
-4.978    0.0444171
-4.977    0.0444484
-4.976    0.0444797
-4.975    0.044511
-4.974    0.0445423
-4.973    0.0445737
-4.972    0.0446052
-4.971    0.0446366
-4.97    0.0446681
-4.969    0.0446996
-4.968    0.0447312
-4.967    0.0447628
-4.966    0.0447944
-4.965    0.0448261
-4.964    0.0448578
-4.963    0.0448896
-4.962    0.0449213
-4.961    0.0449531
-4.96    0.044985
-4.959    0.0450169
-4.958    0.0450488
-4.957    0.0450808
-4.956    0.0451127
-4.955    0.0451448
-4.954    0.0451768
-4.953    0.0452089
-4.952    0.0452411
-4.951    0.0452732
-4.95    0.0453055
-4.949    0.0453377
-4.948    0.04537
-4.947    0.0454023
-4.946    0.0454346
-4.945    0.045467
-4.944    0.0454995
-4.943    0.0455319
-4.942    0.0455644
-4.941    0.045597
-4.94    0.0456295
-4.939    0.0456621
-4.938    0.0456948
-4.937    0.0457275
-4.936    0.0457602
-4.935    0.0457929
-4.934    0.0458257
-4.933    0.0458586
-4.932    0.0458914
-4.931    0.0459243
-4.93    0.0459573
-4.929    0.0459903
-4.928    0.0460233
-4.927    0.0460563
-4.926    0.0460894
-4.925    0.0461226
-4.924    0.0461557
-4.923    0.0461889
-4.922    0.0462222
-4.921    0.0462555
-4.92    0.0462888
-4.919    0.0463221
-4.918    0.0463555
-4.917    0.046389
-4.916    0.0464224
-4.915    0.046456
-4.914    0.0464895
-4.913    0.0465231
-4.912    0.0465567
-4.911    0.0465904
-4.91    0.0466241
-4.909    0.0466578
-4.908    0.0466916
-4.907    0.0467254
-4.906    0.0467593
-4.905    0.0467932
-4.904    0.0468271
-4.903    0.0468611
-4.902    0.0468951
-4.901    0.0469291
-4.9    0.0469632
-4.899    0.0469974
-4.898    0.0470315
-4.897    0.0470657
-4.896    0.0471
-4.895    0.0471343
-4.894    0.0471686
-4.893    0.047203
-4.892    0.0472374
-4.891    0.0472718
-4.89    0.0473063
-4.889    0.0473408
-4.888    0.0473754
-4.887    0.04741
-4.886    0.0474446
-4.885    0.0474793
-4.884    0.047514
-4.883    0.0475488
-4.882    0.0475836
-4.881    0.0476184
-4.88    0.0476533
-4.879    0.0476883
-4.878    0.0477232
-4.877    0.0477582
-4.876    0.0477933
-4.875    0.0478284
-4.874    0.0478635
-4.873    0.0478987
-4.872    0.0479339
-4.871    0.0479691
-4.87    0.0480044
-4.869    0.0480397
-4.868    0.0480751
-4.867    0.0481105
-4.866    0.048146
-4.865    0.0481815
-4.864    0.048217
-4.863    0.0482526
-4.862    0.0482882
-4.861    0.0483239
-4.86    0.0483596
-4.859    0.0483954
-4.858    0.0484311
-4.857    0.048467
-4.856    0.0485029
-4.855    0.0485388
-4.854    0.0485747
-4.853    0.0486107
-4.852    0.0486468
-4.851    0.0486829
-4.85    0.048719
-4.849    0.0487551
-4.848    0.0487914
-4.847    0.0488276
-4.846    0.0488639
-4.845    0.0489002
-4.844    0.0489366
-4.843    0.0489731
-4.842    0.0490095
-4.841    0.049046
-4.84    0.0490826
-4.839    0.0491192
-4.838    0.0491558
-4.837    0.0491925
-4.836    0.0492292
-4.835    0.049266
-4.834    0.0493028
-4.833    0.0493397
-4.832    0.0493766
-4.831    0.0494135
-4.83    0.0494505
-4.829    0.0494875
-4.828    0.0495246
-4.827    0.0495617
-4.826    0.0495989
-4.825    0.0496361
-4.824    0.0496734
-4.823    0.0497107
-4.822    0.049748
-4.821    0.0497854
-4.82    0.0498228
-4.819    0.0498603
-4.818    0.0498978
-4.817    0.0499354
-4.816    0.049973
-4.815    0.0500106
-4.814    0.0500483
-4.813    0.0500861
-4.812    0.0501239
-4.811    0.0501617
-4.81    0.0501996
-4.809    0.0502375
-4.808    0.0502755
-4.807    0.0503135
-4.806    0.0503515
-4.805    0.0503897
-4.804    0.0504278
-4.803    0.050466
-4.802    0.0505042
-4.801    0.0505425
-4.8    0.0505809
-4.799    0.0506192
-4.798    0.0506577
-4.797    0.0506961
-4.796    0.0507347
-4.795    0.0507732
-4.794    0.0508118
-4.793    0.0508505
-4.792    0.0508892
-4.791    0.050928
-4.79    0.0509668
-4.789    0.0510056
-4.788    0.0510445
-4.787    0.0510834
-4.786    0.0511224
-4.785    0.0511615
-4.784    0.0512005
-4.783    0.0512397
-4.782    0.0512788
-4.781    0.0513181
-4.78    0.0513573
-4.779    0.0513966
-4.778    0.051436
-4.777    0.0514754
-4.776    0.0515149
-4.775    0.0515544
-4.774    0.0515939
-4.773    0.0516336
-4.772    0.0516732
-4.771    0.0517129
-4.77    0.0517527
-4.769    0.0517925
-4.768    0.0518323
-4.767    0.0518722
-4.766    0.0519121
-4.765    0.0519521
-4.764    0.0519922
-4.763    0.0520323
-4.762    0.0520724
-4.761    0.0521126
-4.76    0.0521528
-4.759    0.0521931
-4.758    0.0522334
-4.757    0.0522738
-4.756    0.0523143
-4.755    0.0523547
-4.754    0.0523953
-4.753    0.0524359
-4.752    0.0524765
-4.751    0.0525172
-4.75    0.0525579
-4.749    0.0525987
-4.748    0.0526395
-4.747    0.0526804
-4.746    0.0527213
-4.745    0.0527623
-4.744    0.0528034
-4.743    0.0528444
-4.742    0.0528856
-4.741    0.0529268
-4.74    0.052968
-4.739    0.0530093
-4.738    0.0530506
-4.737    0.053092
-4.736    0.0531335
-4.735    0.0531749
-4.734    0.0532165
-4.733    0.0532581
-4.732    0.0532997
-4.731    0.0533414
-4.73    0.0533832
-4.729    0.053425
-4.728    0.0534668
-4.727    0.0535087
-4.726    0.0535507
-4.725    0.0535927
-4.724    0.0536348
-4.723    0.0536769
-4.722    0.053719
-4.721    0.0537613
-4.72    0.0538035
-4.719    0.0538459
-4.718    0.0538882
-4.717    0.0539307
-4.716    0.0539731
-4.715    0.0540157
-4.714    0.0540583
-4.713    0.0541009
-4.712    0.0541436
-4.711    0.0541864
-4.71    0.0542292
-4.709    0.054272
-4.708    0.0543149
-4.707    0.0543579
-4.706    0.0544009
-4.705    0.054444
-4.704    0.0544871
-4.703    0.0545303
-4.702    0.0545735
-4.701    0.0546168
-4.7    0.0546601
-4.699    0.0547035
-4.698    0.054747
-4.697    0.0547905
-4.696    0.0548341
-4.695    0.0548777
-4.694    0.0549213
-4.693    0.0549651
-4.692    0.0550088
-4.691    0.0550527
-4.69    0.0550966
-4.689    0.0551405
-4.688    0.0551845
-4.687    0.0552286
-4.686    0.0552727
-4.685    0.0553169
-4.684    0.0553611
-4.683    0.0554054
-4.682    0.0554497
-4.681    0.0554941
-4.68    0.0555385
-4.679    0.0555831
-4.678    0.0556276
-4.677    0.0556722
-4.676    0.0557169
-4.675    0.0557616
-4.674    0.0558064
-4.673    0.0558513
-4.672    0.0558962
-4.671    0.0559411
-4.67    0.0559862
-4.669    0.0560312
-4.668    0.0560764
-4.667    0.0561216
-4.666    0.0561668
-4.665    0.0562121
-4.664    0.0562575
-4.663    0.0563029
-4.662    0.0563484
-4.661    0.0563939
-4.66    0.0564395
-4.659    0.0564852
-4.658    0.0565309
-4.657    0.0565767
-4.656    0.0566225
-4.655    0.0566684
-4.654    0.0567143
-4.653    0.0567603
-4.652    0.0568064
-4.651    0.0568525
-4.65    0.0568987
-4.649    0.056945
-4.648    0.0569913
-4.647    0.0570376
-4.646    0.0570841
-4.645    0.0571306
-4.644    0.0571771
-4.643    0.0572237
-4.642    0.0572704
-4.641    0.0573171
-4.64    0.0573639
-4.639    0.0574107
-4.638    0.0574576
-4.637    0.0575046
-4.636    0.0575516
-4.635    0.0575987
-4.634    0.0576459
-4.633    0.0576931
-4.632    0.0577404
-4.631    0.0577877
-4.63    0.0578351
-4.629    0.0578826
-4.628    0.0579301
-4.627    0.0579777
-4.626    0.0580253
-4.625    0.058073
-4.624    0.0581208
-4.623    0.0581686
-4.622    0.0582165
-4.621    0.0582645
-4.62    0.0583125
-4.619    0.0583606
-4.618    0.0584087
-4.617    0.0584569
-4.616    0.0585052
-4.615    0.0585535
-4.614    0.0586019
-4.613    0.0586504
-4.612    0.0586989
-4.611    0.0587475
-4.61    0.0587961
-4.609    0.0588448
-4.608    0.0588936
-4.607    0.0589425
-4.606    0.0589914
-4.605    0.0590403
-4.604    0.0590894
-4.603    0.0591385
-4.602    0.0591876
-4.601    0.0592369
-4.6    0.0592862
-4.599    0.0593355
-4.598    0.0593849
-4.597    0.0594344
-4.596    0.059484
-4.595    0.0595336
-4.594    0.0595833
-4.593    0.0596331
-4.592    0.0596829
-4.591    0.0597328
-4.59    0.0597827
-4.589    0.0598327
-4.588    0.0598828
-4.587    0.059933
-4.586    0.0599832
-4.585    0.0600335
-4.584    0.0600838
-4.583    0.0601342
-4.582    0.0601847
-4.581    0.0602353
-4.58    0.0602859
-4.579    0.0603366
-4.578    0.0603873
-4.577    0.0604381
-4.576    0.060489
-4.575    0.06054
-4.574    0.060591
-4.573    0.0606421
-4.572    0.0606933
-4.571    0.0607445
-4.57    0.0607958
-4.569    0.0608472
-4.568    0.0608986
-4.567    0.0609501
-4.566    0.0610017
-4.565    0.0610533
-4.564    0.0611051
-4.563    0.0611568
-4.562    0.0612087
-4.561    0.0612606
-4.56    0.0613126
-4.559    0.0613647
-4.558    0.0614168
-4.557    0.061469
-4.556    0.0615213
-4.555    0.0615736
-4.554    0.061626
-4.553    0.0616785
-4.552    0.0617311
-4.551    0.0617837
-4.55    0.0618364
-4.549    0.0618892
-4.548    0.061942
-4.547    0.0619949
-4.546    0.0620479
-4.545    0.062101
-4.544    0.0621541
-4.543    0.0622073
-4.542    0.0622606
-4.541    0.0623139
-4.54    0.0623673
-4.539    0.0624208
-4.538    0.0624744
-4.537    0.062528
-4.536    0.0625817
-4.535    0.0626355
-4.534    0.0626894
-4.533    0.0627433
-4.532    0.0627973
-4.531    0.0628514
-4.53    0.0629055
-4.529    0.0629598
-4.528    0.0630141
-4.527    0.0630684
-4.526    0.0631229
-4.525    0.0631774
-4.524    0.063232
-4.523    0.0632867
-4.522    0.0633414
-4.521    0.0633963
-4.52    0.0634512
-4.519    0.0635061
-4.518    0.0635612
-4.517    0.0636163
-4.516    0.0636715
-4.515    0.0637268
-4.514    0.0637821
-4.513    0.0638376
-4.512    0.0638931
-4.511    0.0639487
-4.51    0.0640043
-4.509    0.06406
-4.508    0.0641159
-4.507    0.0641718
-4.506    0.0642277
-4.505    0.0642838
-4.504    0.0643399
-4.503    0.0643961
-4.502    0.0644524
-4.501    0.0645087
-4.5    0.0645652
-4.499    0.0646217
-4.498    0.0646783
-4.497    0.0647349
-4.496    0.0647917
-4.495    0.0648485
-4.494    0.0649054
-4.493    0.0649624
-4.492    0.0650195
-4.491    0.0650766
-4.49    0.0651339
-4.489    0.0651912
-4.488    0.0652485
-4.487    0.065306
-4.486    0.0653636
-4.485    0.0654212
-4.484    0.0654789
-4.483    0.0655367
-4.482    0.0655946
-4.481    0.0656525
-4.48    0.0657105
-4.479    0.0657686
-4.478    0.0658268
-4.477    0.0658851
-4.476    0.0659435
-4.475    0.0660019
-4.474    0.0660604
-4.473    0.0661191
-4.472    0.0661777
-4.471    0.0662365
-4.47    0.0662954
-4.469    0.0663543
-4.468    0.0664133
-4.467    0.0664724
-4.466    0.0665316
-4.465    0.0665909
-4.464    0.0666502
-4.463    0.0667097
-4.462    0.0667692
-4.461    0.0668288
-4.46    0.0668885
-4.459    0.0669483
-4.458    0.0670081
-4.457    0.0670681
-4.456    0.0671281
-4.455    0.0671882
-4.454    0.0672484
-4.453    0.0673087
-4.452    0.0673691
-4.451    0.0674296
-4.45    0.0674901
-4.449    0.0675507
-4.448    0.0676115
-4.447    0.0676723
-4.446    0.0677332
-4.445    0.0677941
-4.444    0.0678552
-4.443    0.0679164
-4.442    0.0679776
-4.441    0.0680389
-4.44    0.0681004
-4.439    0.0681619
-4.438    0.0682235
-4.437    0.0682851
-4.436    0.0683469
-4.435    0.0684088
-4.434    0.0684707
-4.433    0.0685328
-4.432    0.0685949
-4.431    0.0686571
-4.43    0.0687194
-4.429    0.0687818
-4.428    0.0688443
-4.427    0.0689069
-4.426    0.0689696
-4.425    0.0690323
-4.424    0.0690952
-4.423    0.0691581
-4.422    0.0692211
-4.421    0.0692843
-4.42    0.0693475
-4.419    0.0694108
-4.418    0.0694742
-4.417    0.0695377
-4.416    0.0696012
-4.415    0.0696649
-4.414    0.0697287
-4.413    0.0697925
-4.412    0.0698565
-4.411    0.0699205
-4.41    0.0699847
-4.409    0.0700489
-4.408    0.0701132
-4.407    0.0701777
-4.406    0.0702422
-4.405    0.0703068
-4.404    0.0703715
-4.403    0.0704363
-4.402    0.0705012
-4.401    0.0705662
-4.4    0.0706312
-4.399    0.0706964
-4.398    0.0707617
-4.397    0.0708271
-4.396    0.0708925
-4.395    0.0709581
-4.394    0.0710238
-4.393    0.0710895
-4.392    0.0711554
-4.391    0.0712213
-4.39    0.0712874
-4.389    0.0713535
-4.388    0.0714197
-4.387    0.0714861
-4.386    0.0715525
-4.385    0.0716191
-4.384    0.0716857
-4.383    0.0717524
-4.382    0.0718193
-4.381    0.0718862
-4.38    0.0719532
-4.379    0.0720203
-4.378    0.0720876
-4.377    0.0721549
-4.376    0.0722223
-4.375    0.0722899
-4.374    0.0723575
-4.373    0.0724252
-4.372    0.072493
-4.371    0.072561
-4.37    0.072629
-4.369    0.0726971
-4.368    0.0727654
-4.367    0.0728337
-4.366    0.0729022
-4.365    0.0729707
-4.364    0.0730393
-4.363    0.0731081
-4.362    0.0731769
-4.361    0.0732459
-4.36    0.0733149
-4.359    0.0733841
-4.358    0.0734534
-4.357    0.0735227
-4.356    0.0735922
-4.355    0.0736618
-4.354    0.0737315
-4.353    0.0738013
-4.352    0.0738711
-4.351    0.0739411
-4.35    0.0740112
-4.349    0.0740814
-4.348    0.0741518
-4.347    0.0742222
-4.346    0.0742927
-4.345    0.0743633
-4.344    0.0744341
-4.343    0.0745049
-4.342    0.0745759
-4.341    0.0746469
-4.34    0.0747181
-4.339    0.0747894
-4.338    0.0748608
-4.337    0.0749323
-4.336    0.0750039
-4.335    0.0750756
-4.334    0.0751474
-4.333    0.0752193
-4.332    0.0752914
-4.331    0.0753635
-4.33    0.0754358
-4.329    0.0755081
-4.328    0.0755806
-4.327    0.0756532
-4.326    0.0757259
-4.325    0.0757987
-4.324    0.0758717
-4.323    0.0759447
-4.322    0.0760178
-4.321    0.0760911
-4.32    0.0761645
-4.319    0.076238
-4.318    0.0763116
-4.317    0.0763853
-4.316    0.0764591
-4.315    0.076533
-4.314    0.0766071
-4.313    0.0766812
-4.312    0.0767555
-4.311    0.0768299
-4.31    0.0769044
-4.309    0.0769791
-4.308    0.0770538
-4.307    0.0771287
-4.306    0.0772036
-4.305    0.0772787
-4.304    0.0773539
-4.303    0.0774292
-4.302    0.0775047
-4.301    0.0775802
-4.3    0.0776559
-4.299    0.0777317
-4.298    0.0778076
-4.297    0.0778836
-4.296    0.0779598
-4.295    0.078036
-4.294    0.0781124
-4.293    0.0781889
-4.292    0.0782655
-4.291    0.0783422
-4.29    0.0784191
-4.289    0.0784961
-4.288    0.0785732
-4.287    0.0786504
-4.286    0.0787277
-4.285    0.0788052
-4.284    0.0788828
-4.283    0.0789605
-4.282    0.0790383
-4.281    0.0791163
-4.28    0.0791943
-4.279    0.0792725
-4.278    0.0793508
-4.277    0.0794293
-4.276    0.0795078
-4.275    0.0795865
-4.274    0.0796653
-4.273    0.0797443
-4.272    0.0798233
-4.271    0.0799025
-4.27    0.0799818
-4.269    0.0800613
-4.268    0.0801408
-4.267    0.0802205
-4.266    0.0803003
-4.265    0.0803802
-4.264    0.0804603
-4.263    0.0805405
-4.262    0.0806208
-4.261    0.0807013
-4.26    0.0807818
-4.259    0.0808626
-4.258    0.0809434
-4.257    0.0810243
-4.256    0.0811054
-4.255    0.0811867
-4.254    0.081268
-4.253    0.0813495
-4.252    0.0814311
-4.251    0.0815128
-4.25    0.0815947
-4.249    0.0816767
-4.248    0.0817588
-4.247    0.0818411
-4.246    0.0819235
-4.245    0.082006
-4.244    0.0820887
-4.243    0.0821715
-4.242    0.0822544
-4.241    0.0823375
-4.24    0.0824207
-4.239    0.082504
-4.238    0.0825874
-4.237    0.082671
-4.236    0.0827548
-4.235    0.0828386
-4.234    0.0829226
-4.233    0.0830068
-4.232    0.083091
-4.231    0.0831755
-4.23    0.08326
-4.229    0.0833447
-4.228    0.0834295
-4.227    0.0835145
-4.226    0.0835996
-4.225    0.0836848
-4.224    0.0837702
-4.223    0.0838557
-4.222    0.0839413
-4.221    0.0840271
-4.22    0.084113
-4.219    0.0841991
-4.218    0.0842853
-4.217    0.0843717
-4.216    0.0844582
-4.215    0.0845448
-4.214    0.0846316
-4.213    0.0847185
-4.212    0.0848056
-4.211    0.0848928
-4.21    0.0849801
-4.209    0.0850676
-4.208    0.0851552
-4.207    0.085243
-4.206    0.0853309
-4.205    0.085419
-4.204    0.0855072
-4.203    0.0855956
-4.202    0.0856841
-4.201    0.0857727
-4.2    0.0858615
-4.199    0.0859504
-4.198    0.0860395
-4.197    0.0861288
-4.196    0.0862181
-4.195    0.0863077
-4.194    0.0863973
-4.193    0.0864872
-4.192    0.0865771
-4.191    0.0866673
-4.19    0.0867575
-4.189    0.086848
-4.188    0.0869385
-4.187    0.0870293
-4.186    0.0871201
-4.185    0.0872112
-4.184    0.0873024
-4.183    0.0873937
-4.182    0.0874852
-4.181    0.0875768
-4.18    0.0876686
-4.179    0.0877605
-4.178    0.0878526
-4.177    0.0879449
-4.176    0.0880373
-4.175    0.0881299
-4.174    0.0882226
-4.173    0.0883154
-4.172    0.0884085
-4.171    0.0885017
-4.17    0.088595
-4.169    0.0886885
-4.168    0.0887821
-4.167    0.088876
-4.166    0.0889699
-4.165    0.0890641
-4.164    0.0891583
-4.163    0.0892528
-4.162    0.0893474
-4.161    0.0894422
-4.16    0.0895371
-4.159    0.0896322
-4.158    0.0897274
-4.157    0.0898228
-4.156    0.0899184
-4.155    0.0900142
-4.154    0.0901101
-4.153    0.0902061
-4.152    0.0903023
-4.151    0.0903987
-4.15    0.0904953
-4.149    0.090592
-4.148    0.0906889
-4.147    0.0907859
-4.146    0.0908831
-4.145    0.0909805
-4.144    0.0910781
-4.143    0.0911758
-4.142    0.0912737
-4.141    0.0913717
-4.14    0.0914699
-4.139    0.0915683
-4.138    0.0916669
-4.137    0.0917656
-4.136    0.0918645
-4.135    0.0919636
-4.134    0.0920628
-4.133    0.0921622
-4.132    0.0922618
-4.131    0.0923615
-4.13    0.0924614
-4.129    0.0925615
-4.128    0.0926618
-4.127    0.0927622
-4.126    0.0928629
-4.125    0.0929636
-4.124    0.0930646
-4.123    0.0931657
-4.122    0.0932671
-4.121    0.0933685
-4.12    0.0934702
-4.119    0.0935721
-4.118    0.0936741
-4.117    0.0937763
-4.116    0.0938786
-4.115    0.0939812
-4.114    0.0940839
-4.113    0.0941868
-4.112    0.0942899
-4.111    0.0943932
-4.11    0.0944967
-4.109    0.0946003
-4.108    0.0947041
-4.107    0.0948081
-4.106    0.0949123
-4.105    0.0950167
-4.104    0.0951212
-4.103    0.0952259
-4.102    0.0953308
-4.101    0.0954359
-4.1    0.0955412
-4.099    0.0956467
-4.098    0.0957524
-4.097    0.0958582
-4.096    0.0959642
-4.095    0.0960704
-4.094    0.0961769
-4.093    0.0962834
-4.092    0.0963902
-4.091    0.0964972
-4.09    0.0966044
-4.089    0.0967117
-4.088    0.0968193
-4.087    0.096927
-4.086    0.0970349
-4.085    0.097143
-4.084    0.0972513
-4.083    0.0973598
-4.082    0.0974685
-4.081    0.0975774
-4.08    0.0976865
-4.079    0.0977958
-4.078    0.0979053
-4.077    0.0980149
-4.076    0.0981248
-4.075    0.0982349
-4.074    0.0983451
-4.073    0.0984556
-4.072    0.0985662
-4.071    0.0986771
-4.07    0.0987881
-4.069    0.0988994
-4.068    0.0990109
-4.067    0.0991225
-4.066    0.0992344
-4.065    0.0993464
-4.064    0.0994587
-4.063    0.0995712
-4.062    0.0996838
-4.061    0.0997967
-4.06    0.0999098
-4.059    0.100023
-4.058    0.100137
-4.057    0.10025
-4.056    0.100364
-4.055    0.100478
-4.054    0.100593
-4.053    0.100707
-4.052    0.100822
-4.051    0.100937
-4.05    0.101052
-4.049    0.101167
-4.048    0.101283
-4.047    0.101399
-4.046    0.101515
-4.045    0.101631
-4.044    0.101747
-4.043    0.101864
-4.042    0.101981
-4.041    0.102098
-4.04    0.102215
-4.039    0.102333
-4.038    0.10245
-4.037    0.102568
-4.036    0.102686
-4.035    0.102805
-4.034    0.102923
-4.033    0.103042
-4.032    0.103161
-4.031    0.10328
-4.03    0.1034
-4.029    0.103519
-4.028    0.103639
-4.027    0.103759
-4.026    0.10388
-4.025    0.104
-4.024    0.104121
-4.023    0.104242
-4.022    0.104363
-4.021    0.104485
-4.02    0.104607
-4.019    0.104728
-4.018    0.104851
-4.017    0.104973
-4.016    0.105096
-4.015    0.105218
-4.014    0.105341
-4.013    0.105465
-4.012    0.105588
-4.011    0.105712
-4.01    0.105836
-4.009    0.10596
-4.008    0.106085
-4.007    0.106209
-4.006    0.106334
-4.005    0.106459
-4.004    0.106585
-4.003    0.10671
-4.002    0.106836
-4.001    0.106962
-4    0.107089
-3.999    0.107215
-3.998    0.107342
-3.997    0.107469
-3.996    0.107597
-3.995    0.107724
-3.994    0.107852
-3.993    0.10798
-3.992    0.108108
-3.991    0.108237
-3.99    0.108365
-3.989    0.108494
-3.988    0.108624
-3.987    0.108753
-3.986    0.108883
-3.985    0.109013
-3.984    0.109143
-3.983    0.109274
-3.982    0.109404
-3.981    0.109535
-3.98    0.109667
-3.979    0.109798
-3.978    0.10993
-3.977    0.110062
-3.976    0.110194
-3.975    0.110327
-3.974    0.110459
-3.973    0.110593
-3.972    0.110726
-3.971    0.110859
-3.97    0.110993
-3.969    0.111127
-3.968    0.111261
-3.967    0.111396
-3.966    0.111531
-3.965    0.111666
-3.964    0.111801
-3.963    0.111937
-3.962    0.112073
-3.961    0.112209
-3.96    0.112345
-3.959    0.112482
-3.958    0.112619
-3.957    0.112756
-3.956    0.112894
-3.955    0.113032
-3.954    0.11317
-3.953    0.113308
-3.952    0.113446
-3.951    0.113585
-3.95    0.113724
-3.949    0.113864
-3.948    0.114003
-3.947    0.114143
-3.946    0.114284
-3.945    0.114424
-3.944    0.114565
-3.943    0.114706
-3.942    0.114847
-3.941    0.114989
-3.94    0.115131
-3.939    0.115273
-3.938    0.115415
-3.937    0.115558
-3.936    0.115701
-3.935    0.115844
-3.934    0.115988
-3.933    0.116132
-3.932    0.116276
-3.931    0.11642
-3.93    0.116565
-3.929    0.11671
-3.928    0.116855
-3.927    0.117001
-3.926    0.117147
-3.925    0.117293
-3.924    0.117439
-3.923    0.117586
-3.922    0.117733
-3.921    0.11788
-3.92    0.118028
-3.919    0.118176
-3.918    0.118324
-3.917    0.118473
-3.916    0.118622
-3.915    0.118771
-3.914    0.11892
-3.913    0.11907
-3.912    0.11922
-3.911    0.11937
-3.91    0.119521
-3.909    0.119672
-3.908    0.119823
-3.907    0.119975
-3.906    0.120127
-3.905    0.120279
-3.904    0.120431
-3.903    0.120584
-3.902    0.120737
-3.901    0.120891
-3.9    0.121044
-3.899    0.121198
-3.898    0.121353
-3.897    0.121507
-3.896    0.121662
-3.895    0.121818
-3.894    0.121973
-3.893    0.122129
-3.892    0.122286
-3.891    0.122442
-3.89    0.122599
-3.889    0.122756
-3.888    0.122914
-3.887    0.123072
-3.886    0.12323
-3.885    0.123389
-3.884    0.123547
-3.883    0.123707
-3.882    0.123866
-3.881    0.124026
-3.88    0.124186
-3.879    0.124347
-3.878    0.124508
-3.877    0.124669
-3.876    0.12483
-3.875    0.124992
-3.874    0.125154
-3.873    0.125317
-3.872    0.12548
-3.871    0.125643
-3.87    0.125807
-3.869    0.125971
-3.868    0.126135
-3.867    0.126299
-3.866    0.126464
-3.865    0.12663
-3.864    0.126795
-3.863    0.126961
-3.862    0.127128
-3.861    0.127294
-3.86    0.127461
-3.859    0.127629
-3.858    0.127796
-3.857    0.127964
-3.856    0.128133
-3.855    0.128302
-3.854    0.128471
-3.853    0.12864
-3.852    0.12881
-3.851    0.12898
-3.85    0.129151
-3.849    0.129322
-3.848    0.129493
-3.847    0.129665
-3.846    0.129837
-3.845    0.13001
-3.844    0.130182
-3.843    0.130356
-3.842    0.130529
-3.841    0.130703
-3.84    0.130877
-3.839    0.131052
-3.838    0.131227
-3.837    0.131402
-3.836    0.131578
-3.835    0.131754
-3.834    0.131931
-3.833    0.132108
-3.832    0.132285
-3.831    0.132463
-3.83    0.132641
-3.829    0.132819
-3.828    0.132998
-3.827    0.133177
-3.826    0.133357
-3.825    0.133537
-3.824    0.133717
-3.823    0.133898
-3.822    0.134079
-3.821    0.134261
-3.82    0.134443
-3.819    0.134625
-3.818    0.134808
-3.817    0.134991
-3.816    0.135175
-3.815    0.135359
-3.814    0.135543
-3.813    0.135728
-3.812    0.135913
-3.811    0.136099
-3.81    0.136285
-3.809    0.136471
-3.808    0.136658
-3.807    0.136845
-3.806    0.137033
-3.805    0.137221
-3.804    0.13741
-3.803    0.137598
-3.802    0.137788
-3.801    0.137978
-3.8    0.138168
-3.799    0.138358
-3.798    0.138549
-3.797    0.138741
-3.796    0.138933
-3.795    0.139125
-3.794    0.139318
-3.793    0.139511
-3.792    0.139704
-3.791    0.139898
-3.79    0.140093
-3.789    0.140288
-3.788    0.140483
-3.787    0.140679
-3.786    0.140875
-3.785    0.141072
-3.784    0.141269
-3.783    0.141466
-3.782    0.141664
-3.781    0.141863
-3.78    0.142061
-3.779    0.142261
-3.778    0.142461
-3.777    0.142661
-3.776    0.142861
-3.775    0.143063
-3.774    0.143264
-3.773    0.143466
-3.772    0.143669
-3.771    0.143872
-3.77    0.144075
-3.769    0.144279
-3.768    0.144483
-3.767    0.144688
-3.766    0.144894
-3.765    0.145099
-3.764    0.145306
-3.763    0.145512
-3.762    0.145719
-3.761    0.145927
-3.76    0.146135
-3.759    0.146344
-3.758    0.146553
-3.757    0.146763
-3.756    0.146973
-3.755    0.147183
-3.754    0.147394
-3.753    0.147606
-3.752    0.147818
-3.751    0.14803
-3.75    0.148243
-3.749    0.148457
-3.748    0.148671
-3.747    0.148885
-3.746    0.1491
-3.745    0.149316
-3.744    0.149532
-3.743    0.149748
-3.742    0.149965
-3.741    0.150183
-3.74    0.150401
-3.739    0.150619
-3.738    0.150839
-3.737    0.151058
-3.736    0.151278
-3.735    0.151499
-3.734    0.15172
-3.733    0.151942
-3.732    0.152164
-3.731    0.152386
-3.73    0.15261
-3.729    0.152833
-3.728    0.153058
-3.727    0.153283
-3.726    0.153508
-3.725    0.153734
-3.724    0.15396
-3.723    0.154187
-3.722    0.154415
-3.721    0.154643
-3.72    0.154871
-3.719    0.1551
-3.718    0.15533
-3.717    0.15556
-3.716    0.155791
-3.715    0.156023
-3.714    0.156254
-3.713    0.156487
-3.712    0.15672
-3.711    0.156954
-3.71    0.157188
-3.709    0.157422
-3.708    0.157658
-3.707    0.157893
-3.706    0.15813
-3.705    0.158367
-3.704    0.158604
-3.703    0.158843
-3.702    0.159081
-3.701    0.159321
-3.7    0.159561
-3.699    0.159801
-3.698    0.160042
-3.697    0.160284
-3.696    0.160526
-3.695    0.160769
-3.694    0.161012
-3.693    0.161256
-3.692    0.161501
-3.691    0.161746
-3.69    0.161992
-3.689    0.162238
-3.688    0.162485
-3.687    0.162733
-3.686    0.162981
-3.685    0.16323
-3.684    0.16348
-3.683    0.16373
-3.682    0.163981
-3.681    0.164232
-3.68    0.164484
-3.679    0.164737
-3.678    0.16499
-3.677    0.165244
-3.676    0.165498
-3.675    0.165753
-3.674    0.166009
-3.673    0.166265
-3.672    0.166523
-3.671    0.16678
-3.67    0.167039
-3.669    0.167298
-3.668    0.167557
-3.667    0.167818
-3.666    0.168078
-3.665    0.16834
-3.664    0.168602
-3.663    0.168865
-3.662    0.169129
-3.661    0.169393
-3.66    0.169658
-3.659    0.169924
-3.658    0.17019
-3.657    0.170457
-3.656    0.170725
-3.655    0.170993
-3.654    0.171262
-3.653    0.171532
-3.652    0.171802
-3.651    0.172073
-3.65    0.172345
-3.649    0.172618
-3.648    0.172891
-3.647    0.173165
-3.646    0.173439
-3.645    0.173714
-3.644    0.173991
-3.643    0.174267
-3.642    0.174545
-3.641    0.174823
-3.64    0.175102
-3.639    0.175381
-3.638    0.175662
-3.637    0.175943
-3.636    0.176224
-3.635    0.176507
-3.634    0.17679
-3.633    0.177074
-3.632    0.177359
-3.631    0.177644
-3.63    0.177931
-3.629    0.178218
-3.628    0.178505
-3.627    0.178794
-3.626    0.179083
-3.625    0.179373
-3.624    0.179664
-3.623    0.179955
-3.622    0.180248
-3.621    0.180541
-3.62    0.180835
-3.619    0.181129
-3.618    0.181425
-3.617    0.181721
-3.616    0.182018
-3.615    0.182316
-3.614    0.182614
-3.613    0.182914
-3.612    0.183214
-3.611    0.183515
-3.61    0.183816
-3.609    0.184119
-3.608    0.184422
-3.607    0.184727
-3.606    0.185032
-3.605    0.185338
-3.604    0.185644
-3.603    0.185952
-3.602    0.18626
-3.601    0.186569
-3.6    0.186879
-3.599    0.18719
-3.598    0.187502
-3.597    0.187814
-3.596    0.188128
-3.595    0.188442
-3.594    0.188757
-3.593    0.189073
-3.592    0.18939
-3.591    0.189707
-3.59    0.190026
-3.589    0.190345
-3.588    0.190666
-3.587    0.190987
-3.586    0.191309
-3.585    0.191632
-3.584    0.191956
-3.583    0.19228
-3.582    0.192606
-3.581    0.192932
-3.58    0.19326
-3.579    0.193588
-3.578    0.193917
-3.577    0.194248
-3.576    0.194579
-3.575    0.194911
-3.574    0.195244
-3.573    0.195577
-3.572    0.195912
-3.571    0.196248
-3.57    0.196584
-3.569    0.196922
-3.568    0.197261
-3.567    0.1976
-3.566    0.197941
-3.565    0.198282
-3.564    0.198624
-3.563    0.198968
-3.562    0.199312
-3.561    0.199657
-3.56    0.200004
-3.559    0.200351
-3.558    0.200699
-3.557    0.201048
-3.556    0.201398
-3.555    0.20175
-3.554    0.202102
-3.553    0.202455
-3.552    0.202809
-3.551    0.203165
-3.55    0.203521
-3.549    0.203878
-3.548    0.204236
-3.547    0.204596
-3.546    0.204956
-3.545    0.205318
-3.544    0.20568
-3.543    0.206043
-3.542    0.206408
-3.541    0.206774
-3.54    0.20714
-3.539    0.207508
-3.538    0.207877
-3.537    0.208247
-3.536    0.208618
-3.535    0.20899
-3.534    0.209363
-3.533    0.209737
-3.532    0.210112
-3.531    0.210489
-3.53    0.210866
-3.529    0.211245
-3.528    0.211625
-3.527    0.212006
-3.526    0.212388
-3.525    0.212771
-3.524    0.213155
-3.523    0.21354
-3.522    0.213927
-3.521    0.214315
-3.52    0.214703
-3.519    0.215093
-3.518    0.215485
-3.517    0.215877
-3.516    0.21627
-3.515    0.216665
-3.514    0.217061
-3.513    0.217458
-3.512    0.217856
-3.511    0.218256
-3.51    0.218656
-3.509    0.219058
-3.508    0.219461
-3.507    0.219866
-3.506    0.220271
-3.505    0.220678
-3.504    0.221086
-3.503    0.221495
-3.502    0.221905
-3.501    0.222317
-3.5    0.22273
-3.499    0.223144
-3.498    0.22356
-3.497    0.223977
-3.496    0.224395
-3.495    0.224814
-3.494    0.225235
-3.493    0.225657
-3.492    0.22608
-3.491    0.226504
-3.49    0.22693
-3.489    0.227357
-3.488    0.227786
-3.487    0.228215
-3.486    0.228647
-3.485    0.229079
-3.484    0.229513
-3.483    0.229948
-3.482    0.230385
-3.481    0.230823
-3.48    0.231262
-3.479    0.231702
-3.478    0.232145
-3.477    0.232588
-3.476    0.233033
-3.475    0.233479
-3.474    0.233927
-3.473    0.234376
-3.472    0.234826
-3.471    0.235278
-3.47    0.235731
-3.469    0.236186
-3.468    0.236642
-3.467    0.2371
-3.466    0.237559
-3.465    0.23802
-3.464    0.238482
-3.463    0.238945
-3.462    0.23941
-3.461    0.239877
-3.46    0.240345
-3.459    0.240815
-3.458    0.241286
-3.457    0.241758
-3.456    0.242232
-3.455    0.242708
-3.454    0.243185
-3.453    0.243664
-3.452    0.244144
-3.451    0.244626
-3.45    0.24511
-3.449    0.245595
-3.448    0.246081
-3.447    0.24657
-3.446    0.247059
-3.445    0.247551
-3.444    0.248044
-3.443    0.248539
-3.442    0.249035
-3.441    0.249533
-3.44    0.250032
-3.439    0.250534
-3.438    0.251037
-3.437    0.251541
-3.436    0.252047
-3.435    0.252555
-3.434    0.253065
-3.433    0.253576
-3.432    0.254089
-3.431    0.254604
-3.43    0.255121
-3.429    0.255639
-3.428    0.256159
-3.427    0.256681
-3.426    0.257204
-3.425    0.25773
-3.424    0.258257
-3.423    0.258785
-3.422    0.259316
-3.421    0.259849
-3.42    0.260383
-3.419    0.260919
-3.418    0.261457
-3.417    0.261997
-3.416    0.262538
-3.415    0.263082
-3.414    0.263627
-3.413    0.264174
-3.412    0.264724
-3.411    0.265275
-3.41    0.265828
-3.409    0.266382
-3.408    0.266939
-3.407    0.267498
-3.406    0.268059
-3.405    0.268621
-3.404    0.269186
-3.403    0.269752
-3.402    0.270321
-3.401    0.270891
-3.4    0.271464
-3.399    0.272038
-3.398    0.272615
-3.397    0.273194
-3.396    0.273774
-3.395    0.274357
-3.394    0.274942
-3.393    0.275529
-3.392    0.276118
-3.391    0.276709
-3.39    0.277302
-3.389    0.277897
-3.388    0.278494
-3.387    0.279094
-3.386    0.279696
-3.385    0.2803
-3.384    0.280906
-3.383    0.281514
-3.382    0.282124
-3.381    0.282737
-3.38    0.283352
-3.379    0.283969
-3.378    0.284588
-3.377    0.28521
-3.376    0.285834
-3.375    0.28646
-3.374    0.287088
-3.373    0.287719
-3.372    0.288352
-3.371    0.288988
-3.37    0.289625
-3.369    0.290266
-3.368    0.290908
-3.367    0.291553
-3.366    0.2922
-3.365    0.29285
-3.364    0.293502
-3.363    0.294156
-3.362    0.294813
-3.361    0.295473
-3.36    0.296135
-3.359    0.296799
-3.358    0.297466
-3.357    0.298135
-3.356    0.298807
-3.355    0.299482
-3.354    0.300159
-3.353    0.300838
-3.352    0.30152
-3.351    0.302205
-3.35    0.302892
-3.349    0.303582
-3.348    0.304275
-3.347    0.30497
-3.346    0.305668
-3.345    0.306369
-3.344    0.307072
-3.343    0.307778
-3.342    0.308487
-3.341    0.309199
-3.34    0.309913
-3.339    0.31063
-3.338    0.31135
-3.337    0.312073
-3.336    0.312798
-3.335    0.313526
-3.334    0.314258
-3.333    0.314992
-3.332    0.315729
-3.331    0.316469
-3.33    0.317211
-3.329    0.317957
-3.328    0.318706
-3.327    0.319457
-3.326    0.320212
-3.325    0.32097
-3.324    0.32173
-3.323    0.322494
-3.322    0.323261
-3.321    0.324031
-3.32    0.324804
-3.319    0.32558
-3.318    0.326359
-3.317    0.327141
-3.316    0.327927
-3.315    0.328716
-3.314    0.329508
-3.313    0.330303
-3.312    0.331101
-3.311    0.331903
-3.31    0.332708
-3.309    0.333516
-3.308    0.334328
-3.307    0.335143
-3.306    0.335961
-3.305    0.336783
-3.304    0.337608
-3.303    0.338436
-3.302    0.339268
-3.301    0.340104
-3.3    0.340943
-3.299    0.341785
-3.298    0.342631
-3.297    0.343481
-3.296    0.344334
-3.295    0.34519
-3.294    0.346051
-3.293    0.346915
-3.292    0.347782
-3.291    0.348654
-3.29    0.349529
-3.289    0.350408
-3.288    0.35129
-3.287    0.352177
-3.286    0.353067
-3.285    0.353961
-3.284    0.354858
-3.283    0.35576
-3.282    0.356666
-3.281    0.357575
-3.28    0.358489
-3.279    0.359406
-3.278    0.360328
-3.277    0.361253
-3.276    0.362183
-3.275    0.363117
-3.274    0.364054
-3.273    0.364996
-3.272    0.365942
-3.271    0.366893
-3.27    0.367847
-3.269    0.368806
-3.268    0.369769
-3.267    0.370736
-3.266    0.371708
-3.265    0.372684
-3.264    0.373664
-3.263    0.374649
-3.262    0.375638
-3.261    0.376632
-3.26    0.37763
-3.259    0.378633
-3.258    0.37964
-3.257    0.380652
-3.256    0.381669
-3.255    0.38269
-3.254    0.383716
-3.253    0.384747
-3.252    0.385782
-3.251    0.386822
-3.25    0.387867
-3.249    0.388917
-3.248    0.389972
-3.247    0.391031
-3.246    0.392096
-3.245    0.393166
-3.244    0.39424
-3.243    0.39532
-3.242    0.396405
-3.241    0.397495
-3.24    0.39859
-3.239    0.39969
-3.238    0.400796
-3.237    0.401906
-3.236    0.403023
-3.235    0.404144
-3.234    0.405271
-3.233    0.406403
-3.232    0.407541
-3.231    0.408684
-3.23    0.409833
-3.229    0.410988
-3.228    0.412148
-3.227    0.413313
-3.226    0.414485
-3.225    0.415662
-3.224    0.416845
-3.223    0.418034
-3.222    0.419228
-3.221    0.420429
-3.22    0.421635
-3.219    0.422848
-3.218    0.424067
-3.217    0.425291
-3.216    0.426522
-3.215    0.427759
-3.214    0.429003
-3.213    0.430252
-3.212    0.431508
-3.211    0.43277
-3.21    0.434039
-3.209    0.435314
-3.208    0.436596
-3.207    0.437884
-3.206    0.439179
-3.205    0.440481
-3.204    0.441789
-3.203    0.443105
-3.202    0.444427
-3.201    0.445755
-3.2    0.447091
-3.199    0.448434
-3.198    0.449784
-3.197    0.451141
-3.196    0.452505
-3.195    0.453876
-3.194    0.455255
-3.193    0.456641
-3.192    0.458034
-3.191    0.459435
-3.19    0.460843
-3.189    0.462259
-3.188    0.463683
-3.187    0.465114
-3.186    0.466553
-3.185    0.468
-3.184    0.469455
-3.183    0.470917
-3.182    0.472388
-3.181    0.473867
-3.18    0.475354
-3.179    0.476849
-3.178    0.478352
-3.177    0.479864
-3.176    0.481384
-3.175    0.482913
-3.174    0.48445
-3.173    0.485996
-3.172    0.48755
-3.171    0.489114
-3.17    0.490686
-3.169    0.492267
-3.168    0.493858
-3.167    0.495457
-3.166    0.497065
-3.165    0.498683
-3.164    0.50031
-3.163    0.501947
-3.162    0.503593
-3.161    0.505248
-3.16    0.506913
-3.159    0.508588
-3.158    0.510273
-3.157    0.511968
-3.156    0.513672
-3.155    0.515387
-3.154    0.517112
-3.153    0.518848
-3.152    0.520593
-3.151    0.522349
-3.15    0.524116
-3.149    0.525893
-3.148    0.527682
-3.147    0.529481
-3.146    0.53129
-3.145    0.533111
-3.144    0.534944
-3.143    0.536787
-3.142    0.538642
-3.141    0.540508
-3.14    0.542386
-3.139    0.544275
-3.138    0.546177
-3.137    0.54809
-3.136    0.550015
-3.135    0.551953
-3.134    0.553903
-3.133    0.555865
-3.132    0.557839
-3.131    0.559826
-3.13    0.561826
-3.129    0.563839
-3.128    0.565865
-3.127    0.567904
-3.126    0.569956
-3.125    0.572022
-3.124    0.574101
-3.123    0.576194
-3.122    0.5783
-3.121    0.580421
-3.12    0.582555
-3.119    0.584704
-3.118    0.586867
-3.117    0.589044
-3.116    0.591237
-3.115    0.593444
-3.114    0.595666
-3.113    0.597903
-3.112    0.600155
-3.111    0.602423
-3.11    0.604706
-3.109    0.607005
-3.108    0.60932
-3.107    0.611652
-3.106    0.613999
-3.105    0.616363
-3.104    0.618743
-3.103    0.62114
-3.102    0.623555
-3.101    0.625986
-3.1    0.628434
-3.099    0.630901
-3.098    0.633385
-3.097    0.635886
-3.096    0.638406
-3.095    0.640944
-3.094    0.643501
-3.093    0.646077
-3.092    0.648671
-3.091    0.651285
-3.09    0.653917
-3.089    0.65657
-3.088    0.659242
-3.087    0.661935
-3.086    0.664647
-3.085    0.66738
-3.084    0.670134
-3.083    0.672909
-3.082    0.675705
-3.081    0.678522
-3.08    0.681361
-3.079    0.684223
-3.078    0.687106
-3.077    0.690012
-3.076    0.692941
-3.075    0.695893
-3.074    0.698868
-3.073    0.701867
-3.072    0.704889
-3.071    0.707936
-3.07    0.711007
-3.069    0.714104
-3.068    0.717225
-3.067    0.720372
-3.066    0.723544
-3.065    0.726743
-3.064    0.729967
-3.063    0.733219
-3.062    0.736498
-3.061    0.739804
-3.06    0.743138
-3.059    0.7465
-3.058    0.749891
-3.057    0.75331
-3.056    0.756759
-3.055    0.760237
-3.054    0.763745
-3.053    0.767284
-3.052    0.770854
-3.051    0.774455
-3.05    0.778087
-3.049    0.781752
-3.048    0.785449
-3.047    0.789179
-3.046    0.792943
-3.045    0.79674
-3.044    0.800572
-3.043    0.804439
-3.042    0.808341
-3.041    0.812278
-3.04    0.816253
-3.039    0.820264
-3.038    0.824312
-3.037    0.828399
-3.036    0.832523
-3.035    0.836687
-3.034    0.840891
-3.033    0.845134
-3.032    0.849419
-3.031    0.853744
-3.03    0.858112
-3.029    0.862522
-3.028    0.866976
-3.027    0.871474
-3.026    0.876016
-3.025    0.880603
-3.024    0.885236
-3.023    0.889916
-3.022    0.894643
-3.021    0.899419
-3.02    0.904243
-3.019    0.909117
-3.018    0.914041
-3.017    0.919017
-3.016    0.924044
-3.015    0.929125
-3.014    0.934259
-3.013    0.939448
-3.012    0.944692
-3.011    0.949993
-3.01    0.955351
-3.009    0.960767
-3.008    0.966243
-3.007    0.971779
-3.006    0.977376
-3.005    0.983035
-3.004    0.988758
-3.003    0.994546
-3.002    1.0004
-3.001    1.00632
-3    1.01231
-2.999    1.01836
-2.998    1.02449
-2.997    1.03069
-2.996    1.03696
-2.995    1.0433
-2.994    1.04973
-2.993    1.05622
-2.992    1.0628
-2.991    1.06946
-2.99    1.07619
-2.989    1.08301
-2.988    1.08992
-2.987    1.09691
-2.986    1.10398
-2.985    1.11115
-2.984    1.11841
-2.983    1.12576
-2.982    1.1332
-2.981    1.14074
-2.98    1.14838
-2.979    1.15612
-2.978    1.16396
-2.977    1.1719
-2.976    1.17996
-2.975    1.18811
-2.974    1.19638
-2.973    1.20477
-2.972    1.21327
-2.971    1.22188
-2.97    1.23062
-2.969    1.23947
-2.968    1.24846
-2.967    1.25757
-2.966    1.26681
-2.965    1.27619
-2.964    1.2857
-2.963    1.29535
-2.962    1.30514
-2.961    1.31508
-2.96    1.32517
-2.959    1.33541
-2.958    1.3458
-2.957    1.35636
-2.956    1.36707
-2.955    1.37796
-2.954    1.38901
-2.953    1.40024
-2.952    1.41165
-2.951    1.42324
-2.95    1.43501
-2.949    1.44698
-2.948    1.45915
-2.947    1.47151
-2.946    1.48408
-2.945    1.49687
-2.944    1.50987
-2.943    1.52309
-2.942    1.53654
-2.941    1.55022
-2.94    1.56414
-2.939    1.57831
-2.938    1.59273
-2.937    1.60741
-2.936    1.62235
-2.935    1.63757
-2.934    1.65306
-2.933    1.66885
-2.932    1.68492
-2.931    1.70131
-2.93    1.718
-2.929    1.73501
-2.928    1.75236
-2.927    1.77004
-2.926    1.78807
-2.925    1.80646
-2.924    1.82521
-2.923    1.84435
-2.922    1.86388
-2.921    1.88381
-2.92    1.90416
-2.919    1.92493
-2.918    1.94614
-2.917    1.96781
-2.916    1.98994
-2.915    2.01256
-2.914    2.03567
-2.913    2.05929
-2.912    2.08345
-2.911    2.10815
-2.91    2.13342
-2.909    2.15926
-2.908    2.18571
-2.907    2.21279
-2.906    2.2405
-2.905    2.26888
-2.904    2.29795
-2.903    2.32772
-2.902    2.35824
-2.901    2.38951
-2.9    2.42157
-2.899    2.45445
-2.898    2.48818
-2.897    2.52278
-2.896    2.55829
-2.895    2.59474
-2.894    2.63217
-2.893    2.67061
-2.892    2.71011
-2.891    2.7507
-2.89    2.79242
-2.889    2.83532
-2.888    2.87945
-2.887    2.92485
-2.886    2.97157
-2.885    3.01967
-2.884    3.06921
-2.883    3.12024
-2.882    3.17283
-2.881    3.22703
-2.88    3.28293
-2.879    3.34059
-2.878    3.40008
-2.877    3.46149
-2.876    3.5249
-2.875    3.59039
-2.874    3.65807
-2.873    3.72803
-2.872    3.80037
-2.871    3.87521
-2.87    3.95265
-2.869    4.03282
-2.868    4.11585
-2.867    4.20187
-2.866    4.29103
-2.865    4.38347
-2.864    4.47936
-2.863    4.57887
-2.862    4.68217
-2.861    4.78946
-2.86    4.90093
-2.859    5.0168
-2.858    5.13729
-2.857    5.26263
-2.856    5.39308
-2.855    5.52891
-2.854    5.67039
-2.853    5.81781
-2.852    5.97151
-2.851    6.1318
-2.85    6.29904
-2.849    6.4736
-2.848    6.65587
-2.847    6.84627
-2.846    7.04523
-2.845    7.25321
-2.844    7.4707
-2.843    7.69819
-2.842    7.93623
-2.841    8.18536
-2.84    8.44617
-2.839    8.71926
-2.838    9.00525
-2.837    9.30479
-2.836    9.61855
-2.835    9.94719
-2.834    10.2914
-2.833    10.6519
-2.832    11.0293
-2.831    11.4243
-2.83    11.8375
-2.829    12.2696
-2.828    12.721
-2.827    13.1922
-2.826    13.6836
-2.825    14.1954
-2.824    14.7276
-2.823    15.2801
-2.822    15.8524
-2.821    16.4438
-2.82    17.0533
-2.819    17.6794
-2.818    18.3203
-2.817    18.9734
-2.816    19.6358
-2.815    20.3039
-2.814    20.9735
-2.813    21.6397
-2.812    22.297
-2.811    22.9391
-2.81    23.5594
-2.809    24.1508
-2.808    24.7058
-2.807    25.2168
-2.806    25.6764
-2.805    26.0773
-2.804    26.413
-2.803    26.6777
-2.802    26.867
-2.801    26.9772
-2.8    27.0067
-2.799    26.955
-2.798    26.8232
-2.797    26.614
-2.796    26.3315
-2.795    25.9809
-2.794    25.5684
-2.793    25.1008
-2.792    24.5856
-2.791    24.0303
-2.79    23.4425
-2.789    22.8294
-2.788    22.198
-2.787    21.5548
-2.786    20.9056
-2.785    20.2556
-2.784    19.6093
-2.783    18.9707
-2.782    18.343
-2.781    17.729
-2.78    17.1308
-2.779    16.55
-2.778    15.988
-2.777    15.4456
-2.776    14.9233
-2.775    14.4214
-2.774    13.9401
-2.773    13.4791
-2.772    13.0382
-2.771    12.6169
-2.77    12.2149
-2.769    11.8315
-2.768    11.466
-2.767    11.118
-2.766    10.7866
-2.765    10.4712
-2.764    10.1712
-2.763    9.88578
-2.762    9.61437
-2.761    9.35629
-2.76    9.11091
-2.759    8.87763
-2.758    8.65585
-2.757    8.44501
-2.756    8.24457
-2.755    8.05402
-2.754    7.87287
-2.753    7.70065
-2.752    7.53691
-2.751    7.38124
-2.75    7.23324
-2.749    7.09252
-2.748    6.95875
-2.747    6.83157
-2.746    6.71067
-2.745    6.59574
-2.744    6.48652
-2.743    6.38272
-2.742    6.28409
-2.741    6.19039
-2.74    6.10141
-2.739    6.01692
-2.738    5.93673
-2.737    5.86065
-2.736    5.78849
-2.735    5.7201
-2.734    5.65531
-2.733    5.59398
-2.732    5.53596
-2.731    5.48111
-2.73    5.42932
-2.729    5.38046
-2.728    5.33443
-2.727    5.29112
-2.726    5.25042
-2.725    5.21225
-2.724    5.17652
-2.723    5.14314
-2.722    5.11203
-2.721    5.08312
-2.72    5.05635
-2.719    5.03164
-2.718    5.00893
-2.717    4.98816
-2.716    4.96929
-2.715    4.95226
-2.714    4.93701
-2.713    4.92351
-2.712    4.91171
-2.711    4.90157
-2.71    4.89306
-2.709    4.88614
-2.708    4.88077
-2.707    4.87693
-2.706    4.87459
-2.705    4.87372
-2.704    4.8743
-2.703    4.87631
-2.702    4.87972
-2.701    4.88452
-2.7    4.89068
-2.699    4.89821
-2.698    4.90707
-2.697    4.91727
-2.696    4.92878
-2.695    4.94161
-2.694    4.95573
-2.693    4.97116
-2.692    4.98787
-2.691    5.00587
-2.69    5.02516
-2.689    5.04573
-2.688    5.06759
-2.687    5.09074
-2.686    5.11518
-2.685    5.14091
-2.684    5.16794
-2.683    5.19628
-2.682    5.22594
-2.681    5.25692
-2.68    5.28923
-2.679    5.32289
-2.678    5.35792
-2.677    5.39432
-2.676    5.43211
-2.675    5.47131
-2.674    5.51193
-2.673    5.554
-2.672    5.59754
-2.671    5.64257
-2.67    5.68912
-2.669    5.7372
-2.668    5.78686
-2.667    5.83811
-2.666    5.89098
-2.665    5.94552
-2.664    6.00175
-2.663    6.0597
-2.662    6.11942
-2.661    6.18094
-2.66    6.24431
-2.659    6.30957
-2.658    6.37676
-2.657    6.44594
-2.656    6.51714
-2.655    6.59043
-2.654    6.66585
-2.653    6.74346
-2.652    6.82333
-2.651    6.90552
-2.65    6.99009
-2.649    7.0771
-2.648    7.16664
-2.647    7.25877
-2.646    7.35357
-2.645    7.45113
-2.644    7.55152
-2.643    7.65485
-2.642    7.76119
-2.641    7.87066
-2.64    7.98335
-2.639    8.09936
-2.638    8.21882
-2.637    8.34183
-2.636    8.46853
-2.635    8.59903
-2.634    8.73347
-2.633    8.872
-2.632    9.01476
-2.631    9.16191
-2.63    9.31361
-2.629    9.47002
-2.628    9.63133
-2.627    9.79773
-2.626    9.9694
-2.625    10.1466
-2.624    10.3294
-2.623    10.5182
-2.622    10.7132
-2.621    10.9146
-2.62    11.1227
-2.619    11.3378
-2.618    11.5601
-2.617    11.79
-2.616    12.0277
-2.615    12.2738
-2.614    12.5284
-2.613    12.792
-2.612    13.0649
-2.611    13.3477
-2.61    13.6407
-2.609    13.9444
-2.608    14.2594
-2.607    14.5861
-2.606    14.925
-2.605    15.2769
-2.604    15.6422
-2.603    16.0217
-2.602    16.4161
-2.601    16.826
-2.6    17.2523
-2.599    17.6957
-2.598    18.1572
-2.597    18.6376
-2.596    19.138
-2.595    19.6593
-2.594    20.2026
-2.593    20.7692
-2.592    21.3601
-2.591    21.9767
-2.59    22.6204
-2.589    23.2926
-2.588    23.9948
-2.587    24.7285
-2.586    25.4956
-2.585    26.2978
-2.584    27.137
-2.583    28.015
-2.582    28.9341
-2.581    29.8964
-2.58    30.904
-2.579    31.9595
-2.578    33.0652
-2.577    34.2237
-2.576    35.4376
-2.575    36.7096
-2.574    38.0423
-2.573    39.4385
-2.572    40.9011
-2.571    42.4326
-2.57    44.0357
-2.569    45.7129
-2.568    47.4665
-2.567    49.2986
-2.566    51.2107
-2.565    53.2041
-2.564    55.2794
-2.563    57.4365
-2.562    59.6743
-2.561    61.9909
-2.56    64.3827
-2.559    66.8451
-2.558    69.3716
-2.557    71.9537
-2.556    74.5808
-2.555    77.2402
-2.554    79.9165
-2.553    82.5918
-2.552    85.2455
-2.551    87.8545
-2.55    90.3934
-2.549    92.8345
-2.548    95.1488
-2.547    97.3061
-2.546    99.2763
-2.545    101.03
-2.544    102.538
-2.543    103.778
-2.542    104.726
-2.541    105.366
-2.54    105.688
-2.539    105.686
-2.538    105.36
-2.537    104.719
-2.536    103.774
-2.535    102.544
-2.534    101.051
-2.533    99.3217
-2.532    97.3844
-2.531    95.2688
-2.53    93.0053
-2.529    90.6239
-2.528    88.1534
-2.527    85.6208
-2.526    83.051
-2.525    80.4665
-2.524    77.887
-2.523    75.33
-2.522    72.8099
-2.521    70.3391
-2.52    67.9275
-2.519    65.5831
-2.518    63.3118
-2.517    61.1182
-2.516    59.0052
-2.515    56.9747
-2.514    55.0274
-2.513    53.1634
-2.512    51.3819
-2.511    49.6817
-2.51    48.0611
-2.509    46.518
-2.508    45.0501
-2.507    43.6551
-2.506    42.3303
-2.505    41.0732
-2.504    39.881
-2.503    38.7512
-2.502    37.6811
-2.501    36.6681
-2.5    35.7099
-2.499    34.804
-2.498    33.9481
-2.497    33.14
-2.496    32.3776
-2.495    31.6589
-2.494    30.982
-2.493    30.3452
-2.492    29.7466
-2.491    29.1848
-2.49    28.6582
-2.489    28.1655
-2.488    27.7053
-2.487    27.2764
-2.486    26.8777
-2.485    26.5081
-2.484    26.1667
-2.483    25.8526
-2.482    25.5649
-2.481    25.3029
-2.48    25.066
-2.479    24.8534
-2.478    24.6648
-2.477    24.4995
-2.476    24.3571
-2.475    24.2373
-2.474    24.1399
-2.473    24.0644
-2.472    24.0108
-2.471    23.9789
-2.47    23.9686
-2.469    23.9798
-2.468    24.0127
-2.467    24.0673
-2.466    24.1437
-2.465    24.2421
-2.464    24.3627
-2.463    24.5059
-2.462    24.672
-2.461    24.8615
-2.46    25.0748
-2.459    25.3124
-2.458    25.5749
-2.457    25.8632
-2.456    26.1777
-2.455    26.5195
-2.454    26.8893
-2.453    27.2882
-2.452    27.7171
-2.451    28.1773
-2.45    28.6698
-2.449    29.196
-2.448    29.7574
-2.447    30.3553
-2.446    30.9914
-2.445    31.6673
-2.444    32.3848
-2.443    33.1458
-2.442    33.9524
-2.441    34.8065
-2.44    35.7104
-2.439    36.6664
-2.438    37.6768
-2.437    38.7442
-2.436    39.871
-2.435    41.0599
-2.434    42.3135
-2.433    43.6345
-2.432    45.0254
-2.431    46.4889
-2.43    48.0274
-2.429    49.6433
-2.428    51.3385
-2.427    53.1148
-2.426    54.9736
-2.425    56.9156
-2.424    58.9409
-2.423    61.0488
-2.422    63.2375
-2.421    65.5043
-2.42    67.8448
-2.419    70.2531
-2.418    72.7215
-2.417    75.2403
-2.416    77.7975
-2.415    80.3787
-2.414    82.9668
-2.413    85.5424
-2.412    88.0832
-2.411    90.5646
-2.41    92.9597
-2.409    95.2399
-2.408    97.3753
-2.407    99.3356
-2.406    101.091
-2.405    102.612
-2.404    103.874
-2.403    104.852
-2.402    105.529
-2.401    105.89
-2.4    105.929
-2.399    105.644
-2.398    105.039
-2.397    104.125
-2.396    102.918
-2.395    101.439
-2.394    99.7125
-2.393    97.7665
-2.392    95.6303
-2.391    93.3341
-2.39    90.9079
-2.389    88.3812
-2.388    85.7815
-2.387    83.1347
-2.386    80.464
-2.385    77.7903
-2.384    75.1319
-2.383    72.5042
-2.382    69.9204
-2.381    67.3913
-2.38    64.9254
-2.379    62.5295
-2.378    60.2085
-2.377    57.9659
-2.376    55.804
-2.375    53.7237
-2.374    51.7254
-2.373    49.8085
-2.372    47.9717
-2.371    46.2137
-2.37    44.5322
-2.369    42.9251
-2.368    41.3898
-2.367    39.9238
-2.366    38.5244
-2.365    37.1888
-2.364    35.9142
-2.363    34.698
-2.362    33.5374
-2.361    32.4299
-2.36    31.3729
-2.359    30.3639
-2.358    29.4006
-2.357    28.4807
-2.356    27.602
-2.355    26.7625
-2.354    25.9601
-2.353    25.193
-2.352    24.4594
-2.351    23.7576
-2.35    23.0859
-2.349    22.4429
-2.348    21.827
-2.347    21.237
-2.346    20.6715
-2.345    20.1294
-2.344    19.6094
-2.343    19.1104
-2.342    18.6315
-2.341    18.1716
-2.34    17.7298
-2.339    17.3053
-2.338    16.8972
-2.337    16.5047
-2.336    16.1272
-2.335    15.7639
-2.334    15.4141
-2.333    15.0773
-2.332    14.7528
-2.331    14.4401
-2.33    14.1387
-2.329    13.848
-2.328    13.5676
-2.327    13.2971
-2.326    13.0359
-2.325    12.7838
-2.324    12.5403
-2.323    12.305
-2.322    12.0777
-2.321    11.8579
-2.32    11.6454
-2.319    11.4399
-2.318    11.2411
-2.317    11.0487
-2.316    10.8625
-2.315    10.6823
-2.314    10.5077
-2.313    10.3387
-2.312    10.1749
-2.311    10.0162
-2.31    9.86234
-2.309    9.71323
-2.308    9.56866
-2.307    9.42846
-2.306    9.29247
-2.305    9.16055
-2.304    9.03255
-2.303    8.90834
-2.302    8.78778
-2.301    8.67075
-2.3    8.55714
-2.299    8.44681
-2.298    8.33968
-2.297    8.23562
-2.296    8.13455
-2.295    8.03636
-2.294    7.94097
-2.293    7.84828
-2.292    7.75821
-2.291    7.67069
-2.29    7.58562
-2.289    7.50295
-2.288    7.42259
-2.287    7.34448
-2.286    7.26855
-2.285    7.19475
-2.284    7.123
-2.283    7.05325
-2.282    6.98545
-2.281    6.91954
-2.28    6.85547
-2.279    6.79318
-2.278    6.73265
-2.277    6.6738
-2.276    6.61661
-2.275    6.56103
-2.274    6.50702
-2.273    6.45454
-2.272    6.40355
-2.271    6.35402
-2.27    6.30591
-2.269    6.25919
-2.268    6.21382
-2.267    6.16978
-2.266    6.12703
-2.265    6.08554
-2.264    6.0453
-2.263    6.00626
-2.262    5.96841
-2.261    5.93172
-2.26    5.89617
-2.259    5.86173
-2.258    5.82839
-2.257    5.79611
-2.256    5.76489
-2.255    5.73469
-2.254    5.70551
-2.253    5.67732
-2.252    5.65011
-2.251    5.62386
-2.25    5.59855
-2.249    5.57417
-2.248    5.5507
-2.247    5.52813
-2.246    5.50645
-2.245    5.48564
-2.244    5.46569
-2.243    5.44658
-2.242    5.42832
-2.241    5.41087
-2.24    5.39425
-2.239    5.37843
-2.238    5.3634
-2.237    5.34916
-2.236    5.3357
-2.235    5.323
-2.234    5.31107
-2.233    5.29989
-2.232    5.28946
-2.231    5.27977
-2.23    5.27082
-2.229    5.26259
-2.228    5.25509
-2.227    5.2483
-2.226    5.24223
-2.225    5.23687
-2.224    5.23221
-2.223    5.22825
-2.222    5.22499
-2.221    5.22243
-2.22    5.22056
-2.219    5.21938
-2.218    5.21889
-2.217    5.21908
-2.216    5.21996
-2.215    5.22152
-2.214    5.22377
-2.213    5.2267
-2.212    5.23031
-2.211    5.23461
-2.21    5.23958
-2.209    5.24525
-2.208    5.2516
-2.207    5.25863
-2.206    5.26636
-2.205    5.27478
-2.204    5.28389
-2.203    5.29369
-2.202    5.3042
-2.201    5.3154
-2.2    5.32732
-2.199    5.33994
-2.198    5.35328
-2.197    5.36734
-2.196    5.38212
-2.195    5.39763
-2.194    5.41388
-2.193    5.43087
-2.192    5.4486
-2.191    5.46709
-2.19    5.48634
-2.189    5.50636
-2.188    5.52716
-2.187    5.54874
-2.186    5.57112
-2.185    5.5943
-2.184    5.61829
-2.183    5.6431
-2.182    5.66874
-2.181    5.69523
-2.18    5.72257
-2.179    5.75077
-2.178    5.77985
-2.177    5.80982
-2.176    5.8407
-2.175    5.87249
-2.174    5.90521
-2.173    5.93887
-2.172    5.9735
-2.171    6.0091
-2.17    6.04569
-2.169    6.08329
-2.168    6.12192
-2.167    6.16158
-2.166    6.20232
-2.165    6.24413
-2.164    6.28704
-2.163    6.33107
-2.162    6.37625
-2.161    6.42259
-2.16    6.47012
-2.159    6.51887
-2.158    6.56884
-2.157    6.62008
-2.156    6.67261
-2.155    6.72645
-2.154    6.78163
-2.153    6.83819
-2.152    6.89614
-2.151    6.95553
-2.15    7.01638
-2.149    7.07873
-2.148    7.14261
-2.147    7.20806
-2.146    7.27511
-2.145    7.3438
-2.144    7.41418
-2.143    7.48627
-2.142    7.56013
-2.141    7.6358
-2.14    7.71332
-2.139    7.79274
-2.138    7.8741
-2.137    7.95747
-2.136    8.04288
-2.135    8.1304
-2.134    8.22008
-2.133    8.31197
-2.132    8.40614
-2.131    8.50265
-2.13    8.60157
-2.129    8.70295
-2.128    8.80687
-2.127    8.91341
-2.126    9.02263
-2.125    9.13462
-2.124    9.24945
-2.123    9.3672
-2.122    9.48798
-2.121    9.61185
-2.12    9.73892
-2.119    9.86929
-2.118    10.0031
-2.117    10.1403
-2.116    10.2812
-2.115    10.4258
-2.114    10.5742
-2.113    10.7266
-2.112    10.8832
-2.111    11.0439
-2.11    11.209
-2.109    11.3786
-2.108    11.5529
-2.107    11.7319
-2.106    11.916
-2.105    12.1052
-2.104    12.2998
-2.103    12.4999
-2.102    12.7057
-2.101    12.9174
-2.1    13.1352
-2.099    13.3594
-2.098    13.5902
-2.097    13.8278
-2.096    14.0725
-2.095    14.3245
-2.094    14.5841
-2.093    14.8517
-2.092    15.1275
-2.091    15.4118
-2.09    15.705
-2.089    16.0074
-2.088    16.3193
-2.087    16.6413
-2.086    16.9736
-2.085    17.3168
-2.084    17.6711
-2.083    18.0372
-2.082    18.4155
-2.081    18.8065
-2.08    19.2108
-2.079    19.629
-2.078    20.0615
-2.077    20.5092
-2.076    20.9726
-2.075    21.4524
-2.074    21.9494
-2.073    22.4644
-2.072    22.9982
-2.071    23.5516
-2.07    24.1257
-2.069    24.7212
-2.068    25.3394
-2.067    25.9812
-2.066    26.6478
-2.065    27.3403
-2.064    28.0602
-2.063    28.8087
-2.062    29.5872
-2.061    30.3973
-2.06    31.2405
-2.059    32.1186
-2.058    33.0333
-2.057    33.9865
-2.056    34.9802
-2.055    36.0165
-2.054    37.0978
-2.053    38.2263
-2.052    39.4045
-2.051    40.6352
-2.05    41.9211
-2.049    43.2652
-2.048    44.6705
-2.047    46.1405
-2.046    47.6787
-2.045    49.2885
-2.044    50.974
-2.043    52.7392
-2.042    54.5883
-2.041    56.5257
-2.04    58.5562
-2.039    60.6844
-2.038    62.9154
-2.037    65.2544
-2.036    67.7067
-2.035    70.2775
-2.034    72.9725
-2.033    75.797
-2.032    78.7565
-2.031    81.8564
-2.03    85.1016
-2.029    88.497
-2.028    92.0468
-2.027    95.7546
-2.026    99.6233
-2.025    103.654
-2.024    107.848
-2.023    112.204
-2.022    116.717
-2.021    121.383
-2.02    126.193
-2.019    131.136
-2.018    136.196
-2.017    141.353
-2.016    146.584
-2.015    151.86
-2.014    157.148
-2.013    162.407
-2.012    167.594
-2.011    172.66
-2.01    177.551
-2.009    182.209
-2.008    186.576
-2.007    190.59
-2.006    194.191
-2.005    197.323
-2.004    199.933
-2.003    201.974
-2.002    203.411
-2.001    204.215
-2    204.371
-1.999    203.878
-1.998    202.743
-1.997    200.988
-1.996    198.646
-1.995    195.759
-1.994    192.375
-1.993    188.55
-1.992    184.343
-1.991    179.814
-1.99    175.024
-1.989    170.031
-1.988    164.892
-1.987    159.656
-1.986    154.372
-1.985    149.08
-1.984    143.817
-1.983    138.615
-1.982    133.499
-1.981    128.491
-1.98    123.609
-1.979    118.865
-1.978    114.27
-1.977    109.831
-1.976    105.552
-1.975    101.435
-1.974    97.4814
-1.973    93.6894
-1.972    90.0568
-1.971    86.5805
-1.97    83.2564
-1.969    80.0802
-1.968    77.0468
-1.967    74.1509
-1.966    71.3874
-1.965    68.7506
-1.964    66.235
-1.963    63.8354
-1.962    61.5462
-1.961    59.3623
-1.96    57.2787
-1.959    55.2903
-1.958    53.3926
-1.957    51.5809
-1.956    49.8509
-1.955    48.1985
-1.954    46.6197
-1.953    45.1107
-1.952    43.6681
-1.951    42.2883
-1.95    40.9682
-1.949    39.7048
-1.948    38.495
-1.947    37.3364
-1.946    36.2261
-1.945    35.1619
-1.944    34.1413
-1.943    33.1623
-1.942    32.2227
-1.941    31.3207
-1.94    30.4543
-1.939    29.6219
-1.938    28.8218
-1.937    28.0524
-1.936    27.3123
-1.935    26.6001
-1.934    25.9145
-1.933    25.2542
-1.932    24.6181
-1.931    24.0051
-1.93    23.4141
-1.929    22.8441
-1.928    22.2941
-1.927    21.7634
-1.926    21.251
-1.925    20.7561
-1.924    20.278
-1.923    19.816
-1.922    19.3693
-1.921    18.9374
-1.92    18.5195
-1.919    18.1151
-1.918    17.7237
-1.917    17.3447
-1.916    16.9777
-1.915    16.622
-1.914    16.2774
-1.913    15.9433
-1.912    15.6193
-1.911    15.305
-1.91    15.0001
-1.909    14.7042
-1.908    14.417
-1.907    14.138
-1.906    13.8671
-1.905    13.604
-1.904    13.3482
-1.903    13.0996
-1.902    12.8579
-1.901    12.6229
-1.9    12.3943
-1.899    12.1719
-1.898    11.9554
-1.897    11.7447
-1.896    11.5396
-1.895    11.3398
-1.894    11.1453
-1.893    10.9557
-1.892    10.771
-1.891    10.591
-1.89    10.4155
-1.889    10.2444
-1.888    10.0775
-1.887    9.91469
-1.886    9.75588
-1.885    9.60091
-1.884    9.44966
-1.883    9.30202
-1.882    9.15786
-1.881    9.01709
-1.88    8.8796
-1.879    8.74528
-1.878    8.61405
-1.877    8.48581
-1.876    8.36047
-1.875    8.23795
-1.874    8.11815
-1.873    8.00101
-1.872    7.88644
-1.871    7.77437
-1.87    7.66472
-1.869    7.55744
-1.868    7.45245
-1.867    7.34968
-1.866    7.24909
-1.865    7.15059
-1.864    7.05415
-1.863    6.95969
-1.862    6.86717
-1.861    6.77654
-1.86    6.68774
-1.859    6.60073
-1.858    6.51545
-1.857    6.43186
-1.856    6.34992
-1.855    6.26959
-1.854    6.19082
-1.853    6.11357
-1.852    6.03781
-1.851    5.96349
-1.85    5.89058
-1.849    5.81905
-1.848    5.74886
-1.847    5.67997
-1.846    5.61236
-1.845    5.54599
-1.844    5.48083
-1.843    5.41686
-1.842    5.35404
-1.841    5.29235
-1.84    5.23176
-1.839    5.17225
-1.838    5.11378
-1.837    5.05634
-1.836    4.99991
-1.835    4.94444
-1.834    4.88994
-1.833    4.83637
-1.832    4.78371
-1.831    4.73194
-1.83    4.68104
-1.829    4.63099
-1.828    4.58178
-1.827    4.53338
-1.826    4.48578
-1.825    4.43896
-1.824    4.3929
-1.823    4.34759
-1.822    4.30301
-1.821    4.25914
-1.82    4.21597
-1.819    4.17348
-1.818    4.13166
-1.817    4.0905
-1.816    4.04998
-1.815    4.01009
-1.814    3.97082
-1.813    3.93214
-1.812    3.89406
-1.811    3.85656
-1.81    3.81962
-1.809    3.78324
-1.808    3.7474
-1.807    3.7121
-1.806    3.67732
-1.805    3.64305
-1.804    3.60928
-1.803    3.57601
-1.802    3.54322
-1.801    3.5109
-1.8    3.47905
-1.799    3.44765
-1.798    3.4167
-1.797    3.38619
-1.796    3.35611
-1.795    3.32645
-1.794    3.29721
-1.793    3.26837
-1.792    3.23993
-1.791    3.21188
-1.79    3.18421
-1.789    3.15693
-1.788    3.13001
-1.787    3.10345
-1.786    3.07726
-1.785    3.05141
-1.784    3.02591
-1.783    3.00075
-1.782    2.97592
-1.781    2.95141
-1.78    2.92723
-1.779    2.90336
-1.778    2.8798
-1.777    2.85654
-1.776    2.83358
-1.775    2.81092
-1.774    2.78854
-1.773    2.76645
-1.772    2.74464
-1.771    2.7231
-1.77    2.70183
-1.769    2.68083
-1.768    2.66009
-1.767    2.6396
-1.766    2.61937
-1.765    2.59938
-1.764    2.57964
-1.763    2.56014
-1.762    2.54087
-1.761    2.52183
-1.76    2.50303
-1.759    2.48445
-1.758    2.46609
-1.757    2.44794
-1.756    2.43001
-1.755    2.4123
-1.754    2.39479
-1.753    2.37748
-1.752    2.36037
-1.751    2.34347
-1.75    2.32675
-1.749    2.31023
-1.748    2.2939
-1.747    2.27775
-1.746    2.26179
-1.745    2.246
-1.744    2.2304
-1.743    2.21497
-1.742    2.19971
-1.741    2.18462
-1.74    2.1697
-1.739    2.15494
-1.738    2.14034
-1.737    2.12591
-1.736    2.11163
-1.735    2.09751
-1.734    2.08354
-1.733    2.06972
-1.732    2.05605
-1.731    2.04252
-1.73    2.02914
-1.729    2.01591
-1.728    2.00281
-1.727    1.98985
-1.726    1.97702
-1.725    1.96434
-1.724    1.95178
-1.723    1.93935
-1.722    1.92705
-1.721    1.91488
-1.72    1.90284
-1.719    1.89092
-1.718    1.87912
-1.717    1.86744
-1.716    1.85587
-1.715    1.84443
-1.714    1.8331
-1.713    1.82188
-1.712    1.81078
-1.711    1.79978
-1.71    1.7889
-1.709    1.77812
-1.708    1.76745
-1.707    1.75689
-1.706    1.74643
-1.705    1.73607
-1.704    1.72581
-1.703    1.71565
-1.702    1.70559
-1.701    1.69562
-1.7    1.68575
-1.699    1.67598
-1.698    1.6663
-1.697    1.65671
-1.696    1.64721
-1.695    1.6378
-1.694    1.62848
-1.693    1.61925
-1.692    1.6101
-1.691    1.60104
-1.69    1.59206
-1.689    1.58317
-1.688    1.57436
-1.687    1.56562
-1.686    1.55697
-1.685    1.5484
-1.684    1.53991
-1.683    1.53149
-1.682    1.52315
-1.681    1.51489
-1.68    1.5067
-1.679    1.49858
-1.678    1.49053
-1.677    1.48256
-1.676    1.47466
-1.675    1.46683
-1.674    1.45907
-1.673    1.45137
-1.672    1.44375
-1.671    1.43619
-1.67    1.42869
-1.669    1.42126
-1.668    1.4139
-1.667    1.4066
-1.666    1.39936
-1.665    1.39219
-1.664    1.38507
-1.663    1.37802
-1.662    1.37103
-1.661    1.36409
-1.66    1.35722
-1.659    1.3504
-1.658    1.34364
-1.657    1.33694
-1.656    1.33029
-1.655    1.3237
-1.654    1.31717
-1.653    1.31069
-1.652    1.30426
-1.651    1.29789
-1.65    1.29156
-1.649    1.28529
-1.648    1.27907
-1.647    1.27291
-1.646    1.26679
-1.645    1.26072
-1.644    1.2547
-1.643    1.24873
-1.642    1.24281
-1.641    1.23694
-1.64    1.23111
-1.639    1.22533
-1.638    1.21959
-1.637    1.2139
-1.636    1.20826
-1.635    1.20266
-1.634    1.19711
-1.633    1.19159
-1.632    1.18613
-1.631    1.1807
-1.63    1.17532
-1.629    1.16998
-1.628    1.16468
-1.627    1.15942
-1.626    1.1542
-1.625    1.14902
-1.624    1.14388
-1.623    1.13878
-1.622    1.13372
-1.621    1.1287
-1.62    1.12372
-1.619    1.11877
-1.618    1.11387
-1.617    1.109
-1.616    1.10416
-1.615    1.09936
-1.614    1.0946
-1.613    1.08988
-1.612    1.08519
-1.611    1.08053
-1.61    1.07591
-1.609    1.07132
-1.608    1.06677
-1.607    1.06225
-1.606    1.05776
-1.605    1.05331
-1.604    1.04889
-1.603    1.0445
-1.602    1.04014
-1.601    1.03581
-1.6    1.03152
-1.599    1.02726
-1.598    1.02303
-1.597    1.01882
-1.596    1.01465
-1.595    1.01051
-1.594    1.0064
-1.593    1.00231
-1.592    0.998261
-1.591    0.994236
-1.59    0.990239
-1.589    0.986271
-1.588    0.982331
-1.587    0.978418
-1.586    0.974533
-1.585    0.970675
-1.584    0.966844
-1.583    0.963039
-1.582    0.959262
-1.581    0.95551
-1.58    0.951784
-1.579    0.948084
-1.578    0.94441
-1.577    0.940761
-1.576    0.937136
-1.575    0.933537
-1.574    0.929962
-1.573    0.926412
-1.572    0.922886
-1.571    0.919384
-1.57    0.915905
-1.569    0.912451
-1.568    0.909019
-1.567    0.90561
-1.566    0.902225
-1.565    0.898862
-1.564    0.895522
-1.563    0.892204
-1.562    0.888908
-1.561    0.885634
-1.56    0.882382
-1.559    0.879151
-1.558    0.875942
-1.557    0.872754
-1.556    0.869586
-1.555    0.86644
-1.554    0.863315
-1.553    0.860209
-1.552    0.857125
-1.551    0.85406
-1.55    0.851015
-1.549    0.84799
-1.548    0.844985
-1.547    0.841999
-1.546    0.839032
-1.545    0.836085
-1.544    0.833156
-1.543    0.830247
-1.542    0.827356
-1.541    0.824483
-1.54    0.821629
-1.539    0.818793
-1.538    0.815975
-1.537    0.813175
-1.536    0.810393
-1.535    0.807628
-1.534    0.804881
-1.533    0.802151
-1.532    0.799439
-1.531    0.796743
-1.53    0.794065
-1.529    0.791403
-1.528    0.788758
-1.527    0.786129
-1.526    0.783517
-1.525    0.780921
-1.524    0.778341
-1.523    0.775777
-1.522    0.773229
-1.521    0.770697
-1.52    0.76818
-1.519    0.765679
-1.518    0.763194
-1.517    0.760723
-1.516    0.758268
-1.515    0.755827
-1.514    0.753402
-1.513    0.750992
-1.512    0.748596
-1.511    0.746214
-1.51    0.743847
-1.509    0.741495
-1.508    0.739157
-1.507    0.736833
-1.506    0.734522
-1.505    0.732226
-1.504    0.729944
-1.503    0.727675
-1.502    0.72542
-1.501    0.723179
-1.5    0.720951
-1.499    0.718736
-1.498    0.716534
-1.497    0.714346
-1.496    0.71217
-1.495    0.710008
-1.494    0.707858
-1.493    0.705721
-1.492    0.703596
-1.491    0.701484
-1.49    0.699385
-1.489    0.697298
-1.488    0.695223
-1.487    0.693161
-1.486    0.69111
-1.485    0.689072
-1.484    0.687045
-1.483    0.68503
-1.482    0.683027
-1.481    0.681036
-1.48    0.679056
-1.479    0.677088
-1.478    0.675131
-1.477    0.673186
-1.476    0.671252
-1.475    0.669329
-1.474    0.667417
-1.473    0.665516
-1.472    0.663626
-1.471    0.661747
-1.47    0.659878
-1.469    0.658021
-1.468    0.656174
-1.467    0.654338
-1.466    0.652512
-1.465    0.650696
-1.464    0.648891
-1.463    0.647097
-1.462    0.645312
-1.461    0.643538
-1.46    0.641773
-1.459    0.640019
-1.458    0.638275
-1.457    0.63654
-1.456    0.634816
-1.455    0.633101
-1.454    0.631396
-1.453    0.6297
-1.452    0.628014
-1.451    0.626337
-1.45    0.62467
-1.449    0.623012
-1.448    0.621364
-1.447    0.619725
-1.446    0.618095
-1.445    0.616474
-1.444    0.614862
-1.443    0.613259
-1.442    0.611665
-1.441    0.61008
-1.44    0.608504
-1.439    0.606937
-1.438    0.605378
-1.437    0.603828
-1.436    0.602287
-1.435    0.600754
-1.434    0.599229
-1.433    0.597713
-1.432    0.596206
-1.431    0.594707
-1.43    0.593216
-1.429    0.591733
-1.428    0.590259
-1.427    0.588792
-1.426    0.587334
-1.425    0.585884
-1.424    0.584442
-1.423    0.583007
-1.422    0.581581
-1.421    0.580162
-1.42    0.578751
-1.419    0.577348
-1.418    0.575953
-1.417    0.574565
-1.416    0.573185
-1.415    0.571813
-1.414    0.570447
-1.413    0.56909
-1.412    0.56774
-1.411    0.566397
-1.41    0.565061
-1.409    0.563733
-1.408    0.562412
-1.407    0.561099
-1.406    0.559792
-1.405    0.558493
-1.404    0.5572
-1.403    0.555915
-1.402    0.554637
-1.401    0.553365
-1.4    0.552101
-1.399    0.550843
-1.398    0.549592
-1.397    0.548348
-1.396    0.547111
-1.395    0.545881
-1.394    0.544657
-1.393    0.54344
-1.392    0.542229
-1.391    0.541025
-1.39    0.539828
-1.389    0.538637
-1.388    0.537452
-1.387    0.536274
-1.386    0.535102
-1.385    0.533937
-1.384    0.532778
-1.383    0.531625
-1.382    0.530478
-1.381    0.529338
-1.38    0.528204
-1.379    0.527076
-1.378    0.525954
-1.377    0.524838
-1.376    0.523728
-1.375    0.522625
-1.374    0.521527
-1.373    0.520435
-1.372    0.519349
-1.371    0.518269
-1.37    0.517195
-1.369    0.516127
-1.368    0.515064
-1.367    0.514007
-1.366    0.512956
-1.365    0.511911
-1.364    0.510871
-1.363    0.509837
-1.362    0.508809
-1.361    0.507786
-1.36    0.506768
-1.359    0.505757
-1.358    0.50475
-1.357    0.50375
-1.356    0.502754
-1.355    0.501764
-1.354    0.50078
-1.353    0.4998
-1.352    0.498827
-1.351    0.497858
-1.35    0.496895
-1.349    0.495937
-1.348    0.494984
-1.347    0.494036
-1.346    0.493094
-1.345    0.492157
-1.344    0.491225
-1.343    0.490298
-1.342    0.489376
-1.341    0.488459
-1.34    0.487547
-1.339    0.48664
-1.338    0.485738
-1.337    0.484841
-1.336    0.483949
-1.335    0.483062
-1.334    0.48218
-1.333    0.481303
-1.332    0.48043
-1.331    0.479563
-1.33    0.4787
-1.329    0.477842
-1.328    0.476989
-1.327    0.47614
-1.326    0.475296
-1.325    0.474457
-1.324    0.473623
-1.323    0.472793
-1.322    0.471968
-1.321    0.471147
-1.32    0.470331
-1.319    0.46952
-1.318    0.468713
-1.317    0.46791
-1.316    0.467112
-1.315    0.466319
-1.314    0.46553
-1.313    0.464746
-1.312    0.463966
-1.311    0.46319
-1.31    0.462419
-1.309    0.461652
-1.308    0.460889
-1.307    0.460131
-1.306    0.459377
-1.305    0.458628
-1.304    0.457883
-1.303    0.457142
-1.302    0.456405
-1.301    0.455672
-1.3    0.454944
-1.299    0.45422
-1.298    0.4535
-1.297    0.452784
-1.296    0.452073
-1.295    0.451365
-1.294    0.450662
-1.293    0.449963
-1.292    0.449267
-1.291    0.448576
-1.29    0.447889
-1.289    0.447206
-1.288    0.446527
-1.287    0.445852
-1.286    0.445181
-1.285    0.444514
-1.284    0.443851
-1.283    0.443192
-1.282    0.442537
-1.281    0.441885
-1.28    0.441238
-1.279    0.440594
-1.278    0.439955
-1.277    0.439319
-1.276    0.438687
-1.275    0.438059
-1.274    0.437435
-1.273    0.436814
-1.272    0.436197
-1.271    0.435585
-1.27    0.434975
-1.269    0.43437
-1.268    0.433768
-1.267    0.43317
-1.266    0.432576
-1.265    0.431986
-1.264    0.431399
-1.263    0.430816
-1.262    0.430236
-1.261    0.42966
-1.26    0.429088
-1.259    0.428519
-1.258    0.427954
-1.257    0.427393
-1.256    0.426835
-1.255    0.426281
-1.254    0.425731
-1.253    0.425183
-1.252    0.42464
-1.251    0.4241
-1.25    0.423564
-1.249    0.423031
-1.248    0.422501
-1.247    0.421975
-1.246    0.421453
-1.245    0.420934
-1.244    0.420418
-1.243    0.419906
-1.242    0.419398
-1.241    0.418893
-1.24    0.418391
-1.239    0.417893
-1.238    0.417398
-1.237    0.416906
-1.236    0.416418
-1.235    0.415933
-1.234    0.415452
-1.233    0.414974
-1.232    0.414499
-1.231    0.414028
-1.23    0.41356
-1.229    0.413095
-1.228    0.412634
-1.227    0.412176
-1.226    0.411721
-1.225    0.41127
-1.224    0.410822
-1.223    0.410377
-1.222    0.409935
-1.221    0.409497
-1.22    0.409062
-1.219    0.40863
-1.218    0.408202
-1.217    0.407776
-1.216    0.407354
-1.215    0.406935
-1.214    0.40652
-1.213    0.406107
-1.212    0.405698
-1.211    0.405292
-1.21    0.404889
-1.209    0.404489
-1.208    0.404093
-1.207    0.403699
-1.206    0.403309
-1.205    0.402922
-1.204    0.402538
-1.203    0.402157
-1.202    0.401779
-1.201    0.401405
-1.2    0.401034
-1.199    0.400665
-1.198    0.4003
-1.197    0.399938
-1.196    0.399579
-1.195    0.399223
-1.194    0.39887
-1.193    0.398521
-1.192    0.398174
-1.191    0.39783
-1.19    0.39749
-1.189    0.397153
-1.188    0.396818
-1.187    0.396487
-1.186    0.396159
-1.185    0.395833
-1.184    0.395511
-1.183    0.395192
-1.182    0.394876
-1.181    0.394563
-1.18    0.394253
-1.179    0.393946
-1.178    0.393642
-1.177    0.393341
-1.176    0.393043
-1.175    0.392748
-1.174    0.392456
-1.173    0.392167
-1.172    0.391881
-1.171    0.391598
-1.17    0.391318
-1.169    0.391041
-1.168    0.390768
-1.167    0.390497
-1.166    0.390228
-1.165    0.389963
-1.164    0.389701
-1.163    0.389442
-1.162    0.389186
-1.161    0.388933
-1.16    0.388683
-1.159    0.388436
-1.158    0.388191
-1.157    0.38795
-1.156    0.387712
-1.155    0.387476
-1.154    0.387244
-1.153    0.387014
-1.152    0.386788
-1.151    0.386564
-1.15    0.386344
-1.149    0.386126
-1.148    0.385911
-1.147    0.3857
-1.146    0.385491
-1.145    0.385285
-1.144    0.385082
-1.143    0.384882
-1.142    0.384685
-1.141    0.384491
-1.14    0.384299
-1.139    0.384111
-1.138    0.383926
-1.137    0.383743
-1.136    0.383564
-1.135    0.383387
-1.134    0.383214
-1.133    0.383043
-1.132    0.382876
-1.131    0.382711
-1.13    0.382549
-1.129    0.38239
-1.128    0.382234
-1.127    0.382081
-1.126    0.381931
-1.125    0.381784
-1.124    0.38164
-1.123    0.381499
-1.122    0.38136
-1.121    0.381225
-1.12    0.381093
-1.119    0.380963
-1.118    0.380837
-1.117    0.380713
-1.116    0.380593
-1.115    0.380475
-1.114    0.38036
-1.113    0.380249
-1.112    0.38014
-1.111    0.380034
-1.11    0.379931
-1.109    0.379832
-1.108    0.379735
-1.107    0.379641
-1.106    0.37955
-1.105    0.379462
-1.104    0.379377
-1.103    0.379295
-1.102    0.379216
-1.101    0.37914
-1.1    0.379067
-1.099    0.378997
-1.098    0.37893
-1.097    0.378866
-1.096    0.378805
-1.095    0.378747
-1.094    0.378692
-1.093    0.37864
-1.092    0.378591
-1.091    0.378545
-1.09    0.378502
-1.089    0.378462
-1.088    0.378425
-1.087    0.378392
-1.086    0.378361
-1.085    0.378333
-1.084    0.378308
-1.083    0.378287
-1.082    0.378268
-1.081    0.378253
-1.08    0.37824
-1.079    0.378231
-1.078    0.378225
-1.077    0.378222
-1.076    0.378222
-1.075    0.378225
-1.074    0.378231
-1.073    0.37824
-1.072    0.378253
-1.071    0.378268
-1.07    0.378287
-1.069    0.378309
-1.068    0.378334
-1.067    0.378362
-1.066    0.378393
-1.065    0.378428
-1.064    0.378465
-1.063    0.378506
-1.062    0.37855
-1.061    0.378597
-1.06    0.378647
-1.059    0.378701
-1.058    0.378758
-1.057    0.378818
-1.056    0.378881
-1.055    0.378947
-1.054    0.379017
-1.053    0.37909
-1.052    0.379166
-1.051    0.379246
-1.05    0.379328
-1.049    0.379414
-1.048    0.379504
-1.047    0.379596
-1.046    0.379692
-1.045    0.379792
-1.044    0.379894
-1.043    0.38
-1.042    0.380109
-1.041    0.380222
-1.04    0.380338
-1.039    0.380458
-1.038    0.38058
-1.037    0.380707
-1.036    0.380836
-1.035    0.380969
-1.034    0.381106
-1.033    0.381245
-1.032    0.381389
-1.031    0.381536
-1.03    0.381686
-1.029    0.38184
-1.028    0.381997
-1.027    0.382158
-1.026    0.382322
-1.025    0.38249
-1.024    0.382661
-1.023    0.382836
-1.022    0.383014
-1.021    0.383197
-1.02    0.383382
-1.019    0.383571
-1.018    0.383764
-1.017    0.383961
-1.016    0.384161
-1.015    0.384365
-1.014    0.384572
-1.013    0.384783
-1.012    0.384998
-1.011    0.385217
-1.01    0.385439
-1.009    0.385665
-1.008    0.385895
-1.007    0.386128
-1.006    0.386366
-1.005    0.386607
-1.004    0.386852
-1.003    0.3871
-1.002    0.387353
-1.001    0.38761
-1    0.38787
-0.999    0.388134
-0.998    0.388402
-0.997    0.388674
-0.996    0.38895
-0.995    0.38923
-0.994    0.389514
-0.993    0.389802
-0.992    0.390094
-0.991    0.39039
-0.99    0.39069
-0.989    0.390994
-0.988    0.391302
-0.987    0.391614
-0.986    0.391931
-0.985    0.392251
-0.984    0.392576
-0.983    0.392905
-0.982    0.393238
-0.981    0.393575
-0.98    0.393916
-0.979    0.394262
-0.978    0.394612
-0.977    0.394966
-0.976    0.395325
-0.975    0.395688
-0.974    0.396055
-0.973    0.396426
-0.972    0.396802
-0.971    0.397183
-0.97    0.397568
-0.969    0.397957
-0.968    0.398351
-0.967    0.398749
-0.966    0.399152
-0.965    0.399559
-0.964    0.399971
-0.963    0.400388
-0.962    0.400809
-0.961    0.401235
-0.96    0.401665
-0.959    0.4021
-0.958    0.40254
-0.957    0.402985
-0.956    0.403434
-0.955    0.403889
-0.954    0.404348
-0.953    0.404812
-0.952    0.40528
-0.951    0.405754
-0.95    0.406232
-0.949    0.406716
-0.948    0.407204
-0.947    0.407698
-0.946    0.408197
-0.945    0.4087
-0.944    0.409209
-0.943    0.409723
-0.942    0.410242
-0.941    0.410766
-0.94    0.411295
-0.939    0.41183
-0.938    0.41237
-0.937    0.412915
-0.936    0.413465
-0.935    0.414021
-0.934    0.414583
-0.933    0.415149
-0.932    0.415721
-0.931    0.416299
-0.93    0.416882
-0.929    0.417471
-0.928    0.418065
-0.927    0.418665
-0.926    0.419271
-0.925    0.419882
-0.924    0.4205
-0.923    0.421122
-0.922    0.421751
-0.921    0.422386
-0.92    0.423026
-0.919    0.423672
-0.918    0.424325
-0.917    0.424983
-0.916    0.425647
-0.915    0.426317
-0.914    0.426994
-0.913    0.427676
-0.912    0.428365
-0.911    0.42906
-0.91    0.429762
-0.909    0.430469
-0.908    0.431183
-0.907    0.431904
-0.906    0.43263
-0.905    0.433364
-0.904    0.434103
-0.903    0.43485
-0.902    0.435603
-0.901    0.436362
-0.9    0.437129
-0.899    0.437902
-0.898    0.438682
-0.897    0.439469
-0.896    0.440262
-0.895    0.441063
-0.894    0.44187
-0.893    0.442685
-0.892    0.443507
-0.891    0.444335
-0.89    0.445171
-0.889    0.446015
-0.888    0.446865
-0.887    0.447723
-0.886    0.448588
-0.885    0.449461
-0.884    0.450341
-0.883    0.451229
-0.882    0.452124
-0.881    0.453027
-0.88    0.453938
-0.879    0.454857
-0.878    0.455783
-0.877    0.456717
-0.876    0.45766
-0.875    0.45861
-0.874    0.459568
-0.873    0.460535
-0.872    0.461509
-0.871    0.462492
-0.87    0.463484
-0.869    0.464483
-0.868    0.465491
-0.867    0.466508
-0.866    0.467533
-0.865    0.468567
-0.864    0.469609
-0.863    0.470661
-0.862    0.471721
-0.861    0.47279
-0.86    0.473868
-0.859    0.474955
-0.858    0.476052
-0.857    0.477157
-0.856    0.478272
-0.855    0.479396
-0.854    0.480529
-0.853    0.481673
-0.852    0.482825
-0.851    0.483988
-0.85    0.48516
-0.849    0.486341
-0.848    0.487533
-0.847    0.488735
-0.846    0.489947
-0.845    0.491169
-0.844    0.492401
-0.843    0.493643
-0.842    0.494896
-0.841    0.49616
-0.84    0.497434
-0.839    0.498718
-0.838    0.500014
-0.837    0.50132
-0.836    0.502637
-0.835    0.503965
-0.834    0.505305
-0.833    0.506655
-0.832    0.508017
-0.831    0.50939
-0.83    0.510775
-0.829    0.512172
-0.828    0.51358
-0.827    0.515
-0.826    0.516432
-0.825    0.517876
-0.824    0.519332
-0.823    0.5208
-0.822    0.522281
-0.821    0.523774
-0.82    0.525279
-0.819    0.526798
-0.818    0.528329
-0.817    0.529873
-0.816    0.53143
-0.815    0.533001
-0.814    0.534584
-0.813    0.536181
-0.812    0.537792
-0.811    0.539416
-0.81    0.541054
-0.809    0.542706
-0.808    0.544372
-0.807    0.546052
-0.806    0.547746
-0.805    0.549455
-0.804    0.551178
-0.803    0.552916
-0.802    0.554669
-0.801    0.556436
-0.8    0.558219
-0.799    0.560017
-0.798    0.561831
-0.797    0.56366
-0.796    0.565505
-0.795    0.567366
-0.794    0.569242
-0.793    0.571135
-0.792    0.573044
-0.791    0.57497
-0.79    0.576913
-0.789    0.578872
-0.788    0.580848
-0.787    0.582841
-0.786    0.584852
-0.785    0.58688
-0.784    0.588926
-0.783    0.590989
-0.782    0.593071
-0.781    0.595171
-0.78    0.597289
-0.779    0.599426
-0.778    0.601581
-0.777    0.603756
-0.776    0.605949
-0.775    0.608163
-0.774    0.610395
-0.773    0.612647
-0.772    0.61492
-0.771    0.617212
-0.77    0.619525
-0.769    0.621858
-0.768    0.624213
-0.767    0.626588
-0.766    0.628984
-0.765    0.631402
-0.764    0.633842
-0.763    0.636303
-0.762    0.638787
-0.761    0.641293
-0.76    0.643822
-0.759    0.646374
-0.758    0.648949
-0.757    0.651547
-0.756    0.654169
-0.755    0.656814
-0.754    0.659484
-0.753    0.662179
-0.752    0.664898
-0.751    0.667642
-0.75    0.670411
-0.749    0.673206
-0.748    0.676026
-0.747    0.678873
-0.746    0.681746
-0.745    0.684646
-0.744    0.687573
-0.743    0.690527
-0.742    0.693509
-0.741    0.696518
-0.74    0.699556
-0.739    0.702623
-0.738    0.705718
-0.737    0.708843
-0.736    0.711997
-0.735    0.715181
-0.734    0.718396
-0.733    0.721641
-0.732    0.724917
-0.731    0.728224
-0.73    0.731563
-0.729    0.734935
-0.728    0.738339
-0.727    0.741775
-0.726    0.745245
-0.725    0.748749
-0.724    0.752286
-0.723    0.755859
-0.722    0.759466
-0.721    0.763108
-0.72    0.766786
-0.719    0.770501
-0.718    0.774252
-0.717    0.77804
-0.716    0.781866
-0.715    0.78573
-0.714    0.789632
-0.713    0.793573
-0.712    0.797554
-0.711    0.801575
-0.71    0.805636
-0.709    0.809738
-0.708    0.813882
-0.707    0.818068
-0.706    0.822296
-0.705    0.826568
-0.704    0.830883
-0.703    0.835242
-0.702    0.839647
-0.701    0.844096
-0.7    0.848592
-0.699    0.853134
-0.698    0.857724
-0.697    0.862362
-0.696    0.867047
-0.695    0.871783
-0.694    0.876567
-0.693    0.881403
-0.692    0.886289
-0.691    0.891228
-0.69    0.896218
-0.689    0.901263
-0.688    0.906361
-0.687    0.911513
-0.686    0.916722
-0.685    0.921986
-0.684    0.927307
-0.683    0.932687
-0.682    0.938125
-0.681    0.943622
-0.68    0.949179
-0.679    0.954798
-0.678    0.960479
-0.677    0.966222
-0.676    0.972029
-0.675    0.977901
-0.674    0.983838
-0.673    0.989842
-0.672    0.995914
-0.671    1.00205
-0.67    1.00826
-0.669    1.01454
-0.668    1.02089
-0.667    1.02732
-0.666    1.03382
-0.665    1.04039
-0.664    1.04704
-0.663    1.05376
-0.662    1.06056
-0.661    1.06745
-0.66    1.07441
-0.659    1.08145
-0.658    1.08858
-0.657    1.09579
-0.656    1.10309
-0.655    1.11047
-0.654    1.11795
-0.653    1.12551
-0.652    1.13316
-0.651    1.14091
-0.65    1.14875
-0.649    1.15668
-0.648    1.16471
-0.647    1.17284
-0.646    1.18107
-0.645    1.1894
-0.644    1.19784
-0.643    1.20638
-0.642    1.21502
-0.641    1.22378
-0.64    1.23264
-0.639    1.24162
-0.638    1.25071
-0.637    1.25991
-0.636    1.26923
-0.635    1.27868
-0.634    1.28824
-0.633    1.29793
-0.632    1.30774
-0.631    1.31768
-0.63    1.32775
-0.629    1.33795
-0.628    1.34829
-0.627    1.35876
-0.626    1.36938
-0.625    1.38013
-0.624    1.39103
-0.623    1.40207
-0.622    1.41327
-0.621    1.42461
-0.62    1.43611
-0.619    1.44777
-0.618    1.45959
-0.617    1.47157
-0.616    1.48372
-0.615    1.49603
-0.614    1.50852
-0.613    1.52118
-0.612    1.53402
-0.611    1.54705
-0.61    1.56026
-0.609    1.57365
-0.608    1.58724
-0.607    1.60103
-0.606    1.61501
-0.605    1.6292
-0.604    1.64359
-0.603    1.6582
-0.602    1.67302
-0.601    1.68806
-0.6    1.70332
-0.599    1.71882
-0.598    1.73454
-0.597    1.7505
-0.596    1.76671
-0.595    1.78316
-0.594    1.79986
-0.593    1.81682
-0.592    1.83404
-0.591    1.85153
-0.59    1.8693
-0.589    1.88734
-0.588    1.90566
-0.587    1.92428
-0.586    1.94319
-0.585    1.9624
-0.584    1.98193
-0.583    2.00176
-0.582    2.02192
-0.581    2.04241
-0.58    2.06324
-0.579    2.08441
-0.578    2.10593
-0.577    2.12781
-0.576    2.15006
-0.575    2.17268
-0.574    2.19568
-0.573    2.21908
-0.572    2.24288
-0.571    2.26708
-0.57    2.29171
-0.569    2.31676
-0.568    2.34225
-0.567    2.3682
-0.566    2.3946
-0.565    2.42147
-0.564    2.44882
-0.563    2.47666
-0.562    2.50501
-0.561    2.53387
-0.56    2.56326
-0.559    2.59319
-0.558    2.62368
-0.557    2.65474
-0.556    2.68638
-0.555    2.71861
-0.554    2.75146
-0.553    2.78493
-0.552    2.81905
-0.551    2.85382
-0.55    2.88927
-0.549    2.92542
-0.548    2.96227
-0.547    2.99986
-0.546    3.03819
-0.545    3.07729
-0.544    3.11719
-0.543    3.15789
-0.542    3.19942
-0.541    3.24181
-0.54    3.28508
-0.539    3.32925
-0.538    3.37434
-0.537    3.42039
-0.536    3.46742
-0.535    3.51545
-0.534    3.56452
-0.533    3.61466
-0.532    3.66589
-0.531    3.71824
-0.53    3.77176
-0.529    3.82647
-0.528    3.8824
-0.527    3.93961
-0.526    3.99811
-0.525    4.05796
-0.524    4.1192
-0.523    4.18186
-0.522    4.24598
-0.521    4.31163
-0.52    4.37883
-0.519    4.44765
-0.518    4.51812
-0.517    4.59032
-0.516    4.66428
-0.515    4.74007
-0.514    4.81775
-0.513    4.89738
-0.512    4.97902
-0.511    5.06275
-0.51    5.14862
-0.509    5.23672
-0.508    5.32712
-0.507    5.41989
-0.506    5.51513
-0.505    5.61292
-0.504    5.71334
-0.503    5.81649
-0.502    5.92247
-0.501    6.03138
-0.5    6.14333
-0.499    6.25842
-0.498    6.37678
-0.497    6.49853
-0.496    6.62378
-0.495    6.75268
-0.494    6.88537
-0.493    7.02199
-0.492    7.16268
-0.491    7.30762
-0.49    7.45698
-0.489    7.61091
-0.488    7.76961
-0.487    7.93328
-0.486    8.10211
-0.485    8.27632
-0.484    8.45612
-0.483    8.64176
-0.482    8.83348
-0.481    9.03154
-0.48    9.23621
-0.479    9.44778
-0.478    9.66655
-0.477    9.89283
-0.476    10.127
-0.475    10.3693
-0.474    10.6202
-0.473    10.8801
-0.472    11.1493
-0.471    11.4284
-0.47    11.7177
-0.469    12.0178
-0.468    12.3292
-0.467    12.6523
-0.466    12.9878
-0.465    13.3364
-0.464    13.6985
-0.463    14.0749
-0.462    14.4663
-0.461    14.8735
-0.46    15.2973
-0.459    15.7384
-0.458    16.1979
-0.457    16.6765
-0.456    17.1755
-0.455    17.6957
-0.454    18.2383
-0.453    18.8046
-0.452    19.3957
-0.451    20.013
-0.45    20.6579
-0.449    21.3319
-0.448    22.0366
-0.447    22.7735
-0.446    23.5444
-0.445    24.3513
-0.444    25.1959
-0.443    26.0803
-0.442    27.0067
-0.441    27.9773
-0.44    28.9943
-0.439    30.0602
-0.438    31.1775
-0.437    32.3488
-0.436    33.5767
-0.435    34.8638
-0.434    36.213
-0.433    37.627
-0.432    39.1085
-0.431    40.6601
-0.43    42.2844
-0.429    43.9838
-0.428    45.7603
-0.427    47.6159
-0.426    49.5518
-0.425    51.569
-0.424    53.6675
-0.423    55.8468
-0.422    58.1052
-0.421    60.4398
-0.42    62.8465
-0.419    65.3193
-0.418    67.8506
-0.417    70.4308
-0.416    73.0479
-0.415    75.6874
-0.414    78.3326
-0.413    80.9638
-0.412    83.5589
-0.411    86.0932
-0.41    88.54
-0.409    90.8707
-0.408    93.0554
-0.407    95.0639
-0.406    96.8661
-0.405    98.4334
-0.404    99.7396
-0.403    100.762
-0.402    101.481
-0.401    101.885
-0.4    101.964
-0.399    101.719
-0.398    101.153
-0.397    100.277
-0.396    99.107
-0.395    97.6644
-0.394    95.9737
-0.393    94.0626
-0.392    91.9603
-0.391    89.6973
-0.39    87.3036
-0.389    84.8085
-0.388    82.2398
-0.387    79.6233
-0.386    76.9823
-0.385    74.3376
-0.384    71.7074
-0.383    69.1074
-0.382    66.5506
-0.381    64.048
-0.38    61.6079
-0.379    59.2373
-0.378    56.941
-0.377    54.7226
-0.376    52.5842
-0.375    50.527
-0.374    48.5512
-0.373    46.6563
-0.372    44.8411
-0.371    43.1041
-0.37    41.4431
-0.369    39.8561
-0.368    38.3405
-0.367    36.8936
-0.366    35.5129
-0.365    34.1956
-0.364    32.9389
-0.363    31.7401
-0.362    30.5965
-0.361    29.5056
-0.36    28.4648
-0.359    27.4717
-0.358    26.5238
-0.357    25.619
-0.356    24.755
-0.355    23.9298
-0.354    23.1414
-0.353    22.3879
-0.352    21.6675
-0.351    20.9786
-0.35    20.3195
-0.349    19.6887
-0.348    19.0848
-0.347    18.5064
-0.346    17.9523
-0.345    17.4211
-0.344    16.9117
-0.343    16.4231
-0.342    15.9543
-0.341    15.5041
-0.34    15.0719
-0.339    14.6565
-0.338    14.2574
-0.337    13.8736
-0.336    13.5044
-0.335    13.1492
-0.334    12.8073
-0.333    12.478
-0.332    12.1608
-0.331    11.8551
-0.33    11.5605
-0.329    11.2763
-0.328    11.0022
-0.327    10.7377
-0.326    10.4823
-0.325    10.2357
-0.324    9.99747
-0.323    9.76726
-0.322    9.54473
-0.321    9.32955
-0.32    9.12142
-0.319    8.92004
-0.318    8.72512
-0.317    8.53641
-0.316    8.35366
-0.315    8.17662
-0.314    8.00506
-0.313    7.83877
-0.312    7.67754
-0.311    7.52117
-0.31    7.36948
-0.309    7.22228
-0.308    7.0794
-0.307    6.94068
-0.306    6.80597
-0.305    6.67511
-0.304    6.54796
-0.303    6.42439
-0.302    6.30427
-0.301    6.18747
-0.3    6.07387
-0.299    5.96337
-0.298    5.85584
-0.297    5.7512
-0.296    5.64933
-0.295    5.55014
-0.294    5.45354
-0.293    5.35945
-0.292    5.26777
-0.291    5.17844
-0.29    5.09136
-0.289    5.00647
-0.288    4.9237
-0.287    4.84297
-0.286    4.76422
-0.285    4.68739
-0.284    4.61241
-0.283    4.53924
-0.282    4.4678
-0.281    4.39806
-0.28    4.32995
-0.279    4.26342
-0.278    4.19844
-0.277    4.13494
-0.276    4.07289
-0.275    4.01225
-0.274    3.95297
-0.273    3.89501
-0.272    3.83833
-0.271    3.7829
-0.27    3.72868
-0.269    3.67564
-0.268    3.62374
-0.267    3.57295
-0.266    3.52324
-0.265    3.47458
-0.264    3.42694
-0.263    3.38029
-0.262    3.33461
-0.261    3.28986
-0.26    3.24603
-0.259    3.20309
-0.258    3.16102
-0.257    3.11979
-0.256    3.07938
-0.255    3.03977
-0.254    3.00093
-0.253    2.96286
-0.252    2.92552
-0.251    2.88891
-0.25    2.853
-0.249    2.81777
-0.248    2.78321
-0.247    2.7493
-0.246    2.71602
-0.245    2.68336
-0.244    2.65131
-0.243    2.61984
-0.242    2.58896
-0.241    2.55863
-0.24    2.52885
-0.239    2.4996
-0.238    2.47088
-0.237    2.44266
-0.236    2.41495
-0.235    2.38772
-0.234    2.36096
-0.233    2.33467
-0.232    2.30883
-0.231    2.28344
-0.23    2.25848
-0.229    2.23394
-0.228    2.20982
-0.227    2.1861
-0.226    2.16278
-0.225    2.13985
-0.224    2.11729
-0.223    2.09511
-0.222    2.07328
-0.221    2.05182
-0.22    2.0307
-0.219    2.00991
-0.218    1.98947
-0.217    1.96934
-0.216    1.94954
-0.215    1.93005
-0.214    1.91086
-0.213    1.89197
-0.212    1.87338
-0.211    1.85507
-0.21    1.83704
-0.209    1.81929
-0.208    1.80181
-0.207    1.7846
-0.206    1.76764
-0.205    1.75094
-0.204    1.73448
-0.203    1.71828
-0.202    1.70231
-0.201    1.68657
-0.2    1.67107
-0.199    1.65579
-0.198    1.64073
-0.197    1.62589
-0.196    1.61126
-0.195    1.59684
-0.194    1.58263
-0.193    1.56862
-0.192    1.5548
-0.191    1.54118
-0.19    1.52775
-0.189    1.51451
-0.188    1.50145
-0.187    1.48857
-0.186    1.47587
-0.185    1.46333
-0.184    1.45097
-0.183    1.43878
-0.182    1.42675
-0.181    1.41489
-0.18    1.40318
-0.179    1.39163
-0.178    1.38023
-0.177    1.36898
-0.176    1.35787
-0.175    1.34692
-0.174    1.3361
-0.173    1.32543
-0.172    1.31489
-0.171    1.30449
-0.17    1.29422
-0.169    1.28409
-0.168    1.27408
-0.167    1.2642
-0.166    1.25444
-0.165    1.24481
-0.164    1.23529
-0.163    1.2259
-0.162    1.21662
-0.161    1.20745
-0.16    1.1984
-0.159    1.18946
-0.158    1.18062
-0.157    1.1719
-0.156    1.16328
-0.155    1.15476
-0.154    1.14635
-0.153    1.13803
-0.152    1.12982
-0.151    1.1217
-0.15    1.11368
-0.149    1.10576
-0.148    1.09792
-0.147    1.09018
-0.146    1.08253
-0.145    1.07496
-0.144    1.06749
-0.143    1.0601
-0.142    1.05279
-0.141    1.04557
-0.14    1.03843
-0.139    1.03137
-0.138    1.02439
-0.137    1.01749
-0.136    1.01067
-0.135    1.00392
-0.134    0.99725
-0.133    0.990653
-0.132    0.984128
-0.131    0.977675
-0.13    0.971293
-0.129    0.96498
-0.128    0.958737
-0.127    0.952561
-0.126    0.946452
-0.125    0.940409
-0.124    0.934431
-0.123    0.928517
-0.122    0.922666
-0.121    0.916877
-0.12    0.91115
-0.119    0.905483
-0.118    0.899875
-0.117    0.894327
-0.116    0.888837
-0.115    0.883404
-0.114    0.878027
-0.113    0.872706
-0.112    0.86744
-0.111    0.862228
-0.11    0.857069
-0.109    0.851963
-0.108    0.846909
-0.107    0.841907
-0.106    0.836955
-0.105    0.832053
-0.104    0.8272
-0.103    0.822396
-0.102    0.81764
-0.101    0.812931
-0.1    0.808269
-0.099    0.803653
-0.098    0.799083
-0.097    0.794557
-0.096    0.790076
-0.095    0.785639
-0.094    0.781245
-0.093    0.776893
-0.092    0.772584
-0.091    0.768317
-0.09    0.76409
-0.089    0.759904
-0.088    0.755758
-0.087    0.751651
-0.086    0.747584
-0.085    0.743555
-0.084    0.739564
-0.083    0.735611
-0.082    0.731695
-0.081    0.727816
-0.08    0.723972
-0.079    0.720165
-0.078    0.716393
-0.077    0.712656
-0.076    0.708953
-0.075    0.705285
-0.074    0.70165
-0.073    0.698048
-0.072    0.69448
-0.071    0.690943
-0.07    0.687439
-0.069    0.683967
-0.068    0.680526
-0.067    0.677115
-0.066    0.673736
-0.065    0.670387
-0.064    0.667067
-0.063    0.663777
-0.062    0.660517
-0.061    0.657285
-0.06    0.654081
-0.059    0.650906
-0.058    0.647759
-0.057    0.64464
-0.056    0.641547
-0.055    0.638482
-0.054    0.635443
-0.053    0.63243
-0.052    0.629444
-0.051    0.626483
-0.05    0.623548
-0.049    0.620637
-0.048    0.617752
-0.047    0.614892
-0.046    0.612055
-0.045    0.609243
-0.044    0.606454
-0.043    0.60369
-0.042    0.600948
-0.041    0.598229
-0.04    0.595533
-0.039    0.59286
-0.038    0.590209
-0.037    0.58758
-0.036    0.584973
-0.035    0.582387
-0.034    0.579823
-0.033    0.57728
-0.032    0.574758
-0.031    0.572256
-0.03    0.569775
-0.029    0.567314
-0.028    0.564873
-0.027    0.562452
-0.026    0.560051
-0.025    0.557669
-0.024    0.555306
-0.023    0.552962
-0.022    0.550637
-0.021    0.54833
-0.02    0.546042
-0.019    0.543772
-0.018    0.541521
-0.017    0.539287
-0.016    0.537071
-0.015    0.534872
-0.014    0.53269
-0.013    0.530526
-0.012    0.528379
-0.011    0.526248
-0.01    0.524134
-0.009    0.522037
-0.008    0.519956
-0.007    0.517891
-0.006    0.515842
-0.005    0.513808
-0.004    0.511791
-0.003    0.509789
-0.002    0.507802
-0.001    0.505831
0    0.503874
0.001    0.501933
0.002    0.500006
0.003    0.498094
0.004    0.496197
0.005    0.494313
0.006    0.492444
0.007    0.490589
0.008    0.488748
0.009    0.486921
0.01    0.485108
0.011    0.483308
0.012    0.481521
0.013    0.479748
0.014    0.477988
0.015    0.476241
0.016    0.474506
0.017    0.472785
0.018    0.471076
0.019    0.46938
0.02    0.467697
0.021    0.466025
0.022    0.464366
0.023    0.462719
0.024    0.461084
0.025    0.459461
0.026    0.45785
0.027    0.45625
0.028    0.454662
0.029    0.453085
0.03    0.45152
0.031    0.449966
0.032    0.448423
0.033    0.446891
0.034    0.44537
0.035    0.44386
0.036    0.442361
0.037    0.440872
0.038    0.439394
0.039    0.437927
0.04    0.43647
0.041    0.435023
0.042    0.433586
0.043    0.43216
0.044    0.430743
0.045    0.429337
0.046    0.42794
0.047    0.426553
0.048    0.425176
0.049    0.423808
0.05    0.42245
0.051    0.421102
0.052    0.419762
0.053    0.418432
0.054    0.417111
0.055    0.4158
0.056    0.414497
0.057    0.413204
0.058    0.411919
0.059    0.410643
0.06    0.409376
0.061    0.408117
0.062    0.406867
0.063    0.405626
0.064    0.404393
0.065    0.403168
0.066    0.401952
0.067    0.400744
0.068    0.399544
0.069    0.398353
0.07    0.397169
0.071    0.395994
0.072    0.394826
0.073    0.393666
0.074    0.392514
0.075    0.39137
0.076    0.390233
0.077    0.389104
0.078    0.387983
0.079    0.386869
0.08    0.385762
0.081    0.384663
0.082    0.383571
0.083    0.382487
0.084    0.381409
0.085    0.380339
0.086    0.379276
0.087    0.37822
0.088    0.377171
0.089    0.376129
0.09    0.375093
0.091    0.374065
0.092    0.373043
0.093    0.372028
0.094    0.37102
0.095    0.370018
0.096    0.369023
0.097    0.368034
0.098    0.367052
0.099    0.366076
0.1    0.365106
0.101    0.364143
0.102    0.363186
0.103    0.362236
0.104    0.361291
0.105    0.360353
0.106    0.35942
0.107    0.358494
0.108    0.357574
0.109    0.35666
0.11    0.355751
0.111    0.354849
0.112    0.353952
0.113    0.353061
0.114    0.352176
0.115    0.351297
0.116    0.350423
0.117    0.349555
0.118    0.348692
0.119    0.347835
0.12    0.346983
0.121    0.346137
0.122    0.345296
0.123    0.344461
0.124    0.343631
0.125    0.342806
0.126    0.341987
0.127    0.341172
0.128    0.340363
0.129    0.339559
0.13    0.338761
0.131    0.337967
0.132    0.337178
0.133    0.336395
0.134    0.335616
0.135    0.334842
0.136    0.334073
0.137    0.33331
0.138    0.33255
0.139    0.331796
0.14    0.331047
0.141    0.330302
0.142    0.329562
0.143    0.328826
0.144    0.328096
0.145    0.32737
0.146    0.326648
0.147    0.325931
0.148    0.325219
0.149    0.324511
0.15    0.323807
0.151    0.323108
0.152    0.322414
0.153    0.321724
0.154    0.321038
0.155    0.320356
0.156    0.319679
0.157    0.319006
0.158    0.318337
0.159    0.317673
0.16    0.317012
0.161    0.316356
0.162    0.315704
0.163    0.315056
0.164    0.314412
0.165    0.313772
0.166    0.313137
0.167    0.312505
0.168    0.311877
0.169    0.311253
0.17    0.310633
0.171    0.310017
0.172    0.309405
0.173    0.308797
0.174    0.308192
0.175    0.307592
0.176    0.306995
0.177    0.306402
0.178    0.305812
0.179    0.305227
0.18    0.304645
0.181    0.304067
0.182    0.303492
0.183    0.302921
0.184    0.302354
0.185    0.30179
0.186    0.30123
0.187    0.300673
0.188    0.30012
0.189    0.29957
0.19    0.299024
0.191    0.298481
0.192    0.297942
0.193    0.297406
0.194    0.296874
0.195    0.296345
0.196    0.295819
0.197    0.295297
0.198    0.294778
0.199    0.294262
0.2    0.29375
0.201    0.293241
0.202    0.292735
0.203    0.292232
0.204    0.291733
0.205    0.291236
0.206    0.290743
0.207    0.290253
0.208    0.289766
0.209    0.289283
0.21    0.288802
0.211    0.288325
0.212    0.28785
0.213    0.287379
0.214    0.286911
0.215    0.286446
0.216    0.285983
0.217    0.285524
0.218    0.285068
0.219    0.284614
0.22    0.284164
0.221    0.283717
0.222    0.283272
0.223    0.282831
0.224    0.282392
0.225    0.281956
0.226    0.281523
0.227    0.281093
0.228    0.280665
0.229    0.280241
0.23    0.279819
0.231    0.2794
0.232    0.278984
0.233    0.278571
0.234    0.27816
0.235    0.277752
0.236    0.277347
0.237    0.276944
0.238    0.276544
0.239    0.276147
0.24    0.275753
0.241    0.275361
0.242    0.274971
0.243    0.274585
0.244    0.274201
0.245    0.273819
0.246    0.27344
0.247    0.273064
0.248    0.272691
0.249    0.272319
0.25    0.271951
0.251    0.271585
0.252    0.271221
0.253    0.27086
0.254    0.270501
0.255    0.270145
0.256    0.269792
0.257    0.269441
0.258    0.269092
0.259    0.268745
0.26    0.268402
0.261    0.26806
0.262    0.267721
0.263    0.267384
0.264    0.26705
0.265    0.266718
0.266    0.266389
0.267    0.266061
0.268    0.265736
0.269    0.265414
0.27    0.265094
0.271    0.264776
0.272    0.26446
0.273    0.264147
0.274    0.263836
0.275    0.263527
0.276    0.26322
0.277    0.262916
0.278    0.262614
0.279    0.262314
0.28    0.262017
0.281    0.261721
0.282    0.261428
0.283    0.261137
0.284    0.260848
0.285    0.260562
0.286    0.260277
0.287    0.259995
0.288    0.259715
0.289    0.259437
0.29    0.259161
0.291    0.258888
0.292    0.258616
0.293    0.258346
0.294    0.258079
0.295    0.257814
0.296    0.257551
0.297    0.25729
0.298    0.257031
0.299    0.256774
0.3    0.256519
0.301    0.256266
0.302    0.256015
0.303    0.255766
0.304    0.25552
0.305    0.255275
0.306    0.255032
0.307    0.254792
0.308    0.254553
0.309    0.254316
0.31    0.254082
0.311    0.253849
0.312    0.253618
0.313    0.25339
0.314    0.253163
0.315    0.252938
0.316    0.252715
0.317    0.252494
0.318    0.252275
0.319    0.252058
0.32    0.251843
0.321    0.25163
0.322    0.251418
0.323    0.251209
0.324    0.251001
0.325    0.250796
0.326    0.250592
0.327    0.25039
0.328    0.25019
0.329    0.249992
0.33    0.249796
0.331    0.249602
0.332    0.249409
0.333    0.249218
0.334    0.24903
0.335    0.248843
0.336    0.248658
0.337    0.248474
0.338    0.248293
0.339    0.248113
0.34    0.247935
0.341    0.247759
0.342    0.247585
0.343    0.247413
0.344    0.247242
0.345    0.247073
0.346    0.246906
0.347    0.246741
0.348    0.246577
0.349    0.246416
0.35    0.246256
0.351    0.246098
0.352    0.245941
0.353    0.245786
0.354    0.245634
0.355    0.245482
0.356    0.245333
0.357    0.245185
0.358    0.245039
0.359    0.244895
0.36    0.244753
0.361    0.244612
0.362    0.244473
0.363    0.244336
0.364    0.2442
0.365    0.244066
0.366    0.243934
0.367    0.243804
0.368    0.243675
0.369    0.243548
0.37    0.243423
0.371    0.243299
0.372    0.243177
0.373    0.243057
0.374    0.242938
0.375    0.242821
0.376    0.242706
0.377    0.242592
0.378    0.24248
0.379    0.24237
0.38    0.242262
0.381    0.242155
0.382    0.242049
0.383    0.241946
0.384    0.241844
0.385    0.241744
0.386    0.241645
0.387    0.241548
0.388    0.241453
0.389    0.241359
0.39    0.241267
0.391    0.241176
0.392    0.241088
0.393    0.241
0.394    0.240915
0.395    0.240831
0.396    0.240749
0.397    0.240668
0.398    0.240589
0.399    0.240512
0.4    0.240436
0.401    0.240362
0.402    0.240289
0.403    0.240218
0.404    0.240149
0.405    0.240081
0.406    0.240015
0.407    0.239951
0.408    0.239888
0.409    0.239827
0.41    0.239767
0.411    0.239709
0.412    0.239652
0.413    0.239598
0.414    0.239544
0.415    0.239493
0.416    0.239443
0.417    0.239394
0.418    0.239347
0.419    0.239302
0.42    0.239258
0.421    0.239216
0.422    0.239176
0.423    0.239137
0.424    0.239099
0.425    0.239064
0.426    0.23903
0.427    0.238997
0.428    0.238966
0.429    0.238937
0.43    0.238909
0.431    0.238883
0.432    0.238858
0.433    0.238835
0.434    0.238814
0.435    0.238794
0.436    0.238775
0.437    0.238759
0.438    0.238744
0.439    0.23873
0.44    0.238718
0.441    0.238708
0.442    0.238699
0.443    0.238692
0.444    0.238686
0.445    0.238682
0.446    0.23868
0.447    0.238679
0.448    0.23868
0.449    0.238682
0.45    0.238686
0.451    0.238692
0.452    0.238699
0.453    0.238707
0.454    0.238718
0.455    0.238729
0.456    0.238743
0.457    0.238758
0.458    0.238775
0.459    0.238793
0.46    0.238813
0.461    0.238834
0.462    0.238857
0.463    0.238882
0.464    0.238908
0.465    0.238936
0.466    0.238965
0.467    0.238996
0.468    0.239029
0.469    0.239063
0.47    0.239099
0.471    0.239136
0.472    0.239175
0.473    0.239216
0.474    0.239258
0.475    0.239302
0.476    0.239348
0.477    0.239395
0.478    0.239443
0.479    0.239494
0.48    0.239546
0.481    0.239599
0.482    0.239654
0.483    0.239711
0.484    0.23977
0.485    0.23983
0.486    0.239891
0.487    0.239955
0.488    0.24002
0.489    0.240086
0.49    0.240155
0.491    0.240225
0.492    0.240296
0.493    0.240369
0.494    0.240444
0.495    0.240521
0.496    0.240599
0.497    0.240679
0.498    0.24076
0.499    0.240844
0.5    0.240928
0.501    0.241015
0.502    0.241103
0.503    0.241193
0.504    0.241284
0.505    0.241378
0.506    0.241473
0.507    0.241569
0.508    0.241667
0.509    0.241767
0.51    0.241869
0.511    0.241972
0.512    0.242077
0.513    0.242184
0.514    0.242293
0.515    0.242403
0.516    0.242515
0.517    0.242629
0.518    0.242744
0.519    0.242861
0.52    0.24298
0.521    0.2431
0.522    0.243223
0.523    0.243347
0.524    0.243473
0.525    0.2436
0.526    0.24373
0.527    0.243861
0.528    0.243994
0.529    0.244128
0.53    0.244265
0.531    0.244403
0.532    0.244543
0.533    0.244685
0.534    0.244828
0.535    0.244973
0.536    0.245121
0.537    0.24527
0.538    0.24542
0.539    0.245573
0.54    0.245727
0.541    0.245884
0.542    0.246042
0.543    0.246202
0.544    0.246363
0.545    0.246527
0.546    0.246692
0.547    0.24686
0.548    0.247029
0.549    0.2472
0.55    0.247373
0.551    0.247548
0.552    0.247724
0.553    0.247903
0.554    0.248084
0.555    0.248266
0.556    0.24845
0.557    0.248637
0.558    0.248825
0.559    0.249015
0.56    0.249207
0.561    0.249401
0.562    0.249597
0.563    0.249795
0.564    0.249994
0.565    0.250196
0.566    0.2504
0.567    0.250606
0.568    0.250814
0.569    0.251023
0.57    0.251235
0.571    0.251449
0.572    0.251665
0.573    0.251882
0.574    0.252102
0.575    0.252324
0.576    0.252548
0.577    0.252774
0.578    0.253002
0.579    0.253232
0.58    0.253464
0.581    0.253699
0.582    0.253935
0.583    0.254174
0.584    0.254414
0.585    0.254657
0.586    0.254902
0.587    0.255149
0.588    0.255398
0.589    0.255649
0.59    0.255903
0.591    0.256158
0.592    0.256416
0.593    0.256676
0.594    0.256938
0.595    0.257203
0.596    0.257469
0.597    0.257738
0.598    0.258009
0.599    0.258282
0.6    0.258558
0.601    0.258836
0.602    0.259116
0.603    0.259398
0.604    0.259683
0.605    0.25997
0.606    0.260259
0.607    0.260551
0.608    0.260845
0.609    0.261141
0.61    0.261439
0.611    0.26174
0.612    0.262044
0.613    0.26235
0.614    0.262658
0.615    0.262968
0.616    0.263281
0.617    0.263597
0.618    0.263915
0.619    0.264235
0.62    0.264558
0.621    0.264883
0.622    0.265211
0.623    0.265541
0.624    0.265874
0.625    0.266209
0.626    0.266547
0.627    0.266887
0.628    0.26723
0.629    0.267576
0.63    0.267924
0.631    0.268275
0.632    0.268628
0.633    0.268984
0.634    0.269343
0.635    0.269704
0.636    0.270068
0.637    0.270434
0.638    0.270804
0.639    0.271176
0.64    0.27155
0.641    0.271928
0.642    0.272308
0.643    0.272691
0.644    0.273077
0.645    0.273466
0.646    0.273857
0.647    0.274251
0.648    0.274648
0.649    0.275048
0.65    0.275451
0.651    0.275857
0.652    0.276265
0.653    0.276677
0.654    0.277091
0.655    0.277509
0.656    0.277929
0.657    0.278353
0.658    0.278779
0.659    0.279208
0.66    0.279641
0.661    0.280076
0.662    0.280515
0.663    0.280957
0.664    0.281401
0.665    0.281849
0.666    0.2823
0.667    0.282754
0.668    0.283212
0.669    0.283672
0.67    0.284136
0.671    0.284603
0.672    0.285074
0.673    0.285547
0.674    0.286024
0.675    0.286504
0.676    0.286988
0.677    0.287475
0.678    0.287965
0.679    0.288459
0.68    0.288956
0.681    0.289456
0.682    0.28996
0.683    0.290468
0.684    0.290979
0.685    0.291493
0.686    0.292011
0.687    0.292533
0.688    0.293058
0.689    0.293587
0.69    0.29412
0.691    0.294656
0.692    0.295196
0.693    0.295739
0.694    0.296286
0.695    0.296838
0.696    0.297392
0.697    0.297951
0.698    0.298513
0.699    0.29908
0.7    0.29965
0.701    0.300224
0.702    0.300802
0.703    0.301384
0.704    0.30197
0.705    0.30256
0.706    0.303154
0.707    0.303752
0.708    0.304355
0.709    0.304961
0.71    0.305571
0.711    0.306186
0.712    0.306805
0.713    0.307428
0.714    0.308055
0.715    0.308687
0.716    0.309323
0.717    0.309964
0.718    0.310608
0.719    0.311257
0.72    0.311911
0.721    0.312569
0.722    0.313232
0.723    0.313899
0.724    0.314571
0.725    0.315247
0.726    0.315928
0.727    0.316614
0.728    0.317304
0.729    0.317999
0.73    0.318699
0.731    0.319404
0.732    0.320114
0.733    0.320828
0.734    0.321547
0.735    0.322272
0.736    0.323001
0.737    0.323736
0.738    0.324475
0.739    0.32522
0.74    0.325969
0.741    0.326724
0.742    0.327484
0.743    0.32825
0.744    0.32902
0.745    0.329796
0.746    0.330578
0.747    0.331365
0.748    0.332157
0.749    0.332955
0.75    0.333758
0.751    0.334567
0.752    0.335382
0.753    0.336202
0.754    0.337028
0.755    0.33786
0.756    0.338698
0.757    0.339541
0.758    0.34039
0.759    0.341246
0.76    0.342107
0.761    0.342975
0.762    0.343848
0.763    0.344728
0.764    0.345614
0.765    0.346506
0.766    0.347405
0.767    0.348309
0.768    0.349221
0.769    0.350138
0.77    0.351063
0.771    0.351994
0.772    0.352931
0.773    0.353875
0.774    0.354826
0.775    0.355784
0.776    0.356748
0.777    0.35772
0.778    0.358698
0.779    0.359683
0.78    0.360676
0.781    0.361676
0.782    0.362683
0.783    0.363697
0.784    0.364718
0.785    0.365747
0.786    0.366783
0.787    0.367827
0.788    0.368879
0.789    0.369938
0.79    0.371005
0.791    0.372079
0.792    0.373162
0.793    0.374253
0.794    0.375351
0.795    0.376458
0.796    0.377572
0.797    0.378695
0.798    0.379826
0.799    0.380966
0.8    0.382114
0.801    0.383271
0.802    0.384436
0.803    0.38561
0.804    0.386792
0.805    0.387984
0.806    0.389184
0.807    0.390394
0.808    0.391612
0.809    0.39284
0.81    0.394077
0.811    0.395323
0.812    0.396579
0.813    0.397844
0.814    0.399119
0.815    0.400403
0.816    0.401698
0.817    0.403002
0.818    0.404316
0.819    0.405641
0.82    0.406975
0.821    0.40832
0.822    0.409675
0.823    0.411041
0.824    0.412417
0.825    0.413804
0.826    0.415202
0.827    0.416611
0.828    0.41803
0.829    0.419461
0.83    0.420903
0.831    0.422357
0.832    0.423821
0.833    0.425298
0.834    0.426786
0.835    0.428286
0.836    0.429798
0.837    0.431322
0.838    0.432858
0.839    0.434406
0.84    0.435967
0.841    0.43754
0.842    0.439126
0.843    0.440725
0.844    0.442337
0.845    0.443962
0.846    0.4456
0.847    0.447251
0.848    0.448916
0.849    0.450595
0.85    0.452287
0.851    0.453994
0.852    0.455714
0.853    0.457449
0.854    0.459198
0.855    0.460961
0.856    0.46274
0.857    0.464533
0.858    0.466341
0.859    0.468164
0.86    0.470003
0.861    0.471858
0.862    0.473728
0.863    0.475613
0.864    0.477515
0.865    0.479433
0.866    0.481368
0.867    0.483319
0.868    0.485287
0.869    0.487272
0.87    0.489274
0.871    0.491294
0.872    0.493331
0.873    0.495385
0.874    0.497458
0.875    0.499549
0.876    0.501658
0.877    0.503786
0.878    0.505933
0.879    0.508099
0.88    0.510284
0.881    0.512489
0.882    0.514713
0.883    0.516957
0.884    0.519222
0.885    0.521506
0.886    0.523812
0.887    0.526138
0.888    0.528486
0.889    0.530855
0.89    0.533246
0.891    0.535659
0.892    0.538094
0.893    0.540551
0.894    0.543032
0.895    0.545535
0.896    0.548062
0.897    0.550612
0.898    0.553187
0.899    0.555785
0.9    0.558409
0.901    0.561057
0.902    0.56373
0.903    0.566429
0.904    0.569153
0.905    0.571904
0.906    0.574681
0.907    0.577485
0.908    0.580316
0.909    0.583175
0.91    0.586062
0.911    0.588977
0.912    0.59192
0.913    0.594893
0.914    0.597895
0.915    0.600927
0.916    0.603989
0.917    0.607082
0.918    0.610206
0.919    0.613361
0.92    0.616548
0.921    0.619767
0.922    0.623019
0.923    0.626304
0.924    0.629623
0.925    0.632976
0.926    0.636364
0.927    0.639787
0.928    0.643245
0.929    0.646739
0.93    0.65027
0.931    0.653838
0.932    0.657444
0.933    0.661088
0.934    0.66477
0.935    0.668492
0.936    0.672254
0.937    0.676056
0.938    0.679899
0.939    0.683784
0.94    0.687711
0.941    0.69168
0.942    0.695694
0.943    0.699751
0.944    0.703853
0.945    0.708001
0.946    0.712194
0.947    0.716435
0.948    0.720723
0.949    0.72506
0.95    0.729445
0.951    0.73388
0.952    0.738366
0.953    0.742903
0.954    0.747492
0.955    0.752134
0.956    0.75683
0.957    0.76158
0.958    0.766386
0.959    0.771248
0.96    0.776168
0.961    0.781145
0.962    0.786182
0.963    0.791279
0.964    0.796437
0.965    0.801657
0.966    0.80694
0.967    0.812287
0.968    0.817699
0.969    0.823177
0.97    0.828723
0.971    0.834337
0.972    0.840021
0.973    0.845776
0.974    0.851602
0.975    0.857502
0.976    0.863477
0.977    0.869527
0.978    0.875654
0.979    0.88186
0.98    0.888145
0.981    0.894512
0.982    0.900961
0.983    0.907494
0.984    0.914113
0.985    0.920819
0.986    0.927613
0.987    0.934498
0.988    0.941475
0.989    0.948545
0.99    0.955711
0.991    0.962973
0.992    0.970334
0.993    0.977797
0.994    0.985361
0.995    0.99303
0.996    1.00081
0.997    1.00869
0.998    1.01668
0.999    1.02479
1    1.03301
1.001    1.04135
1.002    1.04981
1.003    1.05839
1.004    1.06709
1.005    1.07592
1.006    1.08488
1.007    1.09397
1.008    1.1032
1.009    1.11256
1.01    1.12206
1.011    1.1317
1.012    1.14149
1.013    1.15143
1.014    1.16151
1.015    1.17176
1.016    1.18216
1.017    1.19272
1.018    1.20344
1.019    1.21434
1.02    1.2254
1.021    1.23664
1.022    1.24806
1.023    1.25966
1.024    1.27145
1.025    1.28343
1.026    1.2956
1.027    1.30798
1.028    1.32055
1.029    1.33334
1.03    1.34634
1.031    1.35956
1.032    1.37299
1.033    1.38666
1.034    1.40056
1.035    1.4147
1.036    1.42909
1.037    1.44372
1.038    1.45861
1.039    1.47376
1.04    1.48918
1.041    1.50487
1.042    1.52085
1.043    1.53711
1.044    1.55367
1.045    1.57053
1.046    1.5877
1.047    1.60518
1.048    1.623
1.049    1.64114
1.05    1.65963
1.051    1.67847
1.052    1.69767
1.053    1.71724
1.054    1.73718
1.055    1.75752
1.056    1.77825
1.057    1.7994
1.058    1.82096
1.059    1.84296
1.06    1.86539
1.061    1.88829
1.062    1.91165
1.063    1.93549
1.064    1.95983
1.065    1.98468
1.066    2.01004
1.067    2.03595
1.068    2.0624
1.069    2.08943
1.07    2.11704
1.071    2.14525
1.072    2.17408
1.073    2.20355
1.074    2.23367
1.075    2.26447
1.076    2.29597
1.077    2.32818
1.078    2.36114
1.079    2.39486
1.08    2.42936
1.081    2.46467
1.082    2.50083
1.083    2.53784
1.084    2.57574
1.085    2.61457
1.086    2.65434
1.087    2.69509
1.088    2.73686
1.089    2.77967
1.09    2.82356
1.091    2.86857
1.092    2.91473
1.093    2.96209
1.094    3.01069
1.095    3.06056
1.096    3.11176
1.097    3.16434
1.098    3.21833
1.099    3.27379
1.1    3.33077
1.101    3.38934
1.102    3.44954
1.103    3.51145
1.104    3.57511
1.105    3.64061
1.106    3.708
1.107    3.77736
1.108    3.84878
1.109    3.92231
1.11    3.99807
1.111    4.07611
1.112    4.15656
1.113    4.23948
1.114    4.325
1.115    4.41321
1.116    4.50423
1.117    4.59817
1.118    4.69516
1.119    4.79533
1.12    4.89881
1.121    5.00574
1.122    5.11628
1.123    5.23059
1.124    5.34883
1.125    5.47118
1.126    5.59782
1.127    5.72895
1.128    5.86478
1.129    6.00552
1.13    6.1514
1.131    6.30267
1.132    6.45958
1.133    6.6224
1.134    6.79141
1.135    6.96692
1.136    7.14925
1.137    7.33874
1.138    7.53573
1.139    7.74062
1.14    7.95379
1.141    8.17567
1.142    8.4067
1.143    8.64737
1.144    8.89816
1.145    9.15962
1.146    9.43229
1.147    9.71678
1.148    10.0137
1.149    10.3237
1.15    10.6476
1.151    10.986
1.152    11.3397
1.153    11.7096
1.154    12.0965
1.155    12.5013
1.156    12.9251
1.157    13.3687
1.158    13.8334
1.159    14.3201
1.16    14.8301
1.161    15.3646
1.162    15.9247
1.163    16.5119
1.164    17.1274
1.165    17.7725
1.166    18.4486
1.167    19.1572
1.168    19.8995
1.169    20.6768
1.17    21.4906
1.171    22.3419
1.172    23.2318
1.173    24.1612
1.174    25.1308
1.175    26.141
1.176    27.1919
1.177    28.2832
1.178    29.4141
1.179    30.5831
1.18    31.7881
1.181    33.0262
1.182    34.2936
1.183    35.5855
1.184    36.8957
1.185    38.2173
1.186    39.5417
1.187    40.859
1.188    42.1584
1.189    43.4274
1.19    44.6526
1.191    45.8198
1.192    46.914
1.193    47.9201
1.194    48.8231
1.195    49.6086
1.196    50.2636
1.197    50.7766
1.198    51.1383
1.199    51.3419
1.2    51.3838
1.201    51.263
1.202    50.982
1.203    50.546
1.204    49.9632
1.205    49.2439
1.206    48.4006
1.207    47.4471
1.208    46.3981
1.209    45.2687
1.21    44.074
1.211    42.8286
1.212    41.5464
1.213    40.2403
1.214    38.922
1.215    37.6018
1.216    36.289
1.217    34.9912
1.218    33.7151
1.219    32.466
1.22    31.2483
1.221    30.0653
1.222    28.9195
1.223    27.8126
1.224    26.7458
1.225    25.7196
1.226    24.7341
1.227    23.7891
1.228    22.8839
1.229    22.0178
1.23    21.1899
1.231    20.3989
1.232    19.6436
1.233    18.9227
1.234    18.2349
1.235    17.5788
1.236    16.9531
1.237    16.3563
1.238    15.7872
1.239    15.2444
1.24    14.7267
1.241    14.2328
1.242    13.7617
1.243    13.312
1.244    12.8828
1.245    12.473
1.246    12.0816
1.247    11.7077
1.248    11.3504
1.249    11.0089
1.25    10.6823
1.251    10.3698
1.252    10.0709
1.253    9.78468
1.254    9.51062
1.255    9.24808
1.256    8.99649
1.257    8.75531
1.258    8.52402
1.259    8.30213
1.26    8.08918
1.261    7.88475
1.262    7.68841
1.263    7.49979
1.264    7.31852
1.265    7.14425
1.266    6.97665
1.267    6.81542
1.268    6.66025
1.269    6.51088
1.27    6.36705
1.271    6.2285
1.272    6.09499
1.273    5.96631
1.274    5.84225
1.275    5.7226
1.276    5.60717
1.277    5.49579
1.278    5.38828
1.279    5.28449
1.28    5.18425
1.281    5.08742
1.282    4.99386
1.283    4.90344
1.284    4.81604
1.285    4.73153
1.286    4.6498
1.287    4.57074
1.288    4.49425
1.289    4.42023
1.29    4.34859
1.291    4.27923
1.292    4.21208
1.293    4.14705
1.294    4.08407
1.295    4.02305
1.296    3.96394
1.297    3.90665
1.298    3.85114
1.299    3.79733
1.3    3.74517
1.301    3.6946
1.302    3.64556
1.303    3.59802
1.304    3.55191
1.305    3.50719
1.306    3.46381
1.307    3.42174
1.308    3.38093
1.309    3.34133
1.31    3.30292
1.311    3.26566
1.312    3.2295
1.313    3.19443
1.314    3.1604
1.315    3.12738
1.316    3.09535
1.317    3.06427
1.318    3.03413
1.319    3.00488
1.32    2.97652
1.321    2.94901
1.322    2.92233
1.323    2.89646
1.324    2.87137
1.325    2.84705
1.326    2.82348
1.327    2.80063
1.328    2.77849
1.329    2.75705
1.33    2.73628
1.331    2.71616
1.332    2.69669
1.333    2.67785
1.334    2.65962
1.335    2.64199
1.336    2.62494
1.337    2.60847
1.338    2.59256
1.339    2.57719
1.34    2.56237
1.341    2.54807
1.342    2.53428
1.343    2.521
1.344    2.50822
1.345    2.49592
1.346    2.4841
1.347    2.47275
1.348    2.46185
1.349    2.45141
1.35    2.44142
1.351    2.43186
1.352    2.42273
1.353    2.41403
1.354    2.40574
1.355    2.39786
1.356    2.39039
1.357    2.38331
1.358    2.37663
1.359    2.37034
1.36    2.36443
1.361    2.3589
1.362    2.35375
1.363    2.34896
1.364    2.34454
1.365    2.34049
1.366    2.33679
1.367    2.33345
1.368    2.33046
1.369    2.32782
1.37    2.32552
1.371    2.32357
1.372    2.32196
1.373    2.32069
1.374    2.31975
1.375    2.31915
1.376    2.31889
1.377    2.31895
1.378    2.31934
1.379    2.32007
1.38    2.32112
1.381    2.3225
1.382    2.3242
1.383    2.32623
1.384    2.32858
1.385    2.33126
1.386    2.33427
1.387    2.33759
1.388    2.34125
1.389    2.34522
1.39    2.34953
1.391    2.35416
1.392    2.35911
1.393    2.3644
1.394    2.37001
1.395    2.37595
1.396    2.38222
1.397    2.38883
1.398    2.39577
1.399    2.40305
1.4    2.41067
1.401    2.41862
1.402    2.42692
1.403    2.43557
1.404    2.44456
1.405    2.45391
1.406    2.46361
1.407    2.47366
1.408    2.48408
1.409    2.49486
1.41    2.50601
1.411    2.51753
1.412    2.52943
1.413    2.5417
1.414    2.55436
1.415    2.56741
1.416    2.58085
1.417    2.59469
1.418    2.60894
1.419    2.62359
1.42    2.63866
1.421    2.65415
1.422    2.67007
1.423    2.68642
1.424    2.70322
1.425    2.72046
1.426    2.73815
1.427    2.75631
1.428    2.77493
1.429    2.79403
1.43    2.81362
1.431    2.8337
1.432    2.85428
1.433    2.87537
1.434    2.89699
1.435    2.91914
1.436    2.94182
1.437    2.96506
1.438    2.98886
1.439    3.01323
1.44    3.03819
1.441    3.06374
1.442    3.08991
1.443    3.11669
1.444    3.14411
1.445    3.17218
1.446    3.20091
1.447    3.23031
1.448    3.26041
1.449    3.29122
1.45    3.32275
1.451    3.35502
1.452    3.38804
1.453    3.42184
1.454    3.45644
1.455    3.49185
1.456    3.52809
1.457    3.56519
1.458    3.60315
1.459    3.64202
1.46    3.6818
1.461    3.72253
1.462    3.76422
1.463    3.8069
1.464    3.8506
1.465    3.89535
1.466    3.94116
1.467    3.98808
1.468    4.03613
1.469    4.08534
1.47    4.13575
1.471    4.18739
1.472    4.24029
1.473    4.29448
1.474    4.35002
1.475    4.40693
1.476    4.46525
1.477    4.52504
1.478    4.58632
1.479    4.64915
1.48    4.71357
1.481    4.77963
1.482    4.84739
1.483    4.91688
1.484    4.98818
1.485    5.06134
1.486    5.13641
1.487    5.21345
1.488    5.29254
1.489    5.37373
1.49    5.45711
1.491    5.54273
1.492    5.63068
1.493    5.72103
1.494    5.81387
1.495    5.90928
1.496    6.00735
1.497    6.10817
1.498    6.21185
1.499    6.31848
1.5    6.42817
1.501    6.54103
1.502    6.65718
1.503    6.77673
1.504    6.89982
1.505    7.02658
1.506    7.15714
1.507    7.29165
1.508    7.43027
1.509    7.57315
1.51    7.72046
1.511    7.87237
1.512    8.02907
1.513    8.19076
1.514    8.35762
1.515    8.52989
1.516    8.70777
1.517    8.8915
1.518    9.08133
1.519    9.27752
1.52    9.48034
1.521    9.69007
1.522    9.90702
1.523    10.1315
1.524    10.3639
1.525    10.6044
1.526    10.8536
1.527    11.1117
1.528    11.3793
1.529    11.6566
1.53    11.9443
1.531    12.2427
1.532    12.5524
1.533    12.8739
1.534    13.2078
1.535    13.5547
1.536    13.9152
1.537    14.2901
1.538    14.6799
1.539    15.0856
1.54    15.5078
1.541    15.9474
1.542    16.4053
1.543    16.8825
1.544    17.38
1.545    17.8987
1.546    18.4399
1.547    19.0047
1.548    19.5944
1.549    20.2103
1.55    20.8538
1.551    21.5264
1.552    22.2296
1.553    22.9652
1.554    23.7348
1.555    24.5403
1.556    25.3835
1.557    26.2667
1.558    27.1917
1.559    28.161
1.56    29.1767
1.561    30.2414
1.562    31.3574
1.563    32.5274
1.564    33.7541
1.565    35.04
1.566    36.388
1.567    37.8007
1.568    39.281
1.569    40.8314
1.57    42.4545
1.571    44.1527
1.572    45.9281
1.573    47.7825
1.574    49.7173
1.575    51.7333
1.576    53.8308
1.577    56.0089
1.578    58.2662
1.579    60.5997
1.58    63.0053
1.581    65.477
1.582    68.0073
1.583    70.5864
1.584    73.2024
1.585    75.8409
1.586    78.4851
1.587    81.1152
1.588    83.7093
1.589    86.2426
1.59    88.6884
1.591    91.0181
1.592    93.2018
1.593    95.2093
1.594    97.0105
1.595    98.5769
1.596    99.8821
1.597    100.903
1.598    101.622
1.599    102.024
1.6    102.103
1.601    101.857
1.602    101.29
1.603    100.413
1.604    99.2421
1.605    97.7986
1.606    96.1071
1.607    94.195
1.608    92.0919
1.609    89.8279
1.61    87.4334
1.611    84.9375
1.612    82.368
1.613    79.7506
1.614    77.1087
1.615    74.4632
1.616    71.8322
1.617    69.2314
1.618    66.6738
1.619    64.1703
1.62    61.7295
1.621    59.3581
1.622    57.061
1.623    54.8418
1.624    52.7026
1.625    50.6447
1.626    48.6681
1.627    46.7724
1.628    44.9565
1.629    43.2187
1.63    41.557
1.631    39.9693
1.632    38.4529
1.633    37.0053
1.634    35.6239
1.635    34.3058
1.636    33.0484
1.637    31.8489
1.638    30.7047
1.639    29.6131
1.64    28.5716
1.641    27.5778
1.642    26.6292
1.643    25.7237
1.644    24.859
1.645    24.0332
1.646    23.2441
1.647    22.4899
1.648    21.7689
1.649    21.0794
1.65    20.4196
1.651    19.7882
1.652    19.1837
1.653    18.6046
1.654    18.0498
1.655    17.518
1.656    17.0081
1.657    16.5189
1.658    16.0494
1.659    15.5987
1.66    15.1658
1.661    14.7499
1.662    14.3501
1.663    13.9657
1.664    13.596
1.665    13.2402
1.666    12.8976
1.667    12.5678
1.668    12.2501
1.669    11.9438
1.67    11.6486
1.671    11.3639
1.672    11.0892
1.673    10.8241
1.674    10.5682
1.675    10.3211
1.676    10.0823
1.677    9.85156
1.678    9.6285
1.679    9.41279
1.68    9.20413
1.681    9.00223
1.682    8.8068
1.683    8.61757
1.684    8.43431
1.685    8.25676
1.686    8.08469
1.687    7.9179
1.688    7.75617
1.689    7.59931
1.69    7.44712
1.691    7.29943
1.692    7.15607
1.693    7.01687
1.694    6.88167
1.695    6.75034
1.696    6.62272
1.697    6.49868
1.698    6.37809
1.699    6.26082
1.7    6.14676
1.701    6.0358
1.702    5.92782
1.703    5.82272
1.704    5.7204
1.705    5.62077
1.706    5.52372
1.707    5.42919
1.708    5.33707
1.709    5.2473
1.71    5.15979
1.711    5.07447
1.712    4.99127
1.713    4.91011
1.714    4.83094
1.715    4.75369
1.716    4.6783
1.717    4.6047
1.718    4.53286
1.719    4.4627
1.72    4.39418
1.721    4.32725
1.722    4.26186
1.723    4.19797
1.724    4.13552
1.725    4.07448
1.726    4.0148
1.727    3.95645
1.728    3.89939
1.729    3.84357
1.73    3.78897
1.731    3.73554
1.732    3.68326
1.733    3.6321
1.734    3.58201
1.735    3.53298
1.736    3.48497
1.737    3.43795
1.738    3.3919
1.739    3.3468
1.74    3.3026
1.741    3.2593
1.742    3.21687
1.743    3.17529
1.744    3.13452
1.745    3.09456
1.746    3.05538
1.747    3.01695
1.748    2.97927
1.749    2.94232
1.75    2.90606
1.751    2.87049
1.752    2.83559
1.753    2.80135
1.754    2.76774
1.755    2.73475
1.756    2.70237
1.757    2.67057
1.758    2.63936
1.759    2.6087
1.76    2.5786
1.761    2.54903
1.762    2.51999
1.763    2.49146
1.764    2.46343
1.765    2.43589
1.766    2.40882
1.767    2.38222
1.768    2.35607
1.769    2.33037
1.77    2.30511
1.771    2.28027
1.772    2.25584
1.773    2.23183
1.774    2.20821
1.775    2.18497
1.776    2.16212
1.777    2.13965
1.778    2.11753
1.779    2.09577
1.78    2.07436
1.781    2.0533
1.782    2.03256
1.783    2.01215
1.784    1.99207
1.785    1.97229
1.786    1.95283
1.787    1.93366
1.788    1.91479
1.789    1.89621
1.79    1.87791
1.791    1.85989
1.792    1.84214
1.793    1.82465
1.794    1.80743
1.795    1.79046
1.796    1.77374
1.797    1.75727
1.798    1.74104
1.799    1.72504
1.8    1.70928
1.801    1.69374
1.802    1.67843
1.803    1.66333
1.804    1.64845
1.805    1.63378
1.806    1.61931
1.807    1.60505
1.808    1.59099
1.809    1.57712
1.81    1.56344
1.811    1.54996
1.812    1.53665
1.813    1.52353
1.814    1.51058
1.815    1.49781
1.816    1.48522
1.817    1.47279
1.818    1.46052
1.819    1.44842
1.82    1.43648
1.821    1.42469
1.822    1.41306
1.823    1.40158
1.824    1.39025
1.825    1.37906
1.826    1.36802
1.827    1.35712
1.828    1.34636
1.829    1.33574
1.83    1.32525
1.831    1.31489
1.832    1.30466
1.833    1.29456
1.834    1.28459
1.835    1.27474
1.836    1.26501
1.837    1.2554
1.838    1.2459
1.839    1.23652
1.84    1.22726
1.841    1.21811
1.842    1.20907
1.843    1.20013
1.844    1.1913
1.845    1.18258
1.846    1.17396
1.847    1.16544
1.848    1.15703
1.849    1.14871
1.85    1.14048
1.851    1.13236
1.852    1.12432
1.853    1.11638
1.854    1.10853
1.855    1.10077
1.856    1.0931
1.857    1.08552
1.858    1.07802
1.859    1.0706
1.86    1.06327
1.861    1.05602
1.862    1.04885
1.863    1.04176
1.864    1.03475
1.865    1.02781
1.866    1.02096
1.867    1.01417
1.868    1.00746
1.869    1.00082
1.87    0.994259
1.871    0.987764
1.872    0.981339
1.873    0.974983
1.874    0.968694
1.875    0.962472
1.876    0.956315
1.877    0.950223
1.878    0.944196
1.879    0.938231
1.88    0.932329
1.881    0.926488
1.882    0.920707
1.883    0.914986
1.884    0.909323
1.885    0.903719
1.886    0.898172
1.887    0.892681
1.888    0.887246
1.889    0.881866
1.89    0.87654
1.891    0.871268
1.892    0.866048
1.893    0.86088
1.894    0.855764
1.895    0.850698
1.896    0.845683
1.897    0.840716
1.898    0.835799
1.899    0.830929
1.9    0.826107
1.901    0.821332
1.902    0.816602
1.903    0.811919
1.904    0.807281
1.905    0.802687
1.906    0.798137
1.907    0.79363
1.908    0.789166
1.909    0.784744
1.91    0.780365
1.911    0.776026
1.912    0.771728
1.913    0.76747
1.914    0.763252
1.915    0.759073
1.916    0.754933
1.917    0.750831
1.918    0.746766
1.919    0.742739
1.92    0.738749
1.921    0.734796
1.922    0.730878
1.923    0.726996
1.924    0.723149
1.925    0.719336
1.926    0.715558
1.927    0.711814
1.928    0.708103
1.929    0.704425
1.93    0.70078
1.931    0.697167
1.932    0.693587
1.933    0.690037
1.934    0.686519
1.935    0.683032
1.936    0.679575
1.937    0.676148
1.938    0.672751
1.939    0.669383
1.94    0.666045
1.941    0.662735
1.942    0.659453
1.943    0.6562
1.944    0.652975
1.945    0.649777
1.946    0.646606
1.947    0.643462
1.948    0.640344
1.949    0.637253
1.95    0.634187
1.951    0.631148
1.952    0.628134
1.953    0.625144
1.954    0.62218
1.955    0.61924
1.956    0.616325
1.957    0.613434
1.958    0.610566
1.959    0.607722
1.96    0.604901
1.961    0.602103
1.962    0.599328
1.963    0.596576
1.964    0.593845
1.965    0.591137
1.966    0.588451
1.967    0.585786
1.968    0.583142
1.969    0.58052
1.97    0.577919
1.971    0.575338
1.972    0.572778
1.973    0.570238
1.974    0.567718
1.975    0.565217
1.976    0.562737
1.977    0.560276
1.978    0.557834
1.979    0.555411
1.98    0.553007
1.981    0.550622
1.982    0.548255
1.983    0.545907
1.984    0.543576
1.985    0.541263
1.986    0.538969
1.987    0.536691
1.988    0.534431
1.989    0.532189
1.99    0.529963
1.991    0.527754
1.992    0.525562
1.993    0.523387
1.994    0.521227
1.995    0.519084
1.996    0.516958
1.997    0.514847
1.998    0.512751
1.999    0.510672
2    0.508607
2.001    0.506558
2.002    0.504524
2.003    0.502506
2.004    0.500502
2.005    0.498512
2.006    0.496538
2.007    0.494578
2.008    0.492632
2.009    0.4907
2.01    0.488782
2.011    0.486878
2.012    0.484988
2.013    0.483112
2.014    0.481249
2.015    0.479399
2.016    0.477563
2.017    0.47574
2.018    0.47393
2.019    0.472133
2.02    0.470348
2.021    0.468576
2.022    0.466817
2.023    0.46507
2.024    0.463336
2.025    0.461614
2.026    0.459904
2.027    0.458205
2.028    0.456519
2.029    0.454845
2.03    0.453182
2.031    0.451531
2.032    0.449891
2.033    0.448263
2.034    0.446645
2.035    0.445039
2.036    0.443445
2.037    0.441861
2.038    0.440288
2.039    0.438725
2.04    0.437174
2.041    0.435633
2.042    0.434102
2.043    0.432582
2.044    0.431072
2.045    0.429573
2.046    0.428083
2.047    0.426604
2.048    0.425135
2.049    0.423675
2.05    0.422225
2.051    0.420785
2.052    0.419355
2.053    0.417934
2.054    0.416523
2.055    0.415121
2.056    0.413728
2.057    0.412345
2.058    0.410971
2.059    0.409606
2.06    0.40825
2.061    0.406902
2.062    0.405564
2.063    0.404235
2.064    0.402914
2.065    0.401602
2.066    0.400298
2.067    0.399003
2.068    0.397716
2.069    0.396438
2.07    0.395168
2.071    0.393906
2.072    0.392653
2.073    0.391407
2.074    0.39017
2.075    0.38894
2.076    0.387719
2.077    0.386505
2.078    0.385299
2.079    0.384101
2.08    0.38291
2.081    0.381728
2.082    0.380552
2.083    0.379384
2.084    0.378224
2.085    0.377071
2.086    0.375925
2.087    0.374786
2.088    0.373655
2.089    0.372531
2.09    0.371413
2.091    0.370303
2.092    0.3692
2.093    0.368104
2.094    0.367015
2.095    0.365932
2.096    0.364856
2.097    0.363787
2.098    0.362725
2.099    0.361669
2.1    0.36062
2.101    0.359577
2.102    0.358541
2.103    0.357511
2.104    0.356488
2.105    0.355471
2.106    0.35446
2.107    0.353455
2.108    0.352457
2.109    0.351464
2.11    0.350478
2.111    0.349498
2.112    0.348524
2.113    0.347556
2.114    0.346594
2.115    0.345637
2.116    0.344687
2.117    0.343742
2.118    0.342803
2.119    0.34187
2.12    0.340942
2.121    0.34002
2.122    0.339104
2.123    0.338193
2.124    0.337287
2.125    0.336388
2.126    0.335493
2.127    0.334604
2.128    0.33372
2.129    0.332842
2.13    0.331969
2.131    0.331101
2.132    0.330238
2.133    0.329381
2.134    0.328529
2.135    0.327681
2.136    0.326839
2.137    0.326002
2.138    0.32517
2.139    0.324343
2.14    0.32352
2.141    0.322703
2.142    0.321891
2.143    0.321083
2.144    0.32028
2.145    0.319482
2.146    0.318689
2.147    0.3179
2.148    0.317116
2.149    0.316336
2.15    0.315562
2.151    0.314791
2.152    0.314026
2.153    0.313265
2.154    0.312508
2.155    0.311756
2.156    0.311008
2.157    0.310265
2.158    0.309526
2.159    0.308791
2.16    0.308061
2.161    0.307335
2.162    0.306613
2.163    0.305896
2.164    0.305182
2.165    0.304473
2.166    0.303768
2.167    0.303067
2.168    0.30237
2.169    0.301678
2.17    0.300989
2.171    0.300304
2.172    0.299624
2.173    0.298947
2.174    0.298274
2.175    0.297605
2.176    0.296941
2.177    0.29628
2.178    0.295622
2.179    0.294969
2.18    0.294319
2.181    0.293674
2.182    0.293032
2.183    0.292393
2.184    0.291759
2.185    0.291128
2.186    0.290501
2.187    0.289877
2.188    0.289257
2.189    0.288641
2.19    0.288028
2.191    0.287419
2.192    0.286813
2.193    0.286211
2.194    0.285613
2.195    0.285017
2.196    0.284426
2.197    0.283837
2.198    0.283253
2.199    0.282671
2.2    0.282093
2.201    0.281518
2.202    0.280947
2.203    0.280379
2.204    0.279814
2.205    0.279253
2.206    0.278694
2.207    0.278139
2.208    0.277587
2.209    0.277039
2.21    0.276494
2.211    0.275951
2.212    0.275412
2.213    0.274876
2.214    0.274344
2.215    0.273814
2.216    0.273287
2.217    0.272764
2.218    0.272243
2.219    0.271726
2.22    0.271211
2.221    0.2707
2.222    0.270191
2.223    0.269686
2.224    0.269183
2.225    0.268684
2.226    0.268187
2.227    0.267693
2.228    0.267202
2.229    0.266714
2.23    0.266229
2.231    0.265747
2.232    0.265267
2.233    0.26479
2.234    0.264316
2.235    0.263845
2.236    0.263377
2.237    0.262911
2.238    0.262448
2.239    0.261988
2.24    0.261531
2.241    0.261076
2.242    0.260624
2.243    0.260175
2.244    0.259728
2.245    0.259284
2.246    0.258843
2.247    0.258404
2.248    0.257968
2.249    0.257534
2.25    0.257103
2.251    0.256675
2.252    0.256249
2.253    0.255825
2.254    0.255404
2.255    0.254986
2.256    0.25457
2.257    0.254157
2.258    0.253746
2.259    0.253338
2.26    0.252932
2.261    0.252528
2.262    0.252127
2.263    0.251729
2.264    0.251332
2.265    0.250939
2.266    0.250547
2.267    0.250158
2.268    0.249771
2.269    0.249387
2.27    0.249005
2.271    0.248626
2.272    0.248248
2.273    0.247873
2.274    0.247501
2.275    0.24713
2.276    0.246762
2.277    0.246396
2.278    0.246033
2.279    0.245671
2.28    0.245312
2.281    0.244955
2.282    0.244601
2.283    0.244248
2.284    0.243898
2.285    0.24355
2.286    0.243204
2.287    0.24286
2.288    0.242519
2.289    0.242179
2.29    0.241842
2.291    0.241507
2.292    0.241174
2.293    0.240843
2.294    0.240515
2.295    0.240188
2.296    0.239863
2.297    0.239541
2.298    0.239221
2.299    0.238902
2.3    0.238586
2.301    0.238272
2.302    0.23796
2.303    0.23765
2.304    0.237341
2.305    0.237035
2.306    0.236731
2.307    0.236429
2.308    0.236129
2.309    0.235831
2.31    0.235535
2.311    0.235241
2.312    0.234949
2.313    0.234659
2.314    0.23437
2.315    0.234084
2.316    0.2338
2.317    0.233517
2.318    0.233237
2.319    0.232958
2.32    0.232681
2.321    0.232407
2.322    0.232134
2.323    0.231863
2.324    0.231594
2.325    0.231326
2.326    0.231061
2.327    0.230797
2.328    0.230536
2.329    0.230276
2.33    0.230018
2.331    0.229762
2.332    0.229507
2.333    0.229255
2.334    0.229004
2.335    0.228755
2.336    0.228508
2.337    0.228263
2.338    0.228019
2.339    0.227778
2.34    0.227538
2.341    0.2273
2.342    0.227063
2.343    0.226829
2.344    0.226596
2.345    0.226365
2.346    0.226135
2.347    0.225908
2.348    0.225682
2.349    0.225458
2.35    0.225235
2.351    0.225015
2.352    0.224796
2.353    0.224578
2.354    0.224363
2.355    0.224149
2.356    0.223937
2.357    0.223726
2.358    0.223517
2.359    0.22331
2.36    0.223105
2.361    0.222901
2.362    0.222699
2.363    0.222498
2.364    0.2223
2.365    0.222102
2.366    0.221907
2.367    0.221713
2.368    0.221521
2.369    0.22133
2.37    0.221141
2.371    0.220954
2.372    0.220768
2.373    0.220584
2.374    0.220402
2.375    0.220221
2.376    0.220042
2.377    0.219864
2.378    0.219688
2.379    0.219514
2.38    0.219341
2.381    0.219169
2.382    0.219
2.383    0.218832
2.384    0.218665
2.385    0.2185
2.386    0.218337
2.387    0.218175
2.388    0.218015
2.389    0.217856
2.39    0.217699
2.391    0.217543
2.392    0.217389
2.393    0.217237
2.394    0.217086
2.395    0.216936
2.396    0.216788
2.397    0.216642
2.398    0.216497
2.399    0.216354
2.4    0.216212
2.401    0.216072
2.402    0.215933
2.403    0.215796
2.404    0.21566
2.405    0.215526
2.406    0.215393
2.407    0.215262
2.408    0.215132
2.409    0.215004
2.41    0.214878
2.411    0.214752
2.412    0.214629
2.413    0.214506
2.414    0.214386
2.415    0.214267
2.416    0.214149
2.417    0.214033
2.418    0.213918
2.419    0.213804
2.42    0.213693
2.421    0.213582
2.422    0.213473
2.423    0.213366
2.424    0.21326
2.425    0.213155
2.426    0.213052
2.427    0.212951
2.428    0.212851
2.429    0.212752
2.43    0.212655
2.431    0.212559
2.432    0.212465
2.433    0.212372
2.434    0.212281
2.435    0.212191
2.436    0.212102
2.437    0.212015
2.438    0.211929
2.439    0.211845
2.44    0.211762
2.441    0.211681
2.442    0.211601
2.443    0.211523
2.444    0.211446
2.445    0.21137
2.446    0.211296
2.447    0.211224
2.448    0.211152
2.449    0.211082
2.45    0.211014
2.451    0.210947
2.452    0.210881
2.453    0.210817
2.454    0.210755
2.455    0.210693
2.456    0.210633
2.457    0.210575
2.458    0.210518
2.459    0.210462
2.46    0.210408
2.461    0.210356
2.462    0.210304
2.463    0.210254
2.464    0.210206
2.465    0.210159
2.466    0.210113
2.467    0.210069
2.468    0.210026
2.469    0.209985
2.47    0.209945
2.471    0.209906
2.472    0.209869
2.473    0.209833
2.474    0.209799
2.475    0.209766
2.476    0.209734
2.477    0.209704
2.478    0.209675
2.479    0.209648
2.48    0.209622
2.481    0.209598
2.482    0.209575
2.483    0.209553
2.484    0.209533
2.485    0.209514
2.486    0.209497
2.487    0.209481
2.488    0.209467
2.489    0.209453
2.49    0.209442
2.491    0.209432
2.492    0.209423
2.493    0.209415
2.494    0.209409
2.495    0.209405
2.496    0.209401
2.497    0.2094
2.498    0.209399
2.499    0.209401
2.5    0.209403
2.501    0.209407
2.502    0.209412
2.503    0.209419
2.504    0.209427
2.505    0.209437
2.506    0.209448
2.507    0.209461
2.508    0.209475
2.509    0.20949
2.51    0.209507
2.511    0.209525
2.512    0.209545
2.513    0.209566
2.514    0.209589
2.515    0.209613
2.516    0.209638
2.517    0.209665
2.518    0.209693
2.519    0.209723
2.52    0.209754
2.521    0.209787
2.522    0.209821
2.523    0.209857
2.524    0.209894
2.525    0.209932
2.526    0.209972
2.527    0.210014
2.528    0.210057
2.529    0.210101
2.53    0.210147
2.531    0.210194
2.532    0.210243
2.533    0.210293
2.534    0.210345
2.535    0.210398
2.536    0.210453
2.537    0.210509
2.538    0.210566
2.539    0.210626
2.54    0.210686
2.541    0.210748
2.542    0.210812
2.543    0.210877
2.544    0.210944
2.545    0.211012
2.546    0.211081
2.547    0.211152
2.548    0.211225
2.549    0.211299
2.55    0.211375
2.551    0.211452
2.552    0.21153
2.553    0.211611
2.554    0.211692
2.555    0.211776
2.556    0.21186
2.557    0.211947
2.558    0.212034
2.559    0.212124
2.56    0.212215
2.561    0.212307
2.562    0.212401
2.563    0.212497
2.564    0.212594
2.565    0.212693
2.566    0.212793
2.567    0.212895
2.568    0.212998
2.569    0.213103
2.57    0.21321
2.571    0.213318
2.572    0.213427
2.573    0.213539
2.574    0.213652
2.575    0.213766
2.576    0.213882
2.577    0.214
2.578    0.214119
2.579    0.21424
2.58    0.214363
2.581    0.214487
2.582    0.214613
2.583    0.21474
2.584    0.214869
2.585    0.215
2.586    0.215132
2.587    0.215266
2.588    0.215402
2.589    0.215539
2.59    0.215678
2.591    0.215819
2.592    0.215961
2.593    0.216105
2.594    0.21625
2.595    0.216398
2.596    0.216547
2.597    0.216698
2.598    0.21685
2.599    0.217004
2.6    0.21716
2.601    0.217317
2.602    0.217477
2.603    0.217638
2.604    0.2178
2.605    0.217965
2.606    0.218131
2.607    0.218299
2.608    0.218469
2.609    0.21864
2.61    0.218813
2.611    0.218988
2.612    0.219165
2.613    0.219344
2.614    0.219524
2.615    0.219706
2.616    0.21989
2.617    0.220076
2.618    0.220263
2.619    0.220453
2.62    0.220644
2.621    0.220837
2.622    0.221032
2.623    0.221228
2.624    0.221427
2.625    0.221627
2.626    0.221829
2.627    0.222034
2.628    0.22224
2.629    0.222448
2.63    0.222657
2.631    0.222869
2.632    0.223083
2.633    0.223298
2.634    0.223516
2.635    0.223735
2.636    0.223956
2.637    0.224179
2.638    0.224405
2.639    0.224632
2.64    0.224861
2.641    0.225092
2.642    0.225325
2.643    0.22556
2.644    0.225797
2.645    0.226036
2.646    0.226277
2.647    0.22652
2.648    0.226765
2.649    0.227012
2.65    0.227261
2.651    0.227513
2.652    0.227766
2.653    0.228021
2.654    0.228279
2.655    0.228538
2.656    0.2288
2.657    0.229064
2.658    0.229329
2.659    0.229597
2.66    0.229867
2.661    0.23014
2.662    0.230414
2.663    0.23069
2.664    0.230969
2.665    0.23125
2.666    0.231533
2.667    0.231818
2.668    0.232106
2.669    0.232396
2.67    0.232687
2.671    0.232982
2.672    0.233278
2.673    0.233577
2.674    0.233878
2.675    0.234181
2.676    0.234486
2.677    0.234794
2.678    0.235104
2.679    0.235417
2.68    0.235731
2.681    0.236048
2.682    0.236368
2.683    0.23669
2.684    0.237014
2.685    0.237341
2.686    0.237669
2.687    0.238001
2.688    0.238335
2.689    0.238671
2.69    0.23901
2.691    0.239351
2.692    0.239694
2.693    0.240041
2.694    0.240389
2.695    0.24074
2.696    0.241094
2.697    0.24145
2.698    0.241809
2.699    0.24217
2.7    0.242534
2.701    0.2429
2.702    0.243269
2.703    0.243641
2.704    0.244015
2.705    0.244392
2.706    0.244772
2.707    0.245154
2.708    0.245539
2.709    0.245926
2.71    0.246317
2.711    0.24671
2.712    0.247105
2.713    0.247504
2.714    0.247905
2.715    0.248309
2.716    0.248716
2.717    0.249126
2.718    0.249538
2.719    0.249954
2.72    0.250372
2.721    0.250793
2.722    0.251217
2.723    0.251644
2.724    0.252073
2.725    0.252506
2.726    0.252942
2.727    0.25338
2.728    0.253822
2.729    0.254267
2.73    0.254714
2.731    0.255165
2.732    0.255619
2.733    0.256076
2.734    0.256535
2.735    0.256998
2.736    0.257465
2.737    0.257934
2.738    0.258406
2.739    0.258882
2.74    0.259361
2.741    0.259843
2.742    0.260328
2.743    0.260816
2.744    0.261308
2.745    0.261803
2.746    0.262302
2.747    0.262803
2.748    0.263308
2.749    0.263817
2.75    0.264329
2.751    0.264844
2.752    0.265363
2.753    0.265885
2.754    0.26641
2.755    0.266939
2.756    0.267472
2.757    0.268008
2.758    0.268548
2.759    0.269091
2.76    0.269638
2.761    0.270189
2.762    0.270743
2.763    0.271301
2.764    0.271862
2.765    0.272427
2.766    0.272996
2.767    0.273569
2.768    0.274146
2.769    0.274726
2.77    0.27531
2.771    0.275898
2.772    0.27649
2.773    0.277086
2.774    0.277686
2.775    0.27829
2.776    0.278897
2.777    0.279509
2.778    0.280125
2.779    0.280745
2.78    0.281369
2.781    0.281997
2.782    0.282629
2.783    0.283265
2.784    0.283906
2.785    0.284551
2.786    0.2852
2.787    0.285853
2.788    0.286511
2.789    0.287173
2.79    0.287839
2.791    0.28851
2.792    0.289185
2.793    0.289865
2.794    0.290549
2.795    0.291238
2.796    0.291931
2.797    0.292629
2.798    0.293331
2.799    0.294038
2.8    0.29475
2.801    0.295467
2.802    0.296188
2.803    0.296914
2.804    0.297645
2.805    0.29838
2.806    0.299121
2.807    0.299866
2.808    0.300617
2.809    0.301372
2.81    0.302132
2.811    0.302898
2.812    0.303668
2.813    0.304444
2.814    0.305225
2.815    0.306011
2.816    0.306802
2.817    0.307598
2.818    0.3084
2.819    0.309207
2.82    0.31002
2.821    0.310838
2.822    0.311661
2.823    0.31249
2.824    0.313325
2.825    0.314165
2.826    0.315011
2.827    0.315862
2.828    0.316719
2.829    0.317582
2.83    0.318451
2.831    0.319325
2.832    0.320206
2.833    0.321092
2.834    0.321984
2.835    0.322883
2.836    0.323787
2.837    0.324697
2.838    0.325614
2.839    0.326537
2.84    0.327466
2.841    0.328401
2.842    0.329343
2.843    0.330291
2.844    0.331246
2.845    0.332207
2.846    0.333175
2.847    0.334149
2.848    0.33513
2.849    0.336117
2.85    0.337112
2.851    0.338113
2.852    0.339121
2.853    0.340136
2.854    0.341158
2.855    0.342187
2.856    0.343222
2.857    0.344266
2.858    0.345316
2.859    0.346373
2.86    0.347438
2.861    0.348511
2.862    0.34959
2.863    0.350677
2.864    0.351772
2.865    0.352874
2.866    0.353984
2.867    0.355102
2.868    0.356228
2.869    0.357361
2.87    0.358502
2.871    0.359652
2.872    0.360809
2.873    0.361975
2.874    0.363148
2.875    0.36433
2.876    0.36552
2.877    0.366719
2.878    0.367926
2.879    0.369142
2.88    0.370366
2.881    0.371599
2.882    0.372841
2.883    0.374091
2.884    0.375351
2.885    0.376619
2.886    0.377897
2.887    0.379184
2.888    0.380479
2.889    0.381785
2.89    0.383099
2.891    0.384423
2.892    0.385757
2.893    0.3871
2.894    0.388453
2.895    0.389816
2.896    0.391188
2.897    0.392571
2.898    0.393963
2.899    0.395366
2.9    0.396779
2.901    0.398202
2.902    0.399636
2.903    0.40108
2.904    0.402535
2.905    0.404001
2.906    0.405477
2.907    0.406964
2.908    0.408463
2.909    0.409972
2.91    0.411492
2.911    0.413024
2.912    0.414568
2.913    0.416122
2.914    0.417689
2.915    0.419267
2.916    0.420857
2.917    0.422458
2.918    0.424072
2.919    0.425698
2.92    0.427337
2.921    0.428987
2.922    0.430651
2.923    0.432326
2.924    0.434015
2.925    0.435716
2.926    0.437431
2.927    0.439158
2.928    0.440899
2.929    0.442653
2.93    0.444421
2.931    0.446202
2.932    0.447997
2.933    0.449806
2.934    0.451629
2.935    0.453466
2.936    0.455317
2.937    0.457183
2.938    0.459063
2.939    0.460958
2.94    0.462868
2.941    0.464793
2.942    0.466733
2.943    0.468688
2.944    0.470659
2.945    0.472645
2.946    0.474647
2.947    0.476665
2.948    0.4787
2.949    0.48075
2.95    0.482817
2.951    0.4849
2.952    0.487
2.953    0.489117
2.954    0.491252
2.955    0.493403
2.956    0.495572
2.957    0.497758
2.958    0.499962
2.959    0.502185
2.96    0.504425
2.961    0.506684
2.962    0.508961
2.963    0.511257
2.964    0.513572
2.965    0.515907
2.966    0.51826
2.967    0.520633
2.968    0.523026
2.969    0.525439
2.97    0.527872
2.971    0.530325
2.972    0.532799
2.973    0.535294
2.974    0.53781
2.975    0.540347
2.976    0.542906
2.977    0.545486
2.978    0.548089
2.979    0.550713
2.98    0.553361
2.981    0.55603
2.982    0.558723
2.983    0.56144
2.984    0.564179
2.985    0.566943
2.986    0.56973
2.987    0.572542
2.988    0.575378
2.989    0.578239
2.99    0.581125
2.991    0.584037
2.992    0.586974
2.993    0.589937
2.994    0.592927
2.995    0.595943
2.996    0.598986
2.997    0.602056
2.998    0.605154
2.999    0.60828
3    0.611433
3.001    0.614616
3.002    0.617827
3.003    0.621067
3.004    0.624337
3.005    0.627636
3.006    0.630966
3.007    0.634326
3.008    0.637718
3.009    0.64114
3.01    0.644594
3.011    0.648081
3.012    0.651599
3.013    0.655151
3.014    0.658736
3.015    0.662354
3.016    0.666007
3.017    0.669694
3.018    0.673415
3.019    0.677173
3.02    0.680966
3.021    0.684795
3.022    0.68866
3.023    0.692563
3.024    0.696504
3.025    0.700482
3.026    0.704499
3.027    0.708555
3.028    0.712651
3.029    0.716787
3.03    0.720963
3.031    0.72518
3.032    0.729439
3.033    0.733739
3.034    0.738083
3.035    0.74247
3.036    0.7469
3.037    0.751375
3.038    0.755895
3.039    0.76046
3.04    0.765071
3.041    0.769729
3.042    0.774435
3.043    0.779188
3.044    0.78399
3.045    0.788842
3.046    0.793743
3.047    0.798695
3.048    0.803698
3.049    0.808753
3.05    0.813861
3.051    0.819022
3.052    0.824238
3.053    0.829508
3.054    0.834834
3.055    0.840217
3.056    0.845656
3.057    0.851154
3.058    0.856711
3.059    0.862327
3.06    0.868004
3.061    0.873742
3.062    0.879542
3.063    0.885406
3.064    0.891334
3.065    0.897326
3.066    0.903385
3.067    0.90951
3.068    0.915703
3.069    0.921965
3.07    0.928297
3.071    0.934699
3.072    0.941174
3.073    0.947722
3.074    0.954343
3.075    0.96104
3.076    0.967813
3.077    0.974663
3.078    0.981592
3.079    0.988601
3.08    0.995691
3.081    1.00286
3.082    1.01012
3.083    1.01746
3.084    1.02489
3.085    1.0324
3.086    1.04
3.087    1.0477
3.088    1.05548
3.089    1.06336
3.09    1.07133
3.091    1.0794
3.092    1.08756
3.093    1.09583
3.094    1.10419
3.095    1.11266
3.096    1.12123
3.097    1.12991
3.098    1.13869
3.099    1.14759
3.1    1.15659
3.101    1.16571
3.102    1.17494
3.103    1.18429
3.104    1.19376
3.105    1.20334
3.106    1.21305
3.107    1.22289
3.108    1.23285
3.109    1.24294
3.11    1.25316
3.111    1.26351
3.112    1.274
3.113    1.28463
3.114    1.2954
3.115    1.30631
3.116    1.31737
3.117    1.32857
3.118    1.33993
3.119    1.35144
3.12    1.3631
3.121    1.37492
3.122    1.38691
3.123    1.39906
3.124    1.41137
3.125    1.42386
3.126    1.43652
3.127    1.44936
3.128    1.46238
3.129    1.47558
3.13    1.48897
3.131    1.50255
3.132    1.51632
3.133    1.53029
3.134    1.54447
3.135    1.55884
3.136    1.57343
3.137    1.58823
3.138    1.60325
3.139    1.61849
3.14    1.63396
3.141    1.64966
3.142    1.66559
3.143    1.68176
3.144    1.69818
3.145    1.71485
3.146    1.73177
3.147    1.74895
3.148    1.7664
3.149    1.78412
3.15    1.80211
3.151    1.82039
3.152    1.83895
3.153    1.85781
3.154    1.87696
3.155    1.89643
3.156    1.9162
3.157    1.9363
3.158    1.95672
3.159    1.97747
3.16    1.99857
3.161    2.02001
3.162    2.04181
3.163    2.06397
3.164    2.0865
3.165    2.10942
3.166    2.13272
3.167    2.15642
3.168    2.18052
3.169    2.20504
3.17    2.22998
3.171    2.25536
3.172    2.28119
3.173    2.30746
3.174    2.33421
3.175    2.36143
3.176    2.38913
3.177    2.41734
3.178    2.44606
3.179    2.4753
3.18    2.50507
3.181    2.5354
3.182    2.56629
3.183    2.59776
3.184    2.62981
3.185    2.66247
3.186    2.69576
3.187    2.72967
3.188    2.76425
3.189    2.79949
3.19    2.83541
3.191    2.87204
3.192    2.9094
3.193    2.94749
3.194    2.98635
3.195    3.02598
3.196    3.06642
3.197    3.10768
3.198    3.14979
3.199    3.19277
3.2    3.23663
3.201    3.28142
3.202    3.32715
3.203    3.37384
3.204    3.42153
3.205    3.47025
3.206    3.52001
3.207    3.57087
3.208    3.62283
3.209    3.67594
3.21    3.73023
3.211    3.78574
3.212    3.8425
3.213    3.90055
3.214    3.95992
3.215    4.02066
3.216    4.08281
3.217    4.14641
3.218    4.21151
3.219    4.27815
3.22    4.34638
3.221    4.41626
3.222    4.48783
3.223    4.56115
3.224    4.63627
3.225    4.71326
3.226    4.79217
3.227    4.87307
3.228    4.95602
3.229    5.0411
3.23    5.12837
3.231    5.21792
3.232    5.30981
3.233    5.40413
3.234    5.50096
3.235    5.60039
3.236    5.70252
3.237    5.80744
3.238    5.91525
3.239    6.02605
3.24    6.13995
3.241    6.25707
3.242    6.37753
3.243    6.50146
3.244    6.62897
3.245    6.76022
3.246    6.89534
3.247    7.03448
3.248    7.1778
3.249    7.32546
3.25    7.47764
3.251    7.63451
3.252    7.79627
3.253    7.96312
3.254    8.13526
3.255    8.31291
3.256    8.4963
3.257    8.68567
3.258    8.88128
3.259    9.0834
3.26    9.2923
3.261    9.50828
3.262    9.73165
3.263    9.96274
3.264    10.2019
3.265    10.4495
3.266    10.7059
3.267    10.9715
3.268    11.2467
3.269    11.532
3.27    11.8279
3.271    12.1349
3.272    12.4534
3.273    12.7842
3.274    13.1276
3.275    13.4844
3.276    13.8552
3.277    14.2408
3.278    14.6418
3.279    15.0591
3.28    15.4934
3.281    15.9457
3.282    16.4168
3.283    16.9078
3.284    17.4197
3.285    17.9536
3.286    18.5106
3.287    19.0919
3.288    19.699
3.289    20.333
3.29    20.9956
3.291    21.6882
3.292    22.4124
3.293    23.17
3.294    23.9627
3.295    24.7925
3.296    25.6613
3.297    26.5712
3.298    27.5244
3.299    28.5232
3.3    29.5699
3.301    30.667
3.302    31.8171
3.303    33.0227
3.304    34.2866
3.305    35.6115
3.306    37
3.307    38.4551
3.308    39.9792
3.309    41.5751
3.31    43.2451
3.311    44.9915
3.312    46.8163
3.313    48.721
3.314    50.7066
3.315    52.7737
3.316    54.9218
3.317    57.1499
3.318    59.4554
3.319    61.8347
3.32    64.2827
3.321    66.7924
3.322    69.355
3.323    71.9594
3.324    74.5921
3.325    77.2373
3.326    79.8764
3.327    82.4883
3.328    85.0493
3.329    87.5334
3.33    89.9126
3.331    92.1575
3.332    94.238
3.333    96.1236
3.334    97.7853
3.335    99.1957
3.336    100.33
3.337    101.169
3.338    101.696
3.339    101.902
3.34    101.782
3.341    101.34
3.342    100.582
3.343    99.5243
3.344    98.1848
3.345    96.5872
3.346    94.7581
3.347    92.7264
3.348    90.5221
3.349    88.1755
3.35    85.7164
3.351    83.1732
3.352    80.5723
3.353    77.9382
3.354    75.2926
3.355    72.6548
3.356    70.0415
3.357    67.4666
3.358    64.9418
3.359    62.4766
3.36    60.0784
3.361    57.7528
3.362    55.5039
3.363    53.3343
3.364    51.2456
3.365    49.2383
3.366    47.3122
3.367    45.4663
3.368    43.6992
3.369    42.009
3.37    40.3937
3.371    38.8507
3.372    37.3775
3.373    35.9715
3.374    34.6299
3.375    33.3501
3.376    32.1292
3.377    30.9645
3.378    29.8536
3.379    28.7936
3.38    27.7823
3.381    26.8172
3.382    25.896
3.383    25.0164
3.384    24.1764
3.385    23.374
3.386    22.6072
3.387    21.8742
3.388    21.1733
3.389    20.5029
3.39    19.8613
3.391    19.2472
3.392    18.6591
3.393    18.0957
3.394    17.5558
3.395    17.0381
3.396    16.5416
3.397    16.0652
3.398    15.608
3.399    15.1689
3.4    14.7471
3.401    14.3418
3.402    13.9521
3.403    13.5774
3.404    13.2169
3.405    12.8699
3.406    12.5358
3.407    12.214
3.408    11.904
3.409    11.6051
3.41    11.317
3.411    11.039
3.412    10.7709
3.413    10.512
3.414    10.2621
3.415    10.0206
3.416    9.78738
3.417    9.56193
3.418    9.34396
3.419    9.13314
3.42    8.92919
3.421    8.73182
3.422    8.54075
3.423    8.35573
3.424    8.17652
3.425    8.00288
3.426    7.83459
3.427    7.67143
3.428    7.51322
3.429    7.35975
3.43    7.21084
3.431    7.06632
3.432    6.92602
3.433    6.78979
3.434    6.65747
3.435    6.52891
3.436    6.40398
3.437    6.28255
3.438    6.16449
3.439    6.04968
3.44    5.938
3.441    5.82935
3.442    5.72361
3.443    5.62069
3.444    5.52049
3.445    5.42291
3.446    5.32787
3.447    5.23528
3.448    5.14506
3.449    5.05712
3.45    4.97141
3.451    4.88783
3.452    4.80633
3.453    4.72683
3.454    4.64928
3.455    4.5736
3.456    4.49974
3.457    4.42765
3.458    4.35727
3.459    4.28854
3.46    4.22142
3.461    4.15585
3.462    4.09179
3.463    4.0292
3.464    3.96802
3.465    3.90823
3.466    3.84977
3.467    3.79261
3.468    3.73671
3.469    3.68203
3.47    3.62855
3.471    3.57622
3.472    3.52501
3.473    3.47489
3.474    3.42584
3.475    3.37781
3.476    3.33079
3.477    3.28474
3.478    3.23965
3.479    3.19547
3.48    3.1522
3.481    3.1098
3.482    3.06825
3.483    3.02753
3.484    2.98762
3.485    2.9485
3.486    2.91014
3.487    2.87252
3.488    2.83564
3.489    2.79946
3.49    2.76398
3.491    2.72916
3.492    2.69501
3.493    2.66149
3.494    2.6286
3.495    2.59632
3.496    2.56464
3.497    2.53353
3.498    2.50299
3.499    2.47301
3.5    2.44356
3.501    2.41464
3.502    2.38623
3.503    2.35833
3.504    2.33092
3.505    2.30398
3.506    2.27752
3.507    2.25151
3.508    2.22595
3.509    2.20082
3.51    2.17613
3.511    2.15185
3.512    2.12798
3.513    2.10451
3.514    2.08142
3.515    2.05873
3.516    2.0364
3.517    2.01444
3.518    1.99284
3.519    1.97158
3.52    1.95067
3.521    1.9301
3.522    1.90985
3.523    1.88993
3.524    1.87032
3.525    1.85101
3.526    1.83201
3.527    1.8133
3.528    1.79489
3.529    1.77675
3.53    1.7589
3.531    1.74131
3.532    1.72399
3.533    1.70694
3.534    1.69014
3.535    1.67359
3.536    1.65728
3.537    1.64122
3.538    1.62539
3.539    1.6098
3.54    1.59443
3.541    1.57929
3.542    1.56436
3.543    1.54965
3.544    1.53515
3.545    1.52086
3.546    1.50677
3.547    1.49287
3.548    1.47918
3.549    1.46567
3.55    1.45235
3.551    1.43922
3.552    1.42626
3.553    1.41349
3.554    1.40089
3.555    1.38846
3.556    1.3762
3.557    1.3641
3.558    1.35217
3.559    1.3404
3.56    1.32878
3.561    1.31732
3.562    1.30601
3.563    1.29484
3.564    1.28383
3.565    1.27295
3.566    1.26222
3.567    1.25162
3.568    1.24117
3.569    1.23084
3.57    1.22065
3.571    1.21059
3.572    1.20065
3.573    1.19084
3.574    1.18115
3.575    1.17158
3.576    1.16214
3.577    1.15281
3.578    1.14359
3.579    1.13449
3.58    1.12549
3.581    1.11661
3.582    1.10784
3.583    1.09917
3.584    1.09061
3.585    1.08215
3.586    1.07379
3.587    1.06553
3.588    1.05736
3.589    1.0493
3.59    1.04132
3.591    1.03345
3.592    1.02566
3.593    1.01796
3.594    1.01036
3.595    1.00284
3.596    0.995406
3.597    0.988059
3.598    0.980795
3.599    0.973614
3.6    0.966514
3.601    0.959494
3.602    0.952553
3.603    0.94569
3.604    0.938903
3.605    0.932192
3.606    0.925555
3.607    0.918991
3.608    0.912499
3.609    0.906078
3.61    0.899728
3.611    0.893446
3.612    0.887233
3.613    0.881086
3.614    0.875006
3.615    0.86899
3.616    0.863039
3.617    0.857151
3.618    0.851326
3.619    0.845562
3.62    0.839859
3.621    0.834216
3.622    0.828632
3.623    0.823106
3.624    0.817637
3.625    0.812225
3.626    0.806868
3.627    0.801567
3.628    0.79632
3.629    0.791127
3.63    0.785986
3.631    0.780898
3.632    0.775861
3.633    0.770874
3.634    0.765938
3.635    0.761051
3.636    0.756213
3.637    0.751423
3.638    0.74668
3.639    0.741984
3.64    0.737335
3.641    0.732731
3.642    0.728172
3.643    0.723657
3.644    0.719186
3.645    0.714759
3.646    0.710374
3.647    0.706032
3.648    0.701731
3.649    0.697471
3.65    0.693252
3.651    0.689073
3.652    0.684933
3.653    0.680833
3.654    0.676771
3.655    0.672747
3.656    0.668761
3.657    0.664812
3.658    0.6609
3.659    0.657024
3.66    0.653184
3.661    0.649379
3.662    0.645609
3.663    0.641873
3.664    0.638172
3.665    0.634504
3.666    0.63087
3.667    0.627268
3.668    0.623699
3.669    0.620162
3.67    0.616657
3.671    0.613183
3.672    0.60974
3.673    0.606328
3.674    0.602945
3.675    0.599593
3.676    0.59627
3.677    0.592977
3.678    0.589712
3.679    0.586475
3.68    0.583267
3.681    0.580087
3.682    0.576934
3.683    0.573808
3.684    0.57071
3.685    0.567637
3.686    0.564592
3.687    0.561572
3.688    0.558577
3.689    0.555609
3.69    0.552665
3.691    0.549746
3.692    0.546852
3.693    0.543982
3.694    0.541136
3.695    0.538313
3.696    0.535514
3.697    0.532739
3.698    0.529986
3.699    0.527256
3.7    0.524549
3.701    0.521863
3.702    0.5192
3.703    0.516559
3.704    0.513938
3.705    0.51134
3.706    0.508762
3.707    0.506205
3.708    0.503669
3.709    0.501152
3.71    0.498657
3.711    0.496181
3.712    0.493724
3.713    0.491288
3.714    0.48887
3.715    0.486472
3.716    0.484093
3.717    0.481732
3.718    0.47939
3.719    0.477066
3.72    0.47476
3.721    0.472473
3.722    0.470203
3.723    0.46795
3.724    0.465715
3.725    0.463497
3.726    0.461296
3.727    0.459112
3.728    0.456945
3.729    0.454794
3.73    0.45266
3.731    0.450542
3.732    0.44844
3.733    0.446353
3.734    0.444283
3.735    0.442228
3.736    0.440188
3.737    0.438164
3.738    0.436154
3.739    0.43416
3.74    0.432181
3.741    0.430216
3.742    0.428265
3.743    0.426329
3.744    0.424407
3.745    0.4225
3.746    0.420606
3.747    0.418726
3.748    0.416859
3.749    0.415007
3.75    0.413167
3.751    0.411341
3.752    0.409528
3.753    0.407728
3.754    0.405941
3.755    0.404167
3.756    0.402406
3.757    0.400657
3.758    0.39892
3.759    0.397196
3.76    0.395484
3.761    0.393784
3.762    0.392096
3.763    0.39042
3.764    0.388755
3.765    0.387103
3.766    0.385461
3.767    0.383832
3.768    0.382213
3.769    0.380606
3.77    0.37901
3.771    0.377424
3.772    0.37585
3.773    0.374287
3.774    0.372734
3.775    0.371192
3.776    0.36966
3.777    0.368139
3.778    0.366628
3.779    0.365127
3.78    0.363637
3.781    0.362157
3.782    0.360686
3.783    0.359225
3.784    0.357775
3.785    0.356333
3.786    0.354902
3.787    0.35348
3.788    0.352067
3.789    0.350664
3.79    0.34927
3.791    0.347886
3.792    0.34651
3.793    0.345143
3.794    0.343786
3.795    0.342437
3.796    0.341097
3.797    0.339766
3.798    0.338443
3.799    0.337129
3.8    0.335824
3.801    0.334527
3.802    0.333238
3.803    0.331958
3.804    0.330686
3.805    0.329422
3.806    0.328166
3.807    0.326918
3.808    0.325678
3.809    0.324446
3.81    0.323221
3.811    0.322005
3.812    0.320796
3.813    0.319595
3.814    0.318401
3.815    0.317215
3.816    0.316036
3.817    0.314865
3.818    0.313701
3.819    0.312544
3.82    0.311394
3.821    0.310252
3.822    0.309116
3.823    0.307988
3.824    0.306866
3.825    0.305752
3.826    0.304644
3.827    0.303543
3.828    0.302449
3.829    0.301361
3.83    0.30028
3.831    0.299206
3.832    0.298138
3.833    0.297077
3.834    0.296022
3.835    0.294973
3.836    0.293931
3.837    0.292895
3.838    0.291865
3.839    0.290841
3.84    0.289824
3.841    0.288812
3.842    0.287807
3.843    0.286807
3.844    0.285814
3.845    0.284826
3.846    0.283844
3.847    0.282868
3.848    0.281898
3.849    0.280934
3.85    0.279975
3.851    0.279021
3.852    0.278074
3.853    0.277131
3.854    0.276195
3.855    0.275263
3.856    0.274337
3.857    0.273417
3.858    0.272502
3.859    0.271592
3.86    0.270687
3.861    0.269788
3.862    0.268893
3.863    0.268004
3.864    0.26712
3.865    0.266241
3.866    0.265367
3.867    0.264498
3.868    0.263634
3.869    0.262774
3.87    0.26192
3.871    0.26107
3.872    0.260226
3.873    0.259386
3.874    0.25855
3.875    0.25772
3.876    0.256894
3.877    0.256072
3.878    0.255256
3.879    0.254443
3.88    0.253636
3.881    0.252832
3.882    0.252034
3.883    0.251239
3.884    0.250449
3.885    0.249664
3.886    0.248882
3.887    0.248105
3.888    0.247333
3.889    0.246564
3.89    0.2458
3.891    0.24504
3.892    0.244284
3.893    0.243532
3.894    0.242784
3.895    0.24204
3.896    0.241301
3.897    0.240565
3.898    0.239833
3.899    0.239105
3.9    0.238382
3.901    0.237662
3.902    0.236945
3.903    0.236233
3.904    0.235525
3.905    0.23482
3.906    0.234119
3.907    0.233422
3.908    0.232728
3.909    0.232038
3.91    0.231352
3.911    0.23067
3.912    0.229991
3.913    0.229315
3.914    0.228643
3.915    0.227975
3.916    0.22731
3.917    0.226649
3.918    0.225991
3.919    0.225337
3.92    0.224686
3.921    0.224038
3.922    0.223394
3.923    0.222753
3.924    0.222115
3.925    0.221481
3.926    0.22085
3.927    0.220222
3.928    0.219598
3.929    0.218976
3.93    0.218358
3.931    0.217743
3.932    0.217132
3.933    0.216523
3.934    0.215917
3.935    0.215315
3.936    0.214715
3.937    0.214119
3.938    0.213526
3.939    0.212935
3.94    0.212348
3.941    0.211764
3.942    0.211182
3.943    0.210604
3.944    0.210028
3.945    0.209456
3.946    0.208886
3.947    0.208319
3.948    0.207755
3.949    0.207193
3.95    0.206635
3.951    0.206079
3.952    0.205526
3.953    0.204976
3.954    0.204429
3.955    0.203884
3.956    0.203342
3.957    0.202803
3.958    0.202266
3.959    0.201732
3.96    0.2012
3.961    0.200672
3.962    0.200145
3.963    0.199622
3.964    0.199101
3.965    0.198582
3.966    0.198066
3.967    0.197553
3.968    0.197042
3.969    0.196534
3.97    0.196028
3.971    0.195524
3.972    0.195023
3.973    0.194524
3.974    0.194028
3.975    0.193534
3.976    0.193043
3.977    0.192554
3.978    0.192067
3.979    0.191583
3.98    0.191101
3.981    0.190621
3.982    0.190143
3.983    0.189668
3.984    0.189195
3.985    0.188725
3.986    0.188256
3.987    0.18779
3.988    0.187326
3.989    0.186865
3.99    0.186405
3.991    0.185948
3.992    0.185492
3.993    0.185039
3.994    0.184589
3.995    0.18414
3.996    0.183693
3.997    0.183249
3.998    0.182806
3.999    0.182366
4    0.181927
4.001    0.181491
4.002    0.181057
4.003    0.180625
4.004    0.180195
4.005    0.179767
4.006    0.17934
4.007    0.178916
4.008    0.178494
4.009    0.178074
4.01    0.177656
4.011    0.177239
4.012    0.176825
4.013    0.176412
4.014    0.176002
4.015    0.175593
4.016    0.175186
4.017    0.174781
4.018    0.174378
4.019    0.173977
4.02    0.173578
4.021    0.17318
4.022    0.172785
4.023    0.172391
4.024    0.171999
4.025    0.171608
4.026    0.17122
4.027    0.170833
4.028    0.170448
4.029    0.170065
4.03    0.169684
4.031    0.169304
4.032    0.168926
4.033    0.16855
4.034    0.168175
4.035    0.167802
4.036    0.167431
4.037    0.167062
4.038    0.166694
4.039    0.166328
4.04    0.165963
4.041    0.1656
4.042    0.165239
4.043    0.164879
4.044    0.164522
4.045    0.164165
4.046    0.16381
4.047    0.163457
4.048    0.163106
4.049    0.162756
4.05    0.162407
4.051    0.16206
4.052    0.161715
4.053    0.161371
4.054    0.161029
4.055    0.160688
4.056    0.160349
4.057    0.160011
4.058    0.159675
4.059    0.15934
4.06    0.159007
4.061    0.158676
4.062    0.158345
4.063    0.158017
4.064    0.157689
4.065    0.157363
4.066    0.157039
4.067    0.156716
4.068    0.156394
4.069    0.156074
4.07    0.155755
4.071    0.155438
4.072    0.155122
4.073    0.154808
4.074    0.154495
4.075    0.154183
4.076    0.153872
4.077    0.153563
4.078    0.153256
4.079    0.152949
4.08    0.152644
4.081    0.152341
4.082    0.152038
4.083    0.151737
4.084    0.151438
4.085    0.151139
4.086    0.150842
4.087    0.150547
4.088    0.150252
4.089    0.149959
4.09    0.149667
4.091    0.149377
4.092    0.149087
4.093    0.148799
4.094    0.148512
4.095    0.148227
4.096    0.147942
4.097    0.147659
4.098    0.147378
4.099    0.147097
4.1    0.146817
4.101    0.146539
4.102    0.146262
4.103    0.145987
4.104    0.145712
4.105    0.145439
4.106    0.145166
4.107    0.144895
4.108    0.144626
4.109    0.144357
4.11    0.144089
4.111    0.143823
4.112    0.143558
4.113    0.143294
4.114    0.143031
4.115    0.142769
4.116    0.142509
4.117    0.142249
4.118    0.141991
4.119    0.141733
4.12    0.141477
4.121    0.141222
4.122    0.140968
4.123    0.140715
4.124    0.140464
4.125    0.140213
4.126    0.139963
4.127    0.139715
4.128    0.139468
4.129    0.139221
4.13    0.138976
4.131    0.138732
4.132    0.138489
4.133    0.138246
4.134    0.138005
4.135    0.137765
4.136    0.137526
4.137    0.137288
4.138    0.137051
4.139    0.136816
4.14    0.136581
4.141    0.136347
4.142    0.136114
4.143    0.135882
4.144    0.135651
4.145    0.135421
4.146    0.135192
4.147    0.134965
4.148    0.134738
4.149    0.134512
4.15    0.134287
4.151    0.134063
4.152    0.13384
4.153    0.133618
4.154    0.133397
4.155    0.133177
4.156    0.132958
4.157    0.132739
4.158    0.132522
4.159    0.132306
4.16    0.13209
4.161    0.131876
4.162    0.131662
4.163    0.13145
4.164    0.131238
4.165    0.131027
4.166    0.130817
4.167    0.130609
4.168    0.130401
4.169    0.130193
4.17    0.129987
4.171    0.129782
4.172    0.129577
4.173    0.129374
4.174    0.129171
4.175    0.128969
4.176    0.128769
4.177    0.128569
4.178    0.128369
4.179    0.128171
4.18    0.127974
4.181    0.127777
4.182    0.127582
4.183    0.127387
4.184    0.127193
4.185    0.127
4.186    0.126807
4.187    0.126616
4.188    0.126425
4.189    0.126236
4.19    0.126047
4.191    0.125859
4.192    0.125671
4.193    0.125485
4.194    0.125299
4.195    0.125114
4.196    0.12493
4.197    0.124747
4.198    0.124565
4.199    0.124383
4.2    0.124203
4.201    0.124023
4.202    0.123843
4.203    0.123665
4.204    0.123488
4.205    0.123311
4.206    0.123135
4.207    0.12296
4.208    0.122785
4.209    0.122612
4.21    0.122439
4.211    0.122267
4.212    0.122095
4.213    0.121925
4.214    0.121755
4.215    0.121586
4.216    0.121418
4.217    0.12125
4.218    0.121084
4.219    0.120918
4.22    0.120752
4.221    0.120588
4.222    0.120424
4.223    0.120261
4.224    0.120099
4.225    0.119937
4.226    0.119776
4.227    0.119616
4.228    0.119457
4.229    0.119299
4.23    0.119141
4.231    0.118984
4.232    0.118827
4.233    0.118671
4.234    0.118516
4.235    0.118362
4.236    0.118209
4.237    0.118056
4.238    0.117904
4.239    0.117752
4.24    0.117602
4.241    0.117452
4.242    0.117302
4.243    0.117154
4.244    0.117006
4.245    0.116858
4.246    0.116712
4.247    0.116566
4.248    0.116421
4.249    0.116276
4.25    0.116133
4.251    0.11599
4.252    0.115847
4.253    0.115705
4.254    0.115564
4.255    0.115424
4.256    0.115284
4.257    0.115145
4.258    0.115007
4.259    0.114869
4.26    0.114732
4.261    0.114596
4.262    0.11446
4.263    0.114325
4.264    0.11419
4.265    0.114057
4.266    0.113924
4.267    0.113791
4.268    0.113659
4.269    0.113528
4.27    0.113398
4.271    0.113268
4.272    0.113139
4.273    0.11301
4.274    0.112882
4.275    0.112755
4.276    0.112628
4.277    0.112502
4.278    0.112377
4.279    0.112252
4.28    0.112128
4.281    0.112005
4.282    0.111882
4.283    0.11176
4.284    0.111638
4.285    0.111517
4.286    0.111397
4.287    0.111277
4.288    0.111158
4.289    0.11104
4.29    0.110922
4.291    0.110804
4.292    0.110688
4.293    0.110572
4.294    0.110456
4.295    0.110342
4.296    0.110227
4.297    0.110114
4.298    0.110001
4.299    0.109889
4.3    0.109777
4.301    0.109666
4.302    0.109555
4.303    0.109445
4.304    0.109336
4.305    0.109227
4.306    0.109119
4.307    0.109011
4.308    0.108904
4.309    0.108798
4.31    0.108692
4.311    0.108587
4.312    0.108482
4.313    0.108378
4.314    0.108275
4.315    0.108172
4.316    0.10807
4.317    0.107968
4.318    0.107867
4.319    0.107767
4.32    0.107667
4.321    0.107568
4.322    0.107469
4.323    0.107371
4.324    0.107273
4.325    0.107176
4.326    0.10708
4.327    0.106984
4.328    0.106889
4.329    0.106794
4.33    0.1067
4.331    0.106606
4.332    0.106513
4.333    0.106421
4.334    0.106329
4.335    0.106238
4.336    0.106147
4.337    0.106057
4.338    0.105967
4.339    0.105878
4.34    0.10579
4.341    0.105702
4.342    0.105615
4.343    0.105528
4.344    0.105442
4.345    0.105356
4.346    0.105271
4.347    0.105186
4.348    0.105102
4.349    0.105019
4.35    0.104936
4.351    0.104854
4.352    0.104772
4.353    0.104691
4.354    0.10461
4.355    0.10453
4.356    0.104451
4.357    0.104372
4.358    0.104294
4.359    0.104216
4.36    0.104138
4.361    0.104062
4.362    0.103986
4.363    0.10391
4.364    0.103835
4.365    0.10376
4.366    0.103686
4.367    0.103613
4.368    0.10354
4.369    0.103468
4.37    0.103396
4.371    0.103325
4.372    0.103254
4.373    0.103184
4.374    0.103114
4.375    0.103045
4.376    0.102977
4.377    0.102909
4.378    0.102842
4.379    0.102775
4.38    0.102708
4.381    0.102643
4.382    0.102577
4.383    0.102513
4.384    0.102449
4.385    0.102385
4.386    0.102322
4.387    0.10226
4.388    0.102198
4.389    0.102136
4.39    0.102075
4.391    0.102015
4.392    0.101955
4.393    0.101896
4.394    0.101837
4.395    0.101779
4.396    0.101722
4.397    0.101665
4.398    0.101608
4.399    0.101552
4.4    0.101497
4.401    0.101442
4.402    0.101388
4.403    0.101334
4.404    0.101281
4.405    0.101228
4.406    0.101176
4.407    0.101124
4.408    0.101073
4.409    0.101022
4.41    0.100972
4.411    0.100923
4.412    0.100874
4.413    0.100826
4.414    0.100778
4.415    0.100731
4.416    0.100684
4.417    0.100638
4.418    0.100592
4.419    0.100547
4.42    0.100503
4.421    0.100459
4.422    0.100415
4.423    0.100372
4.424    0.10033
4.425    0.100288
4.426    0.100247
4.427    0.100206
4.428    0.100166
4.429    0.100126
4.43    0.100087
4.431    0.100049
4.432    0.100011
4.433    0.0999734
4.434    0.0999366
4.435    0.0999002
4.436    0.0998645
4.437    0.0998293
4.438    0.0997946
4.439    0.0997605
4.44    0.099727
4.441    0.099694
4.442    0.0996616
4.443    0.0996297
4.444    0.0995984
4.445    0.0995676
4.446    0.0995374
4.447    0.0995077
4.448    0.0994786
4.449    0.0994501
4.45    0.0994221
4.451    0.0993947
4.452    0.0993679
4.453    0.0993416
4.454    0.0993158
4.455    0.0992907
4.456    0.0992661
4.457    0.099242
4.458    0.0992186
4.459    0.0991957
4.46    0.0991733
4.461    0.0991516
4.462    0.0991304
4.463    0.0991097
4.464    0.0990897
4.465    0.0990702
4.466    0.0990513
4.467    0.0990329
4.468    0.0990152
4.469    0.098998
4.47    0.0989814
4.471    0.0989653
4.472    0.0989499
4.473    0.098935
4.474    0.0989207
4.475    0.098907
4.476    0.0988938
4.477    0.0988813
4.478    0.0988693
4.479    0.0988579
4.48    0.0988471
4.481    0.0988369
4.482    0.0988273
4.483    0.0988183
4.484    0.0988099
4.485    0.098802
4.486    0.0987948
4.487    0.0987881
4.488    0.0987821
4.489    0.0987766
4.49    0.0987718
4.491    0.0987675
4.492    0.0987638
4.493    0.0987608
4.494    0.0987583
4.495    0.0987565
4.496    0.0987553
4.497    0.0987547
4.498    0.0987546
4.499    0.0987552
4.5    0.0987565
4.501    0.0987583
4.502    0.0987607
4.503    0.0987638
4.504    0.0987675
4.505    0.0987718
4.506    0.0987767
4.507    0.0987823
4.508    0.0987884
4.509    0.0987952
4.51    0.0988027
4.511    0.0988107
4.512    0.0988195
4.513    0.0988288
4.514    0.0988388
4.515    0.0988494
4.516    0.0988606
4.517    0.0988725
4.518    0.098885
4.519    0.0988982
4.52    0.0989121
4.521    0.0989265
4.522    0.0989417
4.523    0.0989575
4.524    0.0989739
4.525    0.098991
4.526    0.0990088
4.527    0.0990272
4.528    0.0990463
4.529    0.099066
4.53    0.0990864
4.531    0.0991075
4.532    0.0991293
4.533    0.0991517
4.534    0.0991748
4.535    0.0991986
4.536    0.0992231
4.537    0.0992482
4.538    0.0992741
4.539    0.0993006
4.54    0.0993278
4.541    0.0993557
4.542    0.0993843
4.543    0.0994137
4.544    0.0994437
4.545    0.0994744
4.546    0.0995058
4.547    0.0995379
4.548    0.0995707
4.549    0.0996043
4.55    0.0996386
4.551    0.0996735
4.552    0.0997092
4.553    0.0997457
4.554    0.0997828
4.555    0.0998207
4.556    0.0998593
4.557    0.0998987
4.558    0.0999388
4.559    0.0999796
4.56    0.100021
4.561    0.100063
4.562    0.100107
4.563    0.10015
4.564    0.100195
4.565    0.10024
4.566    0.100286
4.567    0.100333
4.568    0.100381
4.569    0.100429
4.57    0.100478
4.571    0.100528
4.572    0.100579
4.573    0.100631
4.574    0.100683
4.575    0.100736
4.576    0.10079
4.577    0.100845
4.578    0.1009
4.579    0.100957
4.58    0.101014
4.581    0.101072
4.582    0.10113
4.583    0.10119
4.584    0.10125
4.585    0.101311
4.586    0.101373
4.587    0.101436
4.588    0.1015
4.589    0.101565
4.59    0.10163
4.591    0.101696
4.592    0.101763
4.593    0.101831
4.594    0.1019
4.595    0.10197
4.596    0.10204
4.597    0.102112
4.598    0.102184
4.599    0.102257
4.6    0.102331
4.601    0.102406
4.602    0.102482
4.603    0.102559
4.604    0.102637
4.605    0.102715
4.606    0.102795
4.607    0.102875
4.608    0.102957
4.609    0.103039
4.61    0.103122
4.611    0.103206
4.612    0.103291
4.613    0.103378
4.614    0.103465
4.615    0.103552
4.616    0.103641
4.617    0.103731
4.618    0.103822
4.619    0.103914
4.62    0.104007
4.621    0.104101
4.622    0.104195
4.623    0.104291
4.624    0.104388
4.625    0.104486
4.626    0.104585
4.627    0.104685
4.628    0.104785
4.629    0.104887
4.63    0.10499
4.631    0.105094
4.632    0.105199
4.633    0.105306
4.634    0.105413
4.635    0.105521
4.636    0.10563
4.637    0.105741
4.638    0.105852
4.639    0.105965
4.64    0.106079
4.641    0.106193
4.642    0.106309
4.643    0.106426
4.644    0.106544
4.645    0.106664
4.646    0.106784
4.647    0.106906
4.648    0.107028
4.649    0.107152
4.65    0.107277
4.651    0.107404
4.652    0.107531
4.653    0.10766
4.654    0.107789
4.655    0.10792
4.656    0.108053
4.657    0.108186
4.658    0.108321
4.659    0.108457
4.66    0.108594
4.661    0.108732
4.662    0.108872
4.663    0.109013
4.664    0.109155
4.665    0.109298
4.666    0.109443
4.667    0.109589
4.668    0.109736
4.669    0.109885
4.67    0.110035
4.671    0.110186
4.672    0.110339
4.673    0.110493
4.674    0.110648
4.675    0.110805
4.676    0.110963
4.677    0.111123
4.678    0.111284
4.679    0.111446
4.68    0.11161
4.681    0.111775
4.682    0.111941
4.683    0.112109
4.684    0.112279
4.685    0.11245
4.686    0.112622
4.687    0.112796
4.688    0.112972
4.689    0.113148
4.69    0.113327
4.691    0.113507
4.692    0.113688
4.693    0.113871
4.694    0.114056
4.695    0.114242
4.696    0.11443
4.697    0.114619
4.698    0.11481
4.699    0.115002
4.7    0.115196
4.701    0.115392
4.702    0.11559
4.703    0.115789
4.704    0.115989
4.705    0.116192
4.706    0.116396
4.707    0.116602
4.708    0.116809
4.709    0.117019
4.71    0.11723
4.711    0.117443
4.712    0.117657
4.713    0.117874
4.714    0.118092
4.715    0.118312
4.716    0.118533
4.717    0.118757
4.718    0.118983
4.719    0.11921
4.72    0.119439
4.721    0.11967
4.722    0.119903
4.723    0.120138
4.724    0.120375
4.725    0.120614
4.726    0.120855
4.727    0.121098
4.728    0.121343
4.729    0.12159
4.73    0.121839
4.731    0.12209
4.732    0.122343
4.733    0.122598
4.734    0.122855
4.735    0.123114
4.736    0.123376
4.737    0.123639
4.738    0.123905
4.739    0.124173
4.74    0.124443
4.741    0.124716
4.742    0.12499
4.743    0.125267
4.744    0.125546
4.745    0.125828
4.746    0.126112
4.747    0.126398
4.748    0.126686
4.749    0.126977
4.75    0.12727
4.751    0.127566
4.752    0.127864
4.753    0.128165
4.754    0.128468
4.755    0.128773
4.756    0.129081
4.757    0.129392
4.758    0.129705
4.759    0.13002
4.76    0.130339
4.761    0.13066
4.762    0.130983
4.763    0.13131
4.764    0.131639
4.765    0.13197
4.766    0.132305
4.767    0.132642
4.768    0.132982
4.769    0.133325
4.77    0.13367
4.771    0.134019
4.772    0.13437
4.773    0.134724
4.774    0.135082
4.775    0.135442
4.776    0.135805
4.777    0.136171
4.778    0.13654
4.779    0.136913
4.78    0.137288
4.781    0.137667
4.782    0.138049
4.783    0.138434
4.784    0.138822
4.785    0.139213
4.786    0.139608
4.787    0.140006
4.788    0.140407
4.789    0.140812
4.79    0.14122
4.791    0.141632
4.792    0.142047
4.793    0.142465
4.794    0.142887
4.795    0.143313
4.796    0.143742
4.797    0.144175
4.798    0.144612
4.799    0.145052
4.8    0.145496
4.801    0.145944
4.802    0.146396
4.803    0.146851
4.804    0.147311
4.805    0.147774
4.806    0.148241
4.807    0.148712
4.808    0.149188
4.809    0.149667
4.81    0.150151
4.811    0.150639
4.812    0.15113
4.813    0.151627
4.814    0.152127
4.815    0.152632
4.816    0.153141
4.817    0.153655
4.818    0.154173
4.819    0.154696
4.82    0.155223
4.821    0.155755
4.822    0.156291
4.823    0.156832
4.824    0.157378
4.825    0.157929
4.826    0.158484
4.827    0.159045
4.828    0.15961
4.829    0.160181
4.83    0.160756
4.831    0.161337
4.832    0.161923
4.833    0.162514
4.834    0.16311
4.835    0.163712
4.836    0.164319
4.837    0.164931
4.838    0.165549
4.839    0.166173
4.84    0.166802
4.841    0.167437
4.842    0.168078
4.843    0.168724
4.844    0.169376
4.845    0.170035
4.846    0.170699
4.847    0.171369
4.848    0.172046
4.849    0.172729
4.85    0.173418
4.851    0.174113
4.852    0.174815
4.853    0.175523
4.854    0.176238
4.855    0.17696
4.856    0.177688
4.857    0.178423
4.858    0.179165
4.859    0.179914
4.86    0.18067
4.861    0.181433
4.862    0.182203
4.863    0.18298
4.864    0.183765
4.865    0.184557
4.866    0.185357
4.867    0.186165
4.868    0.18698
4.869    0.187803
4.87    0.188634
4.871    0.189473
4.872    0.19032
4.873    0.191175
4.874    0.192039
4.875    0.192911
4.876    0.193791
4.877    0.19468
4.878    0.195578
4.879    0.196484
4.88    0.1974
4.881    0.198324
4.882    0.199258
4.883    0.2002
4.884    0.201153
4.885    0.202114
4.886    0.203086
4.887    0.204067
4.888    0.205057
4.889    0.206058
4.89    0.207069
4.891    0.20809
4.892    0.209122
4.893    0.210164
4.894    0.211216
4.895    0.21228
4.896    0.213354
4.897    0.214439
4.898    0.215536
4.899    0.216643
4.9    0.217763
4.901    0.218894
4.902    0.220036
4.903    0.221191
4.904    0.222358
4.905    0.223537
4.906    0.224728
4.907    0.225932
4.908    0.227149
4.909    0.228378
4.91    0.229621
4.911    0.230877
4.912    0.232147
4.913    0.23343
4.914    0.234727
4.915    0.236038
4.916    0.237363
4.917    0.238703
4.918    0.240057
4.919    0.241427
4.92    0.242811
4.921    0.24421
4.922    0.245625
4.923    0.247056
4.924    0.248502
4.925    0.249965
4.926    0.251444
4.927    0.25294
4.928    0.254452
4.929    0.255982
4.93    0.257529
4.931    0.259093
4.932    0.260676
4.933    0.262276
4.934    0.263895
4.935    0.265533
4.936    0.267189
4.937    0.268865
4.938    0.27056
4.939    0.272275
4.94    0.27401
4.941    0.275766
4.942    0.277542
4.943    0.279339
4.944    0.281158
4.945    0.282998
4.946    0.28486
4.947    0.286745
4.948    0.288652
4.949    0.290583
4.95    0.292537
4.951    0.294515
4.952    0.296517
4.953    0.298543
4.954    0.300594
4.955    0.302671
4.956    0.304774
4.957    0.306903
4.958    0.309058
4.959    0.31124
4.96    0.31345
4.961    0.315688
4.962    0.317954
4.963    0.32025
4.964    0.322574
4.965    0.324928
4.966    0.327313
4.967    0.329729
4.968    0.332175
4.969    0.334654
4.97    0.337166
4.971    0.33971
4.972    0.342288
4.973    0.3449
4.974    0.347547
4.975    0.350229
4.976    0.352947
4.977    0.355702
4.978    0.358494
4.979    0.361324
4.98    0.364192
4.981    0.3671
4.982    0.370048
4.983    0.373037
4.984    0.376067
4.985    0.379139
4.986    0.382254
4.987    0.385413
4.988    0.388617
4.989    0.391866
4.99    0.395161
4.991    0.398504
4.992    0.401894
4.993    0.405334
4.994    0.408823
4.995    0.412363
4.996    0.415955
4.997    0.419599
4.998    0.423298
4.999    0.427051
5    0.43086
5.001    0.434726
5.002    0.43865
5.003    0.442634
5.004    0.446678
5.005    0.450784
5.006    0.454953
5.007    0.459185
5.008    0.463484
5.009    0.467849
5.01    0.472282
5.011    0.476785
5.012    0.481359
5.013    0.486006
5.014    0.490727
5.015    0.495523
5.016    0.500397
5.017    0.505349
5.018    0.510382
5.019    0.515497
5.02    0.520696
5.021    0.525981
5.022    0.531354
5.023    0.536817
5.024    0.542371
5.025    0.548019
5.026    0.553762
5.027    0.559604
5.028    0.565546
5.029    0.57159
5.03    0.577738
5.031    0.583994
5.032    0.59036
5.033    0.596837
5.034    0.60343
5.035    0.61014
5.036    0.61697
5.037    0.623923
5.038    0.631002
5.039    0.63821
5.04    0.64555
5.041    0.653026
5.042    0.66064
5.043    0.668396
5.044    0.676298
5.045    0.684349
5.046    0.692552
5.047    0.700913
5.048    0.709434
5.049    0.71812
5.05    0.726974
5.051    0.736003
5.052    0.745208
5.053    0.754597
5.054    0.764172
5.055    0.77394
5.056    0.783905
5.057    0.794073
5.058    0.804448
5.059    0.815037
5.06    0.825846
5.061    0.83688
5.062    0.848146
5.063    0.85965
5.064    0.871398
5.065    0.883398
5.066    0.895657
5.067    0.908183
5.068    0.920982
5.069    0.934062
5.07    0.947433
5.071    0.961102
5.072    0.975078
5.073    0.989371
5.074    1.00399
5.075    1.01894
5.076    1.03424
5.077    1.0499
5.078    1.06592
5.079    1.08232
5.08    1.09912
5.081    1.11631
5.082    1.13392
5.083    1.15196
5.084    1.17045
5.085    1.18939
5.086    1.2088
5.087    1.22869
5.088    1.2491
5.089    1.27002
5.09    1.29148
5.091    1.31349
5.092    1.33609
5.093    1.35927
5.094    1.38307
5.095    1.40751
5.096    1.43261
5.097    1.45839
5.098    1.48487
5.099    1.51209
5.1    1.54007
5.101    1.56883
5.102    1.59841
5.103    1.62884
5.104    1.66015
5.105    1.69236
5.106    1.72552
5.107    1.75967
5.108    1.79484
5.109    1.83106
5.11    1.86839
5.111    1.90686
5.112    1.94653
5.113    1.98744
5.114    2.02964
5.115    2.07318
5.116    2.11812
5.117    2.16452
5.118    2.21244
5.119    2.26195
5.12    2.31311
5.121    2.36599
5.122    2.42067
5.123    2.47723
5.124    2.53576
5.125    2.59633
5.126    2.65905
5.127    2.72401
5.128    2.79131
5.129    2.86107
5.13    2.93339
5.131    3.0084
5.132    3.08623
5.133    3.16701
5.134    3.25088
5.135    3.338
5.136    3.42853
5.137    3.52262
5.138    3.62047
5.139    3.72226
5.14    3.82818
5.141    3.93846
5.142    4.05331
5.143    4.17297
5.144    4.29769
5.145    4.42774
5.146    4.56339
5.147    4.70495
5.148    4.85272
5.149    5.00704
5.15    5.16826
5.151    5.33674
5.152    5.51289
5.153    5.69711
5.154    5.88984
5.155    6.09153
5.156    6.30268
5.157    6.52378
5.158    6.75537
5.159    6.99799
5.16    7.25224
5.161    7.51871
5.162    7.79803
5.163    8.09084
5.164    8.39779
5.165    8.71958
5.166    9.05687
5.167    9.41035
5.168    9.78071
5.169    10.1686
5.17    10.5747
5.171    10.9995
5.172    11.4436
5.173    11.9075
5.174    12.3915
5.175    12.8958
5.176    13.4204
5.177    13.9652
5.178    14.5298
5.179    15.1134
5.18    15.7151
5.181    16.3333
5.182    16.9661
5.183    17.6111
5.184    18.2654
5.185    18.9253
5.186    19.5866
5.187    20.2443
5.188    20.8931
5.189    21.5267
5.19    22.1384
5.191    22.721
5.192    23.2672
5.193    23.7693
5.194    24.2198
5.195    24.6117
5.196    24.9382
5.197    25.1937
5.198    25.3736
5.199    25.4744
5.2    25.4943
5.201    25.4329
5.202    25.2914
5.203    25.0724
5.204    24.78
5.205    24.4193
5.206    23.9966
5.207    23.5188
5.208    22.9932
5.209    22.4275
5.21    21.829
5.211    21.2053
5.212    20.5631
5.213    19.9089
5.214    19.2487
5.215    18.5875
5.216    17.9299
5.217    17.2799
5.218    16.6407
5.219    16.015
5.22    15.405
5.221    14.8124
5.222    14.2383
5.223    13.6836
5.224    13.149
5.225    12.6347
5.226    12.1408
5.227    11.667
5.228    11.2132
5.229    10.779
5.23    10.3637
5.231    9.96694
5.232    9.58802
5.233    9.2263
5.234    8.88111
5.235    8.55176
5.236    8.23758
5.237    7.93787
5.238    7.65197
5.239    7.37924
5.24    7.11902
5.241    6.87072
5.242    6.63375
5.243    6.40753
5.244    6.19152
5.245    5.9852
5.246    5.78809
5.247    5.5997
5.248    5.4196
5.249    5.24736
5.25    5.08258
5.251    4.92487
5.252    4.77389
5.253    4.62927
5.254    4.49072
5.255    4.35791
5.256    4.23056
5.257    4.1084
5.258    3.99117
5.259    3.87863
5.26    3.77055
5.261    3.66671
5.262    3.5669
5.263    3.47094
5.264    3.37864
5.265    3.28982
5.266    3.20432
5.267    3.12199
5.268    3.04269
5.269    2.96626
5.27    2.89258
5.271    2.82153
5.272    2.75299
5.273    2.68684
5.274    2.62299
5.275    2.56133
5.276    2.50176
5.277    2.44419
5.278    2.38855
5.279    2.33474
5.28    2.2827
5.281    2.23234
5.282    2.1836
5.283    2.13641
5.284    2.09071
5.285    2.04643
5.286    2.00353
5.287    1.96195
5.288    1.92163
5.289    1.88252
5.29    1.84459
5.291    1.80777
5.292    1.77204
5.293    1.73735
5.294    1.70366
5.295    1.67093
5.296    1.63913
5.297    1.60823
5.298    1.57819
5.299    1.54897
5.3    1.52056
5.301    1.49292
5.302    1.46603
5.303    1.43985
5.304    1.41437
5.305    1.38956
5.306    1.3654
5.307    1.34187
5.308    1.31894
5.309    1.29659
5.31    1.27481
5.311    1.25357
5.312    1.23286
5.313    1.21267
5.314    1.19297
5.315    1.17375
5.316    1.15499
5.317    1.13669
5.318    1.11881
5.319    1.10136
5.32    1.08432
5.321    1.06768
5.322    1.05142
5.323    1.03553
5.324    1.02001
5.325    1.00483
5.326    0.99
5.327    0.975497
5.328    0.961314
5.329    0.947444
5.33    0.933876
5.331    0.920602
5.332    0.907613
5.333    0.894903
5.334    0.882462
5.335    0.870283
5.336    0.85836
5.337    0.846685
5.338    0.835251
5.339    0.824051
5.34    0.813081
5.341    0.802332
5.342    0.7918
5.343    0.781479
5.344    0.771363
5.345    0.761446
5.346    0.751725
5.347    0.742193
5.348    0.732845
5.349    0.723678
5.35    0.714686
5.351    0.705865
5.352    0.697211
5.353    0.68872
5.354    0.680387
5.355    0.672209
5.356    0.664182
5.357    0.656302
5.358    0.648566
5.359    0.64097
5.36    0.633511
5.361    0.626186
5.362    0.618991
5.363    0.611923
5.364    0.60498
5.365    0.598159
5.366    0.591456
5.367    0.58487
5.368    0.578396
5.369    0.572034
5.37    0.56578
5.371    0.559632
5.372    0.553587
5.373    0.547643
5.374    0.541799
5.375    0.536051
5.376    0.530398
5.377    0.524837
5.378    0.519367
5.379    0.513986
5.38    0.508692
5.381    0.503482
5.382    0.498355
5.383    0.49331
5.384    0.488345
5.385    0.483457
5.386    0.478646
5.387    0.47391
5.388    0.469247
5.389    0.464656
5.39    0.460135
5.391    0.455682
5.392    0.451298
5.393    0.446979
5.394    0.442725
5.395    0.438535
5.396    0.434407
5.397    0.43034
5.398    0.426333
5.399    0.422384
5.4    0.418493
5.401    0.414659
5.402    0.41088
5.403    0.407155
5.404    0.403483
5.405    0.399864
5.406    0.396295
5.407    0.392778
5.408    0.389309
5.409    0.385889
5.41    0.382516
5.411    0.37919
5.412    0.37591
5.413    0.372675
5.414    0.369484
5.415    0.366336
5.416    0.363231
5.417    0.360168
5.418    0.357145
5.419    0.354163
5.42    0.351221
5.421    0.348318
5.422    0.345452
5.423    0.342625
5.424    0.339834
5.425    0.337079
5.426    0.33436
5.427    0.331676
5.428    0.329027
5.429    0.326411
5.43    0.323829
5.431    0.321279
5.432    0.318762
5.433    0.316276
5.434    0.313821
5.435    0.311397
5.436    0.309002
5.437    0.306638
5.438    0.304302
5.439    0.301995
5.44    0.299716
5.441    0.297465
5.442    0.295241
5.443    0.293044
5.444    0.290873
5.445    0.288728
5.446    0.286608
5.447    0.284514
5.448    0.282444
5.449    0.280399
5.45    0.278378
5.451    0.27638
5.452    0.274406
5.453    0.272454
5.454    0.270525
5.455    0.268618
5.456    0.266733
5.457    0.264869
5.458    0.263026
5.459    0.261205
5.46    0.259403
5.461    0.257622
5.462    0.255861
5.463    0.25412
5.464    0.252398
5.465    0.250695
5.466    0.24901
5.467    0.247344
5.468    0.245697
5.469    0.244067
5.47    0.242455
5.471    0.24086
5.472    0.239283
5.473    0.237722
5.474    0.236178
5.475    0.234651
5.476    0.233139
5.477    0.231644
5.478    0.230165
5.479    0.228701
5.48    0.227252
5.481    0.225818
5.482    0.2244
5.483    0.222996
5.484    0.221606
5.485    0.220231
5.486    0.21887
5.487    0.217522
5.488    0.216189
5.489    0.214869
5.49    0.213562
5.491    0.212268
5.492    0.210988
5.493    0.20972
5.494    0.208465
5.495    0.207222
5.496    0.205991
5.497    0.204773
5.498    0.203567
5.499    0.202372
5.5    0.201189
5.501    0.200018
5.502    0.198858
5.503    0.197709
5.504    0.196571
5.505    0.195444
5.506    0.194328
5.507    0.193223
5.508    0.192128
5.509    0.191043
5.51    0.189969
5.511    0.188905
5.512    0.18785
5.513    0.186806
5.514    0.185771
5.515    0.184746
5.516    0.183731
5.517    0.182724
5.518    0.181727
5.519    0.18074
5.52    0.179761
5.521    0.178791
5.522    0.17783
5.523    0.176877
5.524    0.175934
5.525    0.174998
5.526    0.174071
5.527    0.173153
5.528    0.172242
5.529    0.17134
5.53    0.170446
5.531    0.169559
5.532    0.168681
5.533    0.16781
5.534    0.166946
5.535    0.16609
5.536    0.165242
5.537    0.164401
5.538    0.163567
5.539    0.162741
5.54    0.161921
5.541    0.161109
5.542    0.160303
5.543    0.159505
5.544    0.158713
5.545    0.157928
5.546    0.157149
5.547    0.156377
5.548    0.155612
5.549    0.154852
5.55    0.1541
5.551    0.153353
5.552    0.152613
5.553    0.151878
5.554    0.15115
5.555    0.150428
5.556    0.149712
5.557    0.149001
5.558    0.148297
5.559    0.147598
5.56    0.146904
5.561    0.146217
5.562    0.145535
5.563    0.144858
5.564    0.144187
5.565    0.143521
5.566    0.14286
5.567    0.142205
5.568    0.141555
5.569    0.14091
5.57    0.14027
5.571    0.139635
5.572    0.139005
5.573    0.13838
5.574    0.13776
5.575    0.137144
5.576    0.136534
5.577    0.135928
5.578    0.135327
5.579    0.13473
5.58    0.134138
5.581    0.13355
5.582    0.132967
5.583    0.132389
5.584    0.131815
5.585    0.131245
5.586    0.130679
5.587    0.130118
5.588    0.129561
5.589    0.129008
5.59    0.128459
5.591    0.127914
5.592    0.127373
5.593    0.126836
5.594    0.126304
5.595    0.125775
5.596    0.12525
5.597    0.124729
5.598    0.124211
5.599    0.123698
5.6    0.123188
5.601    0.122682
5.602    0.122179
5.603    0.12168
5.604    0.121185
5.605    0.120693
5.606    0.120205
5.607    0.11972
5.608    0.119239
5.609    0.118761
5.61    0.118286
5.611    0.117815
5.612    0.117347
5.613    0.116882
5.614    0.116421
5.615    0.115963
5.616    0.115508
5.617    0.115056
5.618    0.114608
5.619    0.114162
5.62    0.11372
5.621    0.11328
5.622    0.112844
5.623    0.11241
5.624    0.11198
5.625    0.111552
5.626    0.111128
5.627    0.110706
5.628    0.110287
5.629    0.109871
5.63    0.109458
5.631    0.109047
5.632    0.108639
5.633    0.108234
5.634    0.107832
5.635    0.107432
5.636    0.107035
5.637    0.106641
5.638    0.106249
5.639    0.10586
5.64    0.105473
5.641    0.105089
5.642    0.104707
5.643    0.104328
5.644    0.103951
5.645    0.103577
5.646    0.103205
5.647    0.102836
5.648    0.102469
5.649    0.102104
5.65    0.101742
5.651    0.101382
5.652    0.101024
5.653    0.100668
5.654    0.100315
5.655    0.0999641
5.656    0.0996153
5.657    0.0992687
5.658    0.0989244
5.659    0.0985821
5.66    0.098242
5.661    0.0979041
5.662    0.0975682
5.663    0.0972344
5.664    0.0969027
5.665    0.0965731
5.666    0.0962454
5.667    0.0959198
5.668    0.0955962
5.669    0.0952746
5.67    0.0949549
5.671    0.0946372
5.672    0.0943215
5.673    0.0940076
5.674    0.0936956
5.675    0.0933856
5.676    0.0930774
5.677    0.092771
5.678    0.0924665
5.679    0.0921639
5.68    0.091863
5.681    0.0915639
5.682    0.0912666
5.683    0.0909711
5.684    0.0906773
5.685    0.0903853
5.686    0.0900949
5.687    0.0898063
5.688    0.0895194
5.689    0.0892342
5.69    0.0889506
5.691    0.0886687
5.692    0.0883884
5.693    0.0881097
5.694    0.0878327
5.695    0.0875573
5.696    0.0872834
5.697    0.0870111
5.698    0.0867404
5.699    0.0864713
5.7    0.0862037
5.701    0.0859376
5.702    0.085673
5.703    0.0854099
5.704    0.0851484
5.705    0.0848883
5.706    0.0846296
5.707    0.0843725
5.708    0.0841167
5.709    0.0838624
5.71    0.0836096
5.711    0.0833581
5.712    0.083108
5.713    0.0828594
5.714    0.0826121
5.715    0.0823662
5.716    0.0821216
5.717    0.0818784
5.718    0.0816365
5.719    0.081396
5.72    0.0811567
5.721    0.0809188
5.722    0.0806822
5.723    0.0804469
5.724    0.0802128
5.725    0.07998
5.726    0.0797485
5.727    0.0795182
5.728    0.0792892
5.729    0.0790614
5.73    0.0788348
5.731    0.0786094
5.732    0.0783852
5.733    0.0781623
5.734    0.0779405
5.735    0.0777199
5.736    0.0775004
5.737    0.0772822
5.738    0.077065
5.739    0.076849
5.74    0.0766342
5.741    0.0764205
5.742    0.0762079
5.743    0.0759964
5.744    0.075786
5.745    0.0755767
5.746    0.0753685
5.747    0.0751614
5.748    0.0749553
5.749    0.0747503
5.75    0.0745464
5.751    0.0743435
5.752    0.0741416
5.753    0.0739408
5.754    0.073741
5.755    0.0735423
5.756    0.0733445
5.757    0.0731477
5.758    0.072952
5.759    0.0727572
5.76    0.0725634
5.761    0.0723706
5.762    0.0721788
5.763    0.0719879
5.764    0.071798
5.765    0.071609
5.766    0.071421
5.767    0.0712339
5.768    0.0710477
5.769    0.0708625
5.77    0.0706782
5.771    0.0704947
5.772    0.0703122
5.773    0.0701306
5.774    0.0699499
5.775    0.0697701
5.776    0.0695911
5.777    0.069413
5.778    0.0692358
5.779    0.0690595
5.78    0.068884
5.781    0.0687093
5.782    0.0685355
5.783    0.0683626
5.784    0.0681905
5.785    0.0680192
5.786    0.0678487
5.787    0.067679
5.788    0.0675102
5.789    0.0673421
5.79    0.0671749
5.791    0.0670084
5.792    0.0668428
5.793    0.0666779
5.794    0.0665138
5.795    0.0663505
5.796    0.0661879
5.797    0.0660261
5.798    0.0658651
5.799    0.0657048
5.8    0.0655453
5.801    0.0653865
5.802    0.0652285
5.803    0.0650712
5.804    0.0649146
5.805    0.0647587
5.806    0.0646036
5.807    0.0644492
5.808    0.0642955
5.809    0.0641425
5.81    0.0639902
5.811    0.0638386
5.812    0.0636877
5.813    0.0635375
5.814    0.0633879
5.815    0.0632391
5.816    0.0630909
5.817    0.0629434
5.818    0.0627965
5.819    0.0626503
5.82    0.0625048
5.821    0.0623599
5.822    0.0622157
5.823    0.0620721
5.824    0.0619292
5.825    0.0617869
5.826    0.0616452
5.827    0.0615042
5.828    0.0613638
5.829    0.061224
5.83    0.0610849
5.831    0.0609463
5.832    0.0608084
5.833    0.060671
5.834    0.0605343
5.835    0.0603982
5.836    0.0602626
5.837    0.0601277
5.838    0.0599933
5.839    0.0598596
5.84    0.0597264
5.841    0.0595937
5.842    0.0594617
5.843    0.0593302
5.844    0.0591993
5.845    0.059069
5.846    0.0589392
5.847    0.05881
5.848    0.0586813
5.849    0.0585532
5.85    0.0584256
5.851    0.0582986
5.852    0.0581721
5.853    0.0580461
5.854    0.0579207
5.855    0.0577958
5.856    0.0576715
5.857    0.0575476
5.858    0.0574243
5.859    0.0573015
5.86    0.0571792
5.861    0.0570575
5.862    0.0569362
5.863    0.0568154
5.864    0.0566952
5.865    0.0565754
5.866    0.0564562
5.867    0.0563374
5.868    0.0562191
5.869    0.0561013
5.87    0.055984
5.871    0.0558672
5.872    0.0557509
5.873    0.055635
5.874    0.0555196
5.875    0.0554047
5.876    0.0552903
5.877    0.0551763
5.878    0.0550628
5.879    0.0549497
5.88    0.0548371
5.881    0.054725
5.882    0.0546133
5.883    0.054502
5.884    0.0543912
5.885    0.0542809
5.886    0.054171
5.887    0.0540615
5.888    0.0539525
5.889    0.0538439
5.89    0.0537357
5.891    0.053628
5.892    0.0535207
5.893    0.0534138
5.894    0.0533073
5.895    0.0532013
5.896    0.0530957
5.897    0.0529905
5.898    0.0528857
5.899    0.0527813
5.9    0.0526773
5.901    0.0525738
5.902    0.0524706
5.903    0.0523679
5.904    0.0522655
5.905    0.0521635
5.906    0.052062
5.907    0.0519608
5.908    0.05186
5.909    0.0517596
5.91    0.0516596
5.911    0.05156
5.912    0.0514608
5.913    0.0513619
5.914    0.0512634
5.915    0.0511653
5.916    0.0510676
5.917    0.0509702
5.918    0.0508732
5.919    0.0507766
5.92    0.0506804
5.921    0.0505845
5.922    0.050489
5.923    0.0503938
5.924    0.050299
5.925    0.0502045
5.926    0.0501104
5.927    0.0500167
5.928    0.0499233
5.929    0.0498302
5.93    0.0497375
5.931    0.0496452
5.932    0.0495532
5.933    0.0494615
5.934    0.0493702
5.935    0.0492792
5.936    0.0491885
5.937    0.0490982
5.938    0.0490082
5.939    0.0489186
5.94    0.0488292
5.941    0.0487402
5.942    0.0486515
5.943    0.0485632
5.944    0.0484752
5.945    0.0483875
5.946    0.0483001
5.947    0.048213
5.948    0.0481262
5.949    0.0480398
5.95    0.0479536
5.951    0.0478678
5.952    0.0477823
5.953    0.0476971
5.954    0.0476122
5.955    0.0475276
5.956    0.0474433
5.957    0.0473593
5.958    0.0472756
5.959    0.0471922
5.96    0.0471091
5.961    0.0470263
5.962    0.0469438
5.963    0.0468616
5.964    0.0467797
5.965    0.046698
5.966    0.0466167
5.967    0.0465356
5.968    0.0464548
5.969    0.0463743
5.97    0.0462941
5.971    0.0462142
5.972    0.0461345
5.973    0.0460551
5.974    0.045976
5.975    0.0458972
5.976    0.0458186
5.977    0.0457404
5.978    0.0456623
5.979    0.0455846
5.98    0.0455071
5.981    0.0454299
5.982    0.045353
5.983    0.0452763
5.984    0.0451999
5.985    0.0451237
5.986    0.0450478
5.987    0.0449722
5.988    0.0448968
5.989    0.0448217
5.99    0.0447468
5.991    0.0446722
5.992    0.0445978
5.993    0.0445237
5.994    0.0444499
5.995    0.0443762
5.996    0.0443029
5.997    0.0442298
5.998    0.0441569
5.999    0.0440843
6    0.0440119
6.001    0.0439397
6.002    0.0438678
6.003    0.0437962
6.004    0.0437247
6.005    0.0436535
6.006    0.0435826
6.007    0.0435119
6.008    0.0434414
6.009    0.0433711
6.01    0.0433011
6.011    0.0432313
6.012    0.0431618
6.013    0.0430924
6.014    0.0430233
6.015    0.0429544
6.016    0.0428858
6.017    0.0428173
6.018    0.0427491
6.019    0.0426811
6.02    0.0426134
6.021    0.0425458
6.022    0.0424785
6.023    0.0424114
6.024    0.0423445
6.025    0.0422778
6.026    0.0422114
6.027    0.0421451
6.028    0.0420791
6.029    0.0420132
6.03    0.0419476
6.031    0.0418822
6.032    0.041817
6.033    0.041752
6.034    0.0416872
6.035    0.0416227
6.036    0.0415583
6.037    0.0414941
6.038    0.0414301
6.039    0.0413664
6.04    0.0413028
6.041    0.0412395
6.042    0.0411763
6.043    0.0411133
6.044    0.0410506
6.045    0.040988
6.046    0.0409256
6.047    0.0408634
6.048    0.0408014
6.049    0.0407396
6.05    0.040678
6.051    0.0406166
6.052    0.0405554
6.053    0.0404944
6.054    0.0404335
6.055    0.0403729
6.056    0.0403124
6.057    0.0402521
6.058    0.040192
6.059    0.0401321
6.06    0.0400724
6.061    0.0400128
6.062    0.0399534
6.063    0.0398943
6.064    0.0398353
6.065    0.0397764
6.066    0.0397178
6.067    0.0396593
6.068    0.039601
6.069    0.0395429
6.07    0.039485
6.071    0.0394272
6.072    0.0393696
6.073    0.0393122
6.074    0.0392549
6.075    0.0391979
6.076    0.039141
6.077    0.0390842
6.078    0.0390277
6.079    0.0389713
6.08    0.0389151
6.081    0.038859
6.082    0.0388031
6.083    0.0387474
6.084    0.0386918
6.085    0.0386364
6.086    0.0385812
6.087    0.0385261
6.088    0.0384712
6.089    0.0384165
6.09    0.0383619
6.091    0.0383074
6.092    0.0382532
6.093    0.0381991
6.094    0.0381451
6.095    0.0380913
6.096    0.0380377
6.097    0.0379842
6.098    0.0379309
6.099    0.0378777
6.1    0.0378247
6.101    0.0377718
6.102    0.0377191
6.103    0.0376666
6.104    0.0376142
6.105    0.0375619
6.106    0.0375098
6.107    0.0374578
6.108    0.037406
6.109    0.0373544
6.11    0.0373029
6.111    0.0372515
6.112    0.0372003
6.113    0.0371492
6.114    0.0370983
6.115    0.0370475
6.116    0.0369969
6.117    0.0369464
6.118    0.036896
6.119    0.0368458
6.12    0.0367957
6.121    0.0367458
6.122    0.036696
6.123    0.0366464
6.124    0.0365969
6.125    0.0365475
6.126    0.0364983
6.127    0.0364492
6.128    0.0364002
6.129    0.0363514
6.13    0.0363027
6.131    0.0362542
6.132    0.0362057
6.133    0.0361575
6.134    0.0361093
6.135    0.0360613
6.136    0.0360134
6.137    0.0359657
6.138    0.0359181
6.139    0.0358706
6.14    0.0358232
6.141    0.035776
6.142    0.0357289
6.143    0.0356819
6.144    0.0356351
6.145    0.0355884
6.146    0.0355418
6.147    0.0354953
6.148    0.035449
6.149    0.0354028
6.15    0.0353567
6.151    0.0353107
6.152    0.0352649
6.153    0.0352192
6.154    0.0351736
6.155    0.0351282
6.156    0.0350828
6.157    0.0350376
6.158    0.0349925
6.159    0.0349475
6.16    0.0349027
6.161    0.0348579
6.162    0.0348133
6.163    0.0347688
6.164    0.0347244
6.165    0.0346802
6.166    0.034636
6.167    0.034592
6.168    0.0345481
6.169    0.0345043
6.17    0.0344606
6.171    0.0344171
6.172    0.0343736
6.173    0.0343303
6.174    0.0342871
6.175    0.0342439
6.176    0.0342009
6.177    0.0341581
6.178    0.0341153
6.179    0.0340726
6.18    0.0340301
6.181    0.0339877
6.182    0.0339453
6.183    0.0339031
6.184    0.033861
6.185    0.033819
6.186    0.0337771
6.187    0.0337353
6.188    0.0336937
6.189    0.0336521
6.19    0.0336106
6.191    0.0335693
6.192    0.033528
6.193    0.0334869
6.194    0.0334459
6.195    0.0334049
6.196    0.0333641
6.197    0.0333234
6.198    0.0332828
6.199    0.0332423
6.2    0.0332018
6.201    0.0331615
6.202    0.0331213
6.203    0.0330812
6.204    0.0330412
6.205    0.0330013
6.206    0.0329615
6.207    0.0329218
6.208    0.0328822
6.209    0.0328427
6.21    0.0328033
6.211    0.032764
6.212    0.0327248
6.213    0.0326857
6.214    0.0326467
6.215    0.0326078
6.216    0.032569
6.217    0.0325302
6.218    0.0324916
6.219    0.0324531
6.22    0.0324147
6.221    0.0323763
6.222    0.0323381
6.223    0.0322999
6.224    0.0322619
6.225    0.0322239
6.226    0.032186
6.227    0.0321483
6.228    0.0321106
6.229    0.032073
6.23    0.0320355
6.231    0.0319981
6.232    0.0319608
6.233    0.0319236
6.234    0.0318864
6.235    0.0318494
6.236    0.0318125
6.237    0.0317756
6.238    0.0317388
6.239    0.0317021
6.24    0.0316655
6.241    0.031629
6.242    0.0315926
6.243    0.0315563
6.244    0.0315201
6.245    0.0314839
6.246    0.0314478
6.247    0.0314118
6.248    0.031376
6.249    0.0313401
6.25    0.0313044
6.251    0.0312688
6.252    0.0312332
6.253    0.0311978
6.254    0.0311624
6.255    0.0311271
6.256    0.0310919
6.257    0.0310567
6.258    0.0310217
6.259    0.0309867
6.26    0.0309518
6.261    0.030917
6.262    0.0308823
6.263    0.0308477
6.264    0.0308131
6.265    0.0307786
6.266    0.0307442
6.267    0.0307099
6.268    0.0306757
6.269    0.0306415
6.27    0.0306075
6.271    0.0305735
6.272    0.0305395
6.273    0.0305057
6.274    0.0304719
6.275    0.0304383
6.276    0.0304047
6.277    0.0303711
6.278    0.0303377
6.279    0.0303043
6.28    0.030271
6.281    0.0302378
6.282    0.0302047
6.283    0.0301716
6.284    0.0301386
6.285    0.0301057
6.286    0.0300729
6.287    0.0300401
6.288    0.0300074
6.289    0.0299748
6.29    0.0299423
6.291    0.0299098
6.292    0.0298774
6.293    0.0298451
6.294    0.0298129
6.295    0.0297807
6.296    0.0297486
6.297    0.0297166
6.298    0.0296846
6.299    0.0296527
6.3    0.0296209
6.301    0.0295892
6.302    0.0295575
6.303    0.0295259
6.304    0.0294944
6.305    0.029463
6.306    0.0294316
6.307    0.0294003
6.308    0.029369
6.309    0.0293378
6.31    0.0293067
6.311    0.0292757
6.312    0.0292447
6.313    0.0292138
6.314    0.029183
6.315    0.0291523
6.316    0.0291216
6.317    0.0290909
6.318    0.0290604
6.319    0.0290299
6.32    0.0289995
6.321    0.0289691
6.322    0.0289388
6.323    0.0289086
6.324    0.0288785
6.325    0.0288484
6.326    0.0288183
6.327    0.0287884
6.328    0.0287585
6.329    0.0287287
6.33    0.0286989
6.331    0.0286692
6.332    0.0286396
6.333    0.02861
6.334    0.0285805
6.335    0.028551
6.336    0.0285217
6.337    0.0284924
6.338    0.0284631
6.339    0.0284339
6.34    0.0284048
6.341    0.0283757
6.342    0.0283467
6.343    0.0283178
6.344    0.0282889
6.345    0.0282601
6.346    0.0282313
6.347    0.0282027
6.348    0.028174
6.349    0.0281455
6.35    0.0281169
6.351    0.0280885
6.352    0.0280601
6.353    0.0280318
6.354    0.0280035
6.355    0.0279753
6.356    0.0279472
6.357    0.0279191
6.358    0.027891
6.359    0.0278631
6.36    0.0278352
6.361    0.0278073
6.362    0.0277795
6.363    0.0277518
6.364    0.0277241
6.365    0.0276965
6.366    0.0276689
6.367    0.0276414
6.368    0.027614
6.369    0.0275866
6.37    0.0275593
6.371    0.027532
6.372    0.0275048
6.373    0.0274776
6.374    0.0274505
6.375    0.0274234
6.376    0.0273965
6.377    0.0273695
6.378    0.0273426
6.379    0.0273158
6.38    0.027289
6.381    0.0272623
6.382    0.0272357
6.383    0.027209
6.384    0.0271825
6.385    0.027156
6.386    0.0271296
6.387    0.0271032
6.388    0.0270768
6.389    0.0270505
6.39    0.0270243
6.391    0.0269981
6.392    0.026972
6.393    0.026946
6.394    0.0269199
6.395    0.026894
6.396    0.0268681
6.397    0.0268422
6.398    0.0268164
6.399    0.0267906
6.4    0.0267649
6.401    0.0267393
6.402    0.0267137
6.403    0.0266881
6.404    0.0266626
6.405    0.0266372
6.406    0.0266118
6.407    0.0265865
6.408    0.0265612
6.409    0.0265359
6.41    0.0265107
6.411    0.0264856
6.412    0.0264605
6.413    0.0264355
6.414    0.0264105
6.415    0.0263855
6.416    0.0263606
6.417    0.0263358
6.418    0.026311
6.419    0.0262862
6.42    0.0262615
6.421    0.0262369
6.422    0.0262123
6.423    0.0261878
6.424    0.0261632
6.425    0.0261388
6.426    0.0261144
6.427    0.02609
6.428    0.0260657
6.429    0.0260414
6.43    0.0260172
6.431    0.0259931
6.432    0.0259689
6.433    0.0259449
6.434    0.0259208
6.435    0.0258969
6.436    0.0258729
6.437    0.025849
6.438    0.0258252
6.439    0.0258014
6.44    0.0257776
6.441    0.0257539
6.442    0.0257303
6.443    0.0257067
6.444    0.0256831
6.445    0.0256596
6.446    0.0256361
6.447    0.0256127
6.448    0.0255893
6.449    0.0255659
6.45    0.0255426
6.451    0.0255194
6.452    0.0254962
6.453    0.025473
6.454    0.0254499
6.455    0.0254268
6.456    0.0254038
6.457    0.0253808
6.458    0.0253578
6.459    0.0253349
6.46    0.0253121
6.461    0.0252893
6.462    0.0252665
6.463    0.0252438
6.464    0.0252211
6.465    0.0251984
6.466    0.0251758
6.467    0.0251533
6.468    0.0251307
6.469    0.0251083
6.47    0.0250858
6.471    0.0250634
6.472    0.0250411
6.473    0.0250188
6.474    0.0249965
6.475    0.0249743
6.476    0.0249521
6.477    0.02493
6.478    0.0249079
6.479    0.0248858
6.48    0.0248638
6.481    0.0248418
6.482    0.0248199
6.483    0.024798
6.484    0.0247761
6.485    0.0247543
6.486    0.0247325
6.487    0.0247108
6.488    0.0246891
6.489    0.0246675
6.49    0.0246458
6.491    0.0246243
6.492    0.0246027
6.493    0.0245812
6.494    0.0245598
6.495    0.0245384
6.496    0.024517
6.497    0.0244956
6.498    0.0244743
6.499    0.0244531
6.5    0.0244319
6.501    0.0244107
6.502    0.0243895
6.503    0.0243684
6.504    0.0243473
6.505    0.0243263
6.506    0.0243053
6.507    0.0242844
6.508    0.0242634
6.509    0.0242426
6.51    0.0242217
6.511    0.0242009
6.512    0.0241801
6.513    0.0241594
6.514    0.0241387
6.515    0.0241181
6.516    0.0240974
6.517    0.0240769
6.518    0.0240563
6.519    0.0240358
6.52    0.0240153
6.521    0.0239949
6.522    0.0239745
6.523    0.0239541
6.524    0.0239338
6.525    0.0239135
6.526    0.0238933
6.527    0.023873
6.528    0.0238528
6.529    0.0238327
6.53    0.0238126
6.531    0.0237925
6.532    0.0237725
6.533    0.0237525
6.534    0.0237325
6.535    0.0237126
6.536    0.0236926
6.537    0.0236728
6.538    0.023653
6.539    0.0236332
6.54    0.0236134
6.541    0.0235937
6.542    0.023574
6.543    0.0235543
6.544    0.0235347
6.545    0.0235151
6.546    0.0234955
6.547    0.023476
6.548    0.0234565
6.549    0.0234371
6.55    0.0234176
6.551    0.0233983
6.552    0.0233789
6.553    0.0233596
6.554    0.0233403
6.555    0.023321
6.556    0.0233018
6.557    0.0232826
6.558    0.0232635
6.559    0.0232444
6.56    0.0232253
6.561    0.0232062
6.562    0.0231872
6.563    0.0231682
6.564    0.0231492
6.565    0.0231303
6.566    0.0231114
6.567    0.0230925
6.568    0.0230737
6.569    0.0230549
6.57    0.0230361
6.571    0.0230174
6.572    0.0229987
6.573    0.02298
6.574    0.0229614
6.575    0.0229428
6.576    0.0229242
6.577    0.0229057
6.578    0.0228872
6.579    0.0228687
6.58    0.0228502
6.581    0.0228318
6.582    0.0228134
6.583    0.022795
6.584    0.0227767
6.585    0.0227584
6.586    0.0227402
6.587    0.0227219
6.588    0.0227037
6.589    0.0226855
6.59    0.0226674
6.591    0.0226493
6.592    0.0226312
6.593    0.0226131
6.594    0.0225951
6.595    0.0225771
6.596    0.0225592
6.597    0.0225412
6.598    0.0225233
6.599    0.0225054
6.6    0.0224876
6.601    0.0224698
6.602    0.022452
6.603    0.0224342
6.604    0.0224165
6.605    0.0223988
6.606    0.0223811
6.607    0.0223635
6.608    0.0223459
6.609    0.0223283
6.61    0.0223107
6.611    0.0222932
6.612    0.0222757
6.613    0.0222582
6.614    0.0222408
6.615    0.0222234
6.616    0.022206
6.617    0.0221886
6.618    0.0221713
6.619    0.022154
6.62    0.0221367
6.621    0.0221195
6.622    0.0221023
6.623    0.0220851
6.624    0.0220679
6.625    0.0220508
6.626    0.0220337
6.627    0.0220166
6.628    0.0219996
6.629    0.0219825
6.63    0.0219655
6.631    0.0219486
6.632    0.0219316
6.633    0.0219147
6.634    0.0218978
6.635    0.021881
6.636    0.0218641
6.637    0.0218473
6.638    0.0218306
6.639    0.0218138
6.64    0.0217971
6.641    0.0217804
6.642    0.0217637
6.643    0.0217471
6.644    0.0217305
6.645    0.0217139
6.646    0.0216973
6.647    0.0216808
6.648    0.0216642
6.649    0.0216477
6.65    0.0216313
6.651    0.0216149
6.652    0.0215984
6.653    0.0215821
6.654    0.0215657
6.655    0.0215494
6.656    0.0215331
6.657    0.0215168
6.658    0.0215005
6.659    0.0214843
6.66    0.0214681
6.661    0.0214519
6.662    0.0214357
6.663    0.0214196
6.664    0.0214035
6.665    0.0213874
6.666    0.0213714
6.667    0.0213554
6.668    0.0213393
6.669    0.0213234
6.67    0.0213074
6.671    0.0212915
6.672    0.0212756
6.673    0.0212597
6.674    0.0212438
6.675    0.021228
6.676    0.0212122
6.677    0.0211964
6.678    0.0211807
6.679    0.0211649
6.68    0.0211492
6.681    0.0211335
6.682    0.0211179
6.683    0.0211022
6.684    0.0210866
6.685    0.021071
6.686    0.0210555
6.687    0.0210399
6.688    0.0210244
6.689    0.0210089
6.69    0.0209934
6.691    0.020978
6.692    0.0209626
6.693    0.0209472
6.694    0.0209318
6.695    0.0209164
6.696    0.0209011
6.697    0.0208858
6.698    0.0208705
6.699    0.0208552
6.7    0.02084
6.701    0.0208248
6.702    0.0208096
6.703    0.0207944
6.704    0.0207793
6.705    0.0207642
6.706    0.0207491
6.707    0.020734
6.708    0.0207189
6.709    0.0207039
6.71    0.0206889
6.711    0.0206739
6.712    0.0206589
6.713    0.020644
6.714    0.0206291
6.715    0.0206142
6.716    0.0205993
6.717    0.0205844
6.718    0.0205696
6.719    0.0205548
6.72    0.02054
6.721    0.0205252
6.722    0.0205105
6.723    0.0204958
6.724    0.0204811
6.725    0.0204664
6.726    0.0204517
6.727    0.0204371
6.728    0.0204225
6.729    0.0204079
6.73    0.0203933
6.731    0.0203788
6.732    0.0203642
6.733    0.0203497
6.734    0.0203352
6.735    0.0203208
6.736    0.0203063
6.737    0.0202919
6.738    0.0202775
6.739    0.0202631
6.74    0.0202488
6.741    0.0202344
6.742    0.0202201
6.743    0.0202058
6.744    0.0201915
6.745    0.0201773
6.746    0.020163
6.747    0.0201488
6.748    0.0201346
6.749    0.0201205
6.75    0.0201063
6.751    0.0200922
6.752    0.0200781
6.753    0.020064
6.754    0.0200499
6.755    0.0200359
6.756    0.0200218
6.757    0.0200078
6.758    0.0199938
6.759    0.0199799
6.76    0.0199659
6.761    0.019952
6.762    0.0199381
6.763    0.0199242
6.764    0.0199103
6.765    0.0198965
6.766    0.0198826
6.767    0.0198688
6.768    0.019855
6.769    0.0198413
6.77    0.0198275
6.771    0.0198138
6.772    0.0198001
6.773    0.0197864
6.774    0.0197727
6.775    0.0197591
6.776    0.0197454
6.777    0.0197318
6.778    0.0197182
6.779    0.0197046
6.78    0.0196911
6.781    0.0196775
6.782    0.019664
6.783    0.0196505
6.784    0.019637
6.785    0.0196236
6.786    0.0196101
6.787    0.0195967
6.788    0.0195833
6.789    0.0195699
6.79    0.0195565
6.791    0.0195432
6.792    0.0195299
6.793    0.0195166
6.794    0.0195033
6.795    0.01949
6.796    0.0194767
6.797    0.0194635
6.798    0.0194503
6.799    0.0194371
6.8    0.0194239
6.801    0.0194107
6.802    0.0193976
6.803    0.0193845
6.804    0.0193713
6.805    0.0193583
6.806    0.0193452
6.807    0.0193321
6.808    0.0193191
6.809    0.0193061
6.81    0.0192931
6.811    0.0192801
6.812    0.0192671
6.813    0.0192542
6.814    0.0192412
6.815    0.0192283
6.816    0.0192154
6.817    0.0192026
6.818    0.0191897
6.819    0.0191769
6.82    0.019164
6.821    0.0191512
6.822    0.0191384
6.823    0.0191257
6.824    0.0191129
6.825    0.0191002
6.826    0.0190875
6.827    0.0190748
6.828    0.0190621
6.829    0.0190494
6.83    0.0190368
6.831    0.0190241
6.832    0.0190115
6.833    0.0189989
6.834    0.0189863
6.835    0.0189738
6.836    0.0189612
6.837    0.0189487
6.838    0.0189362
6.839    0.0189237
6.84    0.0189112
6.841    0.0188987
6.842    0.0188863
6.843    0.0188739
6.844    0.0188614
6.845    0.018849
6.846    0.0188367
6.847    0.0188243
6.848    0.018812
6.849    0.0187996
6.85    0.0187873
6.851    0.018775
6.852    0.0187627
6.853    0.0187505
6.854    0.0187382
6.855    0.018726
6.856    0.0187138
6.857    0.0187016
6.858    0.0186894
6.859    0.0186772
6.86    0.0186651
6.861    0.0186529
6.862    0.0186408
6.863    0.0186287
6.864    0.0186166
6.865    0.0186046
6.866    0.0185925
6.867    0.0185805
6.868    0.0185684
6.869    0.0185564
6.87    0.0185445
6.871    0.0185325
6.872    0.0185205
6.873    0.0185086
6.874    0.0184966
6.875    0.0184847
6.876    0.0184728
6.877    0.018461
6.878    0.0184491
6.879    0.0184372
6.88    0.0184254
6.881    0.0184136
6.882    0.0184018
6.883    0.01839
6.884    0.0183782
6.885    0.0183665
6.886    0.0183547
6.887    0.018343
6.888    0.0183313
6.889    0.0183196
6.89    0.0183079
6.891    0.0182962
6.892    0.0182846
6.893    0.0182729
6.894    0.0182613
6.895    0.0182497
6.896    0.0182381
6.897    0.0182265
6.898    0.018215
6.899    0.0182034
6.9    0.0181919
6.901    0.0181804
6.902    0.0181689
6.903    0.0181574
6.904    0.0181459
6.905    0.0181345
6.906    0.018123
6.907    0.0181116
6.908    0.0181002
6.909    0.0180888
6.91    0.0180774
6.911    0.018066
6.912    0.0180547
6.913    0.0180433
6.914    0.018032
6.915    0.0180207
6.916    0.0180094
6.917    0.0179981
6.918    0.0179868
6.919    0.0179756
6.92    0.0179643
6.921    0.0179531
6.922    0.0179419
6.923    0.0179307
6.924    0.0179195
6.925    0.0179083
6.926    0.0178972
6.927    0.017886
6.928    0.0178749
6.929    0.0178638
6.93    0.0178527
6.931    0.0178416
6.932    0.0178305
6.933    0.0178195
6.934    0.0178084
6.935    0.0177974
6.936    0.0177864
6.937    0.0177754
6.938    0.0177644
6.939    0.0177534
6.94    0.0177425
6.941    0.0177315
6.942    0.0177206
6.943    0.0177097
6.944    0.0176988
6.945    0.0176879
6.946    0.017677
6.947    0.0176661
6.948    0.0176553
6.949    0.0176444
6.95    0.0176336
6.951    0.0176228
6.952    0.017612
6.953    0.0176012
6.954    0.0175904
6.955    0.0175797
6.956    0.0175689
6.957    0.0175582
6.958    0.0175475
6.959    0.0175368
6.96    0.0175261
6.961    0.0175154
6.962    0.0175047
6.963    0.0174941
6.964    0.0174834
6.965    0.0174728
6.966    0.0174622
6.967    0.0174516
6.968    0.017441
6.969    0.0174304
6.97    0.0174199
6.971    0.0174093
6.972    0.0173988
6.973    0.0173882
6.974    0.0173777
6.975    0.0173672
6.976    0.0173567
6.977    0.0173463
6.978    0.0173358
6.979    0.0173254
6.98    0.0173149
6.981    0.0173045
6.982    0.0172941
6.983    0.0172837
6.984    0.0172733
6.985    0.0172629
6.986    0.0172526
6.987    0.0172422
6.988    0.0172319
6.989    0.0172216
6.99    0.0172113
6.991    0.017201
6.992    0.0171907
6.993    0.0171804
6.994    0.0171702
6.995    0.0171599
6.996    0.0171497
6.997    0.0171395
6.998    0.0171292
6.999    0.017119
7    0.0171089
7.001    0.0170987
7.002    0.0170885
7.003    0.0170784
7.004    0.0170682
7.005    0.0170581
7.006    0.017048
7.007    0.0170379
7.008    0.0170278
7.009    0.0170177
7.01    0.0170077
7.011    0.0169976
7.012    0.0169876
7.013    0.0169775
7.014    0.0169675
7.015    0.0169575
7.016    0.0169475
7.017    0.0169375
7.018    0.0169276
7.019    0.0169176
7.02    0.0169077
7.021    0.0168977
7.022    0.0168878
7.023    0.0168779
7.024    0.016868
7.025    0.0168581
7.026    0.0168482
7.027    0.0168384
7.028    0.0168285
7.029    0.0168187
7.03    0.0168088
7.031    0.016799
7.032    0.0167892
7.033    0.0167794
7.034    0.0167696
7.035    0.0167598
7.036    0.0167501
7.037    0.0167403
7.038    0.0167306
7.039    0.0167209
7.04    0.0167111
7.041    0.0167014
7.042    0.0166917
7.043    0.0166821
7.044    0.0166724
7.045    0.0166627
7.046    0.0166531
7.047    0.0166434
7.048    0.0166338
7.049    0.0166242
7.05    0.0166146
7.051    0.016605
7.052    0.0165954
7.053    0.0165859
7.054    0.0165763
7.055    0.0165667
7.056    0.0165572
7.057    0.0165477
7.058    0.0165382
7.059    0.0165287
7.06    0.0165192
7.061    0.0165097
7.062    0.0165002
7.063    0.0164907
7.064    0.0164813
7.065    0.0164718
7.066    0.0164624
7.067    0.016453
7.068    0.0164436
7.069    0.0164342
7.07    0.0164248
7.071    0.0164154
7.072    0.0164061
7.073    0.0163967
7.074    0.0163874
7.075    0.016378
7.076    0.0163687
7.077    0.0163594
7.078    0.0163501
7.079    0.0163408
7.08    0.0163315
7.081    0.0163223
7.082    0.016313
7.083    0.0163037
7.084    0.0162945
7.085    0.0162853
7.086    0.0162761
7.087    0.0162669
7.088    0.0162577
7.089    0.0162485
7.09    0.0162393
7.091    0.0162301
7.092    0.016221
7.093    0.0162118
7.094    0.0162027
7.095    0.0161936
7.096    0.0161845
7.097    0.0161754
7.098    0.0161663
7.099    0.0161572
7.1    0.0161481
7.101    0.016139
7.102    0.01613
7.103    0.0161209
7.104    0.0161119
7.105    0.0161029
7.106    0.0160939
7.107    0.0160849
7.108    0.0160759
7.109    0.0160669
7.11    0.0160579
7.111    0.016049
7.112    0.01604
7.113    0.0160311
7.114    0.0160221
7.115    0.0160132
7.116    0.0160043
7.117    0.0159954
7.118    0.0159865
7.119    0.0159776
7.12    0.0159687
7.121    0.0159599
7.122    0.015951
7.123    0.0159422
7.124    0.0159333
7.125    0.0159245
7.126    0.0159157
7.127    0.0159069
7.128    0.0158981
7.129    0.0158893
7.13    0.0158805
7.131    0.0158717
7.132    0.015863
7.133    0.0158542
7.134    0.0158455
7.135    0.0158368
7.136    0.0158281
7.137    0.0158193
7.138    0.0158106
7.139    0.015802
7.14    0.0157933
7.141    0.0157846
7.142    0.0157759
7.143    0.0157673
7.144    0.0157586
7.145    0.01575
7.146    0.0157414
7.147    0.0157328
7.148    0.0157242
7.149    0.0157156
7.15    0.015707
7.151    0.0156984
7.152    0.0156898
7.153    0.0156813
7.154    0.0156727
7.155    0.0156642
7.156    0.0156556
7.157    0.0156471
7.158    0.0156386
7.159    0.0156301
7.16    0.0156216
7.161    0.0156131
7.162    0.0156046
7.163    0.0155962
7.164    0.0155877
7.165    0.0155792
7.166    0.0155708
7.167    0.0155624
7.168    0.015554
7.169    0.0155455
7.17    0.0155371
7.171    0.0155287
7.172    0.0155203
7.173    0.015512
7.174    0.0155036
7.175    0.0154952
7.176    0.0154869
7.177    0.0154785
7.178    0.0154702
7.179    0.0154619
7.18    0.0154536
7.181    0.0154453
7.182    0.015437
7.183    0.0154287
7.184    0.0154204
7.185    0.0154121
7.186    0.0154039
7.187    0.0153956
7.188    0.0153874
7.189    0.0153791
7.19    0.0153709
7.191    0.0153627
7.192    0.0153545
7.193    0.0153463
7.194    0.0153381
7.195    0.0153299
7.196    0.0153217
7.197    0.0153135
7.198    0.0153054
7.199    0.0152972
7.2    0.0152891
7.201    0.0152809
7.202    0.0152728
7.203    0.0152647
7.204    0.0152566
7.205    0.0152485
7.206    0.0152404
7.207    0.0152323
7.208    0.0152242
7.209    0.0152162
7.21    0.0152081
7.211    0.0152001
7.212    0.015192
7.213    0.015184
7.214    0.015176
7.215    0.015168
7.216    0.0151599
7.217    0.0151519
7.218    0.015144
7.219    0.015136
7.22    0.015128
7.221    0.01512
7.222    0.0151121
7.223    0.0151041
7.224    0.0150962
7.225    0.0150882
7.226    0.0150803
7.227    0.0150724
7.228    0.0150645
7.229    0.0150566
7.23    0.0150487
7.231    0.0150408
7.232    0.0150329
7.233    0.0150251
7.234    0.0150172
7.235    0.0150094
7.236    0.0150015
7.237    0.0149937
7.238    0.0149858
7.239    0.014978
7.24    0.0149702
7.241    0.0149624
7.242    0.0149546
7.243    0.0149468
7.244    0.014939
7.245    0.0149313
7.246    0.0149235
7.247    0.0149158
7.248    0.014908
7.249    0.0149003
7.25    0.0148925
7.251    0.0148848
7.252    0.0148771
7.253    0.0148694
7.254    0.0148617
7.255    0.014854
7.256    0.0148463
7.257    0.0148386
7.258    0.014831
7.259    0.0148233
7.26    0.0148156
7.261    0.014808
7.262    0.0148004
7.263    0.0147927
7.264    0.0147851
7.265    0.0147775
7.266    0.0147699
7.267    0.0147623
7.268    0.0147547
7.269    0.0147471
7.27    0.0147395
7.271    0.0147319
7.272    0.0147244
7.273    0.0147168
7.274    0.0147093
7.275    0.0147017
7.276    0.0146942
7.277    0.0146867
7.278    0.0146792
7.279    0.0146717
7.28    0.0146642
7.281    0.0146567
7.282    0.0146492
7.283    0.0146417
7.284    0.0146342
7.285    0.0146268
7.286    0.0146193
7.287    0.0146118
7.288    0.0146044
7.289    0.014597
7.29    0.0145895
7.291    0.0145821
7.292    0.0145747
7.293    0.0145673
7.294    0.0145599
7.295    0.0145525
7.296    0.0145451
7.297    0.0145378
7.298    0.0145304
7.299    0.014523
7.3    0.0145157
7.301    0.0145083
7.302    0.014501
7.303    0.0144936
7.304    0.0144863
7.305    0.014479
7.306    0.0144717
7.307    0.0144644
7.308    0.0144571
7.309    0.0144498
7.31    0.0144425
7.311    0.0144352
7.312    0.014428
7.313    0.0144207
7.314    0.0144135
7.315    0.0144062
7.316    0.014399
7.317    0.0143917
7.318    0.0143845
7.319    0.0143773
7.32    0.0143701
7.321    0.0143629
7.322    0.0143557
7.323    0.0143485
7.324    0.0143413
7.325    0.0143341
7.326    0.014327
7.327    0.0143198
7.328    0.0143126
7.329    0.0143055
7.33    0.0142984
7.331    0.0142912
7.332    0.0142841
7.333    0.014277
7.334    0.0142699
7.335    0.0142627
7.336    0.0142556
7.337    0.0142486
7.338    0.0142415
7.339    0.0142344
7.34    0.0142273
7.341    0.0142203
7.342    0.0142132
7.343    0.0142061
7.344    0.0141991
7.345    0.0141921
7.346    0.014185
7.347    0.014178
7.348    0.014171
7.349    0.014164
7.35    0.014157
7.351    0.01415
7.352    0.014143
7.353    0.014136
7.354    0.014129
7.355    0.014122
7.356    0.0141151
7.357    0.0141081
7.358    0.0141012
7.359    0.0140942
7.36    0.0140873
7.361    0.0140803
7.362    0.0140734
7.363    0.0140665
7.364    0.0140596
7.365    0.0140527
7.366    0.0140458
7.367    0.0140389
7.368    0.014032
7.369    0.0140251
7.37    0.0140183
7.371    0.0140114
7.372    0.0140045
7.373    0.0139977
7.374    0.0139908
7.375    0.013984
7.376    0.0139772
7.377    0.0139703
7.378    0.0139635
7.379    0.0139567
7.38    0.0139499
7.381    0.0139431
7.382    0.0139363
7.383    0.0139295
7.384    0.0139227
7.385    0.0139159
7.386    0.0139092
7.387    0.0139024
7.388    0.0138957
7.389    0.0138889
7.39    0.0138822
7.391    0.0138754
7.392    0.0138687
7.393    0.013862
7.394    0.0138553
7.395    0.0138485
7.396    0.0138418
7.397    0.0138351
7.398    0.0138284
7.399    0.0138218
7.4    0.0138151
7.401    0.0138084
7.402    0.0138017
7.403    0.0137951
7.404    0.0137884
7.405    0.0137818
7.406    0.0137751
7.407    0.0137685
7.408    0.0137618
7.409    0.0137552
7.41    0.0137486
7.411    0.013742
7.412    0.0137354
7.413    0.0137288
7.414    0.0137222
7.415    0.0137156
7.416    0.013709
7.417    0.0137024
7.418    0.0136959
7.419    0.0136893
7.42    0.0136827
7.421    0.0136762
7.422    0.0136696
7.423    0.0136631
7.424    0.0136566
7.425    0.01365
7.426    0.0136435
7.427    0.013637
7.428    0.0136305
7.429    0.013624
7.43    0.0136175
7.431    0.013611
7.432    0.0136045
7.433    0.013598
7.434    0.0135916
7.435    0.0135851
7.436    0.0135786
7.437    0.0135722
7.438    0.0135657
7.439    0.0135593
7.44    0.0135528
7.441    0.0135464
7.442    0.01354
7.443    0.0135336
7.444    0.0135271
7.445    0.0135207
7.446    0.0135143
7.447    0.0135079
7.448    0.0135015
7.449    0.0134952
7.45    0.0134888
7.451    0.0134824
7.452    0.013476
7.453    0.0134697
7.454    0.0134633
7.455    0.013457
7.456    0.0134506
7.457    0.0134443
7.458    0.0134379
7.459    0.0134316
7.46    0.0134253
7.461    0.013419
7.462    0.0134127
7.463    0.0134064
7.464    0.0134001
7.465    0.0133938
7.466    0.0133875
7.467    0.0133812
7.468    0.0133749
7.469    0.0133686
7.47    0.0133624
7.471    0.0133561
7.472    0.0133499
7.473    0.0133436
7.474    0.0133374
7.475    0.0133311
7.476    0.0133249
7.477    0.0133187
7.478    0.0133124
7.479    0.0133062
7.48    0.0133
7.481    0.0132938
7.482    0.0132876
7.483    0.0132814
7.484    0.0132752
7.485    0.0132691
7.486    0.0132629
7.487    0.0132567
7.488    0.0132505
7.489    0.0132444
7.49    0.0132382
7.491    0.0132321
7.492    0.0132259
7.493    0.0132198
7.494    0.0132137
7.495    0.0132075
7.496    0.0132014
7.497    0.0131953
7.498    0.0131892
7.499    0.0131831
7.5    0.013177
7.501    0.0131709
7.502    0.0131648
7.503    0.0131587
7.504    0.0131526
7.505    0.0131466
7.506    0.0131405
7.507    0.0131344
7.508    0.0131284
7.509    0.0131223
7.51    0.0131163
7.511    0.0131102
7.512    0.0131042
7.513    0.0130982
7.514    0.0130921
7.515    0.0130861
7.516    0.0130801
7.517    0.0130741
7.518    0.0130681
7.519    0.0130621
7.52    0.0130561
7.521    0.0130501
7.522    0.0130441
7.523    0.0130381
7.524    0.0130322
7.525    0.0130262
7.526    0.0130202
7.527    0.0130143
7.528    0.0130083
7.529    0.0130024
7.53    0.0129964
7.531    0.0129905
7.532    0.0129846
7.533    0.0129786
7.534    0.0129727
7.535    0.0129668
7.536    0.0129609
7.537    0.012955
7.538    0.0129491
7.539    0.0129432
7.54    0.0129373
7.541    0.0129314
7.542    0.0129255
7.543    0.0129197
7.544    0.0129138
7.545    0.0129079
7.546    0.0129021
7.547    0.0128962
7.548    0.0128904
7.549    0.0128845
7.55    0.0128787
7.551    0.0128728
7.552    0.012867
7.553    0.0128612
7.554    0.0128554
7.555    0.0128496
7.556    0.0128437
7.557    0.0128379
7.558    0.0128321
7.559    0.0128263
7.56    0.0128206
7.561    0.0128148
7.562    0.012809
7.563    0.0128032
7.564    0.0127974
7.565    0.0127917
7.566    0.0127859
7.567    0.0127802
7.568    0.0127744
7.569    0.0127687
7.57    0.0127629
7.571    0.0127572
7.572    0.0127515
7.573    0.0127457
7.574    0.01274
7.575    0.0127343
7.576    0.0127286
7.577    0.0127229
7.578    0.0127172
7.579    0.0127115
7.58    0.0127058
7.581    0.0127001
7.582    0.0126944
7.583    0.0126888
7.584    0.0126831
7.585    0.0126774
7.586    0.0126718
7.587    0.0126661
7.588    0.0126604
7.589    0.0126548
7.59    0.0126492
7.591    0.0126435
7.592    0.0126379
7.593    0.0126323
7.594    0.0126266
7.595    0.012621
7.596    0.0126154
7.597    0.0126098
7.598    0.0126042
7.599    0.0125986
7.6    0.012593
7.601    0.0125874
7.602    0.0125818
7.603    0.0125762
7.604    0.0125706
7.605    0.0125651
7.606    0.0125595
7.607    0.0125539
7.608    0.0125484
7.609    0.0125428
7.61    0.0125373
7.611    0.0125317
7.612    0.0125262
7.613    0.0125207
7.614    0.0125151
7.615    0.0125096
7.616    0.0125041
7.617    0.0124986
7.618    0.0124931
7.619    0.0124875
7.62    0.012482
7.621    0.0124765
7.622    0.012471
7.623    0.0124656
7.624    0.0124601
7.625    0.0124546
7.626    0.0124491
7.627    0.0124436
7.628    0.0124382
7.629    0.0124327
7.63    0.0124273
7.631    0.0124218
7.632    0.0124164
7.633    0.0124109
7.634    0.0124055
7.635    0.0124
7.636    0.0123946
7.637    0.0123892
7.638    0.0123838
7.639    0.0123784
7.64    0.0123729
7.641    0.0123675
7.642    0.0123621
7.643    0.0123567
7.644    0.0123513
7.645    0.0123459
7.646    0.0123406
7.647    0.0123352
7.648    0.0123298
7.649    0.0123244
7.65    0.0123191
7.651    0.0123137
7.652    0.0123083
7.653    0.012303
7.654    0.0122976
7.655    0.0122923
7.656    0.0122869
7.657    0.0122816
7.658    0.0122763
7.659    0.0122709
7.66    0.0122656
7.661    0.0122603
7.662    0.012255
7.663    0.0122497
7.664    0.0122444
7.665    0.0122391
7.666    0.0122338
7.667    0.0122285
7.668    0.0122232
7.669    0.0122179
7.67    0.0122126
7.671    0.0122073
7.672    0.0122021
7.673    0.0121968
7.674    0.0121915
7.675    0.0121863
7.676    0.012181
7.677    0.0121758
7.678    0.0121705
7.679    0.0121653
7.68    0.01216
7.681    0.0121548
7.682    0.0121496
7.683    0.0121444
7.684    0.0121391
7.685    0.0121339
7.686    0.0121287
7.687    0.0121235
7.688    0.0121183
7.689    0.0121131
7.69    0.0121079
7.691    0.0121027
7.692    0.0120975
7.693    0.0120923
7.694    0.0120872
7.695    0.012082
7.696    0.0120768
7.697    0.0120716
7.698    0.0120665
7.699    0.0120613
7.7    0.0120562
7.701    0.012051
7.702    0.0120459
7.703    0.0120407
7.704    0.0120356
7.705    0.0120305
7.706    0.0120253
7.707    0.0120202
7.708    0.0120151
7.709    0.01201
7.71    0.0120049
7.711    0.0119997
7.712    0.0119946
7.713    0.0119895
7.714    0.0119844
7.715    0.0119793
7.716    0.0119743
7.717    0.0119692
7.718    0.0119641
7.719    0.011959
7.72    0.0119539
7.721    0.0119489
7.722    0.0119438
7.723    0.0119388
7.724    0.0119337
7.725    0.0119286
7.726    0.0119236
7.727    0.0119186
7.728    0.0119135
7.729    0.0119085
7.73    0.0119034
7.731    0.0118984
7.732    0.0118934
7.733    0.0118884
7.734    0.0118834
7.735    0.0118783
7.736    0.0118733
7.737    0.0118683
7.738    0.0118633
7.739    0.0118583
7.74    0.0118533
7.741    0.0118483
7.742    0.0118434
7.743    0.0118384
7.744    0.0118334
7.745    0.0118284
7.746    0.0118235
7.747    0.0118185
7.748    0.0118135
7.749    0.0118086
7.75    0.0118036
7.751    0.0117987
7.752    0.0117937
7.753    0.0117888
7.754    0.0117838
7.755    0.0117789
7.756    0.011774
7.757    0.0117691
7.758    0.0117641
7.759    0.0117592
7.76    0.0117543
7.761    0.0117494
7.762    0.0117445
7.763    0.0117396
7.764    0.0117347
7.765    0.0117298
7.766    0.0117249
7.767    0.01172
7.768    0.0117151
7.769    0.0117102
7.77    0.0117054
7.771    0.0117005
7.772    0.0116956
7.773    0.0116908
7.774    0.0116859
7.775    0.011681
7.776    0.0116762
7.777    0.0116713
7.778    0.0116665
7.779    0.0116616
7.78    0.0116568
7.781    0.011652
7.782    0.0116471
7.783    0.0116423
7.784    0.0116375
7.785    0.0116327
7.786    0.0116278
7.787    0.011623
7.788    0.0116182
7.789    0.0116134
7.79    0.0116086
7.791    0.0116038
7.792    0.011599
7.793    0.0115942
7.794    0.0115894
7.795    0.0115847
7.796    0.0115799
7.797    0.0115751
7.798    0.0115703
7.799    0.0115656
7.8    0.0115608
7.801    0.011556
7.802    0.0115513
7.803    0.0115465
7.804    0.0115418
7.805    0.011537
7.806    0.0115323
7.807    0.0115275
7.808    0.0115228
7.809    0.0115181
7.81    0.0115133
7.811    0.0115086
7.812    0.0115039
7.813    0.0114992
7.814    0.0114945
7.815    0.0114898
7.816    0.011485
7.817    0.0114803
7.818    0.0114756
7.819    0.0114709
7.82    0.0114663
7.821    0.0114616
7.822    0.0114569
7.823    0.0114522
7.824    0.0114475
7.825    0.0114428
7.826    0.0114382
7.827    0.0114335
7.828    0.0114288
7.829    0.0114242
7.83    0.0114195
7.831    0.0114149
7.832    0.0114102
7.833    0.0114056
7.834    0.0114009
7.835    0.0113963
7.836    0.0113917
7.837    0.011387
7.838    0.0113824
7.839    0.0113778
7.84    0.0113731
7.841    0.0113685
7.842    0.0113639
7.843    0.0113593
7.844    0.0113547
7.845    0.0113501
7.846    0.0113455
7.847    0.0113409
7.848    0.0113363
7.849    0.0113317
7.85    0.0113271
7.851    0.0113225
7.852    0.0113179
7.853    0.0113134
7.854    0.0113088
7.855    0.0113042
7.856    0.0112997
7.857    0.0112951
7.858    0.0112905
7.859    0.011286
7.86    0.0112814
7.861    0.0112769
7.862    0.0112723
7.863    0.0112678
7.864    0.0112632
7.865    0.0112587
7.866    0.0112542
7.867    0.0112496
7.868    0.0112451
7.869    0.0112406
7.87    0.0112361
7.871    0.0112316
7.872    0.011227
7.873    0.0112225
7.874    0.011218
7.875    0.0112135
7.876    0.011209
7.877    0.0112045
7.878    0.0112
7.879    0.0111956
7.88    0.0111911
7.881    0.0111866
7.882    0.0111821
7.883    0.0111776
7.884    0.0111732
7.885    0.0111687
7.886    0.0111642
7.887    0.0111598
7.888    0.0111553
7.889    0.0111508
7.89    0.0111464
7.891    0.0111419
7.892    0.0111375
7.893    0.011133
7.894    0.0111286
7.895    0.0111242
7.896    0.0111197
7.897    0.0111153
7.898    0.0111109
7.899    0.0111065
7.9    0.011102
7.901    0.0110976
7.902    0.0110932
7.903    0.0110888
7.904    0.0110844
7.905    0.01108
7.906    0.0110756
7.907    0.0110712
7.908    0.0110668
7.909    0.0110624
7.91    0.011058
7.911    0.0110536
7.912    0.0110492
7.913    0.0110449
7.914    0.0110405
7.915    0.0110361
7.916    0.0110318
7.917    0.0110274
7.918    0.011023
7.919    0.0110187
7.92    0.0110143
7.921    0.01101
7.922    0.0110056
7.923    0.0110013
7.924    0.0109969
7.925    0.0109926
7.926    0.0109882
7.927    0.0109839
7.928    0.0109796
7.929    0.0109752
7.93    0.0109709
7.931    0.0109666
7.932    0.0109623
7.933    0.010958
7.934    0.0109537
7.935    0.0109493
7.936    0.010945
7.937    0.0109407
7.938    0.0109364
7.939    0.0109321
7.94    0.0109279
7.941    0.0109236
7.942    0.0109193
7.943    0.010915
7.944    0.0109107
7.945    0.0109064
7.946    0.0109022
7.947    0.0108979
7.948    0.0108936
7.949    0.0108894
7.95    0.0108851
7.951    0.0108808
7.952    0.0108766
7.953    0.0108723
7.954    0.0108681
7.955    0.0108638
7.956    0.0108596
7.957    0.0108553
7.958    0.0108511
7.959    0.0108469
7.96    0.0108426
7.961    0.0108384
7.962    0.0108342
7.963    0.01083
7.964    0.0108257
7.965    0.0108215
7.966    0.0108173
7.967    0.0108131
7.968    0.0108089
7.969    0.0108047
7.97    0.0108005
7.971    0.0107963
7.972    0.0107921
7.973    0.0107879
7.974    0.0107837
7.975    0.0107795
7.976    0.0107753
7.977    0.0107712
7.978    0.010767
7.979    0.0107628
7.98    0.0107586
7.981    0.0107545
7.982    0.0107503
7.983    0.0107461
7.984    0.010742
7.985    0.0107378
7.986    0.0107337
7.987    0.0107295
7.988    0.0107254
7.989    0.0107212
7.99    0.0107171
7.991    0.0107129
7.992    0.0107088
7.993    0.0107047
7.994    0.0107005
7.995    0.0106964
7.996    0.0106923
7.997    0.0106882
7.998    0.010684
7.999    0.0106799
8    0.0106758
8.001    0.0106717
8.002    0.0106676
8.003    0.0106635
8.004    0.0106594
8.005    0.0106553
8.006    0.0106512
8.007    0.0106471
8.008    0.010643
8.009    0.0106389
8.01    0.0106348
8.011    0.0106308
8.012    0.0106267
8.013    0.0106226
8.014    0.0106185
8.015    0.0106145
8.016    0.0106104
8.017    0.0106063
8.018    0.0106023
8.019    0.0105982
8.02    0.0105942
8.021    0.0105901
8.022    0.0105861
8.023    0.010582
8.024    0.010578
8.025    0.0105739
8.026    0.0105699
8.027    0.0105659
8.028    0.0105618
8.029    0.0105578
8.03    0.0105538
8.031    0.0105497
8.032    0.0105457
8.033    0.0105417
8.034    0.0105377
8.035    0.0105337
8.036    0.0105297
8.037    0.0105257
8.038    0.0105216
8.039    0.0105176
8.04    0.0105136
8.041    0.0105096
8.042    0.0105057
8.043    0.0105017
8.044    0.0104977
8.045    0.0104937
8.046    0.0104897
8.047    0.0104857
8.048    0.0104818
8.049    0.0104778
8.05    0.0104738
8.051    0.0104698
8.052    0.0104659
8.053    0.0104619
8.054    0.0104579
8.055    0.010454
8.056    0.01045
8.057    0.0104461
8.058    0.0104421
8.059    0.0104382
8.06    0.0104342
8.061    0.0104303
8.062    0.0104264
8.063    0.0104224
8.064    0.0104185
8.065    0.0104146
8.066    0.0104106
8.067    0.0104067
8.068    0.0104028
8.069    0.0103989
8.07    0.0103949
8.071    0.010391
8.072    0.0103871
8.073    0.0103832
8.074    0.0103793
8.075    0.0103754
8.076    0.0103715
8.077    0.0103676
8.078    0.0103637
8.079    0.0103598
8.08    0.0103559
8.081    0.010352
8.082    0.0103481
8.083    0.0103443
8.084    0.0103404
8.085    0.0103365
8.086    0.0103326
8.087    0.0103288
8.088    0.0103249
8.089    0.010321
8.09    0.0103172
8.091    0.0103133
8.092    0.0103094
8.093    0.0103056
8.094    0.0103017
8.095    0.0102979
8.096    0.010294
8.097    0.0102902
8.098    0.0102863
8.099    0.0102825
8.1    0.0102787
8.101    0.0102748
8.102    0.010271
8.103    0.0102672
8.104    0.0102633
8.105    0.0102595
8.106    0.0102557
8.107    0.0102519
8.108    0.0102481
8.109    0.0102442
8.11    0.0102404
8.111    0.0102366
8.112    0.0102328
8.113    0.010229
8.114    0.0102252
8.115    0.0102214
8.116    0.0102176
8.117    0.0102138
8.118    0.01021
8.119    0.0102062
8.12    0.0102025
8.121    0.0101987
8.122    0.0101949
8.123    0.0101911
8.124    0.0101873
8.125    0.0101836
8.126    0.0101798
8.127    0.010176
8.128    0.0101723
8.129    0.0101685
8.13    0.0101647
8.131    0.010161
8.132    0.0101572
8.133    0.0101535
8.134    0.0101497
8.135    0.010146
8.136    0.0101422
8.137    0.0101385
8.138    0.0101347
8.139    0.010131
8.14    0.0101273
8.141    0.0101235
8.142    0.0101198
8.143    0.0101161
8.144    0.0101123
8.145    0.0101086
8.146    0.0101049
8.147    0.0101012
8.148    0.0100975
8.149    0.0100938
8.15    0.01009
8.151    0.0100863
8.152    0.0100826
8.153    0.0100789
8.154    0.0100752
8.155    0.0100715
8.156    0.0100678
8.157    0.0100641
8.158    0.0100604
8.159    0.0100568
8.16    0.0100531
8.161    0.0100494
8.162    0.0100457
8.163    0.010042
8.164    0.0100383
8.165    0.0100347
8.166    0.010031
8.167    0.0100273
8.168    0.0100237
8.169    0.01002
8.17    0.0100163
8.171    0.0100127
8.172    0.010009
8.173    0.0100054
8.174    0.0100017
8.175    0.00999807
8.176    0.00999442
8.177    0.00999078
8.178    0.00998713
8.179    0.00998349
8.18    0.00997986
8.181    0.00997622
8.182    0.00997259
8.183    0.00996896
8.184    0.00996533
8.185    0.0099617
8.186    0.00995808
8.187    0.00995446
8.188    0.00995084
8.189    0.00994722
8.19    0.00994361
8.191    0.00994
8.192    0.00993639
8.193    0.00993278
8.194    0.00992918
8.195    0.00992558
8.196    0.00992198
8.197    0.00991838
8.198    0.00991478
8.199    0.00991119
8.2    0.0099076
8.201    0.00990401
8.202    0.00990043
8.203    0.00989685
8.204    0.00989326
8.205    0.00988969
8.206    0.00988611
8.207    0.00988254
8.208    0.00987896
8.209    0.0098754
8.21    0.00987183
8.211    0.00986826
8.212    0.0098647
8.213    0.00986114
8.214    0.00985758
8.215    0.00985403
8.216    0.00985048
8.217    0.00984693
8.218    0.00984338
8.219    0.00983983
8.22    0.00983629
8.221    0.00983275
8.222    0.00982921
8.223    0.00982567
8.224    0.00982214
8.225    0.0098186
8.226    0.00981507
8.227    0.00981155
8.228    0.00980802
8.229    0.0098045
8.23    0.00980098
8.231    0.00979746
8.232    0.00979394
8.233    0.00979043
8.234    0.00978692
8.235    0.00978341
8.236    0.0097799
8.237    0.00977639
8.238    0.00977289
8.239    0.00976939
8.24    0.00976589
8.241    0.0097624
8.242    0.0097589
8.243    0.00975541
8.244    0.00975192
8.245    0.00974844
8.246    0.00974495
8.247    0.00974147
8.248    0.00973799
8.249    0.00973451
8.25    0.00973104
8.251    0.00972756
8.252    0.00972409
8.253    0.00972062
8.254    0.00971716
8.255    0.00971369
8.256    0.00971023
8.257    0.00970677
8.258    0.00970331
8.259    0.00969986
8.26    0.0096964
8.261    0.00969295
8.262    0.0096895
8.263    0.00968606
8.264    0.00968261
8.265    0.00967917
8.266    0.00967573
8.267    0.00967229
8.268    0.00966885
8.269    0.00966542
8.27    0.00966199
8.271    0.00965856
8.272    0.00965513
8.273    0.00965171
8.274    0.00964829
8.275    0.00964487
8.276    0.00964145
8.277    0.00963803
8.278    0.00963462
8.279    0.00963121
8.28    0.0096278
8.281    0.00962439
8.282    0.00962098
8.283    0.00961758
8.284    0.00961418
8.285    0.00961078
8.286    0.00960738
8.287    0.00960399
8.288    0.0096006
8.289    0.00959721
8.29    0.00959382
8.291    0.00959043
8.292    0.00958705
8.293    0.00958367
8.294    0.00958029
8.295    0.00957691
8.296    0.00957354
8.297    0.00957016
8.298    0.00956679
8.299    0.00956342
8.3    0.00956006
8.301    0.00955669
8.302    0.00955333
8.303    0.00954997
8.304    0.00954661
8.305    0.00954326
8.306    0.0095399
8.307    0.00953655
8.308    0.0095332
8.309    0.00952985
8.31    0.00952651
8.311    0.00952316
8.312    0.00951982
8.313    0.00951648
8.314    0.00951315
8.315    0.00950981
8.316    0.00950648
8.317    0.00950315
8.318    0.00949982
8.319    0.00949649
8.32    0.00949317
8.321    0.00948985
8.322    0.00948653
8.323    0.00948321
8.324    0.00947989
8.325    0.00947658
8.326    0.00947326
8.327    0.00946996
8.328    0.00946665
8.329    0.00946334
8.33    0.00946004
8.331    0.00945674
8.332    0.00945344
8.333    0.00945014
8.334    0.00944684
8.335    0.00944355
8.336    0.00944026
8.337    0.00943697
8.338    0.00943368
8.339    0.0094304
8.34    0.00942711
8.341    0.00942383
8.342    0.00942055
8.343    0.00941728
8.344    0.009414
8.345    0.00941073
8.346    0.00940746
8.347    0.00940419
8.348    0.00940092
8.349    0.00939766
8.35    0.00939439
8.351    0.00939113
8.352    0.00938787
8.353    0.00938462
8.354    0.00938136
8.355    0.00937811
8.356    0.00937486
8.357    0.00937161
8.358    0.00936836
8.359    0.00936512
8.36    0.00936188
8.361    0.00935864
8.362    0.0093554
8.363    0.00935216
8.364    0.00934893
8.365    0.00934569
8.366    0.00934246
8.367    0.00933924
8.368    0.00933601
8.369    0.00933278
8.37    0.00932956
8.371    0.00932634
8.372    0.00932312
8.373    0.00931991
8.374    0.00931669
8.375    0.00931348
8.376    0.00931027
8.377    0.00930706
8.378    0.00930385
8.379    0.00930065
8.38    0.00929744
8.381    0.00929424
8.382    0.00929104
8.383    0.00928785
8.384    0.00928465
8.385    0.00928146
8.386    0.00927827
8.387    0.00927508
8.388    0.00927189
8.389    0.00926871
8.39    0.00926552
8.391    0.00926234
8.392    0.00925916
8.393    0.00925599
8.394    0.00925281
8.395    0.00924964
8.396    0.00924647
8.397    0.0092433
8.398    0.00924013
8.399    0.00923696
8.4    0.0092338
8.401    0.00923064
8.402    0.00922748
8.403    0.00922432
8.404    0.00922116
8.405    0.00921801
8.406    0.00921486
8.407    0.00921171
8.408    0.00920856
8.409    0.00920541
8.41    0.00920227
8.411    0.00919912
8.412    0.00919598
8.413    0.00919284
8.414    0.00918971
8.415    0.00918657
8.416    0.00918344
8.417    0.00918031
8.418    0.00917718
8.419    0.00917405
8.42    0.00917093
8.421    0.0091678
8.422    0.00916468
8.423    0.00916156
8.424    0.00915844
8.425    0.00915533
8.426    0.00915221
8.427    0.0091491
8.428    0.00914599
8.429    0.00914288
8.43    0.00913977
8.431    0.00913667
8.432    0.00913357
8.433    0.00913047
8.434    0.00912737
8.435    0.00912427
8.436    0.00912117
8.437    0.00911808
8.438    0.00911499
8.439    0.0091119
8.44    0.00910881
8.441    0.00910572
8.442    0.00910264
8.443    0.00909956
8.444    0.00909648
8.445    0.0090934
8.446    0.00909032
8.447    0.00908725
8.448    0.00908417
8.449    0.0090811
8.45    0.00907803
8.451    0.00907497
8.452    0.0090719
8.453    0.00906884
8.454    0.00906577
8.455    0.00906271
8.456    0.00905966
8.457    0.0090566
8.458    0.00905354
8.459    0.00905049
8.46    0.00904744
8.461    0.00904439
8.462    0.00904134
8.463    0.0090383
8.464    0.00903525
8.465    0.00903221
8.466    0.00902917
8.467    0.00902613
8.468    0.0090231
8.469    0.00902006
8.47    0.00901703
8.471    0.009014
8.472    0.00901097
8.473    0.00900794
8.474    0.00900492
8.475    0.00900189
8.476    0.00899887
8.477    0.00899585
8.478    0.00899283
8.479    0.00898982
8.48    0.0089868
8.481    0.00898379
8.482    0.00898078
8.483    0.00897777
8.484    0.00897476
8.485    0.00897175
8.486    0.00896875
8.487    0.00896575
8.488    0.00896275
8.489    0.00895975
8.49    0.00895675
8.491    0.00895376
8.492    0.00895076
8.493    0.00894777
8.494    0.00894478
8.495    0.00894179
8.496    0.00893881
8.497    0.00893582
8.498    0.00893284
8.499    0.00892986
8.5    0.00892688
8.501    0.0089239
8.502    0.00892093
8.503    0.00891795
8.504    0.00891498
8.505    0.00891201
8.506    0.00890904
8.507    0.00890607
8.508    0.00890311
8.509    0.00890014
8.51    0.00889718
8.511    0.00889422
8.512    0.00889126
8.513    0.00888831
8.514    0.00888535
8.515    0.0088824
8.516    0.00887945
8.517    0.0088765
8.518    0.00887355
8.519    0.00887061
8.52    0.00886766
8.521    0.00886472
8.522    0.00886178
8.523    0.00885884
8.524    0.0088559
8.525    0.00885297
8.526    0.00885003
8.527    0.0088471
8.528    0.00884417
8.529    0.00884124
8.53    0.00883831
8.531    0.00883539
8.532    0.00883246
8.533    0.00882954
8.534    0.00882662
8.535    0.0088237
8.536    0.00882079
8.537    0.00881787
8.538    0.00881496
8.539    0.00881205
8.54    0.00880914
8.541    0.00880623
8.542    0.00880332
8.543    0.00880042
8.544    0.00879751
8.545    0.00879461
8.546    0.00879171
8.547    0.00878881
8.548    0.00878592
8.549    0.00878302
8.55    0.00878013
8.551    0.00877724
8.552    0.00877435
8.553    0.00877146
8.554    0.00876857
8.555    0.00876569
8.556    0.00876281
8.557    0.00875992
8.558    0.00875704
8.559    0.00875417
8.56    0.00875129
8.561    0.00874842
8.562    0.00874554
8.563    0.00874267
8.564    0.0087398
8.565    0.00873693
8.566    0.00873407
8.567    0.0087312
8.568    0.00872834
8.569    0.00872548
8.57    0.00872262
8.571    0.00871976
8.572    0.0087169
8.573    0.00871405
8.574    0.0087112
8.575    0.00870834
8.576    0.00870549
8.577    0.00870265
8.578    0.0086998
8.579    0.00869696
8.58    0.00869411
8.581    0.00869127
8.582    0.00868843
8.583    0.00868559
8.584    0.00868276
8.585    0.00867992
8.586    0.00867709
8.587    0.00867425
8.588    0.00867142
8.589    0.0086686
8.59    0.00866577
8.591    0.00866294
8.592    0.00866012
8.593    0.0086573
8.594    0.00865448
8.595    0.00865166
8.596    0.00864884
8.597    0.00864603
8.598    0.00864321
8.599    0.0086404
8.6    0.00863759
8.601    0.00863478
8.602    0.00863197
8.603    0.00862917
8.604    0.00862636
8.605    0.00862356
8.606    0.00862076
8.607    0.00861796
8.608    0.00861516
8.609    0.00861237
8.61    0.00860957
8.611    0.00860678
8.612    0.00860399
8.613    0.0086012
8.614    0.00859841
8.615    0.00859562
8.616    0.00859284
8.617    0.00859005
8.618    0.00858727
8.619    0.00858449
8.62    0.00858171
8.621    0.00857893
8.622    0.00857616
8.623    0.00857338
8.624    0.00857061
8.625    0.00856784
8.626    0.00856507
8.627    0.0085623
8.628    0.00855954
8.629    0.00855677
8.63    0.00855401
8.631    0.00855125
8.632    0.00854849
8.633    0.00854573
8.634    0.00854297
8.635    0.00854022
8.636    0.00853746
8.637    0.00853471
8.638    0.00853196
8.639    0.00852921
8.64    0.00852647
8.641    0.00852372
8.642    0.00852098
8.643    0.00851823
8.644    0.00851549
8.645    0.00851275
8.646    0.00851001
8.647    0.00850728
8.648    0.00850454
8.649    0.00850181
8.65    0.00849908
8.651    0.00849635
8.652    0.00849362
8.653    0.00849089
8.654    0.00848817
8.655    0.00848544
8.656    0.00848272
8.657    0.00848
8.658    0.00847728
8.659    0.00847456
8.66    0.00847184
8.661    0.00846913
8.662    0.00846641
8.663    0.0084637
8.664    0.00846099
8.665    0.00845828
8.666    0.00845558
8.667    0.00845287
8.668    0.00845017
8.669    0.00844746
8.67    0.00844476
8.671    0.00844206
8.672    0.00843936
8.673    0.00843667
8.674    0.00843397
8.675    0.00843128
8.676    0.00842859
8.677    0.0084259
8.678    0.00842321
8.679    0.00842052
8.68    0.00841783
8.681    0.00841515
8.682    0.00841246
8.683    0.00840978
8.684    0.0084071
8.685    0.00840442
8.686    0.00840175
8.687    0.00839907
8.688    0.0083964
8.689    0.00839372
8.69    0.00839105
8.691    0.00838838
8.692    0.00838571
8.693    0.00838305
8.694    0.00838038
8.695    0.00837772
8.696    0.00837506
8.697    0.0083724
8.698    0.00836974
8.699    0.00836708
8.7    0.00836442
8.701    0.00836177
8.702    0.00835911
8.703    0.00835646
8.704    0.00835381
8.705    0.00835116
8.706    0.00834852
8.707    0.00834587
8.708    0.00834322
8.709    0.00834058
8.71    0.00833794
8.711    0.0083353
8.712    0.00833266
8.713    0.00833002
8.714    0.00832739
8.715    0.00832475
8.716    0.00832212
8.717    0.00831949
8.718    0.00831686
8.719    0.00831423
8.72    0.0083116
8.721    0.00830898
8.722    0.00830635
8.723    0.00830373
8.724    0.00830111
8.725    0.00829849
8.726    0.00829587
8.727    0.00829325
8.728    0.00829064
8.729    0.00828803
8.73    0.00828541
8.731    0.0082828
8.732    0.00828019
8.733    0.00827758
8.734    0.00827498
8.735    0.00827237
8.736    0.00826977
8.737    0.00826717
8.738    0.00826456
8.739    0.00826196
8.74    0.00825937
8.741    0.00825677
8.742    0.00825417
8.743    0.00825158
8.744    0.00824899
8.745    0.0082464
8.746    0.00824381
8.747    0.00824122
8.748    0.00823863
8.749    0.00823605
8.75    0.00823346
8.751    0.00823088
8.752    0.0082283
8.753    0.00822572
8.754    0.00822314
8.755    0.00822056
8.756    0.00821799
8.757    0.00821541
8.758    0.00821284
8.759    0.00821027
8.76    0.0082077
8.761    0.00820513
8.762    0.00820256
8.763    0.0082
8.764    0.00819743
8.765    0.00819487
8.766    0.00819231
8.767    0.00818975
8.768    0.00818719
8.769    0.00818463
8.77    0.00818208
8.771    0.00817952
8.772    0.00817697
8.773    0.00817442
8.774    0.00817187
8.775    0.00816932
8.776    0.00816677
8.777    0.00816423
8.778    0.00816168
8.779    0.00815914
8.78    0.0081566
8.781    0.00815406
8.782    0.00815152
8.783    0.00814898
8.784    0.00814644
8.785    0.00814391
8.786    0.00814137
8.787    0.00813884
8.788    0.00813631
8.789    0.00813378
8.79    0.00813125
8.791    0.00812872
8.792    0.0081262
8.793    0.00812368
8.794    0.00812115
8.795    0.00811863
8.796    0.00811611
8.797    0.00811359
8.798    0.00811108
8.799    0.00810856
8.8    0.00810604
8.801    0.00810353
8.802    0.00810102
8.803    0.00809851
8.804    0.008096
8.805    0.00809349
8.806    0.00809099
8.807    0.00808848
8.808    0.00808598
8.809    0.00808347
8.81    0.00808097
8.811    0.00807847
8.812    0.00807598
8.813    0.00807348
8.814    0.00807098
8.815    0.00806849
8.816    0.008066
8.817    0.0080635
8.818    0.00806101
8.819    0.00805852
8.82    0.00805604
8.821    0.00805355
8.822    0.00805107
8.823    0.00804858
8.824    0.0080461
8.825    0.00804362
8.826    0.00804114
8.827    0.00803866
8.828    0.00803618
8.829    0.00803371
8.83    0.00803123
8.831    0.00802876
8.832    0.00802629
8.833    0.00802382
8.834    0.00802135
8.835    0.00801888
8.836    0.00801642
8.837    0.00801395
8.838    0.00801149
8.839    0.00800903
8.84    0.00800656
8.841    0.0080041
8.842    0.00800165
8.843    0.00799919
8.844    0.00799673
8.845    0.00799428
8.846    0.00799183
8.847    0.00798937
8.848    0.00798692
8.849    0.00798447
8.85    0.00798203
8.851    0.00797958
8.852    0.00797713
8.853    0.00797469
8.854    0.00797225
8.855    0.00796981
8.856    0.00796737
8.857    0.00796493
8.858    0.00796249
8.859    0.00796005
8.86    0.00795762
8.861    0.00795518
8.862    0.00795275
8.863    0.00795032
8.864    0.00794789
8.865    0.00794546
8.866    0.00794304
8.867    0.00794061
8.868    0.00793818
8.869    0.00793576
8.87    0.00793334
8.871    0.00793092
8.872    0.0079285
8.873    0.00792608
8.874    0.00792366
8.875    0.00792125
8.876    0.00791883
8.877    0.00791642
8.878    0.00791401
8.879    0.0079116
8.88    0.00790919
8.881    0.00790678
8.882    0.00790437
8.883    0.00790197
8.884    0.00789956
8.885    0.00789716
8.886    0.00789476
8.887    0.00789236
8.888    0.00788996
8.889    0.00788756
8.89    0.00788517
8.891    0.00788277
8.892    0.00788038
8.893    0.00787798
8.894    0.00787559
8.895    0.0078732
8.896    0.00787081
8.897    0.00786843
8.898    0.00786604
8.899    0.00786365
8.9    0.00786127
8.901    0.00785889
8.902    0.00785651
8.903    0.00785413
8.904    0.00785175
8.905    0.00784937
8.906    0.00784699
8.907    0.00784462
8.908    0.00784224
8.909    0.00783987
8.91    0.0078375
8.911    0.00783513
8.912    0.00783276
8.913    0.00783039
8.914    0.00782803
8.915    0.00782566
8.916    0.0078233
8.917    0.00782093
8.918    0.00781857
8.919    0.00781621
8.92    0.00781385
8.921    0.00781149
8.922    0.00780914
8.923    0.00780678
8.924    0.00780443
8.925    0.00780207
8.926    0.00779972
8.927    0.00779737
8.928    0.00779502
8.929    0.00779268
8.93    0.00779033
8.931    0.00778798
8.932    0.00778564
8.933    0.0077833
8.934    0.00778095
8.935    0.00777861
8.936    0.00777627
8.937    0.00777394
8.938    0.0077716
8.939    0.00776926
8.94    0.00776693
8.941    0.00776459
8.942    0.00776226
8.943    0.00775993
8.944    0.0077576
8.945    0.00775527
8.946    0.00775295
8.947    0.00775062
8.948    0.00774829
8.949    0.00774597
8.95    0.00774365
8.951    0.00774133
8.952    0.00773901
8.953    0.00773669
8.954    0.00773437
8.955    0.00773205
8.956    0.00772974
8.957    0.00772742
8.958    0.00772511
8.959    0.0077228
8.96    0.00772049
8.961    0.00771818
8.962    0.00771587
8.963    0.00771356
8.964    0.00771126
8.965    0.00770895
8.966    0.00770665
8.967    0.00770435
8.968    0.00770205
8.969    0.00769975
8.97    0.00769745
8.971    0.00769515
8.972    0.00769286
8.973    0.00769056
8.974    0.00768827
8.975    0.00768597
8.976    0.00768368
8.977    0.00768139
8.978    0.0076791
8.979    0.00767682
8.98    0.00767453
8.981    0.00767224
8.982    0.00766996
8.983    0.00766768
8.984    0.00766539
8.985    0.00766311
8.986    0.00766083
8.987    0.00765855
8.988    0.00765628
8.989    0.007654
8.99    0.00765173
8.991    0.00764945
8.992    0.00764718
8.993    0.00764491
8.994    0.00764264
8.995    0.00764037
8.996    0.0076381
8.997    0.00763583
8.998    0.00763357
8.999    0.0076313
9    0.00762904
9.001    0.00762678
9.002    0.00762452
9.003    0.00762226
9.004    0.00762
9.005    0.00761774
9.006    0.00761548
9.007    0.00761323
9.008    0.00761097
9.009    0.00760872
9.01    0.00760647
9.011    0.00760422
9.012    0.00760197
9.013    0.00759972
9.014    0.00759747
9.015    0.00759523
9.016    0.00759298
9.017    0.00759074
9.018    0.0075885
9.019    0.00758625
9.02    0.00758401
9.021    0.00758177
9.022    0.00757954
9.023    0.0075773
9.024    0.00757506
9.025    0.00757283
9.026    0.00757059
9.027    0.00756836
9.028    0.00756613
9.029    0.0075639
9.03    0.00756167
9.031    0.00755944
9.032    0.00755722
9.033    0.00755499
9.034    0.00755277
9.035    0.00755054
9.036    0.00754832
9.037    0.0075461
9.038    0.00754388
9.039    0.00754166
9.04    0.00753944
9.041    0.00753723
9.042    0.00753501
9.043    0.0075328
9.044    0.00753058
9.045    0.00752837
9.046    0.00752616
9.047    0.00752395
9.048    0.00752174
9.049    0.00751953
9.05    0.00751733
9.051    0.00751512
9.052    0.00751292
9.053    0.00751071
9.054    0.00750851
9.055    0.00750631
9.056    0.00750411
9.057    0.00750191
9.058    0.00749972
9.059    0.00749752
9.06    0.00749532
9.061    0.00749313
9.062    0.00749094
9.063    0.00748874
9.064    0.00748655
9.065    0.00748436
9.066    0.00748217
9.067    0.00747999
9.068    0.0074778
9.069    0.00747561
9.07    0.00747343
9.071    0.00747125
9.072    0.00746906
9.073    0.00746688
9.074    0.0074647
9.075    0.00746252
9.076    0.00746035
9.077    0.00745817
9.078    0.00745599
9.079    0.00745382
9.08    0.00745165
9.081    0.00744947
9.082    0.0074473
9.083    0.00744513
9.084    0.00744296
9.085    0.0074408
9.086    0.00743863
9.087    0.00743646
9.088    0.0074343
9.089    0.00743213
9.09    0.00742997
9.091    0.00742781
9.092    0.00742565
9.093    0.00742349
9.094    0.00742133
9.095    0.00741917
9.096    0.00741702
9.097    0.00741486
9.098    0.00741271
9.099    0.00741056
9.1    0.0074084
9.101    0.00740625
9.102    0.0074041
9.103    0.00740196
9.104    0.00739981
9.105    0.00739766
9.106    0.00739552
9.107    0.00739337
9.108    0.00739123
9.109    0.00738909
9.11    0.00738695
9.111    0.00738481
9.112    0.00738267
9.113    0.00738053
9.114    0.00737839
9.115    0.00737626
9.116    0.00737412
9.117    0.00737199
9.118    0.00736986
9.119    0.00736772
9.12    0.00736559
9.121    0.00736346
9.122    0.00736134
9.123    0.00735921
9.124    0.00735708
9.125    0.00735496
9.126    0.00735283
9.127    0.00735071
9.128    0.00734859
9.129    0.00734647
9.13    0.00734435
9.131    0.00734223
9.132    0.00734011
9.133    0.00733799
9.134    0.00733588
9.135    0.00733376
9.136    0.00733165
9.137    0.00732954
9.138    0.00732742
9.139    0.00732531
9.14    0.0073232
9.141    0.0073211
9.142    0.00731899
9.143    0.00731688
9.144    0.00731478
9.145    0.00731267
9.146    0.00731057
9.147    0.00730847
9.148    0.00730637
9.149    0.00730427
9.15    0.00730217
9.151    0.00730007
9.152    0.00729797
9.153    0.00729588
9.154    0.00729378
9.155    0.00729169
9.156    0.00728959
9.157    0.0072875
9.158    0.00728541
9.159    0.00728332
9.16    0.00728123
9.161    0.00727914
9.162    0.00727706
9.163    0.00727497
9.164    0.00727289
9.165    0.0072708
9.166    0.00726872
9.167    0.00726664
9.168    0.00726456
9.169    0.00726248
9.17    0.0072604
9.171    0.00725832
9.172    0.00725625
9.173    0.00725417
9.174    0.0072521
9.175    0.00725002
9.176    0.00724795
9.177    0.00724588
9.178    0.00724381
9.179    0.00724174
9.18    0.00723967
9.181    0.0072376
9.182    0.00723554
9.183    0.00723347
9.184    0.00723141
9.185    0.00722934
9.186    0.00722728
9.187    0.00722522
9.188    0.00722316
9.189    0.0072211
9.19    0.00721904
9.191    0.00721699
9.192    0.00721493
9.193    0.00721287
9.194    0.00721082
9.195    0.00720877
9.196    0.00720671
9.197    0.00720466
9.198    0.00720261
9.199    0.00720056
9.2    0.00719851
9.201    0.00719647
9.202    0.00719442
9.203    0.00719238
9.204    0.00719033
9.205    0.00718829
9.206    0.00718625
9.207    0.0071842
9.208    0.00718216
9.209    0.00718012
9.21    0.00717809
9.211    0.00717605
9.212    0.00717401
9.213    0.00717198
9.214    0.00716994
9.215    0.00716791
9.216    0.00716588
9.217    0.00716385
9.218    0.00716182
9.219    0.00715979
9.22    0.00715776
9.221    0.00715573
9.222    0.0071537
9.223    0.00715168
9.224    0.00714965
9.225    0.00714763
9.226    0.00714561
9.227    0.00714359
9.228    0.00714156
9.229    0.00713954
9.23    0.00713753
9.231    0.00713551
9.232    0.00713349
9.233    0.00713148
9.234    0.00712946
9.235    0.00712745
9.236    0.00712543
9.237    0.00712342
9.238    0.00712141
9.239    0.0071194
9.24    0.00711739
9.241    0.00711538
9.242    0.00711338
9.243    0.00711137
9.244    0.00710937
9.245    0.00710736
9.246    0.00710536
9.247    0.00710336
9.248    0.00710136
9.249    0.00709936
9.25    0.00709736
9.251    0.00709536
9.252    0.00709336
9.253    0.00709136
9.254    0.00708937
9.255    0.00708737
9.256    0.00708538
9.257    0.00708339
9.258    0.0070814
9.259    0.00707941
9.26    0.00707742
9.261    0.00707543
9.262    0.00707344
9.263    0.00707145
9.264    0.00706947
9.265    0.00706748
9.266    0.0070655
9.267    0.00706351
9.268    0.00706153
9.269    0.00705955
9.27    0.00705757
9.271    0.00705559
9.272    0.00705361
9.273    0.00705164
9.274    0.00704966
9.275    0.00704768
9.276    0.00704571
9.277    0.00704374
9.278    0.00704176
9.279    0.00703979
9.28    0.00703782
9.281    0.00703585
9.282    0.00703388
9.283    0.00703191
9.284    0.00702995
9.285    0.00702798
9.286    0.00702602
9.287    0.00702405
9.288    0.00702209
9.289    0.00702013
9.29    0.00701816
9.291    0.0070162
9.292    0.00701424
9.293    0.00701229
9.294    0.00701033
9.295    0.00700837
9.296    0.00700642
9.297    0.00700446
9.298    0.00700251
9.299    0.00700055
9.3    0.0069986
9.301    0.00699665
9.302    0.0069947
9.303    0.00699275
9.304    0.0069908
9.305    0.00698885
9.306    0.00698691
9.307    0.00698496
9.308    0.00698302
9.309    0.00698107
9.31    0.00697913
9.311    0.00697719
9.312    0.00697525
9.313    0.00697331
9.314    0.00697137
9.315    0.00696943
9.316    0.00696749
9.317    0.00696556
9.318    0.00696362
9.319    0.00696169
9.32    0.00695975
9.321    0.00695782
9.322    0.00695589
9.323    0.00695396
9.324    0.00695203
9.325    0.0069501
9.326    0.00694817
9.327    0.00694624
9.328    0.00694432
9.329    0.00694239
9.33    0.00694047
9.331    0.00693854
9.332    0.00693662
9.333    0.0069347
9.334    0.00693278
9.335    0.00693086
9.336    0.00692894
9.337    0.00692702
9.338    0.0069251
9.339    0.00692319
9.34    0.00692127
9.341    0.00691936
9.342    0.00691744
9.343    0.00691553
9.344    0.00691362
9.345    0.00691171
9.346    0.0069098
9.347    0.00690789
9.348    0.00690598
9.349    0.00690407
9.35    0.00690217
9.351    0.00690026
9.352    0.00689836
9.353    0.00689645
9.354    0.00689455
9.355    0.00689265
9.356    0.00689075
9.357    0.00688884
9.358    0.00688695
9.359    0.00688505
9.36    0.00688315
9.361    0.00688125
9.362    0.00687936
9.363    0.00687746
9.364    0.00687557
9.365    0.00687367
9.366    0.00687178
9.367    0.00686989
9.368    0.006868
9.369    0.00686611
9.37    0.00686422
9.371    0.00686233
9.372    0.00686045
9.373    0.00685856
9.374    0.00685668
9.375    0.00685479
9.376    0.00685291
9.377    0.00685103
9.378    0.00684914
9.379    0.00684726
9.38    0.00684538
9.381    0.0068435
9.382    0.00684163
9.383    0.00683975
9.384    0.00683787
9.385    0.006836
9.386    0.00683412
9.387    0.00683225
9.388    0.00683038
9.389    0.0068285
9.39    0.00682663
9.391    0.00682476
9.392    0.00682289
9.393    0.00682102
9.394    0.00681916
9.395    0.00681729
9.396    0.00681542
9.397    0.00681356
9.398    0.00681169
9.399    0.00680983
9.4    0.00680797
9.401    0.00680611
9.402    0.00680425
9.403    0.00680239
9.404    0.00680053
9.405    0.00679867
9.406    0.00679681
9.407    0.00679496
9.408    0.0067931
9.409    0.00679125
9.41    0.00678939
9.411    0.00678754
9.412    0.00678569
9.413    0.00678383
9.414    0.00678198
9.415    0.00678013
9.416    0.00677829
9.417    0.00677644
9.418    0.00677459
9.419    0.00677274
9.42    0.0067709
9.421    0.00676906
9.422    0.00676721
9.423    0.00676537
9.424    0.00676353
9.425    0.00676169
9.426    0.00675985
9.427    0.00675801
9.428    0.00675617
9.429    0.00675433
9.43    0.00675249
9.431    0.00675066
9.432    0.00674882
9.433    0.00674699
9.434    0.00674515
9.435    0.00674332
9.436    0.00674149
9.437    0.00673966
9.438    0.00673783
9.439    0.006736
9.44    0.00673417
9.441    0.00673234
9.442    0.00673052
9.443    0.00672869
9.444    0.00672687
9.445    0.00672504
9.446    0.00672322
9.447    0.0067214
9.448    0.00671957
9.449    0.00671775
9.45    0.00671593
9.451    0.00671411
9.452    0.0067123
9.453    0.00671048
9.454    0.00670866
9.455    0.00670685
9.456    0.00670503
9.457    0.00670322
9.458    0.0067014
9.459    0.00669959
9.46    0.00669778
9.461    0.00669597
9.462    0.00669416
9.463    0.00669235
9.464    0.00669054
9.465    0.00668873
9.466    0.00668693
9.467    0.00668512
9.468    0.00668332
9.469    0.00668151
9.47    0.00667971
9.471    0.00667791
9.472    0.0066761
9.473    0.0066743
9.474    0.0066725
9.475    0.0066707
9.476    0.00666891
9.477    0.00666711
9.478    0.00666531
9.479    0.00666352
9.48    0.00666172
9.481    0.00665993
9.482    0.00665813
9.483    0.00665634
9.484    0.00665455
9.485    0.00665276
9.486    0.00665097
9.487    0.00664918
9.488    0.00664739
9.489    0.0066456
9.49    0.00664381
9.491    0.00664203
9.492    0.00664024
9.493    0.00663846
9.494    0.00663667
9.495    0.00663489
9.496    0.00663311
9.497    0.00663133
9.498    0.00662955
9.499    0.00662777
9.5    0.00662599
9.501    0.00662421
9.502    0.00662243
9.503    0.00662066
9.504    0.00661888
9.505    0.00661711
9.506    0.00661533
9.507    0.00661356
9.508    0.00661179
9.509    0.00661001
9.51    0.00660824
9.511    0.00660647
9.512    0.0066047
9.513    0.00660294
9.514    0.00660117
9.515    0.0065994
9.516    0.00659763
9.517    0.00659587
9.518    0.0065941
9.519    0.00659234
9.52    0.00659058
9.521    0.00658882
9.522    0.00658706
9.523    0.00658529
9.524    0.00658353
9.525    0.00658178
9.526    0.00658002
9.527    0.00657826
9.528    0.0065765
9.529    0.00657475
9.53    0.00657299
9.531    0.00657124
9.532    0.00656949
9.533    0.00656773
9.534    0.00656598
9.535    0.00656423
9.536    0.00656248
9.537    0.00656073
9.538    0.00655898
9.539    0.00655723
9.54    0.00655549
9.541    0.00655374
9.542    0.006552
9.543    0.00655025
9.544    0.00654851
9.545    0.00654676
9.546    0.00654502
9.547    0.00654328
9.548    0.00654154
9.549    0.0065398
9.55    0.00653806
9.551    0.00653632
9.552    0.00653458
9.553    0.00653285
9.554    0.00653111
9.555    0.00652938
9.556    0.00652764
9.557    0.00652591
9.558    0.00652418
9.559    0.00652244
9.56    0.00652071
9.561    0.00651898
9.562    0.00651725
9.563    0.00651552
9.564    0.00651379
9.565    0.00651207
9.566    0.00651034
9.567    0.00650861
9.568    0.00650689
9.569    0.00650516
9.57    0.00650344
9.571    0.00650172
9.572    0.00649999
9.573    0.00649827
9.574    0.00649655
9.575    0.00649483
9.576    0.00649311
9.577    0.0064914
9.578    0.00648968
9.579    0.00648796
9.58    0.00648625
9.581    0.00648453
9.582    0.00648282
9.583    0.0064811
9.584    0.00647939
9.585    0.00647768
9.586    0.00647597
9.587    0.00647425
9.588    0.00647255
9.589    0.00647084
9.59    0.00646913
9.591    0.00646742
9.592    0.00646571
9.593    0.00646401
9.594    0.0064623
9.595    0.0064606
9.596    0.00645889
9.597    0.00645719
9.598    0.00645549
9.599    0.00645379
9.6    0.00645209
9.601    0.00645039
9.602    0.00644869
9.603    0.00644699
9.604    0.00644529
9.605    0.00644359
9.606    0.0064419
9.607    0.0064402
9.608    0.00643851
9.609    0.00643681
9.61    0.00643512
9.611    0.00643343
9.612    0.00643174
9.613    0.00643004
9.614    0.00642835
9.615    0.00642666
9.616    0.00642498
9.617    0.00642329
9.618    0.0064216
9.619    0.00641991
9.62    0.00641823
9.621    0.00641654
9.622    0.00641486
9.623    0.00641318
9.624    0.00641149
9.625    0.00640981
9.626    0.00640813
9.627    0.00640645
9.628    0.00640477
9.629    0.00640309
9.63    0.00640141
9.631    0.00639973
9.632    0.00639806
9.633    0.00639638
9.634    0.00639471
9.635    0.00639303
9.636    0.00639136
9.637    0.00638968
9.638    0.00638801
9.639    0.00638634
9.64    0.00638467
9.641    0.006383
9.642    0.00638133
9.643    0.00637966
9.644    0.00637799
9.645    0.00637632
9.646    0.00637466
9.647    0.00637299
9.648    0.00637133
9.649    0.00636966
9.65    0.006368
9.651    0.00636634
9.652    0.00636467
9.653    0.00636301
9.654    0.00636135
9.655    0.00635969
9.656    0.00635803
9.657    0.00635637
9.658    0.00635472
9.659    0.00635306
9.66    0.0063514
9.661    0.00634975
9.662    0.00634809
9.663    0.00634644
9.664    0.00634479
9.665    0.00634313
9.666    0.00634148
9.667    0.00633983
9.668    0.00633818
9.669    0.00633653
9.67    0.00633488
9.671    0.00633323
9.672    0.00633158
9.673    0.00632994
9.674    0.00632829
9.675    0.00632664
9.676    0.006325
9.677    0.00632336
9.678    0.00632171
9.679    0.00632007
9.68    0.00631843
9.681    0.00631679
9.682    0.00631515
9.683    0.00631351
9.684    0.00631187
9.685    0.00631023
9.686    0.00630859
9.687    0.00630696
9.688    0.00630532
9.689    0.00630368
9.69    0.00630205
9.691    0.00630041
9.692    0.00629878
9.693    0.00629715
9.694    0.00629552
9.695    0.00629389
9.696    0.00629226
9.697    0.00629063
9.698    0.006289
9.699    0.00628737
9.7    0.00628574
9.701    0.00628411
9.702    0.00628249
9.703    0.00628086
9.704    0.00627924
9.705    0.00627761
9.706    0.00627599
9.707    0.00627437
9.708    0.00627274
9.709    0.00627112
9.71    0.0062695
9.711    0.00626788
9.712    0.00626626
9.713    0.00626465
9.714    0.00626303
9.715    0.00626141
9.716    0.00625979
9.717    0.00625818
9.718    0.00625656
9.719    0.00625495
9.72    0.00625334
9.721    0.00625172
9.722    0.00625011
9.723    0.0062485
9.724    0.00624689
9.725    0.00624528
9.726    0.00624367
9.727    0.00624206
9.728    0.00624045
9.729    0.00623884
9.73    0.00623724
9.731    0.00623563
9.732    0.00623403
9.733    0.00623242
9.734    0.00623082
9.735    0.00622922
9.736    0.00622761
9.737    0.00622601
9.738    0.00622441
9.739    0.00622281
9.74    0.00622121
9.741    0.00621961
9.742    0.00621801
9.743    0.00621641
9.744    0.00621482
9.745    0.00621322
9.746    0.00621163
9.747    0.00621003
9.748    0.00620844
9.749    0.00620684
9.75    0.00620525
9.751    0.00620366
9.752    0.00620207
9.753    0.00620048
9.754    0.00619889
9.755    0.0061973
9.756    0.00619571
9.757    0.00619412
9.758    0.00619253
9.759    0.00619095
9.76    0.00618936
9.761    0.00618777
9.762    0.00618619
9.763    0.00618461
9.764    0.00618302
9.765    0.00618144
9.766    0.00617986
9.767    0.00617828
9.768    0.0061767
9.769    0.00617512
9.77    0.00617354
9.771    0.00617196
9.772    0.00617038
9.773    0.0061688
9.774    0.00616723
9.775    0.00616565
9.776    0.00616408
9.777    0.0061625
9.778    0.00616093
9.779    0.00615936
9.78    0.00615778
9.781    0.00615621
9.782    0.00615464
9.783    0.00615307
9.784    0.0061515
9.785    0.00614993
9.786    0.00614836
9.787    0.00614679
9.788    0.00614523
9.789    0.00614366
9.79    0.0061421
9.791    0.00614053
9.792    0.00613897
9.793    0.0061374
9.794    0.00613584
9.795    0.00613428
9.796    0.00613271
9.797    0.00613115
9.798    0.00612959
9.799    0.00612803
9.8    0.00612647
9.801    0.00612492
9.802    0.00612336
9.803    0.0061218
9.804    0.00612024
9.805    0.00611869
9.806    0.00611713
9.807    0.00611558
9.808    0.00611403
9.809    0.00611247
9.81    0.00611092
9.811    0.00610937
9.812    0.00610782
9.813    0.00610627
9.814    0.00610472
9.815    0.00610317
9.816    0.00610162
9.817    0.00610007
9.818    0.00609852
9.819    0.00609698
9.82    0.00609543
9.821    0.00609389
9.822    0.00609234
9.823    0.0060908
9.824    0.00608925
9.825    0.00608771
9.826    0.00608617
9.827    0.00608463
9.828    0.00608309
9.829    0.00608155
9.83    0.00608001
9.831    0.00607847
9.832    0.00607693
9.833    0.00607539
9.834    0.00607386
9.835    0.00607232
9.836    0.00607079
9.837    0.00606925
9.838    0.00606772
9.839    0.00606618
9.84    0.00606465
9.841    0.00606312
9.842    0.00606159
9.843    0.00606006
9.844    0.00605853
9.845    0.006057
9.846    0.00605547
9.847    0.00605394
9.848    0.00605241
9.849    0.00605088
9.85    0.00604936
9.851    0.00604783
9.852    0.00604631
9.853    0.00604478
9.854    0.00604326
9.855    0.00604174
9.856    0.00604021
9.857    0.00603869
9.858    0.00603717
9.859    0.00603565
9.86    0.00603413
9.861    0.00603261
9.862    0.00603109
9.863    0.00602957
9.864    0.00602806
9.865    0.00602654
9.866    0.00602502
9.867    0.00602351
9.868    0.00602199
9.869    0.00602048
9.87    0.00601897
9.871    0.00601745
9.872    0.00601594
9.873    0.00601443
9.874    0.00601292
9.875    0.00601141
9.876    0.0060099
9.877    0.00600839
9.878    0.00600688
9.879    0.00600537
9.88    0.00600386
9.881    0.00600236
9.882    0.00600085
9.883    0.00599935
9.884    0.00599784
9.885    0.00599634
9.886    0.00599483
9.887    0.00599333
9.888    0.00599183
9.889    0.00599033
9.89    0.00598883
9.891    0.00598733
9.892    0.00598583
9.893    0.00598433
9.894    0.00598283
9.895    0.00598133
9.896    0.00597983
9.897    0.00597834
9.898    0.00597684
9.899    0.00597535
9.9    0.00597385
9.901    0.00597236
9.902    0.00597086
9.903    0.00596937
9.904    0.00596788
9.905    0.00596639
9.906    0.0059649
9.907    0.00596341
9.908    0.00596192
9.909    0.00596043
9.91    0.00595894
9.911    0.00595745
9.912    0.00595596
9.913    0.00595448
9.914    0.00595299
9.915    0.00595151
9.916    0.00595002
9.917    0.00594854
9.918    0.00594705
9.919    0.00594557
9.92    0.00594409
9.921    0.00594261
9.922    0.00594113
9.923    0.00593964
9.924    0.00593817
9.925    0.00593669
9.926    0.00593521
9.927    0.00593373
9.928    0.00593225
9.929    0.00593078
9.93    0.0059293
9.931    0.00592782
9.932    0.00592635
9.933    0.00592487
9.934    0.0059234
9.935    0.00592193
9.936    0.00592046
9.937    0.00591898
9.938    0.00591751
9.939    0.00591604
9.94    0.00591457
9.941    0.0059131
9.942    0.00591163
9.943    0.00591016
9.944    0.0059087
9.945    0.00590723
9.946    0.00590576
9.947    0.0059043
9.948    0.00590283
9.949    0.00590137
9.95    0.0058999
9.951    0.00589844
9.952    0.00589698
9.953    0.00589552
9.954    0.00589405
9.955    0.00589259
9.956    0.00589113
9.957    0.00588967
9.958    0.00588821
9.959    0.00588676
9.96    0.0058853
9.961    0.00588384
9.962    0.00588238
9.963    0.00588093
9.964    0.00587947
9.965    0.00587802
9.966    0.00587656
9.967    0.00587511
9.968    0.00587366
9.969    0.0058722
9.97    0.00587075
9.971    0.0058693
9.972    0.00586785
9.973    0.0058664
9.974    0.00586495
9.975    0.0058635
9.976    0.00586205
9.977    0.0058606
9.978    0.00585916
9.979    0.00585771
9.98    0.00585627
9.981    0.00585482
9.982    0.00585338
9.983    0.00585193
9.984    0.00585049
9.985    0.00584904
9.986    0.0058476
9.987    0.00584616
9.988    0.00584472
9.989    0.00584328
9.99    0.00584184
9.991    0.0058404
9.992    0.00583896
9.993    0.00583752
9.994    0.00583608
9.995    0.00583465
9.996    0.00583321
9.997    0.00583177
9.998    0.00583034
9.999    0.0058289
